-- phpMyAdmin SQL Dump
-- version 5.0.1
-- https://www.phpmyadmin.net/
--
-- 主机： 127.0.0.1
-- 生成日期： 2020-06-08 11:34:02
-- 服务器版本： 10.4.11-MariaDB
-- PHP 版本： 7.4.3

SET SQL_MODE = "NO_AUTO_VALUE_ON_ZERO";
SET AUTOCOMMIT = 0;
START TRANSACTION;
SET time_zone = "+00:00";


/*!40101 SET @OLD_CHARACTER_SET_CLIENT=@@CHARACTER_SET_CLIENT */;
/*!40101 SET @OLD_CHARACTER_SET_RESULTS=@@CHARACTER_SET_RESULTS */;
/*!40101 SET @OLD_COLLATION_CONNECTION=@@COLLATION_CONNECTION */;
/*!40101 SET NAMES utf8mb4 */;

--
-- 数据库： `indotama`
--

DELIMITER $$
--
-- 存储过程
--
CREATE DEFINER=`root`@`localhost` PROCEDURE `INSERT_LOG_ALL` (IN `ID_USER` INT, IN `LOG_DATE` DATETIME, IN `LOG_TEXT` VARCHAR(100), OUT `ID_LOG_ALL` INT)  BEGIN
	INSERT INTO LOG_ALL(ID_USER,LOG_DATE,LOG) VALUES(ID_USER,LOG_DATE,LOG_TEXT);
    SELECT LAST_INSERT_ID() INTO ID_LOG_ALL ;
END$$

CREATE DEFINER=`root`@`localhost` PROCEDURE `ubah_satuan_barang` (IN `id_satuan_in` INT, INOUT `brg_qty` DOUBLE)  begin
            declare conversion_exp varchar(20);
            select satuan_rumus 
            into conversion_exp
            from mstr_satuan
            where id_pk_satuan = id_satuan_in;
            
            set brg_qty = conversion_exp * brg_qty;
            
        end$$

CREATE DEFINER=`root`@`localhost` PROCEDURE `update_stok_barang_cabang` (IN `id_barang` INT, IN `id_cabang` INT, IN `barang_masuk` DOUBLE, IN `id_satuan_masuk` INT, IN `barang_keluar` DOUBLE, IN `id_satuan_keluar` INT)  begin
            /*
            the logic is
            barang_masuk = n, barang_keluar = 0 [insert new data]
            barang_masuk = n, barang_keluar = m [update data]
            barang_masuk = 0, barang_keluar = m [delete data]
            */
            if barang_masuk != 0 then
            call ubah_satuan_barang(id_satuan_masuk, barang_masuk);
            end if;
            if barang_keluar != 0 then
            call ubah_satuan_barang(id_satuan_keluar, barang_keluar);
            end if;
            update tbl_brg_cabang 
            set brg_cabang_qty = brg_cabang_qty+barang_masuk-barang_keluar
            where id_fk_brg = id_barang and id_fk_cabang = id_cabang;
        end$$

CREATE DEFINER=`root`@`localhost` PROCEDURE `update_stok_barang_warehouse` (IN `id_barang` INT, IN `id_warehouse` INT, IN `barang_masuk` DOUBLE, IN `id_satuan_masuk` INT, IN `barang_keluar` DOUBLE, IN `id_satuan_keluar` INT)  begin
            /*
            the logic is
            barang_masuk = n, barang_keluar = 0 [insert new data]
            barang_masuk = n, barang_keluar = m [update data]
            barang_masuk = 0, barang_keluar = m [delete data]
            */
            if barang_masuk != 0 then
            call ubah_satuan_barang(id_satuan_masuk, barang_masuk);
            end if;
            if barang_keluar != 0 then
            call ubah_satuan_barang(id_satuan_keluar, barang_keluar);
            end if;
            update tbl_brg_warehouse 
            set brg_warehouse_qty = brg_warehouse_qty+barang_masuk-barang_keluar
            where id_fk_brg = id_barang and id_fk_warehouse = id_warehouse;
        end$$

DELIMITER ;

-- --------------------------------------------------------

--
-- 表的结构 `log_all`
--

CREATE TABLE `log_all` (
  `ID_LOG_ALL` int(11) NOT NULL,
  `ID_USER` int(11) DEFAULT NULL,
  `LOG_DATE` datetime DEFAULT NULL,
  `LOG` varchar(100) DEFAULT NULL
) ENGINE=InnoDB DEFAULT CHARSET=utf8mb4;

--
-- 转存表中的数据 `log_all`
--

INSERT INTO `log_all` (`ID_LOG_ALL`, `ID_USER`, `LOG_DATE`, `LOG`) VALUES
(1, 1, '2020-05-06 13:41:25', '1 INSERT DATA AT2020-05-06 13:41:25'),
(2, 1, '2020-05-06 13:44:03', '1 INSERT DATA AT2020-05-06 13:44:03'),
(3, 1, '2020-05-06 13:49:02', '1 UPDATE DATA AT2020-05-06 13:49:02'),
(4, 1, '2020-05-06 13:56:47', '1 UPDATE DATA AT2020-05-06 13:56:47'),
(5, 1, '2020-05-06 17:30:14', '1 INSERT DATA AT2020-05-06 17:30:14'),
(6, 1, '2020-05-06 17:30:23', '1 INSERT DATA AT2020-05-06 17:30:23'),
(7, 1, '2020-05-06 18:03:53', '1 UPDATE DATA AT2020-05-06 18:03:53'),
(8, 1, '2020-05-06 18:03:59', '1 UPDATE DATA AT2020-05-06 18:03:59'),
(9, 1, '2020-05-06 18:04:02', '1 UPDATE DATA AT2020-05-06 18:04:02'),
(10, 1, '2020-05-06 18:04:17', '1 INSERT DATA AT2020-05-06 18:04:17'),
(11, 1, '2020-05-06 18:04:17', '1 INSERT DATA AT2020-05-06 18:04:17'),
(12, 1, '2020-05-06 18:04:19', '1 INSERT DATA AT2020-05-06 18:04:19'),
(13, 1, '2020-05-06 18:04:21', '1 INSERT DATA AT2020-05-06 18:04:21'),
(14, 1, '2020-05-06 18:04:22', '1 INSERT DATA AT2020-05-06 18:04:22'),
(15, 1, '2020-05-06 18:04:24', '1 INSERT DATA AT2020-05-06 18:04:24'),
(16, 1, '2020-05-06 18:04:24', '1 INSERT DATA AT2020-05-06 18:04:24'),
(17, 1, '2020-05-06 18:04:26', '1 INSERT DATA AT2020-05-06 18:04:26'),
(18, 1, '2020-05-06 18:04:26', '1 INSERT DATA AT2020-05-06 18:04:26'),
(19, 1, '2020-05-06 18:04:27', '1 INSERT DATA AT2020-05-06 18:04:27'),
(20, 1, '2020-05-06 18:04:28', '1 INSERT DATA AT2020-05-06 18:04:28'),
(21, 1, '2020-05-06 18:04:29', '1 INSERT DATA AT2020-05-06 18:04:29'),
(22, 1, '2020-05-06 18:04:29', '1 INSERT DATA AT2020-05-06 18:04:29'),
(23, 1, '2020-05-06 18:04:32', '1 INSERT DATA AT2020-05-06 18:04:32'),
(24, 1, '2020-05-06 18:04:32', '1 INSERT DATA AT2020-05-06 18:04:32'),
(25, 1, '2020-05-06 18:04:34', '1 INSERT DATA AT2020-05-06 18:04:34'),
(26, 1, '2020-05-06 18:04:34', '1 INSERT DATA AT2020-05-06 18:04:34'),
(27, 1, '2020-05-06 18:04:35', '1 INSERT DATA AT2020-05-06 18:04:35'),
(28, 1, '2020-05-06 18:04:35', '1 INSERT DATA AT2020-05-06 18:04:35'),
(29, 1, '2020-05-06 18:04:39', '1 INSERT DATA AT2020-05-06 18:04:39'),
(30, 1, '2020-05-06 18:59:05', '1 INSERT DATA AT2020-05-06 18:59:05'),
(31, 1, '2020-05-06 19:03:34', '1 INSERT DATA AT2020-05-06 19:03:34'),
(32, 1, '2020-05-06 19:04:33', '1 INSERT DATA AT2020-05-06 19:04:33'),
(33, 1, '2020-05-06 19:07:58', '1 INSERT DATA AT2020-05-06 19:07:58'),
(34, 1, '2020-05-06 19:08:14', '1 INSERT DATA AT2020-05-06 19:08:14'),
(35, 1, '2020-05-06 19:09:10', '1 INSERT DATA AT2020-05-06 19:09:10'),
(36, 1, '2020-05-06 19:09:12', '1 INSERT DATA AT2020-05-06 19:09:12'),
(37, 1, '2020-05-06 19:12:26', '1 INSERT DATA AT2020-05-06 19:12:26'),
(38, 1, '2020-05-06 19:12:41', '1 INSERT DATA AT2020-05-06 19:12:41'),
(39, 1, '2020-05-06 21:33:03', '1 INSERT DATA AT2020-05-06 21:33:03'),
(40, 1, '2020-05-06 21:34:13', '1 INSERT DATA AT2020-05-06 21:34:13'),
(41, 1, '2020-05-06 21:35:52', '1 UPDATE DATA AT2020-05-06 21:35:52'),
(42, 1, '2020-05-06 21:35:58', '1 UPDATE DATA AT2020-05-06 21:35:58'),
(43, 1, '2020-05-06 21:36:05', '1 UPDATE DATA AT2020-05-06 21:36:05'),
(44, 1, '2020-05-06 22:29:18', '1 INSERT DATA AT2020-05-06 22:29:18'),
(45, 1, '2020-05-06 22:30:03', '1 UPDATE DATA AT2020-05-06 22:30:03'),
(46, 1, '2020-05-06 22:30:09', '1 UPDATE DATA AT2020-05-06 22:30:09'),
(47, 1, '2020-05-06 22:30:22', '1 UPDATE DATA AT2020-05-06 22:30:22'),
(48, 1, '2020-05-07 12:22:43', '1 INSERT DATA AT2020-05-07 12:22:43'),
(49, 1, '2020-05-07 12:26:51', '1 INSERT DATA AT2020-05-07 12:26:51'),
(50, 1, '2020-05-07 12:27:04', '1 INSERT DATA AT2020-05-07 12:27:04'),
(51, 1, '2020-05-07 12:27:15', '1 INSERT DATA AT2020-05-07 12:27:15'),
(52, 1, '2020-05-07 13:28:02', '1 INSERT DATA AT2020-05-07 13:28:02'),
(53, 1, '2020-05-07 14:08:42', '1 INSERT DATA AT2020-05-07 14:08:42'),
(54, 1, '2020-05-07 20:19:20', '1 INSERT DATA AT2020-05-07 20:19:20'),
(55, 1, '2020-05-07 20:20:16', '1 INSERT DATA AT2020-05-07 20:20:16'),
(56, 1, '2020-05-07 20:21:45', '1 INSERT DATA AT2020-05-07 20:21:45'),
(57, 1, '2020-05-08 10:48:06', '1 INSERT DATA AT2020-05-08 10:48:06'),
(58, 1, '2020-05-08 10:48:07', '1 INSERT DATA AT2020-05-08 10:48:07'),
(59, 1, '2020-05-08 10:48:06', '1 INSERT DATA AT2020-05-08 10:48:06'),
(60, 1, '2020-05-08 10:53:31', '1 INSERT DATA AT2020-05-08 10:53:31'),
(61, 1, '2020-05-08 10:53:31', '1 INSERT DATA AT2020-05-08 10:53:31'),
(62, 1, '2020-05-08 10:53:31', '1 INSERT DATA AT2020-05-08 10:53:31'),
(63, 1, '2020-05-08 10:55:37', '1 INSERT DATA AT2020-05-08 10:55:37'),
(64, 1, '2020-05-08 10:55:37', '1 INSERT DATA AT2020-05-08 10:55:37'),
(65, 1, '2020-05-08 10:55:37', '1 INSERT DATA AT2020-05-08 10:55:37'),
(66, 1, '2020-05-08 10:56:02', '1 INSERT DATA AT2020-05-08 10:56:02'),
(67, 1, '2020-05-08 10:56:02', '1 INSERT DATA AT2020-05-08 10:56:02'),
(68, 1, '2020-05-08 10:56:02', '1 INSERT DATA AT2020-05-08 10:56:02'),
(69, 1, '2020-05-08 10:59:39', '1 INSERT DATA AT2020-05-08 10:59:39'),
(70, 1, '2020-05-08 10:59:40', '1 INSERT DATA AT2020-05-08 10:59:40'),
(71, 1, '2020-05-08 10:59:39', '1 INSERT DATA AT2020-05-08 10:59:39'),
(72, 1, '2020-05-08 11:11:17', '1 UPDATE DATA AT2020-05-08 11:11:17'),
(73, 1, '2020-05-08 12:08:10', '1 INSERT DATA AT2020-05-08 12:08:10'),
(74, 1, '2020-05-08 12:08:10', '1 INSERT DATA AT2020-05-08 12:08:10'),
(75, 1, '2020-05-08 12:08:56', '1 INSERT DATA AT2020-05-08 12:08:56'),
(76, 1, '2020-05-08 12:09:19', '1 INSERT DATA AT2020-05-08 12:09:19'),
(77, 1, '2020-05-08 12:09:49', '1 INSERT DATA AT2020-05-08 12:09:49'),
(78, 1, '2020-05-08 12:09:54', '1 INSERT DATA AT2020-05-08 12:09:54'),
(79, 1, '2020-05-08 12:10:05', '1 INSERT DATA AT2020-05-08 12:10:05'),
(80, 1, '2020-05-08 12:10:24', '1 INSERT DATA AT2020-05-08 12:10:24'),
(81, 1, '2020-05-08 12:10:24', '1 UPDATE DATA AT2020-05-08 12:10:24'),
(82, 1, '2020-05-08 12:10:55', '1 INSERT DATA AT2020-05-08 12:10:55'),
(83, 1, '2020-05-08 12:10:55', '1 UPDATE DATA AT2020-05-08 12:10:55'),
(84, 1, '2020-05-08 12:11:26', '1 INSERT DATA AT2020-05-08 12:11:26'),
(85, 1, '2020-05-08 12:11:31', '1 INSERT DATA AT2020-05-08 12:11:31'),
(86, 1, '2020-05-08 12:11:45', '1 INSERT DATA AT2020-05-08 12:11:45'),
(87, 1, '2020-05-08 12:11:45', '1 UPDATE DATA AT2020-05-08 12:11:45'),
(88, 1, '2020-05-08 12:12:06', '1 INSERT DATA AT2020-05-08 12:12:06'),
(89, 1, '2020-05-08 12:12:06', '1 UPDATE DATA AT2020-05-08 12:12:06'),
(90, 1, '2020-05-08 12:13:03', '1 INSERT DATA AT2020-05-08 12:13:03'),
(91, 1, '2020-05-08 12:13:30', '1 INSERT DATA AT2020-05-08 12:13:30'),
(92, 1, '2020-05-08 12:13:31', '1 INSERT DATA AT2020-05-08 12:13:31'),
(93, 1, '2020-05-08 12:13:38', '1 INSERT DATA AT2020-05-08 12:13:38'),
(94, 1, '2020-05-08 12:13:39', '1 INSERT DATA AT2020-05-08 12:13:39'),
(95, 1, '2020-05-08 12:13:39', '1 INSERT DATA AT2020-05-08 12:13:39'),
(96, 1, '2020-05-08 12:13:54', '1 INSERT DATA AT2020-05-08 12:13:54'),
(97, 1, '2020-05-08 12:14:02', '1 INSERT DATA AT2020-05-08 12:14:02'),
(98, 1, '2020-05-08 12:14:20', '1 INSERT DATA AT2020-05-08 12:14:20'),
(99, 1, '2020-05-08 12:14:25', '1 INSERT DATA AT2020-05-08 12:14:25'),
(100, 1, '2020-05-08 12:14:56', '1 INSERT DATA AT2020-05-08 12:14:56'),
(101, 1, '2020-05-08 12:15:01', '1 INSERT DATA AT2020-05-08 12:15:01'),
(102, 1, '2020-05-08 12:15:29', '1 INSERT DATA AT2020-05-08 12:15:29'),
(103, 1, '2020-05-08 12:16:50', '1 INSERT DATA AT2020-05-08 12:16:50'),
(104, 1, '2020-05-08 12:16:50', '1 UPDATE DATA AT2020-05-08 12:16:50'),
(105, 1, '2020-05-08 12:17:14', '1 INSERT DATA AT2020-05-08 12:17:14'),
(106, 1, '2020-05-08 12:17:14', '1 UPDATE DATA AT2020-05-08 12:17:14'),
(107, 1, '2020-05-08 12:17:50', '1 INSERT DATA AT2020-05-08 12:17:50'),
(108, 1, '2020-05-08 12:17:50', '1 UPDATE DATA AT2020-05-08 12:17:50'),
(109, 1, '2020-05-08 12:18:11', '1 INSERT DATA AT2020-05-08 12:18:11'),
(110, 1, '2020-05-08 12:18:11', '1 UPDATE DATA AT2020-05-08 12:18:11'),
(111, 1, '2020-05-08 12:18:50', '1 INSERT DATA AT2020-05-08 12:18:50'),
(112, 1, '2020-05-08 12:18:50', '1 UPDATE DATA AT2020-05-08 12:18:50'),
(113, 1, '2020-05-08 12:20:08', '1 INSERT DATA AT2020-05-08 12:20:08'),
(114, 1, '2020-05-08 12:20:08', '1 UPDATE DATA AT2020-05-08 12:20:08'),
(115, 1, '2020-05-08 12:24:02', '1 INSERT DATA AT2020-05-08 12:24:02'),
(116, 1, '2020-05-08 12:24:02', '1 UPDATE DATA AT2020-05-08 12:24:02'),
(117, 1, '2020-05-08 12:35:04', '1 UPDATE DATA AT2020-05-08 12:35:04'),
(118, 1, '2020-05-08 15:43:47', '1 INSERT DATA AT2020-05-08 15:43:47'),
(119, 1, '2020-05-08 15:43:47', '1 UPDATE DATA AT2020-05-08 15:43:47'),
(120, 1, '2020-05-08 15:46:52', '1 INSERT DATA AT2020-05-08 15:46:52'),
(121, 1, '2020-05-08 15:46:52', '1 UPDATE DATA AT2020-05-08 15:46:52'),
(122, 1, '2020-05-08 15:47:40', '1 INSERT DATA AT2020-05-08 15:47:40'),
(123, 1, '2020-05-08 15:47:40', '1 UPDATE DATA AT2020-05-08 15:47:40'),
(124, 1, '2020-05-08 15:48:33', '1 INSERT DATA AT2020-05-08 15:48:33'),
(125, 1, '2020-05-08 15:48:33', '1 UPDATE DATA AT2020-05-08 15:48:33'),
(126, 1, '2020-05-08 15:48:41', '1 INSERT DATA AT2020-05-08 15:48:41'),
(127, 1, '2020-05-08 15:48:41', '1 UPDATE DATA AT2020-05-08 15:48:41'),
(128, 1, '2020-05-08 15:49:34', '1 INSERT DATA AT2020-05-08 15:49:34'),
(129, 1, '2020-05-08 15:49:34', '1 UPDATE DATA AT2020-05-08 15:49:34'),
(130, 1, '2020-05-08 15:51:28', '1 INSERT DATA AT2020-05-08 15:51:28'),
(131, 1, '2020-05-08 15:51:28', '1 UPDATE DATA AT2020-05-08 15:51:28'),
(132, 1, '2020-05-08 15:52:02', '1 INSERT DATA AT2020-05-08 15:52:02'),
(133, 1, '2020-05-08 15:52:02', '1 UPDATE DATA AT2020-05-08 15:52:02'),
(134, 1, '2020-05-08 15:52:10', '1 INSERT DATA AT2020-05-08 15:52:10'),
(135, 1, '2020-05-08 15:52:10', '1 UPDATE DATA AT2020-05-08 15:52:10'),
(136, 1, '2020-05-08 15:52:45', '1 INSERT DATA AT2020-05-08 15:52:45'),
(137, 1, '2020-05-08 15:52:45', '1 UPDATE DATA AT2020-05-08 15:52:45'),
(138, 1, '2020-05-08 15:53:35', '1 INSERT DATA AT2020-05-08 15:53:35'),
(139, 1, '2020-05-08 15:53:35', '1 UPDATE DATA AT2020-05-08 15:53:35'),
(140, 1, '2020-05-08 15:53:41', '1 INSERT DATA AT2020-05-08 15:53:41'),
(141, 1, '2020-05-08 15:53:41', '1 UPDATE DATA AT2020-05-08 15:53:41'),
(142, 1, '2020-05-08 15:53:46', '1 INSERT DATA AT2020-05-08 15:53:46'),
(143, 1, '2020-05-08 15:53:46', '1 UPDATE DATA AT2020-05-08 15:53:46'),
(144, 1, '2020-05-08 15:54:10', '1 INSERT DATA AT2020-05-08 15:54:10'),
(145, 1, '2020-05-08 15:54:10', '1 UPDATE DATA AT2020-05-08 15:54:10'),
(146, 1, '2020-05-08 15:54:57', '1 INSERT DATA AT2020-05-08 15:54:57'),
(147, 1, '2020-05-08 15:54:57', '1 INSERT DATA AT2020-05-08 15:54:57'),
(148, 1, '2020-05-08 15:56:52', '1 INSERT DATA AT2020-05-08 15:56:52'),
(149, 1, '2020-05-08 15:56:52', '1 UPDATE DATA AT2020-05-08 15:56:52'),
(150, 1, '2020-05-08 15:57:11', '1 INSERT DATA AT2020-05-08 15:57:11'),
(151, 1, '2020-05-08 15:57:11', '1 INSERT DATA AT2020-05-08 15:57:11'),
(152, 1, '2020-05-08 15:57:11', '1 INSERT DATA AT2020-05-08 15:57:11'),
(153, 1, '2020-05-08 15:58:36', '1 INSERT DATA AT2020-05-08 15:58:36'),
(154, 1, '2020-05-08 15:58:36', '1 INSERT DATA AT2020-05-08 15:58:36'),
(155, 1, '2020-05-08 15:58:36', '1 INSERT DATA AT2020-05-08 15:58:36'),
(156, 1, '2020-05-08 15:58:45', '1 INSERT DATA AT2020-05-08 15:58:45'),
(157, 1, '2020-05-08 15:58:45', '1 INSERT DATA AT2020-05-08 15:58:45'),
(158, 1, '2020-05-08 15:59:05', '1 INSERT DATA AT2020-05-08 15:59:05'),
(159, 1, '2020-05-08 15:59:06', '1 INSERT DATA AT2020-05-08 15:59:06'),
(160, 1, '2020-05-08 15:59:05', '1 INSERT DATA AT2020-05-08 15:59:05'),
(161, 1, '2020-05-11 09:36:21', '1 UPDATE DATA AT2020-05-11 09:36:21'),
(162, 1, '2020-05-11 11:37:35', '1 UPDATE DATA AT2020-05-11 11:37:35'),
(163, 1, '2020-05-11 11:38:58', '1 UPDATE DATA AT2020-05-11 11:38:58'),
(164, 1, '2020-05-11 11:39:03', '1 UPDATE DATA AT2020-05-11 11:39:03'),
(165, 1, '2020-05-11 11:39:07', '1 UPDATE DATA AT2020-05-11 11:39:07'),
(166, 1, '2020-05-11 11:39:28', '1 UPDATE DATA AT2020-05-11 11:39:28'),
(167, 1, '2020-05-12 10:36:15', '1 INSERT DATA AT2020-05-12 10:36:15'),
(168, 1, '2020-05-12 10:54:24', '1 UPDATE DATA AT2020-05-12 10:54:24'),
(169, 1, '2020-05-12 10:58:14', '1 UPDATE DATA AT2020-05-12 10:58:14'),
(170, 1, '2020-05-12 11:03:34', '1 INSERT DATA AT2020-05-12 11:03:34'),
(171, 1, '2020-05-12 11:03:40', '1 UPDATE DATA AT2020-05-12 11:03:40'),
(172, 1, '2020-05-12 11:05:13', '1 UPDATE DATA AT2020-05-12 11:05:13'),
(173, NULL, NULL, NULL),
(174, 1, '2020-05-13 09:35:49', '1 INSERT DATA AT2020-05-13 09:35:49'),
(175, 1, '2020-05-13 09:36:26', '1 INSERT DATA AT2020-05-13 09:36:26'),
(176, 1, '2020-05-13 09:36:38', '1 INSERT DATA AT2020-05-13 09:36:38'),
(177, 1, '2020-05-13 10:40:06', '1 INSERT DATA AT2020-05-13 10:40:06'),
(178, 1, '2020-05-13 10:40:06', '1 INSERT DATA AT2020-05-13 10:40:06'),
(179, 1, '2020-05-13 10:41:47', '1 INSERT DATA AT2020-05-13 10:41:47'),
(180, 1, '2020-05-13 10:41:47', '1 INSERT DATA AT2020-05-13 10:41:47'),
(181, 1, '2020-05-13 10:42:26', '1 INSERT DATA AT2020-05-13 10:42:26'),
(182, 1, '2020-05-13 10:42:26', '1 INSERT DATA AT2020-05-13 10:42:26'),
(183, 1, '2020-05-13 10:42:26', '1 INSERT DATA AT2020-05-13 10:42:26'),
(184, 1, '2020-05-13 10:43:33', '1 INSERT DATA AT2020-05-13 10:43:33'),
(185, 1, '2020-05-13 10:43:43', '1 INSERT DATA AT2020-05-13 10:43:43'),
(186, 1, '2020-05-13 10:43:48', '1 INSERT DATA AT2020-05-13 10:43:48'),
(187, 1, '2020-05-13 10:44:07', '1 INSERT DATA AT2020-05-13 10:44:07'),
(188, 1, '2020-05-13 10:44:47', '1 INSERT DATA AT2020-05-13 10:44:47'),
(189, 1, '2020-05-13 10:44:47', '1 INSERT DATA AT2020-05-13 10:44:47'),
(190, 1, '2020-05-13 10:44:47', '1 INSERT DATA AT2020-05-13 10:44:47'),
(191, 1, '2020-05-13 11:57:47', '1 INSERT DATA AT2020-05-13 11:57:47'),
(192, 1, '2020-05-13 11:57:47', '1 INSERT DATA AT2020-05-13 11:57:47'),
(193, 1, '2020-05-13 11:57:47', '1 INSERT DATA AT2020-05-13 11:57:47'),
(194, 1, '2020-05-13 11:57:47', '1 INSERT DATA AT2020-05-13 11:57:47'),
(195, 1, '2020-05-13 11:57:47', '1 INSERT DATA AT2020-05-13 11:57:47'),
(196, 1, '2020-05-13 11:57:47', '1 INSERT DATA AT2020-05-13 11:57:47'),
(197, 1, '2020-05-13 11:59:18', '1 INSERT DATA AT2020-05-13 11:59:18'),
(198, 1, '2020-05-13 11:59:18', '1 INSERT DATA AT2020-05-13 11:59:18'),
(199, 1, '2020-05-13 11:59:18', '1 INSERT DATA AT2020-05-13 11:59:18'),
(200, 1, '2020-05-13 11:59:18', '1 INSERT DATA AT2020-05-13 11:59:18'),
(201, 1, '2020-05-13 11:59:18', '1 INSERT DATA AT2020-05-13 11:59:18'),
(202, 1, '2020-05-13 11:59:18', '1 INSERT DATA AT2020-05-13 11:59:18'),
(203, 1, '2020-05-13 11:59:47', '1 INSERT DATA AT2020-05-13 11:59:47'),
(204, 1, '2020-05-13 11:59:47', '1 INSERT DATA AT2020-05-13 11:59:47'),
(205, 1, '2020-05-13 11:59:47', '1 INSERT DATA AT2020-05-13 11:59:47'),
(206, 1, '2020-05-13 12:03:17', '1 INSERT DATA AT2020-05-13 12:03:17'),
(207, 1, '2020-05-13 12:03:17', '1 INSERT DATA AT2020-05-13 12:03:17'),
(208, 1, '2020-05-13 12:04:55', '1 INSERT DATA AT2020-05-13 12:04:55'),
(209, 1, '2020-05-13 12:06:54', '1 INSERT DATA AT2020-05-13 12:06:54'),
(210, 1, '2020-05-13 12:06:54', '1 INSERT DATA AT2020-05-13 12:06:54'),
(211, 1, '2020-05-13 12:06:54', '1 INSERT DATA AT2020-05-13 12:06:54'),
(212, 1, '2020-05-13 12:06:54', '1 INSERT DATA AT2020-05-13 12:06:54'),
(213, 1, '2020-05-13 12:06:54', '1 INSERT DATA AT2020-05-13 12:06:54'),
(214, 1, '2020-05-13 12:09:22', '1 INSERT DATA AT2020-05-13 12:09:22'),
(215, 1, '2020-05-13 12:09:22', '1 INSERT DATA AT2020-05-13 12:09:22'),
(216, 1, '2020-05-13 12:09:22', '1 INSERT DATA AT2020-05-13 12:09:22'),
(217, 1, '2020-05-13 12:09:37', '1 INSERT DATA AT2020-05-13 12:09:37'),
(218, 1, '2020-05-13 12:09:37', '1 INSERT DATA AT2020-05-13 12:09:37'),
(219, 1, '2020-05-13 12:09:37', '1 INSERT DATA AT2020-05-13 12:09:37'),
(220, 1, '2020-05-13 12:10:05', '1 INSERT DATA AT2020-05-13 12:10:05'),
(221, 1, '2020-05-13 12:10:05', '1 INSERT DATA AT2020-05-13 12:10:05'),
(222, 1, '2020-05-13 12:10:05', '1 INSERT DATA AT2020-05-13 12:10:05'),
(223, 1, '2020-05-13 12:10:32', '1 INSERT DATA AT2020-05-13 12:10:32'),
(224, 1, '2020-05-13 12:10:32', '1 INSERT DATA AT2020-05-13 12:10:32'),
(225, 1, '2020-05-13 12:10:32', '1 INSERT DATA AT2020-05-13 12:10:32'),
(226, 1, '0000-00-00 00:00:00', '1 INSERT DATA AT0000-00-00 00:00:00'),
(227, 1, '0000-00-00 00:00:00', '1 INSERT DATA AT0000-00-00 00:00:00'),
(228, 1, '2020-05-13 12:13:23', '1 INSERT DATA AT2020-05-13 12:13:23'),
(229, 1, '2020-05-13 12:13:23', '1 INSERT DATA AT2020-05-13 12:13:23'),
(230, 1, '2020-05-13 12:13:23', '1 INSERT DATA AT2020-05-13 12:13:23'),
(231, 1, '2020-05-13 12:13:23', '1 INSERT DATA AT2020-05-13 12:13:23'),
(232, 1, '2020-05-13 12:13:23', '1 INSERT DATA AT2020-05-13 12:13:23'),
(233, 1, '0000-00-00 00:00:00', '1 INSERT DATA AT0000-00-00 00:00:00'),
(234, 1, '0000-00-00 00:00:00', '1 INSERT DATA AT0000-00-00 00:00:00'),
(235, 1, '2020-05-13 18:53:29', '1 INSERT DATA AT2020-05-13 18:53:29'),
(236, 1, '2020-05-13 18:53:29', '1 INSERT DATA AT2020-05-13 18:53:29'),
(237, 1, '2020-05-13 18:53:30', '1 INSERT DATA AT2020-05-13 18:53:30'),
(238, 1, '2020-05-13 18:53:30', '1 INSERT DATA AT2020-05-13 18:53:30'),
(239, 1, '2020-05-13 18:53:30', '1 INSERT DATA AT2020-05-13 18:53:30'),
(240, 1, '2020-05-13 18:53:30', '1 UPDATE DATA AT2020-05-13 18:53:30'),
(241, 1, '2020-05-13 18:53:30', '1 UPDATE DATA AT2020-05-13 18:53:30'),
(242, 1, '2020-05-13 19:39:44', '1 UPDATE DATA AT2020-05-13 19:39:44'),
(243, 1, '2020-05-13 19:41:05', '1 UPDATE DATA AT2020-05-13 19:41:05'),
(244, 1, '0000-00-00 00:00:00', '1 UPDATE DATA AT0000-00-00 00:00:00'),
(245, 1, '2020-05-13 21:02:50', '1 UPDATE DATA AT2020-05-13 21:02:50'),
(246, 1, '2020-05-13 21:02:50', '1 INSERT DATA AT2020-05-13 21:02:50'),
(247, 1, '2020-05-13 21:02:50', '1 INSERT DATA AT2020-05-13 21:02:50'),
(248, 1, '2020-05-13 21:03:41', '1 UPDATE DATA AT2020-05-13 21:03:41'),
(249, 1, '2020-05-13 21:03:41', '1 INSERT DATA AT2020-05-13 21:03:41'),
(250, 1, '0000-00-00 00:00:00', '1 INSERT DATA AT0000-00-00 00:00:00'),
(251, 1, '2020-05-13 21:05:23', '1 UPDATE DATA AT2020-05-13 21:05:23'),
(252, 1, '2020-05-13 21:05:23', '1 INSERT DATA AT2020-05-13 21:05:23'),
(253, 1, '0000-00-00 00:00:00', '1 INSERT DATA AT0000-00-00 00:00:00'),
(254, 1, '2020-05-13 21:05:38', '1 UPDATE DATA AT2020-05-13 21:05:38'),
(255, 1, '2020-05-13 21:05:38', '1 INSERT DATA AT2020-05-13 21:05:38'),
(256, 1, '0000-00-00 00:00:00', '1 INSERT DATA AT0000-00-00 00:00:00'),
(257, 1, '2020-05-13 21:05:44', '1 UPDATE DATA AT2020-05-13 21:05:44'),
(258, 1, '2020-05-13 21:05:44', '1 INSERT DATA AT2020-05-13 21:05:44'),
(259, 1, '0000-00-00 00:00:00', '1 INSERT DATA AT0000-00-00 00:00:00'),
(260, 1, '2020-05-13 21:05:49', '1 UPDATE DATA AT2020-05-13 21:05:49'),
(261, 1, '2020-05-13 21:05:49', '1 INSERT DATA AT2020-05-13 21:05:49'),
(262, 1, '0000-00-00 00:00:00', '1 INSERT DATA AT0000-00-00 00:00:00'),
(263, 1, '2020-05-13 21:05:55', '1 UPDATE DATA AT2020-05-13 21:05:55'),
(264, 1, '2020-05-13 21:05:55', '1 INSERT DATA AT2020-05-13 21:05:55'),
(265, 1, '0000-00-00 00:00:00', '1 INSERT DATA AT0000-00-00 00:00:00'),
(266, 1, '2020-05-13 21:06:12', '1 UPDATE DATA AT2020-05-13 21:06:12'),
(267, 1, '2020-05-13 21:06:12', '1 INSERT DATA AT2020-05-13 21:06:12'),
(268, 1, '0000-00-00 00:00:00', '1 INSERT DATA AT0000-00-00 00:00:00'),
(269, 1, '2020-05-13 21:06:41', '1 UPDATE DATA AT2020-05-13 21:06:41'),
(270, 1, '2020-05-13 21:06:41', '1 INSERT DATA AT2020-05-13 21:06:41'),
(271, 1, '0000-00-00 00:00:00', '1 INSERT DATA AT0000-00-00 00:00:00'),
(272, 1, '2020-05-13 21:07:06', '1 UPDATE DATA AT2020-05-13 21:07:06'),
(273, 1, '2020-05-13 21:07:06', '1 UPDATE DATA AT2020-05-13 21:07:06'),
(274, 1, '2020-05-13 21:07:06', '1 INSERT DATA AT2020-05-13 21:07:06'),
(275, 1, '0000-00-00 00:00:00', '1 INSERT DATA AT0000-00-00 00:00:00'),
(276, 1, '2020-05-13 21:08:20', '1 INSERT DATA AT2020-05-13 21:08:20'),
(277, 1, '2020-05-13 21:08:20', '1 UPDATE DATA AT2020-05-13 21:08:20'),
(278, 1, '2020-05-13 21:08:20', '1 INSERT DATA AT2020-05-13 21:08:20'),
(279, 1, '2020-05-13 21:08:20', '1 INSERT DATA AT2020-05-13 21:08:20'),
(280, 1, '2020-05-13 21:08:20', '1 INSERT DATA AT2020-05-13 21:08:20'),
(281, 1, '2020-05-13 21:08:20', '1 INSERT DATA AT2020-05-13 21:08:20'),
(282, 1, '2020-05-13 21:08:20', '1 INSERT DATA AT2020-05-13 21:08:20'),
(283, 1, '2020-05-13 21:08:49', '1 UPDATE DATA AT2020-05-13 21:08:49'),
(284, 1, '2020-05-13 21:08:49', '1 INSERT DATA AT2020-05-13 21:08:49'),
(285, 1, '2020-05-13 21:08:49', '1 INSERT DATA AT2020-05-13 21:08:49'),
(286, 1, '2020-05-13 21:08:49', '1 INSERT DATA AT2020-05-13 21:08:49'),
(287, 1, '2020-05-13 21:12:37', '1 UPDATE DATA AT2020-05-13 21:12:37'),
(288, 1, '2020-05-13 21:12:38', '1 UPDATE DATA AT2020-05-13 21:12:38'),
(289, 1, '2020-05-13 21:12:38', '1 UPDATE DATA AT2020-05-13 21:12:38'),
(290, 1, '2020-05-13 21:12:38', '1 UPDATE DATA AT2020-05-13 21:12:38'),
(291, 1, '2020-05-13 21:12:38', '1 UPDATE DATA AT2020-05-13 21:12:38'),
(292, 1, '2020-05-13 21:12:38', '1 UPDATE DATA AT2020-05-13 21:12:38'),
(293, 1, '2020-05-13 21:12:38', '1 UPDATE DATA AT2020-05-13 21:12:38'),
(294, 1, '2020-05-13 21:12:38', '1 INSERT DATA AT2020-05-13 21:12:38'),
(295, 1, '2020-05-13 21:12:38', '1 INSERT DATA AT2020-05-13 21:12:38'),
(296, 1, '2020-05-13 21:16:39', '1 UPDATE DATA AT2020-05-13 21:16:39'),
(297, 1, '2020-05-13 21:16:39', '1 INSERT DATA AT2020-05-13 21:16:39'),
(298, 1, '2020-05-13 21:16:39', '1 UPDATE DATA AT2020-05-13 21:16:39'),
(299, 1, '2020-05-13 21:16:39', '1 INSERT DATA AT2020-05-13 21:16:39'),
(300, 1, '2020-05-13 21:17:14', '1 UPDATE DATA AT2020-05-13 21:17:14'),
(301, 1, '2020-05-13 21:17:14', '1 UPDATE DATA AT2020-05-13 21:17:14'),
(302, 1, '2020-05-13 21:17:14', '1 INSERT DATA AT2020-05-13 21:17:14'),
(303, 1, '2020-05-13 21:18:26', '1 UPDATE DATA AT2020-05-13 21:18:26'),
(304, 1, '2020-05-13 21:18:26', '1 UPDATE DATA AT2020-05-13 21:18:26'),
(305, 1, '2020-05-13 21:18:26', '1 UPDATE DATA AT2020-05-13 21:18:26'),
(306, 1, '2020-05-13 21:18:26', '1 INSERT DATA AT2020-05-13 21:18:26'),
(307, 1, '2020-05-13 21:18:26', '1 INSERT DATA AT2020-05-13 21:18:26'),
(308, 1, '2020-05-13 21:18:46', '1 UPDATE DATA AT2020-05-13 21:18:46'),
(309, 1, '2020-05-13 21:18:46', '1 INSERT DATA AT2020-05-13 21:18:46'),
(310, 1, '2020-05-13 21:18:46', '1 UPDATE DATA AT2020-05-13 21:18:46'),
(311, 1, '2020-05-13 21:18:46', '1 UPDATE DATA AT2020-05-13 21:18:46'),
(312, 1, '2020-05-13 21:18:46', '1 INSERT DATA AT2020-05-13 21:18:46'),
(313, 1, '2020-05-13 21:18:46', '1 INSERT DATA AT2020-05-13 21:18:46'),
(314, 1, '2020-05-13 21:20:04', '1 UPDATE DATA AT2020-05-13 21:20:04'),
(315, 1, '2020-05-13 21:20:04', '1 UPDATE DATA AT2020-05-13 21:20:04'),
(316, 1, '2020-05-13 21:20:04', '1 UPDATE DATA AT2020-05-13 21:20:04'),
(317, 1, '2020-05-13 21:20:04', '1 INSERT DATA AT2020-05-13 21:20:04'),
(318, 1, '2020-05-13 21:20:04', '1 INSERT DATA AT2020-05-13 21:20:04'),
(319, 1, '2020-05-13 21:22:06', '1 UPDATE DATA AT2020-05-13 21:22:06'),
(320, 1, '2020-05-13 21:22:06', '1 UPDATE DATA AT2020-05-13 21:22:06'),
(321, 1, '2020-05-13 21:22:06', '1 INSERT DATA AT2020-05-13 21:22:06'),
(322, 1, '2020-05-13 21:22:06', '1 INSERT DATA AT2020-05-13 21:22:06'),
(323, 1, '2020-05-13 21:22:36', '1 UPDATE DATA AT2020-05-13 21:22:36'),
(324, 1, '2020-05-13 21:22:36', '1 UPDATE DATA AT2020-05-13 21:22:36'),
(325, 1, '2020-05-13 21:22:36', '1 INSERT DATA AT2020-05-13 21:22:36'),
(326, 1, '2020-05-13 21:22:36', '1 UPDATE DATA AT2020-05-13 21:22:36'),
(327, 1, '2020-05-13 21:22:36', '1 INSERT DATA AT2020-05-13 21:22:36'),
(328, 1, '2020-05-13 21:22:36', '1 INSERT DATA AT2020-05-13 21:22:36'),
(329, 1, '2020-05-13 21:23:10', '1 UPDATE DATA AT2020-05-13 21:23:10'),
(330, 1, '2020-05-13 21:23:10', '1 INSERT DATA AT2020-05-13 21:23:10'),
(331, 1, '2020-05-13 21:23:10', '1 UPDATE DATA AT2020-05-13 21:23:10'),
(332, 1, '2020-05-13 21:23:10', '1 INSERT DATA AT2020-05-13 21:23:10'),
(333, 1, '2020-05-13 21:23:10', '1 UPDATE DATA AT2020-05-13 21:23:10'),
(334, 1, '2020-05-13 21:23:10', '1 UPDATE DATA AT2020-05-13 21:23:10'),
(335, 1, '2020-05-13 21:23:10', '1 INSERT DATA AT2020-05-13 21:23:10'),
(336, 1, '2020-05-13 21:23:10', '1 INSERT DATA AT2020-05-13 21:23:10'),
(337, 1, '2020-05-13 21:23:22', '1 UPDATE DATA AT2020-05-13 21:23:22'),
(338, 1, '2020-05-13 21:23:23', '1 UPDATE DATA AT2020-05-13 21:23:23'),
(339, 1, '2020-05-13 21:23:23', '1 UPDATE DATA AT2020-05-13 21:23:23'),
(340, 1, '2020-05-13 21:23:23', '1 UPDATE DATA AT2020-05-13 21:23:23'),
(341, 1, '2020-05-13 21:23:23', '1 UPDATE DATA AT2020-05-13 21:23:23'),
(342, 1, '2020-05-13 21:23:51', '1 UPDATE DATA AT2020-05-13 21:23:51'),
(343, 1, '2020-05-13 21:23:51', '1 UPDATE DATA AT2020-05-13 21:23:51'),
(344, 1, '2020-05-13 21:23:51', '1 UPDATE DATA AT2020-05-13 21:23:51'),
(345, 1, '2020-05-13 21:23:51', '1 UPDATE DATA AT2020-05-13 21:23:51'),
(346, 1, '2020-05-13 21:23:51', '1 UPDATE DATA AT2020-05-13 21:23:51'),
(347, 1, '0000-00-00 00:00:00', '1 INSERT DATA AT0000-00-00 00:00:00'),
(348, 1, '2020-05-13 21:24:49', '1 UPDATE DATA AT2020-05-13 21:24:49'),
(349, 1, '2020-05-13 21:24:49', '1 UPDATE DATA AT2020-05-13 21:24:49'),
(350, 1, '2020-05-13 21:24:49', '1 UPDATE DATA AT2020-05-13 21:24:49'),
(351, 1, '2020-05-13 21:24:49', '1 UPDATE DATA AT2020-05-13 21:24:49'),
(352, 1, '2020-05-13 21:24:49', '1 UPDATE DATA AT2020-05-13 21:24:49'),
(353, 1, '2020-05-13 21:25:31', '1 UPDATE DATA AT2020-05-13 21:25:31'),
(354, 1, '2020-05-13 21:25:31', '1 UPDATE DATA AT2020-05-13 21:25:31'),
(355, 1, '2020-05-13 21:25:31', '1 UPDATE DATA AT2020-05-13 21:25:31'),
(356, 1, '2020-05-13 21:25:31', '1 UPDATE DATA AT2020-05-13 21:25:31'),
(357, 1, '2020-05-13 21:25:31', '1 UPDATE DATA AT2020-05-13 21:25:31'),
(358, 1, '2020-05-13 21:27:02', '1 UPDATE DATA AT2020-05-13 21:27:02'),
(359, 1, '2020-05-13 21:27:03', '1 UPDATE DATA AT2020-05-13 21:27:03'),
(360, 1, '2020-05-13 21:27:03', '1 UPDATE DATA AT2020-05-13 21:27:03'),
(361, 1, '2020-05-13 21:27:03', '1 UPDATE DATA AT2020-05-13 21:27:03'),
(362, 1, '2020-05-13 21:27:03', '1 UPDATE DATA AT2020-05-13 21:27:03'),
(363, 1, '2020-05-13 21:28:15', '1 UPDATE DATA AT2020-05-13 21:28:15'),
(364, 1, '2020-05-13 21:28:15', '1 UPDATE DATA AT2020-05-13 21:28:15'),
(365, 1, '2020-05-13 21:28:15', '1 UPDATE DATA AT2020-05-13 21:28:15'),
(366, 1, '2020-05-13 21:28:15', '1 UPDATE DATA AT2020-05-13 21:28:15'),
(367, 1, '2020-05-13 21:28:15', '1 UPDATE DATA AT2020-05-13 21:28:15'),
(368, 1, '2020-05-13 21:28:45', '1 UPDATE DATA AT2020-05-13 21:28:45'),
(369, 1, '2020-05-13 21:28:46', '1 UPDATE DATA AT2020-05-13 21:28:46'),
(370, 1, '2020-05-13 21:28:46', '1 UPDATE DATA AT2020-05-13 21:28:46'),
(371, 1, '2020-05-13 21:28:46', '1 UPDATE DATA AT2020-05-13 21:28:46'),
(372, 1, '2020-05-13 21:28:46', '1 UPDATE DATA AT2020-05-13 21:28:46'),
(373, 1, '2020-05-13 21:29:52', '1 UPDATE DATA AT2020-05-13 21:29:52'),
(374, 1, '2020-05-13 21:29:52', '1 UPDATE DATA AT2020-05-13 21:29:52'),
(375, 1, '2020-05-13 21:29:52', '1 UPDATE DATA AT2020-05-13 21:29:52'),
(376, 1, '2020-05-13 21:29:52', '1 UPDATE DATA AT2020-05-13 21:29:52'),
(377, 1, '2020-05-13 21:29:52', '1 UPDATE DATA AT2020-05-13 21:29:52'),
(378, 1, '2020-05-13 21:30:13', '1 UPDATE DATA AT2020-05-13 21:30:13'),
(379, 1, '2020-05-13 21:30:13', '1 UPDATE DATA AT2020-05-13 21:30:13'),
(380, 1, '2020-05-13 21:30:13', '1 UPDATE DATA AT2020-05-13 21:30:13'),
(381, 1, '2020-05-13 21:30:13', '1 UPDATE DATA AT2020-05-13 21:30:13'),
(382, 1, '2020-05-13 21:30:13', '1 UPDATE DATA AT2020-05-13 21:30:13'),
(383, 1, '2020-05-13 21:30:32', '1 UPDATE DATA AT2020-05-13 21:30:32'),
(384, 1, '2020-05-13 21:30:32', '1 UPDATE DATA AT2020-05-13 21:30:32'),
(385, 1, '2020-05-13 21:30:32', '1 UPDATE DATA AT2020-05-13 21:30:32'),
(386, 1, '2020-05-13 21:30:32', '1 UPDATE DATA AT2020-05-13 21:30:32'),
(387, 1, '2020-05-13 21:30:32', '1 UPDATE DATA AT2020-05-13 21:30:32'),
(388, 1, '2020-05-13 21:30:43', '1 UPDATE DATA AT2020-05-13 21:30:43'),
(389, 1, '2020-05-13 21:30:43', '1 UPDATE DATA AT2020-05-13 21:30:43'),
(390, 1, '2020-05-13 21:30:43', '1 UPDATE DATA AT2020-05-13 21:30:43'),
(391, 1, '2020-05-13 21:30:43', '1 UPDATE DATA AT2020-05-13 21:30:43'),
(392, 1, '2020-05-13 21:30:43', '1 UPDATE DATA AT2020-05-13 21:30:43'),
(393, 1, '2020-05-13 21:31:16', '1 UPDATE DATA AT2020-05-13 21:31:16'),
(394, 1, '2020-05-13 21:31:16', '1 UPDATE DATA AT2020-05-13 21:31:16'),
(395, 1, '2020-05-13 21:31:16', '1 UPDATE DATA AT2020-05-13 21:31:16'),
(396, 1, '2020-05-13 21:31:16', '1 UPDATE DATA AT2020-05-13 21:31:16'),
(397, 1, '2020-05-13 21:31:16', '1 UPDATE DATA AT2020-05-13 21:31:16'),
(398, 1, '2020-05-13 21:34:19', '1 UPDATE DATA AT2020-05-13 21:34:19'),
(399, 1, '2020-05-13 21:34:19', '1 UPDATE DATA AT2020-05-13 21:34:19'),
(400, 1, '2020-05-13 21:34:19', '1 UPDATE DATA AT2020-05-13 21:34:19'),
(401, 1, '2020-05-13 21:34:19', '1 UPDATE DATA AT2020-05-13 21:34:19'),
(402, 1, '2020-05-13 21:34:19', '1 UPDATE DATA AT2020-05-13 21:34:19'),
(403, 1, '2020-05-13 21:36:13', '1 UPDATE DATA AT2020-05-13 21:36:13'),
(404, 1, '2020-05-13 21:36:14', '1 UPDATE DATA AT2020-05-13 21:36:14'),
(405, 1, '2020-05-13 21:36:14', '1 UPDATE DATA AT2020-05-13 21:36:14'),
(406, 1, '2020-05-13 21:36:14', '1 UPDATE DATA AT2020-05-13 21:36:14'),
(407, 1, '2020-05-13 21:36:14', '1 UPDATE DATA AT2020-05-13 21:36:14'),
(408, 1, '2020-05-13 21:39:09', '1 UPDATE DATA AT2020-05-13 21:39:09'),
(409, 1, '2020-05-13 21:39:09', '1 UPDATE DATA AT2020-05-13 21:39:09'),
(410, 1, '2020-05-13 21:39:09', '1 UPDATE DATA AT2020-05-13 21:39:09'),
(411, 1, '2020-05-13 21:39:09', '1 UPDATE DATA AT2020-05-13 21:39:09'),
(412, 1, '2020-05-13 21:39:09', '1 UPDATE DATA AT2020-05-13 21:39:09'),
(413, 1, '0000-00-00 00:00:00', '1 INSERT DATA AT0000-00-00 00:00:00'),
(414, 1, '2020-05-13 21:40:14', '1 UPDATE DATA AT2020-05-13 21:40:14'),
(415, 1, '2020-05-13 21:40:14', '1 UPDATE DATA AT2020-05-13 21:40:14'),
(416, 1, '2020-05-13 21:40:14', '1 UPDATE DATA AT2020-05-13 21:40:14'),
(417, 1, '2020-05-13 21:40:14', '1 UPDATE DATA AT2020-05-13 21:40:14'),
(418, 1, '2020-05-13 21:40:14', '1 UPDATE DATA AT2020-05-13 21:40:14'),
(419, 1, '0000-00-00 00:00:00', '1 INSERT DATA AT0000-00-00 00:00:00'),
(420, 1, '0000-00-00 00:00:00', '1 INSERT DATA AT0000-00-00 00:00:00'),
(421, 1, '2020-05-13 21:40:24', '1 UPDATE DATA AT2020-05-13 21:40:24'),
(422, 1, '2020-05-13 21:40:24', '1 UPDATE DATA AT2020-05-13 21:40:24'),
(423, 1, '2020-05-13 21:40:24', '1 UPDATE DATA AT2020-05-13 21:40:24'),
(424, 1, '2020-05-13 21:40:24', '1 UPDATE DATA AT2020-05-13 21:40:24'),
(425, 1, '2020-05-13 21:40:24', '1 UPDATE DATA AT2020-05-13 21:40:24'),
(426, 1, '2020-05-13 21:46:46', '1 UPDATE DATA AT2020-05-13 21:46:46'),
(427, 1, '2020-05-13 21:46:46', '1 UPDATE DATA AT2020-05-13 21:46:46'),
(428, 1, '2020-05-13 21:46:46', '1 UPDATE DATA AT2020-05-13 21:46:46'),
(429, 1, '2020-05-13 21:46:46', '1 UPDATE DATA AT2020-05-13 21:46:46'),
(430, 1, '2020-05-13 21:46:46', '1 UPDATE DATA AT2020-05-13 21:46:46'),
(431, 1, '2020-05-13 21:47:34', '1 UPDATE DATA AT2020-05-13 21:47:34'),
(432, 1, '2020-05-13 21:47:34', '1 UPDATE DATA AT2020-05-13 21:47:34'),
(433, 1, '2020-05-13 21:47:34', '1 UPDATE DATA AT2020-05-13 21:47:34'),
(434, 1, '2020-05-13 21:47:34', '1 UPDATE DATA AT2020-05-13 21:47:34'),
(435, 1, '2020-05-13 21:47:34', '1 UPDATE DATA AT2020-05-13 21:47:34'),
(436, 1, '2020-05-13 21:47:45', '1 UPDATE DATA AT2020-05-13 21:47:45'),
(437, 1, '2020-05-13 21:47:45', '1 UPDATE DATA AT2020-05-13 21:47:45'),
(438, 1, '2020-05-13 21:47:45', '1 UPDATE DATA AT2020-05-13 21:47:45'),
(439, 1, '2020-05-13 21:47:45', '1 UPDATE DATA AT2020-05-13 21:47:45'),
(440, 1, '2020-05-13 21:47:45', '1 UPDATE DATA AT2020-05-13 21:47:45'),
(441, 1, '2020-05-13 21:48:10', '1 UPDATE DATA AT2020-05-13 21:48:10'),
(442, 1, '2020-05-13 21:48:10', '1 UPDATE DATA AT2020-05-13 21:48:10'),
(443, 1, '2020-05-13 21:48:10', '1 UPDATE DATA AT2020-05-13 21:48:10'),
(444, 1, '2020-05-13 21:48:10', '1 UPDATE DATA AT2020-05-13 21:48:10'),
(445, 1, '2020-05-13 21:48:10', '1 UPDATE DATA AT2020-05-13 21:48:10'),
(446, 1, '2020-05-13 21:48:36', '1 UPDATE DATA AT2020-05-13 21:48:36'),
(447, 1, '2020-05-13 21:48:36', '1 UPDATE DATA AT2020-05-13 21:48:36'),
(448, 1, '2020-05-13 21:48:36', '1 UPDATE DATA AT2020-05-13 21:48:36'),
(449, 1, '2020-05-13 21:48:36', '1 UPDATE DATA AT2020-05-13 21:48:36'),
(450, 1, '2020-05-13 21:48:36', '1 UPDATE DATA AT2020-05-13 21:48:36'),
(451, 1, '2020-05-13 21:49:51', '1 UPDATE DATA AT2020-05-13 21:49:51'),
(452, 1, '2020-05-13 21:49:52', '1 UPDATE DATA AT2020-05-13 21:49:52'),
(453, 1, '2020-05-13 21:49:52', '1 UPDATE DATA AT2020-05-13 21:49:52'),
(454, 1, '2020-05-13 21:49:52', '1 UPDATE DATA AT2020-05-13 21:49:52'),
(455, 1, '2020-05-13 21:49:52', '1 UPDATE DATA AT2020-05-13 21:49:52'),
(456, 1, '2020-05-13 21:50:32', '1 UPDATE DATA AT2020-05-13 21:50:32'),
(457, 1, '2020-05-13 21:50:33', '1 UPDATE DATA AT2020-05-13 21:50:33'),
(458, 1, '2020-05-13 21:50:33', '1 UPDATE DATA AT2020-05-13 21:50:33'),
(459, 1, '2020-05-13 21:50:33', '1 UPDATE DATA AT2020-05-13 21:50:33'),
(460, 1, '2020-05-13 21:50:33', '1 UPDATE DATA AT2020-05-13 21:50:33'),
(461, 1, '0000-00-00 00:00:00', '1 UPDATE DATA AT0000-00-00 00:00:00'),
(462, 1, '0000-00-00 00:00:00', '1 UPDATE DATA AT0000-00-00 00:00:00'),
(463, 1, '0000-00-00 00:00:00', '1 UPDATE DATA AT0000-00-00 00:00:00'),
(464, 1, '0000-00-00 00:00:00', '1 UPDATE DATA AT0000-00-00 00:00:00'),
(465, 1, '0000-00-00 00:00:00', '1 UPDATE DATA AT0000-00-00 00:00:00'),
(466, 1, '0000-00-00 00:00:00', '1 UPDATE DATA AT0000-00-00 00:00:00'),
(467, 1, '0000-00-00 00:00:00', '1 UPDATE DATA AT0000-00-00 00:00:00'),
(468, 1, '0000-00-00 00:00:00', '1 UPDATE DATA AT0000-00-00 00:00:00'),
(469, 1, '0000-00-00 00:00:00', '1 UPDATE DATA AT0000-00-00 00:00:00'),
(470, 1, '0000-00-00 00:00:00', '1 UPDATE DATA AT0000-00-00 00:00:00'),
(471, 1, '0000-00-00 00:00:00', '1 UPDATE DATA AT0000-00-00 00:00:00'),
(472, 1, '0000-00-00 00:00:00', '1 UPDATE DATA AT0000-00-00 00:00:00'),
(473, 1, '0000-00-00 00:00:00', '1 UPDATE DATA AT0000-00-00 00:00:00'),
(474, 1, '0000-00-00 00:00:00', '1 UPDATE DATA AT0000-00-00 00:00:00'),
(475, 1, '0000-00-00 00:00:00', '1 UPDATE DATA AT0000-00-00 00:00:00'),
(476, 1, '0000-00-00 00:00:00', '1 UPDATE DATA AT0000-00-00 00:00:00'),
(477, 1, '0000-00-00 00:00:00', '1 UPDATE DATA AT0000-00-00 00:00:00'),
(478, 1, '0000-00-00 00:00:00', '1 UPDATE DATA AT0000-00-00 00:00:00'),
(479, 1, '0000-00-00 00:00:00', '1 UPDATE DATA AT0000-00-00 00:00:00'),
(480, 1, '0000-00-00 00:00:00', '1 UPDATE DATA AT0000-00-00 00:00:00'),
(481, 1, '2020-05-13 21:51:39', '1 UPDATE DATA AT2020-05-13 21:51:39'),
(482, 1, '2020-05-13 21:51:39', '1 UPDATE DATA AT2020-05-13 21:51:39'),
(483, 1, '2020-05-13 21:51:39', '1 UPDATE DATA AT2020-05-13 21:51:39'),
(484, 1, '2020-05-13 21:51:39', '1 UPDATE DATA AT2020-05-13 21:51:39'),
(485, 1, '2020-05-13 21:51:39', '1 UPDATE DATA AT2020-05-13 21:51:39'),
(486, 1, '0000-00-00 00:00:00', '1 UPDATE DATA AT0000-00-00 00:00:00'),
(487, 1, '0000-00-00 00:00:00', '1 UPDATE DATA AT0000-00-00 00:00:00'),
(488, 1, '0000-00-00 00:00:00', '1 UPDATE DATA AT0000-00-00 00:00:00'),
(489, 1, '0000-00-00 00:00:00', '1 UPDATE DATA AT0000-00-00 00:00:00'),
(490, 1, '0000-00-00 00:00:00', '1 UPDATE DATA AT0000-00-00 00:00:00'),
(491, 1, '0000-00-00 00:00:00', '1 UPDATE DATA AT0000-00-00 00:00:00'),
(492, 1, '0000-00-00 00:00:00', '1 UPDATE DATA AT0000-00-00 00:00:00'),
(493, 1, '0000-00-00 00:00:00', '1 UPDATE DATA AT0000-00-00 00:00:00'),
(494, 1, '0000-00-00 00:00:00', '1 UPDATE DATA AT0000-00-00 00:00:00'),
(495, 1, '0000-00-00 00:00:00', '1 UPDATE DATA AT0000-00-00 00:00:00'),
(496, 1, '0000-00-00 00:00:00', '1 UPDATE DATA AT0000-00-00 00:00:00'),
(497, 1, '0000-00-00 00:00:00', '1 UPDATE DATA AT0000-00-00 00:00:00'),
(498, 1, '0000-00-00 00:00:00', '1 UPDATE DATA AT0000-00-00 00:00:00'),
(499, 1, '0000-00-00 00:00:00', '1 UPDATE DATA AT0000-00-00 00:00:00'),
(500, 1, '0000-00-00 00:00:00', '1 UPDATE DATA AT0000-00-00 00:00:00'),
(501, 1, '0000-00-00 00:00:00', '1 UPDATE DATA AT0000-00-00 00:00:00'),
(502, 1, '0000-00-00 00:00:00', '1 UPDATE DATA AT0000-00-00 00:00:00'),
(503, 1, '0000-00-00 00:00:00', '1 UPDATE DATA AT0000-00-00 00:00:00'),
(504, 1, '0000-00-00 00:00:00', '1 UPDATE DATA AT0000-00-00 00:00:00'),
(505, 1, '0000-00-00 00:00:00', '1 UPDATE DATA AT0000-00-00 00:00:00'),
(506, 1, '0000-00-00 00:00:00', '1 UPDATE DATA AT0000-00-00 00:00:00'),
(507, 1, '0000-00-00 00:00:00', '1 UPDATE DATA AT0000-00-00 00:00:00'),
(508, 1, '0000-00-00 00:00:00', '1 UPDATE DATA AT0000-00-00 00:00:00'),
(509, 1, '0000-00-00 00:00:00', '1 UPDATE DATA AT0000-00-00 00:00:00'),
(510, 1, '0000-00-00 00:00:00', '1 UPDATE DATA AT0000-00-00 00:00:00'),
(511, 1, '0000-00-00 00:00:00', '1 UPDATE DATA AT0000-00-00 00:00:00'),
(512, 1, '0000-00-00 00:00:00', '1 UPDATE DATA AT0000-00-00 00:00:00'),
(513, 1, '2020-05-13 21:51:58', '1 UPDATE DATA AT2020-05-13 21:51:58'),
(514, 1, '2020-05-13 21:51:58', '1 UPDATE DATA AT2020-05-13 21:51:58'),
(515, 1, '2020-05-13 21:51:58', '1 UPDATE DATA AT2020-05-13 21:51:58'),
(516, 1, '2020-05-13 21:52:19', '1 UPDATE DATA AT2020-05-13 21:52:19'),
(517, 1, '2020-05-13 21:52:19', '1 UPDATE DATA AT2020-05-13 21:52:19'),
(518, 1, '2020-05-13 21:52:19', '1 INSERT DATA AT2020-05-13 21:52:19'),
(519, 1, '0000-00-00 00:00:00', '1 UPDATE DATA AT0000-00-00 00:00:00'),
(520, 1, '0000-00-00 00:00:00', '1 INSERT DATA AT0000-00-00 00:00:00'),
(521, 1, '0000-00-00 00:00:00', '1 INSERT DATA AT0000-00-00 00:00:00'),
(522, 1, '2020-05-13 21:52:33', '1 UPDATE DATA AT2020-05-13 21:52:33'),
(523, 1, '2020-05-13 21:52:33', '1 INSERT DATA AT2020-05-13 21:52:33'),
(524, 1, '2020-05-13 21:52:34', '1 UPDATE DATA AT2020-05-13 21:52:34'),
(525, 1, '2020-05-13 21:52:34', '1 UPDATE DATA AT2020-05-13 21:52:34'),
(526, 1, '0000-00-00 00:00:00', '1 UPDATE DATA AT0000-00-00 00:00:00'),
(527, 1, '0000-00-00 00:00:00', '1 UPDATE DATA AT0000-00-00 00:00:00'),
(528, 1, '0000-00-00 00:00:00', '1 UPDATE DATA AT0000-00-00 00:00:00'),
(529, 1, '2020-05-13 21:53:01', '1 UPDATE DATA AT2020-05-13 21:53:01'),
(530, 1, '2020-05-13 21:53:02', '1 UPDATE DATA AT2020-05-13 21:53:02'),
(531, 1, '2020-05-13 21:53:02', '1 UPDATE DATA AT2020-05-13 21:53:02'),
(532, 1, '2020-05-13 21:53:02', '1 UPDATE DATA AT2020-05-13 21:53:02'),
(533, 1, '2020-05-13 21:53:03', '1 UPDATE DATA AT2020-05-13 21:53:03'),
(534, 1, '2020-05-13 21:53:03', '1 UPDATE DATA AT2020-05-13 21:53:03'),
(535, 1, '2020-05-13 21:53:04', '1 UPDATE DATA AT2020-05-13 21:53:04'),
(536, 1, '2020-05-13 21:53:05', '1 UPDATE DATA AT2020-05-13 21:53:05'),
(537, 1, '2020-05-13 21:53:05', '1 UPDATE DATA AT2020-05-13 21:53:05'),
(538, 1, '2020-05-13 21:53:13', '1 INSERT DATA AT2020-05-13 21:53:13'),
(539, 1, '2020-05-13 21:53:13', '1 UPDATE DATA AT2020-05-13 21:53:13'),
(540, 1, '2020-05-13 21:53:13', '1 UPDATE DATA AT2020-05-13 21:53:13'),
(541, 1, '2020-05-13 22:01:03', '1 INSERT DATA AT2020-05-13 22:01:03'),
(542, 1, '2020-05-13 22:01:03', '1 INSERT DATA AT2020-05-13 22:01:03'),
(543, 1, '2020-05-13 22:01:03', '1 INSERT DATA AT2020-05-13 22:01:03'),
(544, 1, '2020-05-13 22:01:03', '1 INSERT DATA AT2020-05-13 22:01:03'),
(545, 1, '0000-00-00 00:00:00', '1 INSERT DATA AT0000-00-00 00:00:00'),
(546, 1, '2020-05-13 22:02:08', '1 INSERT DATA AT2020-05-13 22:02:08'),
(547, 1, '2020-05-13 22:02:08', '1 INSERT DATA AT2020-05-13 22:02:08'),
(548, 1, '2020-05-13 22:02:09', '1 INSERT DATA AT2020-05-13 22:02:09'),
(549, 1, '2020-05-13 22:02:09', '1 INSERT DATA AT2020-05-13 22:02:09'),
(550, 1, '0000-00-00 00:00:00', '1 INSERT DATA AT0000-00-00 00:00:00'),
(551, 1, '2020-05-13 22:07:36', '1 UPDATE DATA AT2020-05-13 22:07:36'),
(552, 0, '2020-05-14 09:35:56', '0 INSERT DATA AT 2020-05-14 09:35:56'),
(553, 0, '2020-05-14 09:36:08', '0 INSERT DATA AT 2020-05-14 09:36:08'),
(554, 0, '2020-05-14 09:41:55', '0 INSERT DATA AT 2020-05-14 09:41:55'),
(555, 0, '2020-05-14 09:41:58', '0 INSERT DATA AT 2020-05-14 09:41:58'),
(556, 0, '2020-05-14 09:42:36', '0 INSERT DATA AT 2020-05-14 09:42:36'),
(557, NULL, '2020-05-14 21:09:42', NULL),
(558, NULL, '2020-05-14 21:34:08', NULL),
(559, 1, '2020-05-14 21:54:49', '1 INSERT DATA AT2020-05-14 21:54:49'),
(560, 1, '2020-05-14 21:54:49', '1 INSERT DATA AT2020-05-14 21:54:49'),
(561, 1, '2020-05-14 21:54:49', '1 INSERT DATA AT2020-05-14 21:54:49'),
(562, 1, '2020-05-14 21:56:38', '1 INSERT DATA AT 2020-05-14 21:56:38'),
(563, 1, '2020-05-14 21:56:52', '1 INSERT DATA AT 2020-05-14 21:56:52'),
(564, 1, '2020-05-14 22:14:12', '1 INSERT DATA AT2020-05-14 22:14:12'),
(565, 1, '2020-05-14 22:15:08', '1 INSERT DATA AT2020-05-14 22:15:08'),
(566, 1, '2020-05-14 22:15:58', '1 INSERT DATA AT2020-05-14 22:15:58'),
(567, 1, '2020-05-14 22:16:20', '1 UPDATE DATA AT2020-05-14 22:16:20'),
(576, 1, '2020-05-15 08:48:20', '1 INSERT DATA AT2020-05-15 08:48:20'),
(577, 1, '2020-05-15 09:00:36', '1 UPDATE DATA AT2020-05-15 09:00:36'),
(578, 1, '2020-05-15 09:02:16', '1 UPDATE DATA AT2020-05-15 09:02:16'),
(579, 1, '2020-05-15 09:12:42', '1 INSERT DATA AT2020-05-15 09:12:42'),
(580, 1, '2020-05-15 09:47:34', '1 INSERT DATA AT2020-05-15 09:47:34'),
(581, 1, '2020-05-15 09:50:48', '1 UPDATE DATA AT2020-05-15 09:50:48'),
(582, 1, '2020-05-15 09:51:49', '1 UPDATE DATA AT2020-05-15 09:51:49'),
(583, 1, '2020-05-15 11:36:51', '1 INSERT DATA AT 2020-05-15 11:36:51'),
(584, 1, '2020-05-15 11:36:54', '1 INSERT DATA AT 2020-05-15 11:36:54'),
(585, 1, '2020-05-15 11:37:17', '1 INSERT DATA AT2020-05-15 11:37:17'),
(586, 1, '2020-05-15 11:37:17', '1 INSERT DATA AT2020-05-15 11:37:17'),
(587, 1, '2020-05-15 11:37:17', '1 INSERT DATA AT2020-05-15 11:37:17'),
(588, 1, '2020-05-15 11:37:29', '1 INSERT DATA AT 2020-05-15 11:37:29'),
(589, 1, '2020-05-15 11:37:29', '1 INSERT DATA AT2020-05-15 11:37:29'),
(590, 1, '2020-05-15 11:37:37', '1 INSERT DATA AT2020-05-15 11:37:37'),
(591, 1, '2020-05-15 11:37:37', '1 INSERT DATA AT2020-05-15 11:37:37'),
(592, 1, '2020-05-15 11:37:37', '1 INSERT DATA AT2020-05-15 11:37:37'),
(593, 1, '2020-05-15 11:37:37', '1 INSERT DATA AT2020-05-15 11:37:37'),
(594, 1, '2020-05-15 11:37:42', '1 INSERT DATA AT2020-05-15 11:37:42'),
(595, 1, '2020-05-15 11:37:42', '1 INSERT DATA AT2020-05-15 11:37:42'),
(596, 1, '2020-05-15 11:37:42', '1 INSERT DATA AT2020-05-15 11:37:42'),
(597, 1, '2020-05-15 11:37:42', '1 INSERT DATA AT2020-05-15 11:37:42'),
(598, 1, '2020-05-15 11:38:01', '1 INSERT DATA AT 2020-05-15 11:38:01'),
(599, 1, '2020-05-15 11:38:01', '1 INSERT DATA AT2020-05-15 11:38:01'),
(600, 1, '2020-05-15 11:38:01', '1 INSERT DATA AT2020-05-15 11:38:01'),
(601, 1, '2020-05-15 11:38:01', '1 INSERT DATA AT2020-05-15 11:38:01'),
(602, 1, '2020-05-15 11:58:30', '1 INSERT DATA AT 2020-05-15 11:58:30'),
(603, 1, '2020-05-15 11:58:30', '1 INSERT DATA AT2020-05-15 11:58:30'),
(604, 1, '2020-05-15 11:58:30', '1 INSERT DATA AT2020-05-15 11:58:30'),
(605, 1, '2020-05-15 11:58:30', '1 INSERT DATA AT2020-05-15 11:58:30'),
(606, 1, '2020-05-15 11:58:30', '1 UPDATE DATA AT2020-05-15 11:58:30'),
(607, 1, '2020-05-15 11:58:30', '1 UPDATE DATA AT2020-05-15 11:58:30'),
(608, 1, '2020-05-15 12:09:40', '1 UPDATE DATA AT 2020-05-15 12:09:40'),
(609, 1, '2020-05-15 12:09:44', '1 UPDATE DATA AT 2020-05-15 12:09:44'),
(610, 1, '2020-05-15 12:41:11', '1 UPDATE DATA AT 2020-05-15 12:41:11'),
(611, 1, '2020-05-15 11:58:30', '1 UPDATE DATA AT2020-05-15 11:58:30'),
(612, 1, '2020-05-15 11:58:30', '1 UPDATE DATA AT2020-05-15 11:58:30'),
(613, 1, '2020-05-15 11:58:30', '1 UPDATE DATA AT2020-05-15 11:58:30'),
(614, 1, '2020-05-15 12:41:21', '1 UPDATE DATA AT 2020-05-15 12:41:21'),
(615, 1, '2020-05-15 11:58:30', '1 UPDATE DATA AT2020-05-15 11:58:30'),
(616, 1, '2020-05-15 11:58:30', '1 UPDATE DATA AT2020-05-15 11:58:30'),
(617, 1, '2020-05-15 11:58:30', '1 UPDATE DATA AT2020-05-15 11:58:30'),
(618, 1, '2020-05-15 12:42:08', '1 UPDATE DATA AT 2020-05-15 12:42:08'),
(619, 1, '2020-05-15 11:58:30', '1 UPDATE DATA AT2020-05-15 11:58:30'),
(620, 1, '2020-05-15 11:58:30', '1 UPDATE DATA AT2020-05-15 11:58:30'),
(621, 1, '2020-05-15 11:58:30', '1 UPDATE DATA AT2020-05-15 11:58:30'),
(622, 1, '2020-05-15 12:42:59', '1 UPDATE DATA AT 2020-05-15 12:42:59'),
(623, 1, '2020-05-15 11:58:30', '1 UPDATE DATA AT2020-05-15 11:58:30'),
(624, 1, '2020-05-15 11:58:30', '1 UPDATE DATA AT2020-05-15 11:58:30'),
(625, 1, '2020-05-15 11:58:30', '1 UPDATE DATA AT2020-05-15 11:58:30'),
(626, 1, '2020-05-15 11:58:30', '1 UPDATE DATA AT2020-05-15 11:58:30'),
(627, 1, '2020-05-15 12:43:05', '1 UPDATE DATA AT 2020-05-15 12:43:05'),
(628, 1, '2020-05-15 11:58:30', '1 UPDATE DATA AT2020-05-15 11:58:30'),
(629, 1, '2020-05-15 11:58:30', '1 UPDATE DATA AT2020-05-15 11:58:30'),
(630, 1, '2020-05-15 11:58:30', '1 UPDATE DATA AT2020-05-15 11:58:30'),
(631, 1, '2020-05-15 11:58:30', '1 UPDATE DATA AT2020-05-15 11:58:30'),
(632, 1, '2020-05-15 11:58:30', '1 UPDATE DATA AT2020-05-15 11:58:30'),
(633, 1, '2020-05-15 11:58:30', '1 UPDATE DATA AT2020-05-15 11:58:30'),
(634, 1, '2020-05-15 12:43:11', '1 UPDATE DATA AT 2020-05-15 12:43:11'),
(635, 1, '2020-05-15 11:37:29', '1 UPDATE DATA AT2020-05-15 11:37:29'),
(636, 1, '2020-05-15 11:37:37', '1 UPDATE DATA AT2020-05-15 11:37:37'),
(637, 1, '2020-05-15 11:37:42', '1 UPDATE DATA AT2020-05-15 11:37:42'),
(638, 1, '2020-05-15 11:37:29', '1 UPDATE DATA AT2020-05-15 11:37:29'),
(639, 1, '2020-05-15 11:37:37', '1 UPDATE DATA AT2020-05-15 11:37:37'),
(640, 1, '2020-05-15 12:43:18', '1 UPDATE DATA AT 2020-05-15 12:43:18'),
(641, 1, '2020-05-15 13:33:21', '1 INSERT DATA AT 2020-05-15 13:33:21'),
(642, 1, '2020-05-15 13:41:07', '1 INSERT DATA AT 2020-05-15 13:41:07'),
(643, 1, '2020-05-15 14:15:00', '1 UPDATE DATA AT 2020-05-15 14:15:00'),
(644, 1, '2020-05-15 14:15:06', '1 UPDATE DATA AT 2020-05-15 14:15:06'),
(645, 1, '2020-05-15 14:22:06', '1 UPDATE DATA AT 2020-05-15 14:22:06'),
(646, 1, '2020-05-16 08:33:24', '1 INSERT DATA AT2020-05-16 08:33:24'),
(647, 1, '2020-05-16 11:10:38', '1 INSERT DATA AT 2020-05-16 11:10:38'),
(648, 1, '2020-05-16 11:10:38', '1 INSERT DATA AT 2020-05-16 11:10:38'),
(649, 1, '2020-05-16 11:40:55', '1 UPDATE DATA AT 2020-05-16 11:40:55'),
(650, 1, '2020-05-16 11:44:42', '1 UPDATE DATA AT 2020-05-16 11:44:42'),
(651, 1, '2020-05-16 11:47:37', '1 UPDATE DATA AT 2020-05-16 11:47:37'),
(652, 1, '2020-05-16 11:47:40', '1 UPDATE DATA AT 2020-05-16 11:47:40'),
(653, 1, '2020-05-16 14:32:33', '1 UPDATE DATA AT2020-05-16 14:32:33'),
(654, 1, '2020-05-16 14:32:40', '1 UPDATE DATA AT2020-05-16 14:32:40'),
(655, 1, '2020-05-16 14:49:40', '1 INSERT DATA AT2020-05-16 14:49:40'),
(656, 1, '2020-05-16 14:50:41', '1 UPDATE DATA AT2020-05-16 14:50:41'),
(657, 1, '2020-05-16 14:51:29', '1 UPDATE DATA AT2020-05-16 14:51:29'),
(658, 1, '2020-05-18 11:06:26', '1 INSERT DATA AT2020-05-18 11:06:26'),
(659, 1, '2020-05-18 11:06:26', '1 INSERT DATA AT2020-05-18 11:06:26'),
(660, 1, '2020-05-18 11:06:26', '1 INSERT DATA AT2020-05-18 11:06:26'),
(661, 1, '2020-05-18 11:06:26', '1 INSERT DATA AT2020-05-18 11:06:26'),
(662, 1, '2020-05-18 11:06:26', '1 INSERT DATA AT2020-05-18 11:06:26'),
(663, 1, '2020-05-18 11:06:26', '1 INSERT DATA AT2020-05-18 11:06:26'),
(666, 1, '2020-05-18 13:12:36', '1 UPDATE DATA AT2020-05-18 13:12:36'),
(667, 1, '2020-05-18 13:20:33', '1 UPDATE DATA AT2020-05-18 13:20:33'),
(668, 1, '2020-05-18 13:21:54', '1 INSERT DATA AT2020-05-18 13:21:54'),
(669, 1, '2020-05-18 13:21:54', '1 INSERT DATA AT2020-05-18 13:21:54'),
(670, 1, '2020-05-18 13:21:54', '1 INSERT DATA AT2020-05-18 13:21:54'),
(671, 1, '2020-05-18 13:21:54', '1 INSERT DATA AT2020-05-18 13:21:54'),
(672, 1, '2020-05-18 13:21:54', '1 INSERT DATA AT2020-05-18 13:21:54'),
(673, 1, '2020-05-18 13:21:54', '1 INSERT DATA AT2020-05-18 13:21:54'),
(674, 1, '2020-05-18 13:25:00', '1 INSERT DATA AT2020-05-18 13:25:00'),
(675, 1, '2020-05-18 13:25:00', '1 INSERT DATA AT2020-05-18 13:25:00'),
(676, 1, '2020-05-18 13:25:00', '1 INSERT DATA AT2020-05-18 13:25:00'),
(677, 1, '2020-05-18 13:25:00', '1 INSERT DATA AT2020-05-18 13:25:00'),
(678, 1, '2020-05-18 13:25:00', '1 INSERT DATA AT2020-05-18 13:25:00'),
(679, 1, '2020-05-18 13:25:00', '1 INSERT DATA AT2020-05-18 13:25:00'),
(680, 1, '2020-05-18 13:25:11', '1 UPDATE DATA AT2020-05-18 13:25:11'),
(681, 1, '2020-05-18 13:34:19', '1 UPDATE DATA AT2020-05-18 13:34:19'),
(682, 1, '2020-05-18 13:34:46', '1 INSERT DATA AT2020-05-18 13:34:46'),
(683, 1, '2020-05-18 13:34:46', '1 INSERT DATA AT2020-05-18 13:34:46'),
(684, 1, '2020-05-18 13:34:46', '1 INSERT DATA AT2020-05-18 13:34:46'),
(685, 1, '2020-05-18 13:34:46', '1 INSERT DATA AT2020-05-18 13:34:46'),
(686, 1, '2020-05-18 13:34:46', '1 INSERT DATA AT2020-05-18 13:34:46'),
(687, 1, '2020-05-18 13:34:46', '1 INSERT DATA AT2020-05-18 13:34:46'),
(688, 1, '2020-05-18 13:35:35', '1 UPDATE DATA AT 2020-05-18 13:35:35'),
(689, 1, '2020-05-18 13:35:36', '1 UPDATE DATA AT 2020-05-18 13:35:36'),
(690, 1, '2020-05-18 13:35:39', '1 UPDATE DATA AT 2020-05-18 13:35:39'),
(691, 1, '2020-05-18 13:35:41', '1 UPDATE DATA AT 2020-05-18 13:35:41'),
(692, 1, '2020-05-18 13:35:55', '1 INSERT DATA AT 2020-05-18 13:35:55'),
(693, 1, '2020-05-18 13:35:55', '1 INSERT DATA AT2020-05-18 13:35:55'),
(694, 1, '2020-05-18 13:35:55', '1 INSERT DATA AT2020-05-18 13:35:55'),
(695, 1, '2020-05-18 13:35:55', '1 INSERT DATA AT2020-05-18 13:35:55'),
(696, 1, '2020-05-18 13:35:55', '1 INSERT DATA AT2020-05-18 13:35:55'),
(697, 1, '2020-05-18 13:35:59', '1 UPDATE DATA AT 2020-05-18 13:35:59'),
(698, 1, '2020-05-18 13:35:55', '1 UPDATE DATA AT2020-05-18 13:35:55'),
(699, 1, '2020-05-18 13:35:55', '1 UPDATE DATA AT2020-05-18 13:35:55'),
(700, 1, '2020-05-18 13:35:55', '1 UPDATE DATA AT2020-05-18 13:35:55'),
(701, 1, '2020-05-18 13:35:55', '1 UPDATE DATA AT2020-05-18 13:35:55'),
(702, 1, '2020-05-18 13:35:55', '1 UPDATE DATA AT2020-05-18 13:35:55'),
(703, 1, '2020-05-18 13:35:55', '1 UPDATE DATA AT2020-05-18 13:35:55'),
(704, 1, '2020-05-18 13:36:14', '1 UPDATE DATA AT2020-05-18 13:36:14'),
(705, 1, '2020-05-18 13:36:16', '1 UPDATE DATA AT2020-05-18 13:36:16'),
(706, 1, '2020-05-18 13:36:49', '1 UPDATE DATA AT 2020-05-18 13:36:49'),
(707, 1, '2020-05-18 13:36:55', '1 UPDATE DATA AT 2020-05-18 13:36:55'),
(708, 1, '2020-05-18 20:15:55', '1 UPDATE DATA AT2020-05-18 20:15:55'),
(709, 1, '2020-05-18 20:16:01', '1 UPDATE DATA AT2020-05-18 20:16:01'),
(710, 1, '2020-05-18 20:22:36', '1 INSERT DATA AT2020-05-18 20:22:36'),
(711, 1, '2020-05-18 20:22:36', '1 INSERT DATA AT2020-05-18 20:22:36'),
(712, 1, '2020-05-18 20:22:36', '1 INSERT DATA AT2020-05-18 20:22:36'),
(713, 1, '2020-05-18 20:22:36', '1 INSERT DATA AT2020-05-18 20:22:36'),
(714, 1, '2020-05-18 20:22:36', '1 INSERT DATA AT2020-05-18 20:22:36'),
(715, 1, '2020-05-18 20:22:36', '1 INSERT DATA AT2020-05-18 20:22:36'),
(716, 1, '2020-05-18 20:22:36', '1 INSERT DATA AT2020-05-18 20:22:36'),
(717, 1, '2020-05-18 20:22:49', '1 INSERT DATA AT2020-05-18 20:22:49'),
(718, 1, '2020-05-18 20:22:49', '1 INSERT DATA AT2020-05-18 20:22:49'),
(719, 1, '2020-05-18 20:22:49', '1 INSERT DATA AT2020-05-18 20:22:49'),
(720, 1, '2020-05-18 20:22:49', '1 INSERT DATA AT2020-05-18 20:22:49'),
(721, 1, '2020-05-18 20:22:49', '1 INSERT DATA AT2020-05-18 20:22:49'),
(722, 1, '2020-05-18 20:22:49', '1 INSERT DATA AT2020-05-18 20:22:49'),
(723, 1, '2020-05-18 20:22:49', '1 INSERT DATA AT2020-05-18 20:22:49'),
(724, 1, '2020-05-18 20:23:18', '1 INSERT DATA AT2020-05-18 20:23:18'),
(725, 1, '2020-05-18 20:23:18', '1 INSERT DATA AT2020-05-18 20:23:18');
INSERT INTO `log_all` (`ID_LOG_ALL`, `ID_USER`, `LOG_DATE`, `LOG`) VALUES
(726, 1, '2020-05-18 20:23:18', '1 INSERT DATA AT2020-05-18 20:23:18'),
(727, 1, '2020-05-18 20:23:18', '1 INSERT DATA AT2020-05-18 20:23:18'),
(728, 1, '2020-05-18 20:23:18', '1 INSERT DATA AT2020-05-18 20:23:18'),
(729, 1, '2020-05-18 20:23:18', '1 INSERT DATA AT2020-05-18 20:23:18'),
(730, 1, '2020-05-18 20:23:18', '1 INSERT DATA AT2020-05-18 20:23:18'),
(731, 1, '2020-05-18 20:23:42', '1 UPDATE DATA AT 2020-05-18 20:23:42'),
(732, 1, '2020-05-18 13:35:55', '1 UPDATE DATA AT2020-05-18 13:35:55'),
(733, 1, '2020-05-18 13:35:55', '1 UPDATE DATA AT2020-05-18 13:35:55'),
(734, 1, '2020-05-18 13:35:55', '1 UPDATE DATA AT2020-05-18 13:35:55'),
(735, 1, '2020-05-18 13:35:55', '1 UPDATE DATA AT2020-05-18 13:35:55'),
(736, 1, '2020-05-18 20:22:36', '1 UPDATE DATA AT2020-05-18 20:22:36'),
(737, 1, '2020-05-18 20:22:49', '1 UPDATE DATA AT2020-05-18 20:22:49'),
(738, 1, '2020-05-18 20:23:18', '1 UPDATE DATA AT2020-05-18 20:23:18'),
(739, 1, '2020-05-18 13:35:55', '1 UPDATE DATA AT2020-05-18 13:35:55'),
(740, 1, '2020-05-18 13:35:55', '1 UPDATE DATA AT2020-05-18 13:35:55'),
(741, 1, '2020-05-18 13:35:55', '1 UPDATE DATA AT2020-05-18 13:35:55'),
(742, 1, '2020-05-18 20:22:36', '1 UPDATE DATA AT2020-05-18 20:22:36'),
(743, 1, '2020-05-18 20:22:49', '1 UPDATE DATA AT2020-05-18 20:22:49'),
(744, 1, '2020-05-18 20:23:18', '1 UPDATE DATA AT2020-05-18 20:23:18'),
(745, 1, '2020-05-18 20:28:34', '1 UPDATE DATA AT2020-05-18 20:28:34'),
(746, 1, '2020-05-19 23:49:15', '1 INSERT DATA AT2020-05-19 23:49:15'),
(747, 1, '2020-05-19 23:49:30', '1 INSERT DATA AT2020-05-19 23:49:30'),
(748, 1, '2020-05-19 23:56:04', '1 UPDATE DATA AT2020-05-19 23:56:04'),
(749, 1, '2020-05-20 00:01:06', '1 INSERT DATA AT 2020-05-20 00:01:06'),
(750, 1, '2020-05-20 00:01:54', '1 UPDATE DATA AT2020-05-20 00:01:54'),
(751, 1, '2020-05-19 23:56:04', '1 UPDATE DATA AT2020-05-19 23:56:04'),
(752, 1, '2020-05-20 00:01:54', '1 UPDATE DATA AT2020-05-20 00:01:54'),
(753, 1, '2020-05-20 00:03:03', '1 UPDATE DATA AT2020-05-20 00:03:03'),
(754, 1, '2020-05-20 00:22:55', '1 INSERT DATA AT2020-05-20 00:22:55'),
(755, 1, '2020-05-20 00:25:45', '1 INSERT DATA AT2020-05-20 00:25:45'),
(756, 1, '2020-05-20 00:26:40', '1 INSERT DATA AT2020-05-20 00:26:40'),
(757, 1, '2020-05-20 00:26:43', '1 UPDATE DATA AT2020-05-20 00:26:43'),
(758, 1, '2020-05-20 01:04:07', '1 INSERT DATA AT2020-05-20 01:04:07'),
(759, 1, '2020-05-20 12:18:10', '1 INSERT DATA AT2020-05-20 12:18:10'),
(760, 1, '2020-05-20 12:18:10', '1 INSERT DATA AT2020-05-20 12:18:10'),
(761, 1, '2020-05-20 12:18:10', '1 INSERT DATA AT2020-05-20 12:18:10'),
(762, 1, '2020-05-20 12:18:10', '1 INSERT DATA AT2020-05-20 12:18:10'),
(763, 1, '2020-05-20 12:18:10', '1 INSERT DATA AT2020-05-20 12:18:10'),
(764, 1, '2020-05-20 12:18:10', '1 INSERT DATA AT2020-05-20 12:18:10'),
(765, 1, '2020-05-20 12:18:10', '1 INSERT DATA AT2020-05-20 12:18:10'),
(766, 1, '2020-05-20 12:19:09', '1 INSERT DATA AT2020-05-20 12:19:09'),
(767, 1, '2020-05-20 12:19:09', '1 INSERT DATA AT2020-05-20 12:19:09'),
(768, 1, '2020-05-20 12:19:09', '1 INSERT DATA AT2020-05-20 12:19:09'),
(769, 1, '2020-05-20 12:19:09', '1 INSERT DATA AT2020-05-20 12:19:09'),
(770, 1, '2020-05-20 12:19:09', '1 INSERT DATA AT2020-05-20 12:19:09'),
(771, 1, '2020-05-20 12:19:09', '1 INSERT DATA AT2020-05-20 12:19:09'),
(772, 1, '2020-05-20 12:19:09', '1 INSERT DATA AT2020-05-20 12:19:09'),
(773, 1, '2020-05-20 12:19:24', '1 INSERT DATA AT2020-05-20 12:19:24'),
(774, 1, '2020-05-20 12:19:24', '1 INSERT DATA AT2020-05-20 12:19:24'),
(775, 1, '2020-05-20 12:19:24', '1 INSERT DATA AT2020-05-20 12:19:24'),
(776, 1, '2020-05-20 12:19:24', '1 INSERT DATA AT2020-05-20 12:19:24'),
(777, 1, '2020-05-20 12:19:24', '1 INSERT DATA AT2020-05-20 12:19:24'),
(778, 1, '2020-05-20 12:19:24', '1 INSERT DATA AT2020-05-20 12:19:24'),
(779, 1, '2020-05-20 12:19:24', '1 INSERT DATA AT2020-05-20 12:19:24'),
(780, 1, '2020-05-20 12:19:47', '1 INSERT DATA AT2020-05-20 12:19:47'),
(781, 1, '2020-05-20 12:19:47', '1 INSERT DATA AT2020-05-20 12:19:47'),
(782, 1, '2020-05-20 12:19:47', '1 INSERT DATA AT2020-05-20 12:19:47'),
(783, 1, '2020-05-20 12:19:47', '1 INSERT DATA AT2020-05-20 12:19:47'),
(784, 1, '2020-05-20 12:19:47', '1 INSERT DATA AT2020-05-20 12:19:47'),
(785, 1, '2020-05-20 12:19:47', '1 INSERT DATA AT2020-05-20 12:19:47'),
(786, 1, '2020-05-20 12:19:47', '1 INSERT DATA AT2020-05-20 12:19:47'),
(787, 1, '2020-05-20 12:20:08', '1 INSERT DATA AT2020-05-20 12:20:08'),
(788, 1, '2020-05-20 12:20:08', '1 INSERT DATA AT2020-05-20 12:20:08'),
(789, 1, '2020-05-20 12:20:08', '1 INSERT DATA AT2020-05-20 12:20:08'),
(790, 1, '2020-05-20 12:20:08', '1 INSERT DATA AT2020-05-20 12:20:08'),
(791, 1, '2020-05-20 12:20:08', '1 INSERT DATA AT2020-05-20 12:20:08'),
(792, 1, '2020-05-20 12:20:08', '1 INSERT DATA AT2020-05-20 12:20:08'),
(793, 1, '2020-05-20 12:20:08', '1 INSERT DATA AT2020-05-20 12:20:08'),
(794, 1, '2020-05-20 12:20:46', '1 INSERT DATA AT2020-05-20 12:20:46'),
(795, 1, '2020-05-20 12:20:46', '1 INSERT DATA AT2020-05-20 12:20:46'),
(796, 1, '2020-05-20 12:20:46', '1 INSERT DATA AT2020-05-20 12:20:46'),
(797, 1, '2020-05-20 12:20:46', '1 INSERT DATA AT2020-05-20 12:20:46'),
(798, 1, '2020-05-20 12:20:46', '1 INSERT DATA AT2020-05-20 12:20:46'),
(799, 1, '2020-05-20 12:20:46', '1 INSERT DATA AT2020-05-20 12:20:46'),
(800, 1, '2020-05-20 12:20:46', '1 INSERT DATA AT2020-05-20 12:20:46'),
(801, 1, '2020-05-20 12:21:04', '1 INSERT DATA AT2020-05-20 12:21:04'),
(802, 1, '2020-05-20 12:21:04', '1 INSERT DATA AT2020-05-20 12:21:04'),
(803, 1, '2020-05-20 12:21:04', '1 INSERT DATA AT2020-05-20 12:21:04'),
(804, 1, '2020-05-20 12:21:04', '1 INSERT DATA AT2020-05-20 12:21:04'),
(805, 1, '2020-05-20 12:21:04', '1 INSERT DATA AT2020-05-20 12:21:04'),
(806, 1, '2020-05-20 12:21:04', '1 INSERT DATA AT2020-05-20 12:21:04'),
(807, 1, '2020-05-20 12:21:04', '1 INSERT DATA AT2020-05-20 12:21:04'),
(808, 1, '2020-05-20 12:21:22', '1 UPDATE DATA AT2020-05-20 12:21:22'),
(809, 1, '2020-05-20 12:21:56', '1 INSERT DATA AT2020-05-20 12:21:56'),
(810, 1, '2020-05-20 12:21:56', '1 INSERT DATA AT2020-05-20 12:21:56'),
(811, 1, '2020-05-20 12:21:56', '1 INSERT DATA AT2020-05-20 12:21:56'),
(812, 1, '2020-05-20 12:21:56', '1 INSERT DATA AT2020-05-20 12:21:56'),
(813, 1, '2020-05-20 12:21:56', '1 INSERT DATA AT2020-05-20 12:21:56'),
(814, 1, '2020-05-20 12:21:56', '1 INSERT DATA AT2020-05-20 12:21:56'),
(815, 1, '2020-05-20 12:21:56', '1 INSERT DATA AT2020-05-20 12:21:56'),
(816, 1, '2020-05-20 12:22:04', '1 UPDATE DATA AT2020-05-20 12:22:04'),
(817, 1, '2020-05-20 12:22:44', '1 INSERT DATA AT2020-05-20 12:22:44'),
(818, 1, '2020-05-20 12:22:44', '1 INSERT DATA AT2020-05-20 12:22:44'),
(819, 1, '2020-05-20 12:22:44', '1 INSERT DATA AT2020-05-20 12:22:44'),
(820, 1, '2020-05-20 12:22:44', '1 INSERT DATA AT2020-05-20 12:22:44'),
(821, 1, '2020-05-20 12:22:44', '1 INSERT DATA AT2020-05-20 12:22:44'),
(822, 1, '2020-05-20 12:22:44', '1 INSERT DATA AT2020-05-20 12:22:44'),
(823, 1, '2020-05-20 12:22:44', '1 INSERT DATA AT2020-05-20 12:22:44'),
(824, 1, '2020-05-20 12:23:45', '1 INSERT DATA AT2020-05-20 12:23:45'),
(825, 1, '2020-05-20 12:23:45', '1 INSERT DATA AT2020-05-20 12:23:45'),
(826, 1, '2020-05-20 12:23:45', '1 INSERT DATA AT2020-05-20 12:23:45'),
(827, 1, '2020-05-20 12:23:45', '1 INSERT DATA AT2020-05-20 12:23:45'),
(828, 1, '2020-05-20 12:23:45', '1 INSERT DATA AT2020-05-20 12:23:45'),
(829, 1, '2020-05-20 12:23:45', '1 INSERT DATA AT2020-05-20 12:23:45'),
(830, 1, '2020-05-20 12:23:45', '1 INSERT DATA AT2020-05-20 12:23:45'),
(831, 1, '2020-05-20 12:24:20', '1 UPDATE DATA AT2020-05-20 12:24:20'),
(832, 1, '2020-05-20 12:31:47', '1 UPDATE DATA AT 2020-05-20 12:31:47'),
(833, 1, '2020-05-18 13:35:55', '1 UPDATE DATA AT2020-05-18 13:35:55'),
(834, 1, '2020-05-18 13:35:55', '1 UPDATE DATA AT2020-05-18 13:35:55'),
(835, 1, '2020-05-18 13:35:55', '1 UPDATE DATA AT2020-05-18 13:35:55'),
(836, 1, '2020-05-18 13:35:55', '1 UPDATE DATA AT2020-05-18 13:35:55'),
(837, 1, '2020-05-18 20:22:36', '1 UPDATE DATA AT2020-05-18 20:22:36'),
(838, 1, '2020-05-18 20:22:49', '1 UPDATE DATA AT2020-05-18 20:22:49'),
(839, 1, '2020-05-18 20:23:18', '1 UPDATE DATA AT2020-05-18 20:23:18'),
(840, 1, '2020-05-20 12:18:10', '1 UPDATE DATA AT2020-05-20 12:18:10'),
(841, 1, '2020-05-20 12:19:09', '1 UPDATE DATA AT2020-05-20 12:19:09'),
(842, 1, '2020-05-20 12:19:24', '1 UPDATE DATA AT2020-05-20 12:19:24'),
(843, 1, '2020-05-20 12:19:47', '1 UPDATE DATA AT2020-05-20 12:19:47'),
(844, 1, '2020-05-20 12:20:08', '1 UPDATE DATA AT2020-05-20 12:20:08'),
(845, 1, '2020-05-20 12:20:46', '1 UPDATE DATA AT2020-05-20 12:20:46'),
(846, 1, '2020-05-20 12:21:04', '1 UPDATE DATA AT2020-05-20 12:21:04'),
(847, 1, '2020-05-20 12:21:56', '1 UPDATE DATA AT2020-05-20 12:21:56'),
(848, 1, '2020-05-20 12:22:44', '1 UPDATE DATA AT2020-05-20 12:22:44'),
(849, 1, '2020-05-20 12:23:45', '1 UPDATE DATA AT2020-05-20 12:23:45'),
(850, 1, '2020-05-18 13:35:55', '1 UPDATE DATA AT2020-05-18 13:35:55'),
(851, 1, '2020-05-18 13:35:55', '1 UPDATE DATA AT2020-05-18 13:35:55'),
(852, 1, '2020-05-18 13:35:55', '1 UPDATE DATA AT2020-05-18 13:35:55'),
(853, 1, '2020-05-18 13:35:55', '1 UPDATE DATA AT2020-05-18 13:35:55'),
(854, 1, '2020-05-18 20:22:36', '1 UPDATE DATA AT2020-05-18 20:22:36'),
(855, 1, '2020-05-18 20:22:49', '1 UPDATE DATA AT2020-05-18 20:22:49'),
(856, 1, '2020-05-18 20:23:18', '1 UPDATE DATA AT2020-05-18 20:23:18'),
(857, 1, '2020-05-20 12:18:10', '1 UPDATE DATA AT2020-05-20 12:18:10'),
(858, 1, '2020-05-20 12:19:09', '1 UPDATE DATA AT2020-05-20 12:19:09'),
(859, 1, '2020-05-20 12:19:24', '1 UPDATE DATA AT2020-05-20 12:19:24'),
(860, 1, '2020-05-20 12:19:47', '1 UPDATE DATA AT2020-05-20 12:19:47'),
(861, 1, '2020-05-20 12:20:08', '1 UPDATE DATA AT2020-05-20 12:20:08'),
(862, 1, '2020-05-20 12:20:46', '1 UPDATE DATA AT2020-05-20 12:20:46'),
(863, 1, '2020-05-20 12:21:04', '1 UPDATE DATA AT2020-05-20 12:21:04'),
(864, 1, '2020-05-20 12:21:56', '1 UPDATE DATA AT2020-05-20 12:21:56'),
(865, 1, '2020-05-20 12:22:44', '1 UPDATE DATA AT2020-05-20 12:22:44'),
(866, 1, '2020-05-20 12:23:45', '1 UPDATE DATA AT2020-05-20 12:23:45'),
(867, 1, '2020-05-20 13:51:19', '1 UPDATE DATA AT 2020-05-20 13:51:19'),
(868, 1, '2020-05-20 13:51:49', '1 INSERT DATA AT 2020-05-20 13:51:49'),
(869, 1, '2020-05-20 13:53:29', '1 UPDATE DATA AT 2020-05-20 13:53:29'),
(870, 1, '2020-05-20 20:33:04', '1 UPDATE DATA AT2020-05-20 20:33:04'),
(871, 1, '2020-05-20 20:34:38', '1 INSERT DATA AT2020-05-20 20:34:38'),
(872, 1, '2020-05-21 10:44:21', '1 UPDATE DATA AT2020-05-21 10:44:21'),
(873, 1, '2020-05-21 10:44:22', '1 UPDATE DATA AT2020-05-21 10:44:22'),
(874, 1, '2020-05-21 10:44:24', '1 UPDATE DATA AT2020-05-21 10:44:24'),
(875, 1, '2020-05-21 10:44:24', '1 UPDATE DATA AT2020-05-21 10:44:24'),
(876, 1, '2020-05-21 10:44:24', '1 UPDATE DATA AT2020-05-21 10:44:24'),
(877, 1, '2020-05-21 10:44:24', '1 UPDATE DATA AT2020-05-21 10:44:24'),
(878, 1, '2020-05-21 11:49:54', '1 INSERT DATA AT2020-05-21 11:49:54'),
(879, 1, '2020-05-21 13:17:28', '1 INSERT DATA AT2020-05-21 13:17:28'),
(880, 1, '2020-05-21 18:20:32', '1 INSERT DATA AT2020-05-21 18:20:32'),
(881, 1, '2020-05-21 18:20:46', '1 INSERT DATA AT2020-05-21 18:20:46'),
(882, 1, '2020-05-21 18:22:47', '1 INSERT DATA AT2020-05-21 18:22:47'),
(883, 1, '2020-05-21 18:24:02', '1 INSERT DATA AT2020-05-21 18:24:02'),
(884, 1, '2020-05-21 18:24:17', '1 UPDATE DATA AT2020-05-21 18:24:17'),
(885, 1, '2020-05-21 18:24:19', '1 UPDATE DATA AT2020-05-21 18:24:19'),
(886, 1, '2020-05-21 18:24:21', '1 UPDATE DATA AT2020-05-21 18:24:21'),
(887, 1, '2020-05-21 22:52:49', '1 INSERT DATA AT2020-05-21 22:52:49'),
(888, 1, '2020-05-21 22:52:49', '1 INSERT DATA AT2020-05-21 22:52:49'),
(889, 1, '0000-00-00 00:00:00', '1 INSERT DATA AT0000-00-00 00:00:00'),
(890, 1, '2020-05-21 22:55:44', '1 INSERT DATA AT2020-05-21 22:55:44'),
(891, 1, '2020-05-21 22:56:07', '1 INSERT DATA AT2020-05-21 22:56:07'),
(892, 1, '2020-05-21 22:58:37', '1 INSERT DATA AT2020-05-21 22:58:37'),
(893, 1, '2020-05-21 23:23:19', '1 UPDATE DATA AT2020-05-21 23:23:19'),
(894, 1, '2020-05-21 23:29:07', '1 INSERT DATA AT2020-05-21 23:29:07'),
(895, 1, '2020-05-21 23:29:49', '1 INSERT DATA AT2020-05-21 23:29:49'),
(896, 1, '2020-05-21 23:31:10', '1 INSERT DATA AT2020-05-21 23:31:10'),
(897, 1, '2020-05-21 23:41:10', '1 INSERT DATA AT2020-05-21 23:41:10'),
(898, 1, '2020-05-21 23:41:10', '1 INSERT DATA AT2020-05-21 23:41:10'),
(899, 1, '2020-05-21 23:41:10', '1 INSERT DATA AT2020-05-21 23:41:10'),
(900, 1, '2020-05-22 09:50:12', '1 INSERT DATA AT2020-05-22 09:50:12'),
(901, 1, '2020-05-22 09:50:12', '1 UPDATE DATA AT2020-05-22 09:50:12'),
(902, 1, '2020-05-22 09:51:32', '1 INSERT DATA AT2020-05-22 09:51:32'),
(903, 1, '2020-05-22 09:51:32', '1 UPDATE DATA AT2020-05-22 09:51:32'),
(904, 1, '2020-05-22 09:51:53', '1 INSERT DATA AT2020-05-22 09:51:53'),
(905, 1, '2020-05-22 09:51:53', '1 UPDATE DATA AT2020-05-22 09:51:53'),
(906, 1, '2020-05-22 09:52:09', '1 INSERT DATA AT2020-05-22 09:52:09'),
(907, 1, '2020-05-22 09:52:09', '1 UPDATE DATA AT2020-05-22 09:52:09'),
(908, 1, '2020-05-22 09:52:25', '1 INSERT DATA AT2020-05-22 09:52:25'),
(909, 1, '2020-05-22 09:52:25', '1 UPDATE DATA AT2020-05-22 09:52:25'),
(910, 1, '2020-05-22 09:53:20', '1 INSERT DATA AT2020-05-22 09:53:20'),
(911, 1, '2020-05-22 09:53:20', '1 UPDATE DATA AT2020-05-22 09:53:20'),
(912, 1, '2020-05-22 09:54:28', '1 INSERT DATA AT2020-05-22 09:54:28'),
(913, 1, '2020-05-22 09:54:28', '1 UPDATE DATA AT2020-05-22 09:54:28'),
(914, 1, '2020-05-22 09:55:02', '1 INSERT DATA AT2020-05-22 09:55:02'),
(915, 1, '2020-05-22 09:55:02', '1 UPDATE DATA AT2020-05-22 09:55:02'),
(916, 1, '2020-05-22 09:55:37', '1 INSERT DATA AT2020-05-22 09:55:37'),
(917, 1, '2020-05-22 09:55:37', '1 UPDATE DATA AT2020-05-22 09:55:37'),
(918, 1, '2020-05-22 09:56:10', '1 INSERT DATA AT2020-05-22 09:56:10'),
(919, 1, '2020-05-22 09:56:11', '1 INSERT DATA AT2020-05-22 09:56:11'),
(920, 1, '2020-05-22 09:56:12', '1 INSERT DATA AT2020-05-22 09:56:12'),
(921, 1, '2020-05-22 09:56:16', '1 INSERT DATA AT2020-05-22 09:56:16'),
(922, 1, '2020-05-22 09:56:22', '1 INSERT DATA AT2020-05-22 09:56:22'),
(923, 1, '2020-05-22 09:56:22', '1 UPDATE DATA AT2020-05-22 09:56:22'),
(924, 1, '2020-05-22 09:57:53', '1 INSERT DATA AT2020-05-22 09:57:53'),
(925, 1, '2020-05-22 09:57:53', '1 UPDATE DATA AT2020-05-22 09:57:53'),
(926, 1, '2020-05-22 09:58:57', '1 UPDATE DATA AT2020-05-22 09:58:57'),
(927, 1, '2020-05-22 10:14:56', '1 INSERT DATA AT 2020-05-22 10:14:56'),
(928, 1, '2020-05-22 10:15:07', '1 INSERT DATA AT 2020-05-22 10:15:07'),
(929, 1, '2020-05-22 10:15:14', '1 INSERT DATA AT 2020-05-22 10:15:14'),
(930, 1, '2020-05-22 10:15:22', '1 UPDATE DATA AT 2020-05-22 10:15:22'),
(931, 1, '2020-05-22 10:15:29', '1 UPDATE DATA AT 2020-05-22 10:15:29'),
(932, 1, '2020-05-22 10:48:43', '1 INSERT DATA AT2020-05-22 10:48:43'),
(933, 1, '2020-05-22 10:48:43', '1 INSERT DATA AT2020-05-22 10:48:43'),
(934, 1, '2020-05-22 10:48:43', '1 INSERT DATA AT2020-05-22 10:48:43'),
(935, 1, '2020-05-22 10:48:43', '1 INSERT DATA AT2020-05-22 10:48:43'),
(936, 1, '2020-05-22 10:48:43', '1 INSERT DATA AT2020-05-22 10:48:43'),
(937, 1, '2020-05-22 10:48:43', '1 INSERT DATA AT2020-05-22 10:48:43'),
(938, 1, '2020-05-22 10:48:43', '1 INSERT DATA AT2020-05-22 10:48:43'),
(939, 1, '2020-05-22 10:48:57', '1 INSERT DATA AT2020-05-22 10:48:57'),
(940, 1, '2020-05-22 10:48:57', '1 INSERT DATA AT2020-05-22 10:48:57'),
(941, 1, '2020-05-22 10:48:57', '1 INSERT DATA AT2020-05-22 10:48:57'),
(942, 1, '2020-05-22 10:48:57', '1 INSERT DATA AT2020-05-22 10:48:57'),
(943, 1, '2020-05-22 10:48:57', '1 INSERT DATA AT2020-05-22 10:48:57'),
(944, 1, '2020-05-22 10:48:57', '1 INSERT DATA AT2020-05-22 10:48:57'),
(945, 1, '2020-05-22 10:48:57', '1 INSERT DATA AT2020-05-22 10:48:57'),
(946, 1, '2020-05-22 10:49:10', '1 UPDATE DATA AT2020-05-22 10:49:10'),
(947, 1, '2020-05-22 10:49:45', '1 UPDATE DATA AT2020-05-22 10:49:45'),
(948, 1, '2020-05-22 10:50:01', '1 UPDATE DATA AT 2020-05-22 10:50:01'),
(949, 1, '2020-05-18 13:35:55', '1 UPDATE DATA AT2020-05-18 13:35:55'),
(950, 1, '2020-05-18 13:35:55', '1 UPDATE DATA AT2020-05-18 13:35:55'),
(951, 1, '2020-05-18 13:35:55', '1 UPDATE DATA AT2020-05-18 13:35:55'),
(952, 1, '2020-05-18 13:35:55', '1 UPDATE DATA AT2020-05-18 13:35:55'),
(953, 1, '2020-05-18 20:22:36', '1 UPDATE DATA AT2020-05-18 20:22:36'),
(954, 1, '2020-05-18 20:22:49', '1 UPDATE DATA AT2020-05-18 20:22:49'),
(955, 1, '2020-05-18 20:23:18', '1 UPDATE DATA AT2020-05-18 20:23:18'),
(956, 1, '2020-05-20 12:18:10', '1 UPDATE DATA AT2020-05-20 12:18:10'),
(957, 1, '2020-05-20 12:19:09', '1 UPDATE DATA AT2020-05-20 12:19:09'),
(958, 1, '2020-05-20 12:19:24', '1 UPDATE DATA AT2020-05-20 12:19:24'),
(959, 1, '2020-05-20 12:19:47', '1 UPDATE DATA AT2020-05-20 12:19:47'),
(960, 1, '2020-05-20 12:20:08', '1 UPDATE DATA AT2020-05-20 12:20:08'),
(961, 1, '2020-05-20 12:20:46', '1 UPDATE DATA AT2020-05-20 12:20:46'),
(962, 1, '2020-05-20 12:21:04', '1 UPDATE DATA AT2020-05-20 12:21:04'),
(963, 1, '2020-05-20 12:21:56', '1 UPDATE DATA AT2020-05-20 12:21:56'),
(964, 1, '2020-05-20 12:22:44', '1 UPDATE DATA AT2020-05-20 12:22:44'),
(965, 1, '2020-05-20 12:23:45', '1 UPDATE DATA AT2020-05-20 12:23:45'),
(966, 1, '2020-05-22 10:48:43', '1 UPDATE DATA AT2020-05-22 10:48:43'),
(967, 1, '2020-05-22 10:48:57', '1 UPDATE DATA AT2020-05-22 10:48:57'),
(968, 1, '2020-05-18 13:35:55', '1 UPDATE DATA AT2020-05-18 13:35:55'),
(969, 1, '2020-05-18 13:35:55', '1 UPDATE DATA AT2020-05-18 13:35:55'),
(970, 1, '2020-05-18 13:35:55', '1 UPDATE DATA AT2020-05-18 13:35:55'),
(971, 1, '2020-05-18 13:35:55', '1 UPDATE DATA AT2020-05-18 13:35:55'),
(972, 1, '2020-05-18 20:22:36', '1 UPDATE DATA AT2020-05-18 20:22:36'),
(973, 1, '2020-05-18 20:22:49', '1 UPDATE DATA AT2020-05-18 20:22:49'),
(974, 1, '2020-05-18 20:23:18', '1 UPDATE DATA AT2020-05-18 20:23:18'),
(975, 1, '2020-05-20 12:18:10', '1 UPDATE DATA AT2020-05-20 12:18:10'),
(976, 1, '2020-05-20 12:19:09', '1 UPDATE DATA AT2020-05-20 12:19:09'),
(977, 1, '2020-05-20 12:19:24', '1 UPDATE DATA AT2020-05-20 12:19:24'),
(978, 1, '2020-05-20 12:19:47', '1 UPDATE DATA AT2020-05-20 12:19:47'),
(979, 1, '2020-05-20 12:20:08', '1 UPDATE DATA AT2020-05-20 12:20:08'),
(980, 1, '2020-05-20 12:20:46', '1 UPDATE DATA AT2020-05-20 12:20:46'),
(981, 1, '2020-05-20 12:21:04', '1 UPDATE DATA AT2020-05-20 12:21:04'),
(982, 1, '2020-05-20 12:21:56', '1 UPDATE DATA AT2020-05-20 12:21:56'),
(983, 1, '2020-05-20 12:22:44', '1 UPDATE DATA AT2020-05-20 12:22:44'),
(984, 1, '2020-05-20 12:23:45', '1 UPDATE DATA AT2020-05-20 12:23:45'),
(985, 1, '2020-05-22 10:48:43', '1 UPDATE DATA AT2020-05-22 10:48:43'),
(986, 1, '2020-05-22 10:48:57', '1 UPDATE DATA AT2020-05-22 10:48:57'),
(987, 1, '2020-05-22 10:50:19', '1 INSERT DATA AT2020-05-22 10:50:19'),
(988, 1, '2020-05-22 10:50:31', '1 UPDATE DATA AT2020-05-22 10:50:31'),
(989, 1, '2020-05-22 11:18:27', '1 INSERT DATA AT 2020-05-22 11:18:27'),
(990, 1, '2020-05-22 11:18:27', '1 INSERT DATA AT 2020-05-22 11:18:27'),
(991, 1, '2020-05-22 11:19:24', '1 INSERT DATA AT 2020-05-22 11:19:24'),
(992, 1, '2020-05-22 11:21:42', '1 INSERT DATA AT 2020-05-22 11:21:42'),
(993, 1, '2020-05-22 11:21:42', '1 INSERT DATA AT 2020-05-22 11:21:42'),
(994, 1, '2020-05-22 11:23:13', '1 INSERT DATA AT 2020-05-22 11:23:13'),
(995, 1, '2020-05-22 11:24:41', '1 INSERT DATA AT 2020-05-22 11:24:41'),
(996, 1, '2020-05-22 11:25:01', '1 INSERT DATA AT 2020-05-22 11:25:01'),
(997, 1, '2020-05-22 11:25:01', '1 INSERT DATA AT 2020-05-22 11:25:01'),
(998, 1, '2020-05-22 11:26:25', '1 INSERT DATA AT 2020-05-22 11:26:25'),
(999, 1, '2020-05-22 11:26:59', '1 INSERT DATA AT 2020-05-22 11:26:59'),
(1000, 1, '2020-05-22 11:27:50', '1 UPDATE DATA AT 2020-05-22 11:27:50'),
(1001, 1, '2020-05-22 11:38:08', '1 INSERT DATA AT 2020-05-22 11:38:08'),
(1002, 1, '2020-05-22 11:38:08', '1 INSERT DATA AT 2020-05-22 11:38:08'),
(1003, 1, '2020-05-22 11:41:33', '1 INSERT DATA AT 2020-05-22 11:41:33'),
(1004, 1, '2020-05-22 11:41:41', '1 INSERT DATA AT 2020-05-22 11:41:41'),
(1005, 1, '2020-05-22 13:32:43', '1 INSERT DATA AT2020-05-22 13:32:43'),
(1006, 1, '2020-05-22 13:32:43', '1 INSERT DATA AT2020-05-22 13:32:43'),
(1007, 1, '2020-05-22 13:32:43', '1 INSERT DATA AT2020-05-22 13:32:43'),
(1008, 1, '2020-05-22 13:32:43', '1 INSERT DATA AT2020-05-22 13:32:43'),
(1009, 1, '2020-05-22 13:32:43', '1 INSERT DATA AT2020-05-22 13:32:43'),
(1010, 1, '2020-05-22 13:32:43', '1 INSERT DATA AT2020-05-22 13:32:43'),
(1011, 1, '2020-05-22 13:32:43', '1 INSERT DATA AT2020-05-22 13:32:43'),
(1012, 1, '2020-05-22 13:32:52', '1 UPDATE DATA AT 2020-05-22 13:32:52'),
(1013, 1, '2020-05-18 13:35:55', '1 UPDATE DATA AT2020-05-18 13:35:55'),
(1014, 1, '2020-05-18 13:35:55', '1 UPDATE DATA AT2020-05-18 13:35:55'),
(1015, 1, '2020-05-18 13:35:55', '1 UPDATE DATA AT2020-05-18 13:35:55'),
(1016, 1, '2020-05-18 13:35:55', '1 UPDATE DATA AT2020-05-18 13:35:55'),
(1017, 1, '2020-05-18 20:22:36', '1 UPDATE DATA AT2020-05-18 20:22:36'),
(1018, 1, '2020-05-18 20:22:49', '1 UPDATE DATA AT2020-05-18 20:22:49'),
(1019, 1, '2020-05-18 20:23:18', '1 UPDATE DATA AT2020-05-18 20:23:18'),
(1020, 1, '2020-05-20 12:18:10', '1 UPDATE DATA AT2020-05-20 12:18:10'),
(1021, 1, '2020-05-20 12:19:09', '1 UPDATE DATA AT2020-05-20 12:19:09'),
(1022, 1, '2020-05-20 12:19:24', '1 UPDATE DATA AT2020-05-20 12:19:24'),
(1023, 1, '2020-05-20 12:19:47', '1 UPDATE DATA AT2020-05-20 12:19:47'),
(1024, 1, '2020-05-20 12:20:08', '1 UPDATE DATA AT2020-05-20 12:20:08'),
(1025, 1, '2020-05-20 12:20:46', '1 UPDATE DATA AT2020-05-20 12:20:46'),
(1026, 1, '2020-05-20 12:21:04', '1 UPDATE DATA AT2020-05-20 12:21:04'),
(1027, 1, '2020-05-20 12:21:56', '1 UPDATE DATA AT2020-05-20 12:21:56'),
(1028, 1, '2020-05-20 12:22:44', '1 UPDATE DATA AT2020-05-20 12:22:44'),
(1029, 1, '2020-05-20 12:23:45', '1 UPDATE DATA AT2020-05-20 12:23:45'),
(1030, 1, '2020-05-22 10:48:43', '1 UPDATE DATA AT2020-05-22 10:48:43'),
(1031, 1, '2020-05-22 10:48:57', '1 UPDATE DATA AT2020-05-22 10:48:57'),
(1032, 1, '2020-05-22 13:32:43', '1 UPDATE DATA AT2020-05-22 13:32:43'),
(1033, 1, '2020-05-18 13:35:55', '1 UPDATE DATA AT2020-05-18 13:35:55'),
(1034, 1, '2020-05-18 13:35:55', '1 UPDATE DATA AT2020-05-18 13:35:55'),
(1035, 1, '2020-05-18 13:35:55', '1 UPDATE DATA AT2020-05-18 13:35:55'),
(1036, 1, '2020-05-18 13:35:55', '1 UPDATE DATA AT2020-05-18 13:35:55'),
(1037, 1, '2020-05-18 20:22:36', '1 UPDATE DATA AT2020-05-18 20:22:36'),
(1038, 1, '2020-05-18 20:22:49', '1 UPDATE DATA AT2020-05-18 20:22:49'),
(1039, 1, '2020-05-18 20:23:18', '1 UPDATE DATA AT2020-05-18 20:23:18'),
(1040, 1, '2020-05-20 12:18:10', '1 UPDATE DATA AT2020-05-20 12:18:10'),
(1041, 1, '2020-05-20 12:19:09', '1 UPDATE DATA AT2020-05-20 12:19:09'),
(1042, 1, '2020-05-20 12:19:24', '1 UPDATE DATA AT2020-05-20 12:19:24'),
(1043, 1, '2020-05-20 12:19:47', '1 UPDATE DATA AT2020-05-20 12:19:47'),
(1044, 1, '2020-05-20 12:20:08', '1 UPDATE DATA AT2020-05-20 12:20:08'),
(1045, 1, '2020-05-20 12:20:46', '1 UPDATE DATA AT2020-05-20 12:20:46'),
(1046, 1, '2020-05-20 12:21:04', '1 UPDATE DATA AT2020-05-20 12:21:04'),
(1047, 1, '2020-05-20 12:21:56', '1 UPDATE DATA AT2020-05-20 12:21:56'),
(1048, 1, '2020-05-20 12:22:44', '1 UPDATE DATA AT2020-05-20 12:22:44'),
(1049, 1, '2020-05-20 12:23:45', '1 UPDATE DATA AT2020-05-20 12:23:45'),
(1050, 1, '2020-05-22 10:48:43', '1 UPDATE DATA AT2020-05-22 10:48:43'),
(1051, 1, '2020-05-22 10:48:57', '1 UPDATE DATA AT2020-05-22 10:48:57'),
(1052, 1, '2020-05-22 13:32:43', '1 UPDATE DATA AT2020-05-22 13:32:43'),
(1053, 1, '2020-05-22 13:33:00', '1 UPDATE DATA AT 2020-05-22 13:33:00'),
(1054, 1, '2020-05-18 13:35:55', '1 UPDATE DATA AT2020-05-18 13:35:55'),
(1055, 1, '2020-05-18 13:35:55', '1 UPDATE DATA AT2020-05-18 13:35:55'),
(1056, 1, '2020-05-18 13:35:55', '1 UPDATE DATA AT2020-05-18 13:35:55'),
(1057, 1, '2020-05-18 13:35:55', '1 UPDATE DATA AT2020-05-18 13:35:55'),
(1058, 1, '2020-05-18 20:22:36', '1 UPDATE DATA AT2020-05-18 20:22:36'),
(1059, 1, '2020-05-18 20:22:49', '1 UPDATE DATA AT2020-05-18 20:22:49'),
(1060, 1, '2020-05-18 20:23:18', '1 UPDATE DATA AT2020-05-18 20:23:18'),
(1061, 1, '2020-05-20 12:18:10', '1 UPDATE DATA AT2020-05-20 12:18:10'),
(1062, 1, '2020-05-20 12:19:09', '1 UPDATE DATA AT2020-05-20 12:19:09'),
(1063, 1, '2020-05-20 12:19:24', '1 UPDATE DATA AT2020-05-20 12:19:24'),
(1064, 1, '2020-05-20 12:19:47', '1 UPDATE DATA AT2020-05-20 12:19:47'),
(1065, 1, '2020-05-20 12:20:08', '1 UPDATE DATA AT2020-05-20 12:20:08'),
(1066, 1, '2020-05-20 12:20:46', '1 UPDATE DATA AT2020-05-20 12:20:46'),
(1067, 1, '2020-05-20 12:21:04', '1 UPDATE DATA AT2020-05-20 12:21:04'),
(1068, 1, '2020-05-20 12:21:56', '1 UPDATE DATA AT2020-05-20 12:21:56'),
(1069, 1, '2020-05-20 12:22:44', '1 UPDATE DATA AT2020-05-20 12:22:44'),
(1070, 1, '2020-05-20 12:23:45', '1 UPDATE DATA AT2020-05-20 12:23:45'),
(1071, 1, '2020-05-22 10:48:43', '1 UPDATE DATA AT2020-05-22 10:48:43'),
(1072, 1, '2020-05-22 10:48:57', '1 UPDATE DATA AT2020-05-22 10:48:57'),
(1073, 1, '2020-05-22 13:32:43', '1 UPDATE DATA AT2020-05-22 13:32:43'),
(1074, 1, '2020-05-18 13:35:55', '1 UPDATE DATA AT2020-05-18 13:35:55'),
(1075, 1, '2020-05-18 13:35:55', '1 UPDATE DATA AT2020-05-18 13:35:55'),
(1076, 1, '2020-05-18 13:35:55', '1 UPDATE DATA AT2020-05-18 13:35:55'),
(1077, 1, '2020-05-18 13:35:55', '1 UPDATE DATA AT2020-05-18 13:35:55'),
(1078, 1, '2020-05-18 20:22:36', '1 UPDATE DATA AT2020-05-18 20:22:36'),
(1079, 1, '2020-05-18 20:22:49', '1 UPDATE DATA AT2020-05-18 20:22:49'),
(1080, 1, '2020-05-18 20:23:18', '1 UPDATE DATA AT2020-05-18 20:23:18'),
(1081, 1, '2020-05-20 12:18:10', '1 UPDATE DATA AT2020-05-20 12:18:10'),
(1082, 1, '2020-05-20 12:19:09', '1 UPDATE DATA AT2020-05-20 12:19:09'),
(1083, 1, '2020-05-20 12:19:24', '1 UPDATE DATA AT2020-05-20 12:19:24'),
(1084, 1, '2020-05-20 12:19:47', '1 UPDATE DATA AT2020-05-20 12:19:47'),
(1085, 1, '2020-05-20 12:20:08', '1 UPDATE DATA AT2020-05-20 12:20:08'),
(1086, 1, '2020-05-20 12:20:46', '1 UPDATE DATA AT2020-05-20 12:20:46'),
(1087, 1, '2020-05-20 12:21:04', '1 UPDATE DATA AT2020-05-20 12:21:04'),
(1088, 1, '2020-05-20 12:21:56', '1 UPDATE DATA AT2020-05-20 12:21:56'),
(1089, 1, '2020-05-20 12:22:44', '1 UPDATE DATA AT2020-05-20 12:22:44'),
(1090, 1, '2020-05-20 12:23:45', '1 UPDATE DATA AT2020-05-20 12:23:45'),
(1091, 1, '2020-05-22 10:48:43', '1 UPDATE DATA AT2020-05-22 10:48:43'),
(1092, 1, '2020-05-22 10:48:57', '1 UPDATE DATA AT2020-05-22 10:48:57'),
(1093, 1, '2020-05-22 13:32:43', '1 UPDATE DATA AT2020-05-22 13:32:43'),
(1094, 1, '2020-05-22 14:29:21', '1 INSERT DATA AT2020-05-22 14:29:21'),
(1095, 1, '2020-05-22 14:32:54', '1 UPDATE DATA AT2020-05-22 14:32:54'),
(1096, 1, '2020-05-22 14:32:59', '1 UPDATE DATA AT2020-05-22 14:32:59'),
(1097, 1, '2020-05-22 14:33:07', '1 INSERT DATA AT2020-05-22 14:33:07'),
(1098, 1, '2020-05-22 14:33:14', '1 INSERT DATA AT2020-05-22 14:33:14'),
(1099, 1, '2020-05-22 15:39:20', '1 UPDATE DATA AT2020-05-22 15:39:20'),
(1100, 1, '2020-05-23 10:35:57', '1 INSERT DATA AT2020-05-23 10:35:57'),
(1101, 1, '2020-05-23 11:48:30', '1 INSERT DATA AT2020-05-23 11:48:30'),
(1102, 1, '2020-05-23 11:49:10', '1 INSERT DATA AT2020-05-23 11:49:10'),
(1103, 1, '2020-05-23 11:49:32', '1 INSERT DATA AT2020-05-23 11:49:32'),
(1104, 1, '2020-05-23 11:49:54', '1 INSERT DATA AT2020-05-23 11:49:54'),
(1105, 1, '2020-05-23 11:52:14', '1 INSERT DATA AT2020-05-23 11:52:14'),
(1106, 1, '2020-05-23 11:53:26', '1 INSERT DATA AT2020-05-23 11:53:26'),
(1107, 1, '2020-05-23 11:53:51', '1 INSERT DATA AT2020-05-23 11:53:51'),
(1108, 1, '2020-05-23 11:54:26', '1 INSERT DATA AT2020-05-23 11:54:26'),
(1109, 1, '2020-05-23 11:54:33', '1 INSERT DATA AT2020-05-23 11:54:33'),
(1110, 1, '2020-05-23 11:54:39', '1 INSERT DATA AT2020-05-23 11:54:39'),
(1111, 1, '2020-05-23 11:56:30', '1 INSERT DATA AT2020-05-23 11:56:30'),
(1112, 1, '2020-05-23 11:56:30', '1 INSERT DATA AT2020-05-23 11:56:30'),
(1113, 1, '2020-05-23 11:56:30', '1 INSERT DATA AT2020-05-23 11:56:30'),
(1114, 1, '2020-05-23 11:56:30', '1 INSERT DATA AT2020-05-23 11:56:30'),
(1115, 1, '2020-05-23 11:57:42', '1 INSERT DATA AT2020-05-23 11:57:42'),
(1116, 1, '2020-05-23 11:57:42', '1 INSERT DATA AT2020-05-23 11:57:42'),
(1117, 1, '2020-05-23 11:57:42', '1 INSERT DATA AT2020-05-23 11:57:42'),
(1118, 1, '2020-05-23 11:57:42', '1 INSERT DATA AT2020-05-23 11:57:42'),
(1119, 1, '2020-05-23 11:58:35', '1 INSERT DATA AT2020-05-23 11:58:35'),
(1120, 1, '2020-05-23 11:58:35', '1 INSERT DATA AT2020-05-23 11:58:35'),
(1121, 1, '2020-05-23 11:58:35', '1 INSERT DATA AT2020-05-23 11:58:35'),
(1122, 1, '2020-05-23 11:58:35', '1 INSERT DATA AT2020-05-23 11:58:35'),
(1123, 1, '2020-05-23 12:00:50', '1 INSERT DATA AT2020-05-23 12:00:50'),
(1124, 1, '2020-05-23 12:00:50', '1 INSERT DATA AT2020-05-23 12:00:50'),
(1125, 1, '2020-05-23 12:00:50', '1 INSERT DATA AT2020-05-23 12:00:50'),
(1126, 1, '2020-05-23 12:00:50', '1 INSERT DATA AT2020-05-23 12:00:50'),
(1127, 1, '2020-05-23 12:01:03', '1 INSERT DATA AT2020-05-23 12:01:03'),
(1128, 1, '2020-05-23 12:01:03', '1 INSERT DATA AT2020-05-23 12:01:03'),
(1129, 1, '2020-05-23 12:01:03', '1 INSERT DATA AT2020-05-23 12:01:03'),
(1130, 1, '2020-05-23 12:01:03', '1 INSERT DATA AT2020-05-23 12:01:03'),
(1131, 1, '2020-05-23 17:07:54', '1 UPDATE DATA AT2020-05-23 17:07:54'),
(1132, 1, '2020-05-23 17:08:44', '1 UPDATE DATA AT2020-05-23 17:08:44'),
(1133, 1, '2020-05-23 17:09:03', '1 UPDATE DATA AT2020-05-23 17:09:03'),
(1134, 1, '2020-05-23 17:09:37', '1 UPDATE DATA AT2020-05-23 17:09:37'),
(1135, 1, '2020-05-23 17:10:13', '1 UPDATE DATA AT2020-05-23 17:10:13'),
(1136, 1, '2020-05-23 17:11:42', '1 UPDATE DATA AT2020-05-23 17:11:42'),
(1137, 1, '2020-05-23 17:12:20', '1 UPDATE DATA AT2020-05-23 17:12:20'),
(1138, 1, '2020-05-23 17:13:07', '1 UPDATE DATA AT2020-05-23 17:13:07'),
(1139, 1, '2020-05-23 17:14:12', '1 UPDATE DATA AT2020-05-23 17:14:12'),
(1140, 1, '2020-05-23 17:14:45', '1 UPDATE DATA AT2020-05-23 17:14:45'),
(1141, 1, '2020-05-23 17:15:57', '1 UPDATE DATA AT2020-05-23 17:15:57'),
(1142, 1, '2020-05-23 17:16:57', '1 UPDATE DATA AT2020-05-23 17:16:57'),
(1143, 1, '2020-05-23 17:16:58', '1 UPDATE DATA AT2020-05-23 17:16:58'),
(1144, 1, '2020-05-23 17:16:58', '1 UPDATE DATA AT2020-05-23 17:16:58'),
(1145, 1, '2020-05-23 17:16:58', '1 UPDATE DATA AT2020-05-23 17:16:58'),
(1146, 1, '2020-05-23 17:17:20', '1 UPDATE DATA AT2020-05-23 17:17:20'),
(1147, 1, '2020-05-23 17:17:20', '1 UPDATE DATA AT2020-05-23 17:17:20'),
(1148, 1, '2020-05-23 17:17:20', '1 UPDATE DATA AT2020-05-23 17:17:20'),
(1149, 1, '2020-05-23 17:17:20', '1 UPDATE DATA AT2020-05-23 17:17:20'),
(1150, 1, '2020-05-23 17:18:53', '1 INSERT DATA AT2020-05-23 17:18:53'),
(1151, 1, '2020-05-23 17:18:54', '1 INSERT DATA AT2020-05-23 17:18:54'),
(1152, 1, '2020-05-23 17:18:54', '1 INSERT DATA AT2020-05-23 17:18:54'),
(1153, 1, '2020-05-23 17:18:54', '1 INSERT DATA AT2020-05-23 17:18:54'),
(1154, 1, '2020-05-23 17:19:18', '1 UPDATE DATA AT2020-05-23 17:19:18'),
(1155, 1, '2020-05-23 17:19:18', '1 UPDATE DATA AT2020-05-23 17:19:18'),
(1156, 1, '2020-05-23 17:19:18', '1 UPDATE DATA AT2020-05-23 17:19:18'),
(1157, 1, '2020-05-23 17:19:18', '1 UPDATE DATA AT2020-05-23 17:19:18'),
(1158, 1, '2020-05-23 17:19:29', '1 UPDATE DATA AT2020-05-23 17:19:29'),
(1159, 1, '2020-05-23 17:19:29', '1 UPDATE DATA AT2020-05-23 17:19:29'),
(1160, 1, '2020-05-23 17:19:29', '1 UPDATE DATA AT2020-05-23 17:19:29'),
(1161, 1, '2020-05-23 17:19:29', '1 UPDATE DATA AT2020-05-23 17:19:29'),
(1162, 1, '2020-05-23 17:39:43', '1 UPDATE DATA AT2020-05-23 17:39:43'),
(1163, 1, '2020-05-23 17:57:41', '1 INSERT DATA AT2020-05-23 17:57:41'),
(1164, 1, '2020-05-23 17:57:41', '1 INSERT DATA AT2020-05-23 17:57:41'),
(1165, 1, '2020-05-23 17:57:41', '1 INSERT DATA AT2020-05-23 17:57:41'),
(1166, 1, '2020-05-23 17:57:41', '1 INSERT DATA AT2020-05-23 17:57:41'),
(1167, 1, '2020-05-23 18:00:12', '1 UPDATE DATA AT2020-05-23 18:00:12'),
(1168, 1, '2020-05-23 18:00:13', '1 UPDATE DATA AT2020-05-23 18:00:13'),
(1169, 1, '2020-05-23 18:00:13', '1 UPDATE DATA AT2020-05-23 18:00:13'),
(1170, 1, '2020-05-23 18:00:13', '1 UPDATE DATA AT2020-05-23 18:00:13'),
(1171, 1, '2020-05-25 11:10:19', '1 UPDATE DATA AT2020-05-25 11:10:19'),
(1172, 1, '2020-05-25 11:10:21', '1 UPDATE DATA AT2020-05-25 11:10:21'),
(1173, 1, '2020-05-25 11:10:23', '1 UPDATE DATA AT2020-05-25 11:10:23'),
(1175, 1, '2020-05-26 09:07:21', '1 INSERT DATA AT2020-05-26 09:07:21'),
(1176, 1, '2020-05-26 10:21:13', '1 INSERT DATA AT 2020-05-26 10:21:13'),
(1177, 1, '2020-05-26 10:21:13', '1 INSERT DATA AT2020-05-26 10:21:13'),
(1178, 1, '2020-05-26 10:21:13', '1 INSERT DATA AT2020-05-26 10:21:13'),
(1179, 1, '2020-05-26 10:21:13', '1 INSERT DATA AT2020-05-26 10:21:13'),
(1180, 1, '2020-05-26 10:21:13', '1 INSERT DATA AT2020-05-26 10:21:13'),
(1181, 1, '2020-05-26 10:21:13', '1 INSERT DATA AT2020-05-26 10:21:13'),
(1182, 1, '2020-05-26 10:21:13', '1 INSERT DATA AT2020-05-26 10:21:13'),
(1183, 1, '2020-05-26 10:21:13', '1 INSERT DATA AT2020-05-26 10:21:13'),
(1184, 1, '2020-05-26 10:21:13', '1 INSERT DATA AT2020-05-26 10:21:13'),
(1185, 1, '2020-05-26 10:21:13', '1 INSERT DATA AT2020-05-26 10:21:13'),
(1186, 1, '2020-05-26 10:21:13', '1 INSERT DATA AT2020-05-26 10:21:13'),
(1187, 1, '2020-05-26 10:21:13', '1 INSERT DATA AT2020-05-26 10:21:13'),
(1188, 1, '2020-05-26 10:21:13', '1 INSERT DATA AT2020-05-26 10:21:13'),
(1189, 1, '2020-05-26 10:21:13', '1 INSERT DATA AT2020-05-26 10:21:13'),
(1190, 1, '2020-05-26 10:21:13', '1 INSERT DATA AT2020-05-26 10:21:13'),
(1191, 1, '2020-05-26 10:21:13', '1 INSERT DATA AT2020-05-26 10:21:13'),
(1192, 1, '2020-05-26 10:21:13', '1 INSERT DATA AT2020-05-26 10:21:13'),
(1193, 1, '2020-05-26 10:21:13', '1 INSERT DATA AT2020-05-26 10:21:13'),
(1194, 1, '2020-05-26 10:21:13', '1 INSERT DATA AT2020-05-26 10:21:13'),
(1195, 1, '2020-05-26 10:21:13', '1 INSERT DATA AT2020-05-26 10:21:13'),
(1196, 1, '2020-05-26 10:21:13', '1 INSERT DATA AT2020-05-26 10:21:13'),
(1197, 1, '2020-05-26 10:21:25', '1 UPDATE DATA AT 2020-05-26 10:21:25'),
(1198, 1, '2020-05-26 10:21:13', '1 UPDATE DATA AT2020-05-26 10:21:13'),
(1199, 1, '2020-05-26 10:21:13', '1 UPDATE DATA AT2020-05-26 10:21:13'),
(1200, 1, '2020-05-26 10:21:13', '1 UPDATE DATA AT2020-05-26 10:21:13'),
(1201, 1, '2020-05-26 10:21:13', '1 UPDATE DATA AT2020-05-26 10:21:13'),
(1202, 1, '2020-05-26 10:21:13', '1 UPDATE DATA AT2020-05-26 10:21:13'),
(1203, 1, '2020-05-26 10:21:13', '1 UPDATE DATA AT2020-05-26 10:21:13'),
(1204, 1, '2020-05-26 10:21:13', '1 UPDATE DATA AT2020-05-26 10:21:13'),
(1205, 1, '2020-05-26 10:21:13', '1 UPDATE DATA AT2020-05-26 10:21:13'),
(1206, 1, '2020-05-26 10:21:13', '1 UPDATE DATA AT2020-05-26 10:21:13'),
(1207, 1, '2020-05-26 10:21:13', '1 UPDATE DATA AT2020-05-26 10:21:13'),
(1208, 1, '2020-05-26 10:21:13', '1 UPDATE DATA AT2020-05-26 10:21:13'),
(1209, 1, '2020-05-26 10:21:13', '1 UPDATE DATA AT2020-05-26 10:21:13'),
(1210, 1, '2020-05-26 10:21:13', '1 UPDATE DATA AT2020-05-26 10:21:13'),
(1211, 1, '2020-05-26 10:21:13', '1 UPDATE DATA AT2020-05-26 10:21:13'),
(1212, 1, '2020-05-26 10:21:13', '1 UPDATE DATA AT2020-05-26 10:21:13'),
(1213, 1, '2020-05-26 10:21:13', '1 UPDATE DATA AT2020-05-26 10:21:13'),
(1214, 1, '2020-05-26 10:21:13', '1 UPDATE DATA AT2020-05-26 10:21:13'),
(1215, 1, '2020-05-26 10:21:13', '1 UPDATE DATA AT2020-05-26 10:21:13'),
(1216, 1, '2020-05-26 10:21:13', '1 UPDATE DATA AT2020-05-26 10:21:13'),
(1217, 1, '2020-05-26 10:21:13', '1 UPDATE DATA AT2020-05-26 10:21:13'),
(1218, 1, '2020-05-26 10:21:13', '1 UPDATE DATA AT2020-05-26 10:21:13'),
(1219, 1, '2020-05-26 10:21:13', '1 UPDATE DATA AT2020-05-26 10:21:13'),
(1220, 1, '2020-05-26 10:21:13', '1 UPDATE DATA AT2020-05-26 10:21:13'),
(1221, 1, '2020-05-26 10:21:13', '1 UPDATE DATA AT2020-05-26 10:21:13'),
(1222, 1, '2020-05-26 10:21:13', '1 UPDATE DATA AT2020-05-26 10:21:13'),
(1223, 1, '2020-05-26 10:21:13', '1 UPDATE DATA AT2020-05-26 10:21:13'),
(1224, 1, '2020-05-26 10:21:13', '1 UPDATE DATA AT2020-05-26 10:21:13'),
(1225, 1, '2020-05-26 10:21:13', '1 UPDATE DATA AT2020-05-26 10:21:13'),
(1226, 1, '2020-05-26 10:21:13', '1 UPDATE DATA AT2020-05-26 10:21:13'),
(1227, 1, '2020-05-26 10:21:13', '1 UPDATE DATA AT2020-05-26 10:21:13'),
(1228, 1, '2020-05-26 10:21:13', '1 UPDATE DATA AT2020-05-26 10:21:13'),
(1229, 1, '2020-05-26 10:22:31', '1 UPDATE DATA AT 2020-05-26 10:22:31'),
(1230, 1, '2020-05-26 10:21:13', '1 UPDATE DATA AT2020-05-26 10:21:13'),
(1231, 1, '2020-05-26 10:21:13', '1 UPDATE DATA AT2020-05-26 10:21:13'),
(1232, 1, '2020-05-26 10:21:13', '1 UPDATE DATA AT2020-05-26 10:21:13'),
(1233, 1, '2020-05-26 10:21:13', '1 UPDATE DATA AT2020-05-26 10:21:13'),
(1234, 1, '2020-05-26 10:21:13', '1 UPDATE DATA AT2020-05-26 10:21:13'),
(1235, 1, '2020-05-26 10:21:13', '1 UPDATE DATA AT2020-05-26 10:21:13'),
(1236, 1, '2020-05-26 10:21:13', '1 UPDATE DATA AT2020-05-26 10:21:13'),
(1237, 1, '2020-05-26 10:21:13', '1 UPDATE DATA AT2020-05-26 10:21:13'),
(1238, 1, '2020-05-26 10:21:13', '1 UPDATE DATA AT2020-05-26 10:21:13'),
(1239, 1, '2020-05-26 10:21:13', '1 UPDATE DATA AT2020-05-26 10:21:13'),
(1240, 1, '2020-05-26 10:21:13', '1 UPDATE DATA AT2020-05-26 10:21:13'),
(1241, 1, '2020-05-26 10:21:13', '1 UPDATE DATA AT2020-05-26 10:21:13'),
(1242, 1, '2020-05-26 10:21:13', '1 UPDATE DATA AT2020-05-26 10:21:13'),
(1243, 1, '2020-05-26 10:21:13', '1 UPDATE DATA AT2020-05-26 10:21:13'),
(1244, 1, '2020-05-26 10:21:13', '1 UPDATE DATA AT2020-05-26 10:21:13'),
(1245, 1, '2020-05-26 10:21:13', '1 UPDATE DATA AT2020-05-26 10:21:13'),
(1246, 1, '2020-05-26 10:21:13', '1 UPDATE DATA AT2020-05-26 10:21:13'),
(1247, 1, '2020-05-26 10:21:13', '1 UPDATE DATA AT2020-05-26 10:21:13'),
(1248, 1, '2020-05-26 10:21:13', '1 UPDATE DATA AT2020-05-26 10:21:13'),
(1249, 1, '2020-05-26 10:21:13', '1 UPDATE DATA AT2020-05-26 10:21:13'),
(1250, 1, '2020-05-26 10:21:13', '1 UPDATE DATA AT2020-05-26 10:21:13'),
(1251, 1, '2020-05-26 10:21:13', '1 UPDATE DATA AT2020-05-26 10:21:13'),
(1252, 1, '2020-05-26 10:21:13', '1 UPDATE DATA AT2020-05-26 10:21:13'),
(1253, 1, '2020-05-26 10:21:13', '1 UPDATE DATA AT2020-05-26 10:21:13'),
(1254, 1, '2020-05-26 10:21:13', '1 UPDATE DATA AT2020-05-26 10:21:13'),
(1255, 1, '2020-05-26 10:21:13', '1 UPDATE DATA AT2020-05-26 10:21:13'),
(1256, 1, '2020-05-26 10:21:13', '1 UPDATE DATA AT2020-05-26 10:21:13'),
(1257, 1, '2020-05-26 10:21:13', '1 UPDATE DATA AT2020-05-26 10:21:13'),
(1258, 1, '2020-05-26 10:21:13', '1 UPDATE DATA AT2020-05-26 10:21:13'),
(1259, 1, '2020-05-26 10:21:13', '1 UPDATE DATA AT2020-05-26 10:21:13'),
(1260, 1, '2020-05-26 10:21:13', '1 UPDATE DATA AT2020-05-26 10:21:13'),
(1261, 1, '2020-05-26 10:21:13', '1 UPDATE DATA AT2020-05-26 10:21:13'),
(1262, 1, '2020-05-26 10:42:00', '1 INSERT DATA AT 2020-05-26 10:42:00'),
(1263, 1, '2020-05-26 10:44:50', '1 UPDATE DATA AT2020-05-26 10:44:50'),
(1264, 1, '2020-05-26 10:45:24', '1 UPDATE DATA AT2020-05-26 10:45:24'),
(1265, 1, '2020-05-26 10:46:24', '1 UPDATE DATA AT2020-05-26 10:46:24'),
(1266, 1, '2020-05-26 10:46:51', '1 UPDATE DATA AT2020-05-26 10:46:51'),
(1267, 1, '2020-05-26 12:15:38', '1 INSERT DATA AT2020-05-26 12:15:38'),
(1268, 1, '2020-05-26 15:03:01', '1 INSERT DATA AT2020-05-26 15:03:01'),
(1269, 1, '2020-05-26 15:03:01', '1 INSERT DATA AT2020-05-26 15:03:01'),
(1270, 1, '2020-05-26 15:03:23', '1 INSERT DATA AT2020-05-26 15:03:23'),
(1271, 1, '2020-05-26 15:03:23', '1 INSERT DATA AT2020-05-26 15:03:23'),
(1272, 1, '2020-05-26 15:22:49', '1 INSERT DATA AT2020-05-26 15:22:49'),
(1273, 1, '2020-05-26 15:24:10', '1 INSERT DATA AT2020-05-26 15:24:10'),
(1274, 1, '2020-05-26 15:24:52', '1 INSERT DATA AT2020-05-26 15:24:52'),
(1275, 1, '2020-05-26 15:25:35', '1 INSERT DATA AT2020-05-26 15:25:35'),
(1276, 1, '2020-05-26 15:25:35', '1 INSERT DATA AT2020-05-26 15:25:35'),
(1277, 1, '2020-05-26 16:12:58', '1 INSERT DATA AT2020-05-26 16:12:58'),
(1278, 1, '2020-05-26 16:12:58', '1 INSERT DATA AT2020-05-26 16:12:58'),
(1279, 1, '2020-05-26 16:12:58', '1 INSERT DATA AT2020-05-26 16:12:58'),
(1280, 1, '2020-05-26 16:20:51', '1 UPDATE DATA AT2020-05-26 16:20:51'),
(1281, 1, '2020-05-26 16:21:07', '1 UPDATE DATA AT2020-05-26 16:21:07'),
(1282, 1, '2020-05-26 16:25:19', '1 UPDATE DATA AT2020-05-26 16:25:19'),
(1283, 1, '0000-00-00 00:00:00', '1 UPDATE DATA AT0000-00-00 00:00:00'),
(1284, 1, '0000-00-00 00:00:00', '1 UPDATE DATA AT0000-00-00 00:00:00'),
(1285, 1, '2020-05-26 16:25:31', '1 UPDATE DATA AT2020-05-26 16:25:31'),
(1286, 1, '0000-00-00 00:00:00', '1 UPDATE DATA AT0000-00-00 00:00:00'),
(1287, 1, '0000-00-00 00:00:00', '1 UPDATE DATA AT0000-00-00 00:00:00'),
(1288, 1, '2020-05-26 16:26:02', '1 UPDATE DATA AT2020-05-26 16:26:02'),
(1289, 1, '0000-00-00 00:00:00', '1 UPDATE DATA AT0000-00-00 00:00:00'),
(1290, 1, '0000-00-00 00:00:00', '1 UPDATE DATA AT0000-00-00 00:00:00'),
(1291, 1, '2020-05-26 16:26:16', '1 UPDATE DATA AT2020-05-26 16:26:16'),
(1292, 1, '2020-05-26 16:26:16', '1 UPDATE DATA AT2020-05-26 16:26:16'),
(1293, 1, '2020-05-26 16:26:16', '1 UPDATE DATA AT2020-05-26 16:26:16'),
(1294, 1, '2020-05-26 16:26:16', '1 INSERT DATA AT2020-05-26 16:26:16'),
(1295, 1, '2020-05-26 16:26:26', '1 UPDATE DATA AT2020-05-26 16:26:26'),
(1296, 1, '2020-05-26 16:26:26', '1 UPDATE DATA AT2020-05-26 16:26:26'),
(1297, 1, '2020-05-26 16:26:26', '1 UPDATE DATA AT2020-05-26 16:26:26'),
(1298, 1, '2020-05-26 16:26:26', '1 UPDATE DATA AT2020-05-26 16:26:26'),
(1299, 1, '2020-05-26 16:26:33', '1 UPDATE DATA AT2020-05-26 16:26:33'),
(1300, 1, '2020-05-26 16:26:34', '1 UPDATE DATA AT2020-05-26 16:26:34'),
(1301, 1, '2020-05-26 16:28:17', '1 UPDATE DATA AT2020-05-26 16:28:17'),
(1302, 1, '2020-05-26 16:28:18', '1 UPDATE DATA AT2020-05-26 16:28:18'),
(1303, 1, '2020-05-26 16:29:50', '1 UPDATE DATA AT2020-05-26 16:29:50'),
(1304, 1, '2020-05-26 16:29:50', '1 INSERT DATA AT2020-05-26 16:29:50'),
(1305, 1, '2020-05-26 16:29:50', '1 UPDATE DATA AT2020-05-26 16:29:50'),
(1306, 1, '2020-05-26 16:30:16', '1 UPDATE DATA AT2020-05-26 16:30:16'),
(1307, 1, '2020-05-26 16:30:16', '1 UPDATE DATA AT2020-05-26 16:30:16'),
(1308, 1, '2020-05-26 16:30:16', '1 INSERT DATA AT2020-05-26 16:30:16'),
(1309, 1, '2020-05-26 16:30:16', '1 INSERT DATA AT2020-05-26 16:30:16'),
(1310, 1, '2020-05-26 16:30:16', '1 UPDATE DATA AT2020-05-26 16:30:16'),
(1311, 1, '2020-05-26 16:30:22', '1 UPDATE DATA AT2020-05-26 16:30:22'),
(1312, 1, '2020-05-26 16:30:23', '1 UPDATE DATA AT2020-05-26 16:30:23'),
(1313, 1, '2020-05-26 16:30:49', '1 UPDATE DATA AT2020-05-26 16:30:49'),
(1314, 1, '2020-05-26 16:30:49', '1 UPDATE DATA AT2020-05-26 16:30:49'),
(1315, 1, '2020-05-26 16:30:49', '1 UPDATE DATA AT2020-05-26 16:30:49'),
(1316, 1, '2020-05-26 16:33:18', '1 UPDATE DATA AT2020-05-26 16:33:18'),
(1317, 1, '2020-05-26 16:33:21', '1 UPDATE DATA AT2020-05-26 16:33:21'),
(1318, 1, '2020-05-26 18:21:35', '1 INSERT DATA AT2020-05-26 18:21:35'),
(1319, 1, '2020-05-26 18:21:35', '1 INSERT DATA AT2020-05-26 18:21:35'),
(1320, 1, '2020-05-26 18:21:35', '1 INSERT DATA AT2020-05-26 18:21:35'),
(1321, 1, '2020-05-26 18:21:35', '1 INSERT DATA AT2020-05-26 18:21:35'),
(1322, 1, '2020-05-26 18:21:35', '1 INSERT DATA AT2020-05-26 18:21:35'),
(1323, 1, '2020-05-26 18:21:35', '1 INSERT DATA AT2020-05-26 18:21:35'),
(1324, 1, '2020-05-26 18:21:35', '1 INSERT DATA AT2020-05-26 18:21:35'),
(1325, 1, '2020-05-26 18:21:35', '1 INSERT DATA AT2020-05-26 18:21:35'),
(1326, 1, '2020-05-26 18:22:12', '1 INSERT DATA AT2020-05-26 18:22:12'),
(1327, 1, '2020-05-26 18:22:12', '1 INSERT DATA AT2020-05-26 18:22:12'),
(1328, 1, '2020-05-26 18:22:12', '1 INSERT DATA AT2020-05-26 18:22:12'),
(1329, 1, '2020-05-26 18:22:12', '1 INSERT DATA AT2020-05-26 18:22:12'),
(1330, 1, '2020-05-26 18:22:12', '1 INSERT DATA AT2020-05-26 18:22:12'),
(1331, 1, '2020-05-26 18:22:12', '1 INSERT DATA AT2020-05-26 18:22:12'),
(1332, 1, '2020-05-26 18:22:12', '1 INSERT DATA AT2020-05-26 18:22:12'),
(1333, 1, '2020-05-26 18:22:12', '1 INSERT DATA AT2020-05-26 18:22:12'),
(1334, 1, '2020-05-26 18:22:24', '1 INSERT DATA AT2020-05-26 18:22:24'),
(1335, 1, '2020-05-26 18:22:24', '1 INSERT DATA AT2020-05-26 18:22:24'),
(1336, 1, '2020-05-26 18:22:24', '1 INSERT DATA AT2020-05-26 18:22:24'),
(1337, 1, '2020-05-26 18:22:24', '1 INSERT DATA AT2020-05-26 18:22:24'),
(1338, 1, '2020-05-26 18:22:24', '1 INSERT DATA AT2020-05-26 18:22:24'),
(1339, 1, '2020-05-26 18:22:24', '1 INSERT DATA AT2020-05-26 18:22:24'),
(1340, 1, '2020-05-26 18:22:24', '1 INSERT DATA AT2020-05-26 18:22:24'),
(1341, 1, '2020-05-26 18:22:24', '1 INSERT DATA AT2020-05-26 18:22:24'),
(1342, 1, '2020-05-26 18:22:44', '1 UPDATE DATA AT 2020-05-26 18:22:44'),
(1343, 1, '2020-05-18 13:35:55', '1 UPDATE DATA AT2020-05-18 13:35:55'),
(1344, 1, '2020-05-18 13:35:55', '1 UPDATE DATA AT2020-05-18 13:35:55'),
(1345, 1, '2020-05-18 13:35:55', '1 UPDATE DATA AT2020-05-18 13:35:55'),
(1346, 1, '2020-05-18 13:35:55', '1 UPDATE DATA AT2020-05-18 13:35:55'),
(1347, 1, '2020-05-18 20:22:36', '1 UPDATE DATA AT2020-05-18 20:22:36'),
(1348, 1, '2020-05-18 20:22:49', '1 UPDATE DATA AT2020-05-18 20:22:49'),
(1349, 1, '2020-05-18 20:23:18', '1 UPDATE DATA AT2020-05-18 20:23:18'),
(1350, 1, '2020-05-20 12:18:10', '1 UPDATE DATA AT2020-05-20 12:18:10'),
(1351, 1, '2020-05-20 12:19:09', '1 UPDATE DATA AT2020-05-20 12:19:09'),
(1352, 1, '2020-05-20 12:19:24', '1 UPDATE DATA AT2020-05-20 12:19:24'),
(1353, 1, '2020-05-20 12:19:47', '1 UPDATE DATA AT2020-05-20 12:19:47'),
(1354, 1, '2020-05-20 12:20:08', '1 UPDATE DATA AT2020-05-20 12:20:08'),
(1355, 1, '2020-05-20 12:20:46', '1 UPDATE DATA AT2020-05-20 12:20:46'),
(1356, 1, '2020-05-20 12:21:04', '1 UPDATE DATA AT2020-05-20 12:21:04'),
(1357, 1, '2020-05-20 12:21:56', '1 UPDATE DATA AT2020-05-20 12:21:56'),
(1358, 1, '2020-05-20 12:22:44', '1 UPDATE DATA AT2020-05-20 12:22:44'),
(1359, 1, '2020-05-20 12:23:45', '1 UPDATE DATA AT2020-05-20 12:23:45'),
(1360, 1, '2020-05-22 10:48:43', '1 UPDATE DATA AT2020-05-22 10:48:43'),
(1361, 1, '2020-05-22 10:48:57', '1 UPDATE DATA AT2020-05-22 10:48:57'),
(1362, 1, '2020-05-22 13:32:43', '1 UPDATE DATA AT2020-05-22 13:32:43'),
(1363, 1, '2020-05-26 18:21:35', '1 UPDATE DATA AT2020-05-26 18:21:35'),
(1364, 1, '2020-05-26 18:22:12', '1 UPDATE DATA AT2020-05-26 18:22:12'),
(1365, 1, '2020-05-26 18:22:24', '1 UPDATE DATA AT2020-05-26 18:22:24'),
(1366, 1, '2020-05-18 13:35:55', '1 UPDATE DATA AT2020-05-18 13:35:55'),
(1367, 1, '2020-05-18 13:35:55', '1 UPDATE DATA AT2020-05-18 13:35:55'),
(1368, 1, '2020-05-18 13:35:55', '1 UPDATE DATA AT2020-05-18 13:35:55'),
(1369, 1, '2020-05-18 13:35:55', '1 UPDATE DATA AT2020-05-18 13:35:55'),
(1370, 1, '2020-05-18 20:22:36', '1 UPDATE DATA AT2020-05-18 20:22:36'),
(1371, 1, '2020-05-18 20:22:49', '1 UPDATE DATA AT2020-05-18 20:22:49'),
(1372, 1, '2020-05-18 20:23:18', '1 UPDATE DATA AT2020-05-18 20:23:18'),
(1373, 1, '2020-05-20 12:18:10', '1 UPDATE DATA AT2020-05-20 12:18:10'),
(1374, 1, '2020-05-20 12:19:09', '1 UPDATE DATA AT2020-05-20 12:19:09'),
(1375, 1, '2020-05-20 12:19:24', '1 UPDATE DATA AT2020-05-20 12:19:24'),
(1376, 1, '2020-05-20 12:19:47', '1 UPDATE DATA AT2020-05-20 12:19:47'),
(1377, 1, '2020-05-20 12:20:08', '1 UPDATE DATA AT2020-05-20 12:20:08'),
(1378, 1, '2020-05-20 12:20:46', '1 UPDATE DATA AT2020-05-20 12:20:46'),
(1379, 1, '2020-05-20 12:21:04', '1 UPDATE DATA AT2020-05-20 12:21:04'),
(1380, 1, '2020-05-20 12:21:56', '1 UPDATE DATA AT2020-05-20 12:21:56'),
(1381, 1, '2020-05-20 12:22:44', '1 UPDATE DATA AT2020-05-20 12:22:44'),
(1382, 1, '2020-05-20 12:23:45', '1 UPDATE DATA AT2020-05-20 12:23:45'),
(1383, 1, '2020-05-22 10:48:43', '1 UPDATE DATA AT2020-05-22 10:48:43'),
(1384, 1, '2020-05-22 10:48:57', '1 UPDATE DATA AT2020-05-22 10:48:57'),
(1385, 1, '2020-05-22 13:32:43', '1 UPDATE DATA AT2020-05-22 13:32:43'),
(1386, 1, '2020-05-26 18:21:35', '1 UPDATE DATA AT2020-05-26 18:21:35'),
(1387, 1, '2020-05-26 18:22:12', '1 UPDATE DATA AT2020-05-26 18:22:12'),
(1388, 1, '2020-05-26 18:22:24', '1 UPDATE DATA AT2020-05-26 18:22:24'),
(1389, 1, '2020-05-26 18:23:21', '1 INSERT DATA AT 2020-05-26 18:23:21'),
(1390, 1, '2020-05-26 18:23:40', '1 UPDATE DATA AT2020-05-26 18:23:40'),
(1391, 1, '2020-05-26 18:23:42', '1 UPDATE DATA AT2020-05-26 18:23:42'),
(1392, 1, '2020-05-26 18:23:44', '1 UPDATE DATA AT2020-05-26 18:23:44'),
(1393, 1, '2020-05-26 18:23:47', '1 UPDATE DATA AT2020-05-26 18:23:47'),
(1394, 1, '2020-05-26 18:23:49', '1 UPDATE DATA AT2020-05-26 18:23:49'),
(1395, 1, '2020-05-26 18:23:52', '1 UPDATE DATA AT2020-05-26 18:23:52'),
(1396, 1, '2020-05-26 18:23:54', '1 UPDATE DATA AT2020-05-26 18:23:54'),
(1397, 1, '2020-05-26 18:23:56', '1 UPDATE DATA AT2020-05-26 18:23:56'),
(1398, 1, '2020-05-26 18:23:59', '1 UPDATE DATA AT2020-05-26 18:23:59'),
(1399, 1, '2020-05-26 18:24:02', '1 UPDATE DATA AT2020-05-26 18:24:02'),
(1400, 1, '2020-05-26 18:24:08', '1 UPDATE DATA AT2020-05-26 18:24:08'),
(1401, 1, '2020-05-26 18:24:10', '1 UPDATE DATA AT2020-05-26 18:24:10'),
(1402, 1, '2020-05-26 18:24:14', '1 UPDATE DATA AT2020-05-26 18:24:14'),
(1403, 1, '2020-05-26 18:24:16', '1 UPDATE DATA AT2020-05-26 18:24:16'),
(1404, 1, '2020-05-26 18:24:19', '1 UPDATE DATA AT2020-05-26 18:24:19'),
(1405, 1, '2020-05-26 18:24:21', '1 UPDATE DATA AT2020-05-26 18:24:21'),
(1406, 1, '2020-05-26 18:24:22', '1 UPDATE DATA AT2020-05-26 18:24:22'),
(1407, 1, '2020-05-26 18:24:24', '1 UPDATE DATA AT2020-05-26 18:24:24'),
(1408, 1, '2020-05-26 18:24:26', '1 UPDATE DATA AT2020-05-26 18:24:26'),
(1409, 1, '2020-05-26 18:24:30', '1 UPDATE DATA AT2020-05-26 18:24:30'),
(1410, 1, '2020-05-26 18:24:33', '1 UPDATE DATA AT2020-05-26 18:24:33'),
(1411, 1, '2020-05-26 18:24:36', '1 UPDATE DATA AT2020-05-26 18:24:36'),
(1412, 1, '2020-05-26 18:24:39', '1 UPDATE DATA AT2020-05-26 18:24:39'),
(1413, 1, '2020-05-26 18:24:41', '1 UPDATE DATA AT2020-05-26 18:24:41'),
(1414, 1, '2020-05-26 18:28:20', '1 UPDATE DATA AT2020-05-26 18:28:20'),
(1415, 1, '2020-05-26 18:28:32', '1 UPDATE DATA AT2020-05-26 18:28:32'),
(1416, 1, '2020-05-26 18:28:36', '1 UPDATE DATA AT2020-05-26 18:28:36'),
(1417, 1, '2020-05-26 18:28:39', '1 UPDATE DATA AT2020-05-26 18:28:39'),
(1418, 1, '2020-05-26 18:28:41', '1 UPDATE DATA AT2020-05-26 18:28:41'),
(1419, 1, '2020-05-26 18:29:57', '1 UPDATE DATA AT2020-05-26 18:29:57'),
(1420, 1, '2020-05-26 18:30:01', '1 UPDATE DATA AT2020-05-26 18:30:01'),
(1421, 1, '2020-05-26 18:30:24', '1 INSERT DATA AT2020-05-26 18:30:24'),
(1422, 1, '2020-05-26 07:43:11', '1 INSERT DATA AT2020-05-26 07:43:11'),
(1423, 1, '2020-05-26 07:43:11', '1 INSERT DATA AT2020-05-26 07:43:11'),
(1424, 1, '2020-05-26 07:43:11', '1 INSERT DATA AT2020-05-26 07:43:11'),
(1425, 1, '2020-05-26 07:43:11', '1 INSERT DATA AT2020-05-26 07:43:11'),
(1426, 1, '2020-05-26 07:43:11', '1 INSERT DATA AT2020-05-26 07:43:11'),
(1427, 1, '2020-05-26 07:43:11', '1 INSERT DATA AT2020-05-26 07:43:11'),
(1428, 1, '2020-05-26 07:43:11', '1 INSERT DATA AT2020-05-26 07:43:11'),
(1429, 1, '2020-05-26 07:43:11', '1 INSERT DATA AT2020-05-26 07:43:11'),
(1430, 1, '2020-05-26 07:43:38', '1 UPDATE DATA AT 2020-05-26 07:43:38'),
(1431, 1, '2020-05-18 13:35:55', '1 UPDATE DATA AT2020-05-18 13:35:55'),
(1432, 1, '2020-05-18 13:35:55', '1 UPDATE DATA AT2020-05-18 13:35:55');
INSERT INTO `log_all` (`ID_LOG_ALL`, `ID_USER`, `LOG_DATE`, `LOG`) VALUES
(1433, 1, '2020-05-18 13:35:55', '1 UPDATE DATA AT2020-05-18 13:35:55'),
(1434, 1, '2020-05-18 13:35:55', '1 UPDATE DATA AT2020-05-18 13:35:55'),
(1435, 1, '2020-05-18 20:22:36', '1 UPDATE DATA AT2020-05-18 20:22:36'),
(1436, 1, '2020-05-18 20:22:49', '1 UPDATE DATA AT2020-05-18 20:22:49'),
(1437, 1, '2020-05-18 20:23:18', '1 UPDATE DATA AT2020-05-18 20:23:18'),
(1438, 1, '2020-05-20 12:18:10', '1 UPDATE DATA AT2020-05-20 12:18:10'),
(1439, 1, '2020-05-20 12:19:09', '1 UPDATE DATA AT2020-05-20 12:19:09'),
(1440, 1, '2020-05-20 12:19:24', '1 UPDATE DATA AT2020-05-20 12:19:24'),
(1441, 1, '2020-05-20 12:19:47', '1 UPDATE DATA AT2020-05-20 12:19:47'),
(1442, 1, '2020-05-20 12:20:08', '1 UPDATE DATA AT2020-05-20 12:20:08'),
(1443, 1, '2020-05-20 12:20:46', '1 UPDATE DATA AT2020-05-20 12:20:46'),
(1444, 1, '2020-05-20 12:21:04', '1 UPDATE DATA AT2020-05-20 12:21:04'),
(1445, 1, '2020-05-20 12:21:56', '1 UPDATE DATA AT2020-05-20 12:21:56'),
(1446, 1, '2020-05-20 12:22:44', '1 UPDATE DATA AT2020-05-20 12:22:44'),
(1447, 1, '2020-05-20 12:23:45', '1 UPDATE DATA AT2020-05-20 12:23:45'),
(1448, 1, '2020-05-22 10:48:43', '1 UPDATE DATA AT2020-05-22 10:48:43'),
(1449, 1, '2020-05-22 10:48:57', '1 UPDATE DATA AT2020-05-22 10:48:57'),
(1450, 1, '2020-05-22 13:32:43', '1 UPDATE DATA AT2020-05-22 13:32:43'),
(1451, 1, '2020-05-26 18:21:35', '1 UPDATE DATA AT2020-05-26 18:21:35'),
(1452, 1, '2020-05-26 18:22:12', '1 UPDATE DATA AT2020-05-26 18:22:12'),
(1453, 1, '2020-05-26 18:22:24', '1 UPDATE DATA AT2020-05-26 18:22:24'),
(1454, 1, '2020-05-26 07:43:11', '1 UPDATE DATA AT2020-05-26 07:43:11'),
(1455, 1, '2020-05-18 13:35:55', '1 UPDATE DATA AT2020-05-18 13:35:55'),
(1456, 1, '2020-05-18 13:35:55', '1 UPDATE DATA AT2020-05-18 13:35:55'),
(1457, 1, '2020-05-18 13:35:55', '1 UPDATE DATA AT2020-05-18 13:35:55'),
(1458, 1, '2020-05-18 13:35:55', '1 UPDATE DATA AT2020-05-18 13:35:55'),
(1459, 1, '2020-05-18 20:22:36', '1 UPDATE DATA AT2020-05-18 20:22:36'),
(1460, 1, '2020-05-18 20:22:49', '1 UPDATE DATA AT2020-05-18 20:22:49'),
(1461, 1, '2020-05-18 20:23:18', '1 UPDATE DATA AT2020-05-18 20:23:18'),
(1462, 1, '2020-05-20 12:18:10', '1 UPDATE DATA AT2020-05-20 12:18:10'),
(1463, 1, '2020-05-20 12:19:09', '1 UPDATE DATA AT2020-05-20 12:19:09'),
(1464, 1, '2020-05-20 12:19:24', '1 UPDATE DATA AT2020-05-20 12:19:24'),
(1465, 1, '2020-05-20 12:19:47', '1 UPDATE DATA AT2020-05-20 12:19:47'),
(1466, 1, '2020-05-20 12:20:08', '1 UPDATE DATA AT2020-05-20 12:20:08'),
(1467, 1, '2020-05-20 12:20:46', '1 UPDATE DATA AT2020-05-20 12:20:46'),
(1468, 1, '2020-05-20 12:21:04', '1 UPDATE DATA AT2020-05-20 12:21:04'),
(1469, 1, '2020-05-20 12:21:56', '1 UPDATE DATA AT2020-05-20 12:21:56'),
(1470, 1, '2020-05-20 12:22:44', '1 UPDATE DATA AT2020-05-20 12:22:44'),
(1471, 1, '2020-05-20 12:23:45', '1 UPDATE DATA AT2020-05-20 12:23:45'),
(1472, 1, '2020-05-22 10:48:43', '1 UPDATE DATA AT2020-05-22 10:48:43'),
(1473, 1, '2020-05-22 10:48:57', '1 UPDATE DATA AT2020-05-22 10:48:57'),
(1474, 1, '2020-05-22 13:32:43', '1 UPDATE DATA AT2020-05-22 13:32:43'),
(1475, 1, '2020-05-26 18:21:35', '1 UPDATE DATA AT2020-05-26 18:21:35'),
(1476, 1, '2020-05-26 18:22:12', '1 UPDATE DATA AT2020-05-26 18:22:12'),
(1477, 1, '2020-05-26 18:22:24', '1 UPDATE DATA AT2020-05-26 18:22:24'),
(1478, 1, '2020-05-26 07:43:11', '1 UPDATE DATA AT2020-05-26 07:43:11'),
(1479, 1, '2020-05-26 07:45:17', '1 UPDATE DATA AT2020-05-26 07:45:17'),
(1480, 1, '2020-05-26 07:46:09', '1 UPDATE DATA AT2020-05-26 07:46:09'),
(1481, 1, '2020-05-26 07:47:11', '1 INSERT DATA AT 2020-05-26 07:47:11'),
(1482, 1, '2020-05-26 07:47:49', '1 INSERT DATA AT 2020-05-26 07:47:49'),
(1483, 1, '2020-05-26 07:47:49', '1 INSERT DATA AT2020-05-26 07:47:49'),
(1484, 1, '2020-05-26 07:47:49', '1 INSERT DATA AT2020-05-26 07:47:49'),
(1485, 1, '2020-05-26 07:47:49', '1 INSERT DATA AT2020-05-26 07:47:49'),
(1486, 1, '2020-05-26 07:47:49', '1 INSERT DATA AT2020-05-26 07:47:49'),
(1487, 1, '2020-05-26 07:47:49', '1 INSERT DATA AT2020-05-26 07:47:49'),
(1488, 1, '2020-05-26 07:47:49', '1 INSERT DATA AT2020-05-26 07:47:49'),
(1489, 1, '2020-05-26 07:47:49', '1 INSERT DATA AT2020-05-26 07:47:49'),
(1490, 1, '2020-05-26 07:47:49', '1 INSERT DATA AT2020-05-26 07:47:49'),
(1491, 1, '2020-05-26 07:47:49', '1 INSERT DATA AT2020-05-26 07:47:49'),
(1492, 1, '2020-05-26 07:47:49', '1 INSERT DATA AT2020-05-26 07:47:49'),
(1493, 1, '2020-05-26 07:47:49', '1 INSERT DATA AT2020-05-26 07:47:49'),
(1494, 1, '2020-05-26 07:47:49', '1 INSERT DATA AT2020-05-26 07:47:49'),
(1495, 1, '2020-05-26 07:47:49', '1 INSERT DATA AT2020-05-26 07:47:49'),
(1496, 1, '2020-05-26 07:47:49', '1 INSERT DATA AT2020-05-26 07:47:49'),
(1497, 1, '2020-05-26 07:47:49', '1 INSERT DATA AT2020-05-26 07:47:49'),
(1498, 1, '2020-05-26 07:47:49', '1 INSERT DATA AT2020-05-26 07:47:49'),
(1499, 1, '2020-05-26 07:47:49', '1 INSERT DATA AT2020-05-26 07:47:49'),
(1500, 1, '2020-05-26 07:47:49', '1 INSERT DATA AT2020-05-26 07:47:49'),
(1501, 1, '2020-05-26 07:47:49', '1 INSERT DATA AT2020-05-26 07:47:49'),
(1502, 1, '2020-05-26 07:47:49', '1 INSERT DATA AT2020-05-26 07:47:49'),
(1503, 1, '2020-05-26 07:47:49', '1 INSERT DATA AT2020-05-26 07:47:49'),
(1504, 1, '2020-05-26 07:47:49', '1 INSERT DATA AT2020-05-26 07:47:49'),
(1505, 1, '2020-05-26 07:47:49', '1 INSERT DATA AT2020-05-26 07:47:49'),
(1506, 1, '2020-05-26 07:47:49', '1 INSERT DATA AT2020-05-26 07:47:49'),
(1507, 1, '2020-05-26 07:57:01', '1 UPDATE DATA AT2020-05-26 07:57:01'),
(1508, 1, '2020-05-26 08:11:44', '1 INSERT DATA AT2020-05-26 08:11:44'),
(1509, 1, '2020-05-26 08:11:44', '1 INSERT DATA AT2020-05-26 08:11:44'),
(1510, 1, '2020-05-26 08:11:44', '1 INSERT DATA AT2020-05-26 08:11:44'),
(1511, 1, '2020-05-26 08:28:07', '1 UPDATE DATA AT2020-05-26 08:28:07'),
(1512, 1, '2020-05-26 08:31:58', '1 UPDATE DATA AT2020-05-26 08:31:58'),
(1513, 1, '2020-05-26 08:44:15', '1 INSERT DATA AT2020-05-26 08:44:15'),
(1514, 1, '2020-05-26 08:44:15', '1 INSERT DATA AT2020-05-26 08:44:15'),
(1515, 1, '2020-05-26 08:44:15', '1 INSERT DATA AT2020-05-26 08:44:15'),
(1516, 1, '2020-05-26 08:44:35', '1 INSERT DATA AT2020-05-26 08:44:35'),
(1517, 1, '2020-05-26 08:44:35', '1 INSERT DATA AT2020-05-26 08:44:35'),
(1518, 1, '0000-00-00 00:00:00', '1 INSERT DATA AT0000-00-00 00:00:00'),
(1519, 1, '2020-05-26 08:44:58', '1 UPDATE DATA AT2020-05-26 08:44:58'),
(1520, 1, '2020-05-26 08:51:29', '1 INSERT DATA AT2020-05-26 08:51:29'),
(1521, 1, '2020-05-26 08:51:29', '1 INSERT DATA AT2020-05-26 08:51:29'),
(1522, 1, '2020-05-26 08:51:29', '1 INSERT DATA AT2020-05-26 08:51:29'),
(1523, 1, '2020-05-26 08:52:11', '1 INSERT DATA AT2020-05-26 08:52:11'),
(1524, 1, '2020-05-26 08:52:11', '1 INSERT DATA AT2020-05-26 08:52:11'),
(1525, 1, '2020-05-26 08:52:11', '1 INSERT DATA AT2020-05-26 08:52:11'),
(1526, 1, '2020-05-26 08:55:11', '1 INSERT DATA AT2020-05-26 08:55:11'),
(1527, 1, '2020-05-26 08:55:11', '1 INSERT DATA AT2020-05-26 08:55:11'),
(1528, 1, '2020-05-26 08:55:11', '1 INSERT DATA AT2020-05-26 08:55:11'),
(1529, 1, '2020-05-26 09:47:00', '1 INSERT DATA AT 2020-05-26 09:47:00'),
(1530, 1, '2020-05-27 12:59:47', '1 insert data at 2020-05-27 12:59:47'),
(1531, 1, '2020-05-27 12:59:54', '1 update data at 2020-05-27 12:59:54'),
(1532, 1, '2020-05-27 12:59:58', '1 update data at 2020-05-27 12:59:58'),
(1533, 1, '2020-05-27 01:02:30', '1 insert data at2020-05-27 01:02:30'),
(1534, 1, '2020-05-27 01:02:37', '1 update data at2020-05-27 01:02:37'),
(1535, 1, '2020-05-27 01:10:09', '1 insert data at2020-05-27 01:10:09'),
(1536, 1, '2020-05-27 01:10:09', '1 INSERT DATA AT2020-05-27 01:10:09'),
(1537, 1, '2020-05-27 01:10:10', '1 INSERT DATA AT2020-05-27 01:10:10'),
(1538, 1, '2020-05-27 01:10:10', '1 INSERT DATA AT2020-05-27 01:10:10'),
(1539, 1, '0000-00-00 00:00:00', '1 INSERT DATA AT0000-00-00 00:00:00'),
(1540, 1, '0000-00-00 00:00:00', '1 INSERT DATA AT0000-00-00 00:00:00'),
(1541, 1, '2020-05-27 01:12:26', '1 INSERT DATA AT2020-05-27 01:12:26'),
(1542, 1, '2020-05-27 01:12:26', '1 INSERT DATA AT2020-05-27 01:12:26'),
(1543, 1, '2020-05-27 01:12:26', '1 INSERT DATA AT2020-05-27 01:12:26'),
(1544, 1, '2020-05-27 01:12:26', '1 INSERT DATA AT2020-05-27 01:12:26'),
(1545, 1, '2020-05-27 01:22:28', '1 INSERT DATA AT2020-05-27 01:22:28'),
(1546, 1, '2020-05-27 01:22:28', '1 INSERT DATA AT2020-05-27 01:22:28'),
(1547, 1, '2020-05-27 01:22:28', '1 INSERT DATA AT2020-05-27 01:22:28'),
(1548, 1, '2020-05-27 01:22:28', '1 INSERT DATA AT2020-05-27 01:22:28'),
(1549, 1, '2020-05-28 01:46:12', '1 UPDATE DATA AT2020-05-28 01:46:12'),
(1550, 1, '2020-05-28 01:58:47', '1 INSERT DATA AT2020-05-28 01:58:47'),
(1551, 1, '2020-05-28 01:59:19', '1 INSERT DATA AT2020-05-28 01:59:19'),
(1552, 1, '2020-05-28 03:17:56', '1 insert data at 2020-05-28 03:17:56'),
(1553, 1, '2020-05-28 03:19:54', '1 insert data at 2020-05-28 03:19:54'),
(1554, 1, '2020-05-28 03:42:55', '1 insert data at 2020-05-28 03:42:55'),
(1555, 1, '2020-05-28 03:19:54', '1 update data at 2020-05-28 03:19:54'),
(1556, 1, '2020-05-28 03:42:55', '1 update data at 2020-05-28 03:42:55'),
(1557, 1, '2020-05-29 03:22:24', '1 INSERT DATA AT2020-05-29 03:22:24'),
(1558, 1, '2020-05-29 03:33:59', '1 insert data at 2020-05-29 03:33:59'),
(1559, 1, '2020-05-29 03:33:59', '1 insert data at 2020-05-29 03:33:59'),
(1560, 1, '2020-05-29 03:33:59', '1 insert data at 2020-05-29 03:33:59'),
(1561, 1, '2020-05-29 03:37:31', '1 insert data at 2020-05-29 03:37:31'),
(1562, 1, '2020-05-29 03:38:40', '1 INSERT DATA AT2020-05-29 03:38:40'),
(1563, 1, '2020-05-29 03:38:40', '1 UPDATE DATA AT2020-05-29 03:38:40'),
(1564, 1, '2020-05-29 03:39:26', '1 INSERT DATA AT2020-05-29 03:39:26'),
(1565, 1, '2020-05-29 03:39:26', '1 INSERT DATA AT2020-05-29 03:39:26'),
(1566, 1, '2020-05-29 03:39:26', '1 UPDATE DATA AT2020-05-29 03:39:26'),
(1567, 1, '2020-05-29 03:39:52', '1 INSERT DATA AT2020-05-29 03:39:52'),
(1568, 1, '2020-05-29 03:39:52', '1 INSERT DATA AT2020-05-29 03:39:52'),
(1569, 1, '2020-05-29 03:39:52', '1 UPDATE DATA AT2020-05-29 03:39:52'),
(1570, 1, '2020-05-29 03:40:16', '1 INSERT DATA AT2020-05-29 03:40:16'),
(1571, 1, '2020-05-29 03:40:16', '1 UPDATE DATA AT2020-05-29 03:40:16'),
(1572, 1, '2020-05-29 03:40:23', '1 UPDATE DATA AT2020-05-29 03:40:23'),
(1573, 1, '2020-05-29 03:40:25', '1 UPDATE DATA AT2020-05-29 03:40:25'),
(1574, 1, '2020-05-29 03:40:28', '1 UPDATE DATA AT2020-05-29 03:40:28'),
(1575, 1, '2020-05-29 03:40:30', '1 UPDATE DATA AT2020-05-29 03:40:30'),
(1576, 1, '2020-05-29 03:40:33', '1 UPDATE DATA AT2020-05-29 03:40:33'),
(1577, 1, '2020-05-29 03:40:35', '1 UPDATE DATA AT2020-05-29 03:40:35'),
(1578, 1, '2020-05-29 03:40:38', '1 UPDATE DATA AT2020-05-29 03:40:38'),
(1579, 1, '2020-05-29 03:40:40', '1 UPDATE DATA AT2020-05-29 03:40:40'),
(1580, 1, '2020-05-29 03:40:43', '1 UPDATE DATA AT2020-05-29 03:40:43'),
(1581, 1, '2020-05-29 03:40:45', '1 UPDATE DATA AT2020-05-29 03:40:45'),
(1582, 1, '2020-05-29 03:40:48', '1 UPDATE DATA AT2020-05-29 03:40:48'),
(1583, 1, '2020-05-29 03:41:03', '1 INSERT DATA AT2020-05-29 03:41:03'),
(1584, 1, '2020-05-29 03:41:03', '1 UPDATE DATA AT2020-05-29 03:41:03'),
(1585, 1, '2020-05-29 03:46:05', '1 INSERT DATA AT2020-05-29 03:46:05'),
(1586, 1, '2020-05-29 03:46:05', '1 INSERT DATA AT2020-05-29 03:46:05'),
(1587, 1, '2020-05-29 03:46:05', '1 INSERT DATA AT2020-05-29 03:46:05'),
(1588, 1, '2020-05-29 03:46:05', '1 INSERT DATA AT2020-05-29 03:46:05'),
(1589, 1, '2020-05-29 03:46:05', '1 INSERT DATA AT2020-05-29 03:46:05'),
(1590, 1, '2020-05-29 03:46:05', '1 INSERT DATA AT2020-05-29 03:46:05'),
(1591, 1, '2020-05-30 03:04:16', '1 INSERT DATA AT2020-05-30 03:04:16'),
(1592, 1, '2020-05-30 03:04:19', '1 INSERT DATA AT2020-05-30 03:04:19'),
(1593, 1, '2020-05-30 03:04:39', '1 INSERT DATA AT2020-05-30 03:04:39'),
(1594, 1, '2020-05-30 03:04:39', '1 insert data at2020-05-30 03:04:39'),
(1595, 1, '2020-05-30 03:04:39', '1 insert data at2020-05-30 03:04:39'),
(1596, 1, '2020-05-30 03:11:17', '1 INSERT DATA AT2020-05-30 03:11:17'),
(1597, 1, '2020-05-30 03:11:33', '1 INSERT DATA AT2020-05-30 03:11:33'),
(1598, 1, '2020-05-30 03:11:48', '1 INSERT DATA AT2020-05-30 03:11:48'),
(1599, 1, '2020-05-30 03:11:48', '1 insert data at2020-05-30 03:11:48'),
(1600, 1, '2020-05-30 03:11:48', '1 insert data at2020-05-30 03:11:48'),
(1601, 1, '2020-05-30 03:58:26', '1 INSERT DATA AT2020-05-30 03:58:26'),
(1602, 1, '2020-05-30 03:59:40', '1 INSERT DATA AT2020-05-30 03:59:40'),
(1603, 1, '2020-05-30 04:00:08', '1 INSERT DATA AT2020-05-30 04:00:08'),
(1604, 1, '2020-05-30 04:00:08', '1 insert data at2020-05-30 04:00:08'),
(1605, 1, '2020-05-30 04:08:47', '1 INSERT DATA AT2020-05-30 04:08:47'),
(1606, 1, '2020-05-30 04:08:47', '1 insert data at2020-05-30 04:08:47'),
(1607, 1, '2020-05-30 04:08:47', '1 INSERT DATA AT2020-05-30 04:08:47'),
(1608, 1, '2020-05-30 04:08:47', '1 INSERT DATA AT2020-05-30 04:08:47'),
(1609, 1, '2020-05-30 04:08:47', '1 INSERT DATA AT2020-05-30 04:08:47'),
(1610, 1, '2020-05-30 04:08:48', '1 insert data at2020-05-30 04:08:48'),
(1611, 1, '2020-05-30 04:08:48', '1 insert data at2020-05-30 04:08:48'),
(1612, 1, '2020-05-30 04:13:20', '1 INSERT DATA AT2020-05-30 04:13:20'),
(1613, 1, '2020-05-30 04:13:20', '1 insert data at2020-05-30 04:13:20'),
(1614, 1, '2020-05-30 04:13:20', '1 INSERT DATA AT2020-05-30 04:13:20'),
(1615, 1, '2020-05-30 04:13:20', '1 INSERT DATA AT2020-05-30 04:13:20'),
(1616, 1, '2020-05-30 04:13:20', '1 INSERT DATA AT2020-05-30 04:13:20'),
(1617, 1, '2020-05-30 04:13:20', '1 insert data at2020-05-30 04:13:20'),
(1618, 1, '2020-05-30 04:13:20', '1 insert data at2020-05-30 04:13:20'),
(1619, 1, '2020-05-30 21:03:43', '1 insert data at2020-05-30 21:03:43'),
(1620, 1, '2020-05-31 09:46:08', '1 insert data at2020-05-31 09:46:08'),
(1621, 1, '2020-05-31 09:55:11', '1 insert data at2020-05-31 09:55:11'),
(1622, 1, '2020-05-31 09:56:00', '1 insert data at2020-05-31 09:56:00'),
(1623, 1, '2020-05-31 10:30:01', '1 insert data at2020-05-31 10:30:01'),
(1624, 1, '2020-05-31 10:30:11', '1 INSERT DATA AT2020-05-31 10:30:11'),
(1625, 1, '2020-05-31 10:30:01', '1 update data at2020-05-31 10:30:01'),
(1626, 1, '2020-05-31 10:30:11', '1 UPDATE DATA AT2020-05-31 10:30:11'),
(1627, 1, '2020-05-31 07:06:53', '1 INSERT DATA AT2020-05-31 07:06:53'),
(1628, 1, '2020-05-31 07:06:53', '1 insert data at2020-05-31 07:06:53'),
(1629, 1, '2020-05-31 07:07:59', '1 INSERT DATA AT2020-05-31 07:07:59'),
(1630, 1, '2020-05-31 07:07:59', '1 update data at2020-05-31 07:07:59'),
(1631, 1, '2020-05-31 07:41:39', '1 INSERT DATA AT2020-05-31 07:41:39'),
(1632, 1, '2020-05-31 07:41:39', '1 insert data at2020-05-31 07:41:39'),
(1633, 1, '2020-05-31 07:42:20', '1 INSERT DATA AT2020-05-31 07:42:20'),
(1634, 1, '2020-05-31 07:42:20', '1 update data at2020-05-31 07:42:20'),
(1635, 1, '2020-05-31 07:42:33', '1 insert data at 2020-05-31 07:42:33'),
(1636, 1, '2020-05-31 19:47:41', '1 insert data at2020-05-31 19:47:41'),
(1637, 1, '2020-05-31 07:49:10', '1 INSERT DATA AT2020-05-31 07:49:10'),
(1638, 1, '2020-05-31 07:49:14', '1 insert data at2020-05-31 07:49:14'),
(1639, 1, '2020-05-31 07:49:16', '1 INSERT DATA AT2020-05-31 07:49:16'),
(1640, 1, '2020-05-31 07:49:16', '1 INSERT DATA AT2020-05-31 07:49:16'),
(1641, 1, '2020-05-31 07:49:16', '1 INSERT DATA AT2020-05-31 07:49:16'),
(1642, 1, '2020-05-31 07:49:16', '1 INSERT DATA AT2020-05-31 07:49:16'),
(1643, 1, '2020-05-31 07:49:18', '1 insert data at2020-05-31 07:49:18'),
(1644, 1, '2020-05-31 07:49:18', '1 insert data at2020-05-31 07:49:18'),
(1645, 1, '2020-05-31 19:47:41', '1 update data at2020-05-31 19:47:41'),
(1646, 1, '2020-06-01 08:19:25', '1 insert data at2020-06-01 08:19:25'),
(1647, 1, '2020-06-01 08:19:27', '1 insert data at2020-06-01 08:19:27'),
(1648, 1, '2020-06-01 08:20:03', '1 insert data at2020-06-01 08:20:03'),
(1649, 1, '2020-06-01 08:25:22', '1 insert data at2020-06-01 08:25:22'),
(1650, 1, '2020-06-01 08:25:58', '1 insert data at2020-06-01 08:25:58'),
(1651, 1, '2020-06-01 09:34:07', '1 UPDATE DATA AT2020-06-01 09:34:07'),
(1652, 1, '2020-06-01 09:34:08', '1 UPDATE DATA AT2020-06-01 09:34:08'),
(1653, 1, '2020-06-01 09:34:08', '1 UPDATE DATA AT2020-06-01 09:34:08'),
(1654, 1, '2020-06-01 09:38:53', '1 UPDATE DATA AT2020-06-01 09:38:53'),
(1655, 1, '2020-06-01 09:38:53', '1 UPDATE DATA AT2020-06-01 09:38:53'),
(1656, 1, '2020-06-01 09:38:53', '1 UPDATE DATA AT2020-06-01 09:38:53'),
(1657, 1, '2020-06-01 09:39:19', '1 UPDATE DATA AT2020-06-01 09:39:19'),
(1658, 1, '2020-06-01 09:39:19', '1 UPDATE DATA AT2020-06-01 09:39:19'),
(1659, 1, '2020-06-01 09:39:19', '1 UPDATE DATA AT2020-06-01 09:39:19'),
(1660, 1, '2020-06-01 09:39:59', '1 insert data at 2020-06-01 09:39:59'),
(1661, 1, '2020-06-01 09:39:59', '1 UPDATE DATA AT2020-06-01 09:39:59'),
(1662, 1, '2020-06-01 09:39:59', '1 UPDATE DATA AT2020-06-01 09:39:59'),
(1663, 1, '2020-06-01 09:39:59', '1 UPDATE DATA AT2020-06-01 09:39:59'),
(1664, 1, '2020-06-01 09:40:12', '1 UPDATE DATA AT2020-06-01 09:40:12'),
(1665, 1, '2020-06-01 09:40:12', '1 UPDATE DATA AT2020-06-01 09:40:12'),
(1666, 1, '2020-06-01 09:40:12', '1 UPDATE DATA AT2020-06-01 09:40:12'),
(1667, 1, '2020-06-01 09:40:25', '1 UPDATE DATA AT2020-06-01 09:40:25'),
(1668, 1, '2020-06-01 09:40:25', '1 UPDATE DATA AT2020-06-01 09:40:25'),
(1669, 1, '2020-06-01 09:40:25', '1 UPDATE DATA AT2020-06-01 09:40:25'),
(1670, 1, '2020-06-01 09:40:25', '1 UPDATE DATA AT2020-06-01 09:40:25'),
(1671, 1, '2020-06-01 09:40:25', '1 UPDATE DATA AT2020-06-01 09:40:25'),
(1672, 1, '2020-06-01 09:40:25', '1 UPDATE DATA AT2020-06-01 09:40:25'),
(1673, 1, '2020-06-01 09:41:11', '1 UPDATE DATA AT2020-06-01 09:41:11'),
(1674, 1, '2020-06-01 09:41:11', '1 UPDATE DATA AT2020-06-01 09:41:11'),
(1675, 1, '2020-06-01 09:41:11', '1 UPDATE DATA AT2020-06-01 09:41:11'),
(1676, 1, '2020-06-01 09:41:40', '1 UPDATE DATA AT2020-06-01 09:41:40'),
(1677, 1, '2020-06-01 09:41:40', '1 UPDATE DATA AT2020-06-01 09:41:40'),
(1678, 1, '2020-06-01 09:41:40', '1 UPDATE DATA AT2020-06-01 09:41:40'),
(1679, 1, '2020-06-01 09:42:06', '1 UPDATE DATA AT2020-06-01 09:42:06'),
(1680, 1, '2020-06-01 09:42:06', '1 UPDATE DATA AT2020-06-01 09:42:06'),
(1681, 1, '2020-06-01 09:42:06', '1 UPDATE DATA AT2020-06-01 09:42:06'),
(1682, 1, '2020-06-01 09:57:41', '1 UPDATE DATA AT2020-06-01 09:57:41'),
(1683, 1, '2020-06-01 09:57:41', '1 UPDATE DATA AT2020-06-01 09:57:41'),
(1684, 1, '2020-06-01 09:57:41', '1 UPDATE DATA AT2020-06-01 09:57:41'),
(1685, 1, '2020-06-01 09:57:52', '1 UPDATE DATA AT2020-06-01 09:57:52'),
(1686, 1, '2020-06-01 09:57:52', '1 UPDATE DATA AT2020-06-01 09:57:52'),
(1687, 1, '2020-06-01 09:57:52', '1 UPDATE DATA AT2020-06-01 09:57:52'),
(1688, 1, '2020-06-01 09:58:05', '1 UPDATE DATA AT2020-06-01 09:58:05'),
(1689, 1, '2020-06-01 09:58:05', '1 UPDATE DATA AT2020-06-01 09:58:05'),
(1690, 1, '2020-06-01 09:58:05', '1 UPDATE DATA AT2020-06-01 09:58:05'),
(1691, 1, '2020-06-01 09:59:17', '1 UPDATE DATA AT2020-06-01 09:59:17'),
(1692, 1, '2020-06-01 09:59:17', '1 update data at2020-06-01 09:59:17'),
(1693, 1, '2020-06-01 09:59:17', '1 UPDATE DATA AT2020-06-01 09:59:17'),
(1694, 1, '2020-06-01 09:59:17', '1 UPDATE DATA AT2020-06-01 09:59:17'),
(1695, 1, '2020-06-01 10:06:33', '1 UPDATE DATA AT2020-06-01 10:06:33'),
(1696, 1, '2020-06-01 10:06:33', '1 update data at2020-06-01 10:06:33'),
(1697, 1, '2020-06-01 10:06:33', '1 INSERT DATA AT2020-06-01 10:06:33'),
(1698, 1, '2020-06-01 10:06:33', '1 INSERT DATA AT2020-06-01 10:06:33'),
(1699, 1, '2020-06-01 10:06:33', '1 INSERT DATA AT2020-06-01 10:06:33'),
(1700, 1, '2020-06-01 10:06:34', '1 UPDATE DATA AT2020-06-01 10:06:34'),
(1701, 1, '2020-06-01 10:06:34', '1 UPDATE DATA AT2020-06-01 10:06:34'),
(1702, 1, '2020-06-01 10:07:12', '1 UPDATE DATA AT2020-06-01 10:07:12'),
(1703, 1, '2020-06-01 10:07:12', '1 update data at2020-06-01 10:07:12'),
(1704, 1, '2020-06-01 10:07:12', '1 INSERT DATA AT2020-06-01 10:07:12'),
(1705, 1, '2020-06-01 10:07:12', '1 INSERT DATA AT2020-06-01 10:07:12'),
(1706, 1, '2020-06-01 10:07:12', '1 INSERT DATA AT2020-06-01 10:07:12'),
(1707, 1, '2020-06-01 10:07:12', '1 INSERT DATA AT2020-06-01 10:07:12'),
(1708, 1, '2020-06-01 10:07:12', '1 INSERT DATA AT2020-06-01 10:07:12'),
(1709, 1, '2020-06-01 10:07:12', '1 INSERT DATA AT2020-06-01 10:07:12'),
(1710, 1, '2020-06-01 10:07:12', '1 UPDATE DATA AT2020-06-01 10:07:12'),
(1711, 1, '2020-06-01 10:07:12', '1 UPDATE DATA AT2020-06-01 10:07:12'),
(1712, 1, '2020-06-01 10:07:57', '1 UPDATE DATA AT2020-06-01 10:07:57'),
(1713, 1, '2020-06-01 10:07:57', '1 update data at2020-06-01 10:07:57'),
(1714, 1, '2020-06-01 10:07:57', '1 INSERT DATA AT2020-06-01 10:07:57'),
(1715, 1, '2020-06-01 10:07:57', '1 INSERT DATA AT2020-06-01 10:07:57'),
(1716, 1, '2020-06-01 10:07:57', '1 INSERT DATA AT2020-06-01 10:07:57'),
(1717, 1, '2020-06-01 10:07:57', '1 INSERT DATA AT2020-06-01 10:07:57'),
(1718, 1, '2020-06-01 10:07:57', '1 INSERT DATA AT2020-06-01 10:07:57'),
(1719, 1, '2020-06-01 10:07:57', '1 INSERT DATA AT2020-06-01 10:07:57'),
(1720, 1, '2020-06-01 10:07:57', '1 INSERT DATA AT2020-06-01 10:07:57'),
(1721, 1, '2020-06-01 10:07:57', '1 INSERT DATA AT2020-06-01 10:07:57'),
(1722, 1, '2020-06-01 10:07:57', '1 INSERT DATA AT2020-06-01 10:07:57'),
(1723, 1, '2020-06-01 10:07:57', '1 INSERT DATA AT2020-06-01 10:07:57'),
(1724, 1, '2020-06-01 10:07:57', '1 INSERT DATA AT2020-06-01 10:07:57'),
(1725, 1, '2020-06-01 10:07:57', '1 INSERT DATA AT2020-06-01 10:07:57'),
(1726, 1, '2020-06-01 10:07:57', '1 UPDATE DATA AT2020-06-01 10:07:57'),
(1727, 1, '2020-06-01 10:07:57', '1 UPDATE DATA AT2020-06-01 10:07:57'),
(1728, 1, '2020-06-01 10:08:25', '1 UPDATE DATA AT2020-06-01 10:08:25'),
(1729, 1, '2020-06-01 10:08:25', '1 update data at2020-06-01 10:08:25'),
(1730, 1, '2020-06-01 10:08:25', '1 UPDATE DATA AT2020-06-01 10:08:25'),
(1731, 1, '2020-06-01 10:08:25', '1 UPDATE DATA AT2020-06-01 10:08:25'),
(1732, 1, '2020-06-01 10:08:36', '1 UPDATE DATA AT2020-06-01 10:08:36'),
(1733, 1, '2020-06-01 10:08:36', '1 update data at2020-06-01 10:08:36'),
(1734, 1, '2020-06-01 10:08:36', '1 UPDATE DATA AT2020-06-01 10:08:36'),
(1735, 1, '2020-06-01 10:08:36', '1 UPDATE DATA AT2020-06-01 10:08:36'),
(1736, 1, '2020-06-01 10:08:55', '1 UPDATE DATA AT2020-06-01 10:08:55'),
(1737, 1, '2020-06-01 10:08:55', '1 update data at2020-06-01 10:08:55'),
(1738, 1, '2020-06-01 10:08:55', '1 UPDATE DATA AT2020-06-01 10:08:55'),
(1739, 1, '2020-06-01 10:08:55', '1 UPDATE DATA AT2020-06-01 10:08:55'),
(1740, 1, '2020-06-01 10:10:04', '1 UPDATE DATA AT2020-06-01 10:10:04'),
(1741, 1, '2020-06-01 10:10:04', '1 update data at2020-06-01 10:10:04'),
(1742, 1, '2020-06-01 10:11:03', '1 UPDATE DATA AT2020-06-01 10:11:03'),
(1743, 1, '2020-06-01 10:11:03', '1 update data at2020-06-01 10:11:03'),
(1744, 1, '2020-06-01 10:11:03', '1 UPDATE DATA AT2020-06-01 10:11:03'),
(1745, 1, '2020-06-01 10:11:03', '1 UPDATE DATA AT2020-06-01 10:11:03'),
(1746, 1, '2020-06-01 10:11:03', '1 UPDATE DATA AT2020-06-01 10:11:03'),
(1747, 1, '2020-06-01 10:11:03', '1 UPDATE DATA AT2020-06-01 10:11:03'),
(1748, 1, '2020-06-01 10:11:03', '1 UPDATE DATA AT2020-06-01 10:11:03'),
(1749, 1, '2020-06-01 10:11:03', '1 UPDATE DATA AT2020-06-01 10:11:03'),
(1750, 1, '2020-06-01 10:11:03', '1 UPDATE DATA AT2020-06-01 10:11:03'),
(1751, 1, '2020-06-01 10:11:03', '1 UPDATE DATA AT2020-06-01 10:11:03'),
(1752, 1, '2020-06-01 10:11:03', '1 UPDATE DATA AT2020-06-01 10:11:03'),
(1753, 1, '2020-06-01 10:11:03', '1 UPDATE DATA AT2020-06-01 10:11:03'),
(1754, 1, '2020-06-01 10:11:03', '1 UPDATE DATA AT2020-06-01 10:11:03'),
(1755, 1, '2020-06-01 10:11:03', '1 UPDATE DATA AT2020-06-01 10:11:03'),
(1756, 1, '2020-06-01 10:11:03', '1 UPDATE DATA AT2020-06-01 10:11:03'),
(1757, 1, '2020-06-01 10:11:03', '1 UPDATE DATA AT2020-06-01 10:11:03'),
(1758, 1, '2020-06-01 10:11:03', '1 UPDATE DATA AT2020-06-01 10:11:03'),
(1759, 1, '2020-06-01 10:11:03', '1 UPDATE DATA AT2020-06-01 10:11:03'),
(1760, 1, '2020-06-01 10:11:03', '1 UPDATE DATA AT2020-06-01 10:11:03'),
(1761, 1, '2020-06-01 10:11:03', '1 UPDATE DATA AT2020-06-01 10:11:03'),
(1762, 1, '2020-06-01 10:11:03', '1 UPDATE DATA AT2020-06-01 10:11:03'),
(1763, 1, '2020-06-01 10:11:03', '1 UPDATE DATA AT2020-06-01 10:11:03'),
(1764, 1, '2020-06-01 10:11:03', '1 UPDATE DATA AT2020-06-01 10:11:03'),
(1765, 1, '2020-06-01 10:11:03', '1 UPDATE DATA AT2020-06-01 10:11:03'),
(1766, 1, '2020-06-01 10:11:03', '1 UPDATE DATA AT2020-06-01 10:11:03'),
(1767, 1, '2020-06-01 10:11:04', '1 UPDATE DATA AT2020-06-01 10:11:04'),
(1768, 1, '2020-06-01 10:11:04', '1 UPDATE DATA AT2020-06-01 10:11:04'),
(1769, 1, '2020-06-01 10:11:32', '1 UPDATE DATA AT2020-06-01 10:11:32'),
(1770, 1, '2020-06-01 10:11:32', '1 update data at2020-06-01 10:11:32'),
(1771, 1, '2020-06-01 10:11:32', '1 UPDATE DATA AT2020-06-01 10:11:32'),
(1772, 1, '2020-06-01 10:11:32', '1 UPDATE DATA AT2020-06-01 10:11:32'),
(1773, 1, '2020-06-01 10:11:32', '1 UPDATE DATA AT2020-06-01 10:11:32'),
(1774, 1, '2020-06-01 10:11:32', '1 UPDATE DATA AT2020-06-01 10:11:32'),
(1775, 1, '2020-06-01 10:11:32', '1 UPDATE DATA AT2020-06-01 10:11:32'),
(1776, 1, '2020-06-01 10:11:32', '1 UPDATE DATA AT2020-06-01 10:11:32'),
(1777, 1, '2020-06-01 10:11:32', '1 UPDATE DATA AT2020-06-01 10:11:32'),
(1778, 1, '2020-06-01 10:11:32', '1 UPDATE DATA AT2020-06-01 10:11:32'),
(1779, 1, '2020-06-01 10:11:32', '1 UPDATE DATA AT2020-06-01 10:11:32'),
(1780, 1, '2020-06-01 10:11:32', '1 UPDATE DATA AT2020-06-01 10:11:32'),
(1781, 1, '2020-06-01 10:11:32', '1 UPDATE DATA AT2020-06-01 10:11:32'),
(1782, 1, '2020-06-01 10:11:32', '1 UPDATE DATA AT2020-06-01 10:11:32'),
(1783, 1, '2020-06-01 10:11:32', '1 UPDATE DATA AT2020-06-01 10:11:32'),
(1784, 1, '2020-06-01 10:11:32', '1 UPDATE DATA AT2020-06-01 10:11:32'),
(1785, 1, '2020-06-01 10:11:32', '1 UPDATE DATA AT2020-06-01 10:11:32'),
(1786, 1, '2020-06-01 10:11:32', '1 UPDATE DATA AT2020-06-01 10:11:32'),
(1787, 1, '2020-06-01 10:11:32', '1 UPDATE DATA AT2020-06-01 10:11:32'),
(1788, 1, '2020-06-01 10:11:32', '1 UPDATE DATA AT2020-06-01 10:11:32'),
(1789, 1, '2020-06-01 10:11:32', '1 UPDATE DATA AT2020-06-01 10:11:32'),
(1790, 1, '2020-06-01 10:11:32', '1 UPDATE DATA AT2020-06-01 10:11:32'),
(1791, 1, '2020-06-01 10:11:32', '1 UPDATE DATA AT2020-06-01 10:11:32'),
(1792, 1, '2020-06-01 10:11:32', '1 UPDATE DATA AT2020-06-01 10:11:32'),
(1793, 1, '2020-06-01 10:11:32', '1 UPDATE DATA AT2020-06-01 10:11:32'),
(1794, 1, '2020-06-01 10:11:34', '1 UPDATE DATA AT2020-06-01 10:11:34'),
(1795, 1, '2020-06-01 10:11:34', '1 UPDATE DATA AT2020-06-01 10:11:34'),
(1796, 1, '2020-06-01 10:11:59', '1 UPDATE DATA AT2020-06-01 10:11:59'),
(1797, 1, '2020-06-01 10:11:59', '1 update data at2020-06-01 10:11:59'),
(1798, 1, '2020-06-01 10:12:00', '1 INSERT DATA AT2020-06-01 10:12:00'),
(1799, 1, '2020-06-01 10:12:00', '1 UPDATE DATA AT2020-06-01 10:12:00'),
(1800, 1, '2020-06-01 10:12:00', '1 UPDATE DATA AT2020-06-01 10:12:00'),
(1801, 1, '2020-06-01 10:12:00', '1 UPDATE DATA AT2020-06-01 10:12:00'),
(1802, 1, '2020-06-01 10:12:00', '1 UPDATE DATA AT2020-06-01 10:12:00'),
(1803, 1, '2020-06-01 10:12:00', '1 UPDATE DATA AT2020-06-01 10:12:00'),
(1804, 1, '2020-06-01 10:12:00', '1 UPDATE DATA AT2020-06-01 10:12:00'),
(1805, 1, '2020-06-01 10:12:00', '1 UPDATE DATA AT2020-06-01 10:12:00'),
(1806, 1, '2020-06-01 10:12:00', '1 UPDATE DATA AT2020-06-01 10:12:00'),
(1807, 1, '2020-06-01 10:12:00', '1 UPDATE DATA AT2020-06-01 10:12:00'),
(1808, 1, '2020-06-01 10:12:00', '1 UPDATE DATA AT2020-06-01 10:12:00'),
(1809, 1, '2020-06-01 10:12:00', '1 UPDATE DATA AT2020-06-01 10:12:00'),
(1810, 1, '2020-06-01 10:12:00', '1 UPDATE DATA AT2020-06-01 10:12:00'),
(1811, 1, '2020-06-01 10:12:00', '1 UPDATE DATA AT2020-06-01 10:12:00'),
(1812, 1, '2020-06-01 10:12:00', '1 UPDATE DATA AT2020-06-01 10:12:00'),
(1813, 1, '2020-06-01 10:12:00', '1 UPDATE DATA AT2020-06-01 10:12:00'),
(1814, 1, '2020-06-01 10:12:00', '1 UPDATE DATA AT2020-06-01 10:12:00'),
(1815, 1, '2020-06-01 10:12:00', '1 UPDATE DATA AT2020-06-01 10:12:00'),
(1816, 1, '2020-06-01 10:12:00', '1 UPDATE DATA AT2020-06-01 10:12:00'),
(1817, 1, '2020-06-01 10:12:00', '1 UPDATE DATA AT2020-06-01 10:12:00'),
(1818, 1, '2020-06-01 10:12:00', '1 UPDATE DATA AT2020-06-01 10:12:00'),
(1819, 1, '2020-06-01 10:12:00', '1 UPDATE DATA AT2020-06-01 10:12:00'),
(1820, 1, '2020-06-01 10:12:00', '1 UPDATE DATA AT2020-06-01 10:12:00'),
(1821, 1, '2020-06-01 10:12:00', '1 UPDATE DATA AT2020-06-01 10:12:00'),
(1822, 1, '2020-06-01 10:12:01', '1 UPDATE DATA AT2020-06-01 10:12:01'),
(1823, 1, '2020-06-01 10:12:01', '1 UPDATE DATA AT2020-06-01 10:12:01'),
(1824, 1, '2020-06-01 10:12:27', '1 UPDATE DATA AT2020-06-01 10:12:27'),
(1825, 1, '2020-06-01 10:12:27', '1 update data at2020-06-01 10:12:27'),
(1826, 1, '2020-06-01 10:12:27', '1 INSERT DATA AT2020-06-01 10:12:27'),
(1827, 1, '2020-06-01 10:12:27', '1 INSERT DATA AT2020-06-01 10:12:27'),
(1828, 1, '2020-06-01 10:12:27', '1 UPDATE DATA AT2020-06-01 10:12:27'),
(1829, 1, '2020-06-01 10:12:27', '1 UPDATE DATA AT2020-06-01 10:12:27'),
(1830, 1, '2020-06-01 10:12:27', '1 UPDATE DATA AT2020-06-01 10:12:27'),
(1831, 1, '2020-06-01 10:12:27', '1 UPDATE DATA AT2020-06-01 10:12:27'),
(1832, 1, '2020-06-01 10:12:27', '1 UPDATE DATA AT2020-06-01 10:12:27'),
(1833, 1, '2020-06-01 10:12:27', '1 UPDATE DATA AT2020-06-01 10:12:27'),
(1834, 1, '2020-06-01 10:12:27', '1 UPDATE DATA AT2020-06-01 10:12:27'),
(1835, 1, '2020-06-01 10:12:27', '1 UPDATE DATA AT2020-06-01 10:12:27'),
(1836, 1, '2020-06-01 10:12:27', '1 UPDATE DATA AT2020-06-01 10:12:27'),
(1837, 1, '2020-06-01 10:12:27', '1 UPDATE DATA AT2020-06-01 10:12:27'),
(1838, 1, '2020-06-01 10:12:27', '1 UPDATE DATA AT2020-06-01 10:12:27'),
(1839, 1, '2020-06-01 10:12:27', '1 UPDATE DATA AT2020-06-01 10:12:27'),
(1840, 1, '2020-06-01 10:12:27', '1 UPDATE DATA AT2020-06-01 10:12:27'),
(1841, 1, '2020-06-01 10:12:27', '1 UPDATE DATA AT2020-06-01 10:12:27'),
(1842, 1, '2020-06-01 10:12:27', '1 UPDATE DATA AT2020-06-01 10:12:27'),
(1843, 1, '2020-06-01 10:12:27', '1 UPDATE DATA AT2020-06-01 10:12:27'),
(1844, 1, '2020-06-01 10:12:27', '1 UPDATE DATA AT2020-06-01 10:12:27'),
(1845, 1, '2020-06-01 10:12:27', '1 UPDATE DATA AT2020-06-01 10:12:27'),
(1846, 1, '2020-06-01 10:12:27', '1 UPDATE DATA AT2020-06-01 10:12:27'),
(1847, 1, '2020-06-01 10:12:27', '1 UPDATE DATA AT2020-06-01 10:12:27'),
(1848, 1, '2020-06-01 10:12:27', '1 UPDATE DATA AT2020-06-01 10:12:27'),
(1849, 1, '2020-06-01 10:12:27', '1 UPDATE DATA AT2020-06-01 10:12:27'),
(1850, 1, '2020-06-01 10:12:27', '1 UPDATE DATA AT2020-06-01 10:12:27'),
(1851, 1, '2020-06-01 10:12:27', '1 UPDATE DATA AT2020-06-01 10:12:27'),
(1852, 1, '2020-06-01 10:12:28', '1 UPDATE DATA AT2020-06-01 10:12:28'),
(1853, 1, '2020-06-01 10:12:28', '1 UPDATE DATA AT2020-06-01 10:12:28'),
(1854, 1, '2020-06-01 10:12:56', '1 UPDATE DATA AT2020-06-01 10:12:56'),
(1855, 1, '2020-06-01 10:12:56', '1 update data at2020-06-01 10:12:56'),
(1856, 1, '2020-06-01 10:12:56', '1 UPDATE DATA AT2020-06-01 10:12:56'),
(1857, 1, '2020-06-01 10:12:56', '1 UPDATE DATA AT2020-06-01 10:12:56'),
(1858, 1, '2020-06-01 10:12:56', '1 UPDATE DATA AT2020-06-01 10:12:56'),
(1859, 1, '2020-06-01 10:12:56', '1 UPDATE DATA AT2020-06-01 10:12:56'),
(1860, 1, '2020-06-01 10:12:56', '1 UPDATE DATA AT2020-06-01 10:12:56'),
(1861, 1, '2020-06-01 10:12:56', '1 UPDATE DATA AT2020-06-01 10:12:56'),
(1862, 1, '2020-06-01 10:12:56', '1 UPDATE DATA AT2020-06-01 10:12:56'),
(1863, 1, '2020-06-01 10:12:56', '1 UPDATE DATA AT2020-06-01 10:12:56'),
(1864, 1, '2020-06-01 10:12:56', '1 UPDATE DATA AT2020-06-01 10:12:56'),
(1865, 1, '2020-06-01 10:12:56', '1 UPDATE DATA AT2020-06-01 10:12:56'),
(1866, 1, '2020-06-01 10:12:56', '1 UPDATE DATA AT2020-06-01 10:12:56'),
(1867, 1, '2020-06-01 10:12:56', '1 UPDATE DATA AT2020-06-01 10:12:56'),
(1868, 1, '2020-06-01 10:12:56', '1 UPDATE DATA AT2020-06-01 10:12:56'),
(1869, 1, '2020-06-01 10:12:56', '1 UPDATE DATA AT2020-06-01 10:12:56'),
(1870, 1, '2020-06-01 10:12:56', '1 UPDATE DATA AT2020-06-01 10:12:56'),
(1871, 1, '2020-06-01 10:12:56', '1 UPDATE DATA AT2020-06-01 10:12:56'),
(1872, 1, '2020-06-01 10:12:56', '1 UPDATE DATA AT2020-06-01 10:12:56'),
(1873, 1, '2020-06-01 10:12:56', '1 UPDATE DATA AT2020-06-01 10:12:56'),
(1874, 1, '2020-06-01 10:12:56', '1 UPDATE DATA AT2020-06-01 10:12:56'),
(1875, 1, '2020-06-01 10:12:56', '1 UPDATE DATA AT2020-06-01 10:12:56'),
(1876, 1, '2020-06-01 10:12:56', '1 UPDATE DATA AT2020-06-01 10:12:56'),
(1877, 1, '2020-06-01 10:12:56', '1 UPDATE DATA AT2020-06-01 10:12:56'),
(1878, 1, '2020-06-01 10:12:56', '1 UPDATE DATA AT2020-06-01 10:12:56'),
(1879, 1, '2020-06-01 10:12:56', '1 UPDATE DATA AT2020-06-01 10:12:56'),
(1880, 1, '2020-06-01 10:12:56', '1 UPDATE DATA AT2020-06-01 10:12:56'),
(1881, 1, '2020-06-01 10:12:56', '1 UPDATE DATA AT2020-06-01 10:12:56'),
(1882, 1, '2020-06-01 10:12:58', '1 UPDATE DATA AT2020-06-01 10:12:58'),
(1883, 1, '2020-06-01 10:12:58', '1 UPDATE DATA AT2020-06-01 10:12:58'),
(1884, 1, '2020-06-01 10:13:20', '1 UPDATE DATA AT2020-06-01 10:13:20'),
(1885, 1, '2020-06-01 10:13:20', '1 update data at2020-06-01 10:13:20'),
(1886, 1, '2020-06-01 10:13:21', '1 UPDATE DATA AT2020-06-01 10:13:21'),
(1887, 1, '2020-06-01 10:13:21', '1 UPDATE DATA AT2020-06-01 10:13:21'),
(1888, 1, '2020-06-01 10:13:21', '1 UPDATE DATA AT2020-06-01 10:13:21'),
(1889, 1, '2020-06-01 10:13:21', '1 UPDATE DATA AT2020-06-01 10:13:21'),
(1890, 1, '2020-06-01 10:13:21', '1 UPDATE DATA AT2020-06-01 10:13:21'),
(1891, 1, '2020-06-01 10:13:21', '1 UPDATE DATA AT2020-06-01 10:13:21'),
(1892, 1, '2020-06-01 10:13:21', '1 UPDATE DATA AT2020-06-01 10:13:21'),
(1893, 1, '2020-06-01 10:13:21', '1 UPDATE DATA AT2020-06-01 10:13:21'),
(1894, 1, '2020-06-01 10:13:21', '1 UPDATE DATA AT2020-06-01 10:13:21'),
(1895, 1, '2020-06-01 10:13:21', '1 UPDATE DATA AT2020-06-01 10:13:21'),
(1896, 1, '2020-06-01 10:13:21', '1 UPDATE DATA AT2020-06-01 10:13:21'),
(1897, 1, '2020-06-01 10:13:21', '1 UPDATE DATA AT2020-06-01 10:13:21'),
(1898, 1, '2020-06-01 10:13:21', '1 UPDATE DATA AT2020-06-01 10:13:21'),
(1899, 1, '2020-06-01 10:13:21', '1 UPDATE DATA AT2020-06-01 10:13:21'),
(1900, 1, '2020-06-01 10:13:21', '1 UPDATE DATA AT2020-06-01 10:13:21'),
(1901, 1, '2020-06-01 10:13:21', '1 UPDATE DATA AT2020-06-01 10:13:21'),
(1902, 1, '2020-06-01 10:13:21', '1 UPDATE DATA AT2020-06-01 10:13:21'),
(1903, 1, '2020-06-01 10:13:21', '1 UPDATE DATA AT2020-06-01 10:13:21'),
(1904, 1, '2020-06-01 10:13:21', '1 UPDATE DATA AT2020-06-01 10:13:21'),
(1905, 1, '2020-06-01 10:13:21', '1 UPDATE DATA AT2020-06-01 10:13:21'),
(1906, 1, '2020-06-01 10:13:21', '1 UPDATE DATA AT2020-06-01 10:13:21'),
(1907, 1, '2020-06-01 10:13:21', '1 UPDATE DATA AT2020-06-01 10:13:21'),
(1908, 1, '2020-06-01 10:13:21', '1 UPDATE DATA AT2020-06-01 10:13:21'),
(1909, 1, '2020-06-01 10:13:21', '1 UPDATE DATA AT2020-06-01 10:13:21'),
(1910, 1, '2020-06-01 10:13:21', '1 UPDATE DATA AT2020-06-01 10:13:21'),
(1911, 1, '2020-06-01 10:13:21', '1 UPDATE DATA AT2020-06-01 10:13:21'),
(1912, 1, '2020-06-01 10:13:22', '1 INSERT DATA AT2020-06-01 10:13:22'),
(1913, 1, '2020-06-01 10:13:22', '1 INSERT DATA AT2020-06-01 10:13:22'),
(1914, 1, '2020-06-01 10:13:22', '1 UPDATE DATA AT2020-06-01 10:13:22'),
(1915, 1, '2020-06-01 10:13:22', '1 UPDATE DATA AT2020-06-01 10:13:22'),
(1916, 1, '2020-06-01 10:16:17', '1 UPDATE DATA AT2020-06-01 10:16:17'),
(1917, 1, '2020-06-01 10:16:17', '1 update data at2020-06-01 10:16:17'),
(1918, 1, '2020-06-01 10:16:17', '1 UPDATE DATA AT2020-06-01 10:16:17'),
(1919, 1, '2020-06-01 10:16:17', '1 UPDATE DATA AT2020-06-01 10:16:17'),
(1920, 1, '2020-06-01 10:16:17', '1 UPDATE DATA AT2020-06-01 10:16:17'),
(1921, 1, '2020-06-01 10:16:17', '1 UPDATE DATA AT2020-06-01 10:16:17'),
(1922, 1, '2020-06-01 10:16:17', '1 UPDATE DATA AT2020-06-01 10:16:17'),
(1923, 1, '2020-06-01 10:16:17', '1 UPDATE DATA AT2020-06-01 10:16:17'),
(1924, 1, '2020-06-01 10:16:17', '1 UPDATE DATA AT2020-06-01 10:16:17'),
(1925, 1, '2020-06-01 10:16:17', '1 UPDATE DATA AT2020-06-01 10:16:17'),
(1926, 1, '2020-06-01 10:16:17', '1 UPDATE DATA AT2020-06-01 10:16:17'),
(1927, 1, '2020-06-01 10:16:17', '1 UPDATE DATA AT2020-06-01 10:16:17'),
(1928, 1, '2020-06-01 10:16:17', '1 UPDATE DATA AT2020-06-01 10:16:17'),
(1929, 1, '2020-06-01 10:16:17', '1 UPDATE DATA AT2020-06-01 10:16:17'),
(1930, 1, '2020-06-01 10:16:17', '1 UPDATE DATA AT2020-06-01 10:16:17'),
(1931, 1, '2020-06-01 10:16:17', '1 UPDATE DATA AT2020-06-01 10:16:17'),
(1932, 1, '2020-06-01 10:16:17', '1 UPDATE DATA AT2020-06-01 10:16:17'),
(1933, 1, '2020-06-01 10:16:17', '1 UPDATE DATA AT2020-06-01 10:16:17'),
(1934, 1, '2020-06-01 10:16:17', '1 UPDATE DATA AT2020-06-01 10:16:17'),
(1935, 1, '2020-06-01 10:16:17', '1 UPDATE DATA AT2020-06-01 10:16:17'),
(1936, 1, '2020-06-01 10:16:17', '1 UPDATE DATA AT2020-06-01 10:16:17'),
(1937, 1, '2020-06-01 10:16:17', '1 UPDATE DATA AT2020-06-01 10:16:17'),
(1938, 1, '2020-06-01 10:16:17', '1 UPDATE DATA AT2020-06-01 10:16:17'),
(1939, 1, '2020-06-01 10:16:17', '1 UPDATE DATA AT2020-06-01 10:16:17'),
(1940, 1, '2020-06-01 10:16:17', '1 UPDATE DATA AT2020-06-01 10:16:17'),
(1941, 1, '2020-06-01 10:16:17', '1 UPDATE DATA AT2020-06-01 10:16:17'),
(1942, 1, '2020-06-01 10:16:17', '1 UPDATE DATA AT2020-06-01 10:16:17'),
(1943, 1, '2020-06-01 10:16:17', '1 UPDATE DATA AT2020-06-01 10:16:17'),
(1944, 1, '2020-06-01 10:16:18', '1 UPDATE DATA AT2020-06-01 10:16:18'),
(1945, 1, '2020-06-01 10:16:18', '1 UPDATE DATA AT2020-06-01 10:16:18'),
(1946, 1, '2020-06-01 10:16:18', '1 UPDATE DATA AT2020-06-01 10:16:18'),
(1947, 1, '2020-06-01 10:16:18', '1 UPDATE DATA AT2020-06-01 10:16:18'),
(1948, 1, '2020-06-01 10:20:07', '1 UPDATE DATA AT2020-06-01 10:20:07'),
(1949, 1, '2020-06-01 10:20:07', '1 update data at2020-06-01 10:20:07'),
(1950, 1, '2020-06-01 10:20:07', '1 UPDATE DATA AT2020-06-01 10:20:07'),
(1951, 1, '2020-06-01 10:20:07', '1 UPDATE DATA AT2020-06-01 10:20:07'),
(1952, 1, '2020-06-01 10:20:07', '1 UPDATE DATA AT2020-06-01 10:20:07'),
(1953, 1, '2020-06-01 10:20:07', '1 UPDATE DATA AT2020-06-01 10:20:07'),
(1954, 1, '2020-06-01 10:20:07', '1 UPDATE DATA AT2020-06-01 10:20:07'),
(1955, 1, '2020-06-01 10:20:07', '1 UPDATE DATA AT2020-06-01 10:20:07'),
(1956, 1, '2020-06-01 10:20:07', '1 UPDATE DATA AT2020-06-01 10:20:07'),
(1957, 1, '2020-06-01 10:20:07', '1 UPDATE DATA AT2020-06-01 10:20:07'),
(1958, 1, '2020-06-01 10:20:07', '1 UPDATE DATA AT2020-06-01 10:20:07'),
(1959, 1, '2020-06-01 10:20:07', '1 UPDATE DATA AT2020-06-01 10:20:07'),
(1960, 1, '2020-06-01 10:20:07', '1 UPDATE DATA AT2020-06-01 10:20:07'),
(1961, 1, '2020-06-01 10:20:07', '1 UPDATE DATA AT2020-06-01 10:20:07'),
(1962, 1, '2020-06-01 10:20:07', '1 UPDATE DATA AT2020-06-01 10:20:07'),
(1963, 1, '2020-06-01 10:20:07', '1 UPDATE DATA AT2020-06-01 10:20:07'),
(1964, 1, '2020-06-01 10:20:07', '1 UPDATE DATA AT2020-06-01 10:20:07'),
(1965, 1, '2020-06-01 10:20:07', '1 UPDATE DATA AT2020-06-01 10:20:07'),
(1966, 1, '2020-06-01 10:20:07', '1 UPDATE DATA AT2020-06-01 10:20:07'),
(1967, 1, '2020-06-01 10:20:07', '1 UPDATE DATA AT2020-06-01 10:20:07'),
(1968, 1, '2020-06-01 10:20:07', '1 UPDATE DATA AT2020-06-01 10:20:07'),
(1969, 1, '2020-06-01 10:20:07', '1 UPDATE DATA AT2020-06-01 10:20:07'),
(1970, 1, '2020-06-01 10:20:07', '1 UPDATE DATA AT2020-06-01 10:20:07'),
(1971, 1, '2020-06-01 10:20:07', '1 UPDATE DATA AT2020-06-01 10:20:07'),
(1972, 1, '2020-06-01 10:20:07', '1 UPDATE DATA AT2020-06-01 10:20:07'),
(1973, 1, '2020-06-01 10:20:07', '1 UPDATE DATA AT2020-06-01 10:20:07'),
(1974, 1, '2020-06-01 10:20:07', '1 UPDATE DATA AT2020-06-01 10:20:07'),
(1975, 1, '2020-06-01 10:20:07', '1 UPDATE DATA AT2020-06-01 10:20:07'),
(1976, 1, '2020-06-01 10:20:09', '1 UPDATE DATA AT2020-06-01 10:20:09'),
(1977, 1, '2020-06-01 10:20:09', '1 UPDATE DATA AT2020-06-01 10:20:09'),
(1978, 1, '2020-06-01 10:20:09', '1 UPDATE DATA AT2020-06-01 10:20:09'),
(1979, 1, '2020-06-01 10:20:09', '1 UPDATE DATA AT2020-06-01 10:20:09'),
(1980, 1, '2020-06-01 10:23:46', '1 UPDATE DATA AT2020-06-01 10:23:46'),
(1981, 1, '2020-06-01 10:23:46', '1 update data at2020-06-01 10:23:46'),
(1982, 1, '2020-06-01 10:23:46', '1 UPDATE DATA AT2020-06-01 10:23:46'),
(1983, 1, '2020-06-01 10:23:46', '1 UPDATE DATA AT2020-06-01 10:23:46'),
(1984, 1, '2020-06-01 10:23:46', '1 UPDATE DATA AT2020-06-01 10:23:46'),
(1985, 1, '2020-06-01 10:23:46', '1 UPDATE DATA AT2020-06-01 10:23:46'),
(1986, 1, '2020-06-01 10:23:46', '1 UPDATE DATA AT2020-06-01 10:23:46'),
(1987, 1, '2020-06-01 10:23:46', '1 UPDATE DATA AT2020-06-01 10:23:46'),
(1988, 1, '2020-06-01 10:23:46', '1 UPDATE DATA AT2020-06-01 10:23:46'),
(1989, 1, '2020-06-01 10:23:46', '1 UPDATE DATA AT2020-06-01 10:23:46'),
(1990, 1, '2020-06-01 10:23:46', '1 UPDATE DATA AT2020-06-01 10:23:46'),
(1991, 1, '2020-06-01 10:23:46', '1 UPDATE DATA AT2020-06-01 10:23:46'),
(1992, 1, '2020-06-01 10:23:46', '1 UPDATE DATA AT2020-06-01 10:23:46'),
(1993, 1, '2020-06-01 10:23:46', '1 UPDATE DATA AT2020-06-01 10:23:46'),
(1994, 1, '2020-06-01 10:23:46', '1 UPDATE DATA AT2020-06-01 10:23:46'),
(1995, 1, '2020-06-01 10:23:46', '1 UPDATE DATA AT2020-06-01 10:23:46'),
(1996, 1, '2020-06-01 10:23:46', '1 UPDATE DATA AT2020-06-01 10:23:46'),
(1997, 1, '2020-06-01 10:23:46', '1 UPDATE DATA AT2020-06-01 10:23:46'),
(1998, 1, '2020-06-01 10:23:46', '1 UPDATE DATA AT2020-06-01 10:23:46'),
(1999, 1, '2020-06-01 10:23:46', '1 UPDATE DATA AT2020-06-01 10:23:46'),
(2000, 1, '2020-06-01 10:23:46', '1 UPDATE DATA AT2020-06-01 10:23:46'),
(2001, 1, '2020-06-01 10:23:46', '1 UPDATE DATA AT2020-06-01 10:23:46'),
(2002, 1, '2020-06-01 10:23:46', '1 UPDATE DATA AT2020-06-01 10:23:46'),
(2003, 1, '2020-06-01 10:23:46', '1 UPDATE DATA AT2020-06-01 10:23:46'),
(2004, 1, '2020-06-01 10:23:46', '1 UPDATE DATA AT2020-06-01 10:23:46'),
(2005, 1, '2020-06-01 10:23:46', '1 UPDATE DATA AT2020-06-01 10:23:46'),
(2006, 1, '2020-06-01 10:23:46', '1 UPDATE DATA AT2020-06-01 10:23:46'),
(2007, 1, '2020-06-01 10:23:46', '1 UPDATE DATA AT2020-06-01 10:23:46'),
(2008, 1, '2020-06-01 10:23:47', '1 UPDATE DATA AT2020-06-01 10:23:47'),
(2009, 1, '2020-06-01 10:23:47', '1 UPDATE DATA AT2020-06-01 10:23:47'),
(2010, 1, '2020-06-01 10:23:47', '1 UPDATE DATA AT2020-06-01 10:23:47'),
(2011, 1, '2020-06-01 10:23:47', '1 UPDATE DATA AT2020-06-01 10:23:47'),
(2012, 1, '2020-06-01 10:23:48', '1 update data at2020-06-01 10:23:48'),
(2013, 1, '2020-06-01 10:23:48', '1 update data at2020-06-01 10:23:48'),
(2014, 1, '2020-06-01 10:24:16', '1 UPDATE DATA AT2020-06-01 10:24:16'),
(2015, 1, '2020-06-01 10:24:16', '1 update data at2020-06-01 10:24:16'),
(2016, 1, '2020-06-01 10:24:16', '1 UPDATE DATA AT2020-06-01 10:24:16'),
(2017, 1, '2020-06-01 10:24:16', '1 UPDATE DATA AT2020-06-01 10:24:16'),
(2018, 1, '2020-06-01 10:24:16', '1 UPDATE DATA AT2020-06-01 10:24:16'),
(2019, 1, '2020-06-01 10:24:16', '1 UPDATE DATA AT2020-06-01 10:24:16'),
(2020, 1, '2020-06-01 10:24:16', '1 UPDATE DATA AT2020-06-01 10:24:16'),
(2021, 1, '2020-06-01 10:24:16', '1 UPDATE DATA AT2020-06-01 10:24:16'),
(2022, 1, '2020-06-01 10:24:16', '1 UPDATE DATA AT2020-06-01 10:24:16'),
(2023, 1, '2020-06-01 10:24:16', '1 UPDATE DATA AT2020-06-01 10:24:16'),
(2024, 1, '2020-06-01 10:24:16', '1 UPDATE DATA AT2020-06-01 10:24:16'),
(2025, 1, '2020-06-01 10:24:16', '1 UPDATE DATA AT2020-06-01 10:24:16'),
(2026, 1, '2020-06-01 10:24:16', '1 UPDATE DATA AT2020-06-01 10:24:16'),
(2027, 1, '2020-06-01 10:24:16', '1 UPDATE DATA AT2020-06-01 10:24:16'),
(2028, 1, '2020-06-01 10:24:16', '1 UPDATE DATA AT2020-06-01 10:24:16'),
(2029, 1, '2020-06-01 10:24:16', '1 UPDATE DATA AT2020-06-01 10:24:16'),
(2030, 1, '2020-06-01 10:24:16', '1 UPDATE DATA AT2020-06-01 10:24:16'),
(2031, 1, '2020-06-01 10:24:16', '1 UPDATE DATA AT2020-06-01 10:24:16'),
(2032, 1, '2020-06-01 10:24:16', '1 UPDATE DATA AT2020-06-01 10:24:16'),
(2033, 1, '2020-06-01 10:24:16', '1 UPDATE DATA AT2020-06-01 10:24:16'),
(2034, 1, '2020-06-01 10:24:16', '1 UPDATE DATA AT2020-06-01 10:24:16'),
(2035, 1, '2020-06-01 10:24:16', '1 UPDATE DATA AT2020-06-01 10:24:16'),
(2036, 1, '2020-06-01 10:24:16', '1 UPDATE DATA AT2020-06-01 10:24:16'),
(2037, 1, '2020-06-01 10:24:16', '1 UPDATE DATA AT2020-06-01 10:24:16'),
(2038, 1, '2020-06-01 10:24:16', '1 UPDATE DATA AT2020-06-01 10:24:16'),
(2039, 1, '2020-06-01 10:24:16', '1 UPDATE DATA AT2020-06-01 10:24:16'),
(2040, 1, '2020-06-01 10:24:16', '1 UPDATE DATA AT2020-06-01 10:24:16'),
(2041, 1, '2020-06-01 10:24:16', '1 UPDATE DATA AT2020-06-01 10:24:16'),
(2042, 1, '2020-06-01 10:24:17', '1 UPDATE DATA AT2020-06-01 10:24:17'),
(2043, 1, '2020-06-01 10:24:17', '1 UPDATE DATA AT2020-06-01 10:24:17'),
(2044, 1, '2020-06-01 10:24:17', '1 UPDATE DATA AT2020-06-01 10:24:17'),
(2045, 1, '2020-06-01 10:24:17', '1 UPDATE DATA AT2020-06-01 10:24:17'),
(2046, 1, '2020-06-01 10:24:17', '1 insert data at2020-06-01 10:24:17'),
(2047, 1, '2020-06-01 10:24:17', '1 update data at2020-06-01 10:24:17'),
(2048, 1, '2020-06-01 10:24:17', '1 update data at2020-06-01 10:24:17'),
(2049, 1, '2020-06-01 10:24:44', '1 UPDATE DATA AT2020-06-01 10:24:44'),
(2050, 1, '2020-06-01 10:24:44', '1 update data at2020-06-01 10:24:44'),
(2051, 1, '2020-06-01 10:24:44', '1 UPDATE DATA AT2020-06-01 10:24:44'),
(2052, 1, '2020-06-01 10:24:44', '1 UPDATE DATA AT2020-06-01 10:24:44'),
(2053, 1, '2020-06-01 10:24:44', '1 UPDATE DATA AT2020-06-01 10:24:44'),
(2054, 1, '2020-06-01 10:24:44', '1 UPDATE DATA AT2020-06-01 10:24:44'),
(2055, 1, '2020-06-01 10:24:44', '1 UPDATE DATA AT2020-06-01 10:24:44'),
(2056, 1, '2020-06-01 10:24:44', '1 UPDATE DATA AT2020-06-01 10:24:44'),
(2057, 1, '2020-06-01 10:24:44', '1 UPDATE DATA AT2020-06-01 10:24:44'),
(2058, 1, '2020-06-01 10:24:44', '1 UPDATE DATA AT2020-06-01 10:24:44'),
(2059, 1, '2020-06-01 10:24:44', '1 UPDATE DATA AT2020-06-01 10:24:44'),
(2060, 1, '2020-06-01 10:24:44', '1 UPDATE DATA AT2020-06-01 10:24:44'),
(2061, 1, '2020-06-01 10:24:44', '1 UPDATE DATA AT2020-06-01 10:24:44'),
(2062, 1, '2020-06-01 10:24:44', '1 UPDATE DATA AT2020-06-01 10:24:44'),
(2063, 1, '2020-06-01 10:24:44', '1 UPDATE DATA AT2020-06-01 10:24:44'),
(2064, 1, '2020-06-01 10:24:44', '1 UPDATE DATA AT2020-06-01 10:24:44'),
(2065, 1, '2020-06-01 10:24:44', '1 UPDATE DATA AT2020-06-01 10:24:44'),
(2066, 1, '2020-06-01 10:24:44', '1 UPDATE DATA AT2020-06-01 10:24:44'),
(2067, 1, '2020-06-01 10:24:44', '1 UPDATE DATA AT2020-06-01 10:24:44'),
(2068, 1, '2020-06-01 10:24:44', '1 UPDATE DATA AT2020-06-01 10:24:44'),
(2069, 1, '2020-06-01 10:24:44', '1 UPDATE DATA AT2020-06-01 10:24:44'),
(2070, 1, '2020-06-01 10:24:44', '1 UPDATE DATA AT2020-06-01 10:24:44'),
(2071, 1, '2020-06-01 10:24:44', '1 UPDATE DATA AT2020-06-01 10:24:44'),
(2072, 1, '2020-06-01 10:24:44', '1 UPDATE DATA AT2020-06-01 10:24:44'),
(2073, 1, '2020-06-01 10:24:44', '1 UPDATE DATA AT2020-06-01 10:24:44'),
(2074, 1, '2020-06-01 10:24:44', '1 UPDATE DATA AT2020-06-01 10:24:44'),
(2075, 1, '2020-06-01 10:24:44', '1 UPDATE DATA AT2020-06-01 10:24:44'),
(2076, 1, '2020-06-01 10:24:44', '1 UPDATE DATA AT2020-06-01 10:24:44'),
(2077, 1, '2020-06-01 10:24:46', '1 UPDATE DATA AT2020-06-01 10:24:46'),
(2078, 1, '2020-06-01 10:24:46', '1 UPDATE DATA AT2020-06-01 10:24:46'),
(2079, 1, '2020-06-01 10:24:46', '1 UPDATE DATA AT2020-06-01 10:24:46'),
(2080, 1, '2020-06-01 10:24:46', '1 UPDATE DATA AT2020-06-01 10:24:46'),
(2081, 1, '2020-06-01 10:24:46', '1 insert data at2020-06-01 10:24:46'),
(2082, 1, '2020-06-01 10:24:46', '1 insert data at2020-06-01 10:24:46'),
(2083, 1, '2020-06-01 10:24:46', '1 update data at2020-06-01 10:24:46'),
(2084, 1, '2020-06-01 10:24:46', '1 update data at2020-06-01 10:24:46'),
(2085, 1, '2020-06-01 10:24:46', '1 update data at2020-06-01 10:24:46'),
(2086, 1, '2020-06-01 10:36:45', '1 UPDATE DATA AT2020-06-01 10:36:45'),
(2087, 1, '2020-06-01 10:36:47', '1 UPDATE DATA AT2020-06-01 10:36:47'),
(2088, 1, '2020-06-01 11:00:07', '1 UPDATE DATA AT2020-06-01 11:00:07'),
(2089, 1, '2020-06-01 11:00:11', '1 UPDATE DATA AT2020-06-01 11:00:11'),
(2090, 1, '2020-06-01 11:00:12', '1 UPDATE DATA AT2020-06-01 11:00:12'),
(2091, 1, '2020-06-01 11:00:13', '1 UPDATE DATA AT2020-06-01 11:00:13'),
(2092, 1, '2020-06-01 11:00:19', '1 UPDATE DATA AT2020-06-01 11:00:19'),
(2093, 1, '2020-06-01 11:00:19', '1 UPDATE DATA AT2020-06-01 11:00:19'),
(2094, 1, '2020-06-01 11:08:42', '1 update data at2020-06-01 11:08:42'),
(2095, 1, '2020-06-01 11:08:47', '1 update data at2020-06-01 11:08:47'),
(2096, 1, '2020-06-01 12:49:44', '1 INSERT DATA AT2020-06-01 12:49:44'),
(2097, 1, '2020-06-01 12:49:44', '1 INSERT DATA AT2020-06-01 12:49:44'),
(2098, 1, '2020-06-01 12:49:44', '1 INSERT DATA AT2020-06-01 12:49:44'),
(2099, 1, '2020-06-01 12:49:44', '1 INSERT DATA AT2020-06-01 12:49:44'),
(2100, 1, '2020-06-01 12:49:44', '1 INSERT DATA AT2020-06-01 12:49:44'),
(2101, 1, '2020-06-01 12:49:44', '1 INSERT DATA AT2020-06-01 12:49:44'),
(2102, 1, '2020-06-01 12:49:44', '1 INSERT DATA AT2020-06-01 12:49:44'),
(2103, 1, '2020-06-01 12:49:44', '1 INSERT DATA AT2020-06-01 12:49:44'),
(2104, 1, '2020-06-01 12:49:44', '1 INSERT DATA AT2020-06-01 12:49:44'),
(2105, 1, '2020-06-01 12:49:56', '1 UPDATE DATA AT 2020-06-01 12:49:56'),
(2106, 1, '2020-05-18 13:35:55', '1 UPDATE DATA AT2020-05-18 13:35:55'),
(2107, 1, '2020-05-18 13:35:55', '1 UPDATE DATA AT2020-05-18 13:35:55'),
(2108, 1, '2020-05-18 13:35:55', '1 UPDATE DATA AT2020-05-18 13:35:55'),
(2109, 1, '2020-05-18 13:35:55', '1 UPDATE DATA AT2020-05-18 13:35:55'),
(2110, 1, '2020-05-18 20:22:36', '1 UPDATE DATA AT2020-05-18 20:22:36'),
(2111, 1, '2020-05-18 20:22:49', '1 UPDATE DATA AT2020-05-18 20:22:49'),
(2112, 1, '2020-05-18 20:23:18', '1 UPDATE DATA AT2020-05-18 20:23:18'),
(2113, 1, '2020-05-20 12:18:10', '1 UPDATE DATA AT2020-05-20 12:18:10'),
(2114, 1, '2020-05-20 12:19:09', '1 UPDATE DATA AT2020-05-20 12:19:09'),
(2115, 1, '2020-05-20 12:19:24', '1 UPDATE DATA AT2020-05-20 12:19:24'),
(2116, 1, '2020-05-20 12:19:47', '1 UPDATE DATA AT2020-05-20 12:19:47'),
(2117, 1, '2020-05-20 12:20:08', '1 UPDATE DATA AT2020-05-20 12:20:08'),
(2118, 1, '2020-05-20 12:20:46', '1 UPDATE DATA AT2020-05-20 12:20:46'),
(2119, 1, '2020-05-20 12:21:04', '1 UPDATE DATA AT2020-05-20 12:21:04'),
(2120, 1, '2020-05-20 12:21:56', '1 UPDATE DATA AT2020-05-20 12:21:56'),
(2121, 1, '2020-05-20 12:22:44', '1 UPDATE DATA AT2020-05-20 12:22:44'),
(2122, 1, '2020-05-20 12:23:45', '1 UPDATE DATA AT2020-05-20 12:23:45'),
(2123, 1, '2020-05-22 10:48:43', '1 UPDATE DATA AT2020-05-22 10:48:43'),
(2124, 1, '2020-05-22 10:48:57', '1 UPDATE DATA AT2020-05-22 10:48:57'),
(2125, 1, '2020-05-22 13:32:43', '1 UPDATE DATA AT2020-05-22 13:32:43'),
(2126, 1, '2020-05-26 18:21:35', '1 UPDATE DATA AT2020-05-26 18:21:35'),
(2127, 1, '2020-05-26 18:22:12', '1 UPDATE DATA AT2020-05-26 18:22:12'),
(2128, 1, '2020-05-26 18:22:24', '1 UPDATE DATA AT2020-05-26 18:22:24'),
(2129, 1, '2020-05-26 07:43:11', '1 UPDATE DATA AT2020-05-26 07:43:11'),
(2130, 1, '2020-06-01 12:49:44', '1 UPDATE DATA AT2020-06-01 12:49:44'),
(2131, 1, '2020-05-18 13:35:55', '1 UPDATE DATA AT2020-05-18 13:35:55'),
(2132, 1, '2020-05-18 13:35:55', '1 UPDATE DATA AT2020-05-18 13:35:55'),
(2133, 1, '2020-05-18 13:35:55', '1 UPDATE DATA AT2020-05-18 13:35:55'),
(2134, 1, '2020-05-18 13:35:55', '1 UPDATE DATA AT2020-05-18 13:35:55');
INSERT INTO `log_all` (`ID_LOG_ALL`, `ID_USER`, `LOG_DATE`, `LOG`) VALUES
(2135, 1, '2020-05-18 20:22:36', '1 UPDATE DATA AT2020-05-18 20:22:36'),
(2136, 1, '2020-05-18 20:22:49', '1 UPDATE DATA AT2020-05-18 20:22:49'),
(2137, 1, '2020-05-18 20:23:18', '1 UPDATE DATA AT2020-05-18 20:23:18'),
(2138, 1, '2020-05-20 12:18:10', '1 UPDATE DATA AT2020-05-20 12:18:10'),
(2139, 1, '2020-05-20 12:19:09', '1 UPDATE DATA AT2020-05-20 12:19:09'),
(2140, 1, '2020-05-20 12:19:24', '1 UPDATE DATA AT2020-05-20 12:19:24'),
(2141, 1, '2020-05-20 12:19:47', '1 UPDATE DATA AT2020-05-20 12:19:47'),
(2142, 1, '2020-05-20 12:20:08', '1 UPDATE DATA AT2020-05-20 12:20:08'),
(2143, 1, '2020-05-20 12:20:46', '1 UPDATE DATA AT2020-05-20 12:20:46'),
(2144, 1, '2020-05-20 12:21:04', '1 UPDATE DATA AT2020-05-20 12:21:04'),
(2145, 1, '2020-05-20 12:21:56', '1 UPDATE DATA AT2020-05-20 12:21:56'),
(2146, 1, '2020-05-20 12:22:44', '1 UPDATE DATA AT2020-05-20 12:22:44'),
(2147, 1, '2020-05-20 12:23:45', '1 UPDATE DATA AT2020-05-20 12:23:45'),
(2148, 1, '2020-05-22 10:48:43', '1 UPDATE DATA AT2020-05-22 10:48:43'),
(2149, 1, '2020-05-22 10:48:57', '1 UPDATE DATA AT2020-05-22 10:48:57'),
(2150, 1, '2020-05-22 13:32:43', '1 UPDATE DATA AT2020-05-22 13:32:43'),
(2151, 1, '2020-05-26 18:21:35', '1 UPDATE DATA AT2020-05-26 18:21:35'),
(2152, 1, '2020-05-26 18:22:12', '1 UPDATE DATA AT2020-05-26 18:22:12'),
(2153, 1, '2020-05-26 18:22:24', '1 UPDATE DATA AT2020-05-26 18:22:24'),
(2154, 1, '2020-05-26 07:43:11', '1 UPDATE DATA AT2020-05-26 07:43:11'),
(2155, 1, '2020-06-01 12:49:44', '1 UPDATE DATA AT2020-06-01 12:49:44'),
(2156, 1, '2020-06-03 08:50:43', '1 UPDATE DATA AT2020-06-03 08:50:43'),
(2157, 1, '2020-06-03 10:00:13', '1 UPDATE DATA AT2020-06-03 10:00:13'),
(2158, 1, '2020-06-03 10:00:37', '1 INSERT DATA AT2020-06-03 10:00:37'),
(2159, 1, '2020-06-03 10:00:37', '1 INSERT DATA AT2020-06-03 10:00:37'),
(2160, 1, '2020-06-03 10:00:37', '1 INSERT DATA AT2020-06-03 10:00:37'),
(2161, 1, '2020-06-03 10:00:37', '1 INSERT DATA AT2020-06-03 10:00:37'),
(2162, 1, '2020-06-03 10:00:37', '1 INSERT DATA AT2020-06-03 10:00:37'),
(2163, 1, '2020-06-03 10:00:37', '1 INSERT DATA AT2020-06-03 10:00:37'),
(2164, 1, '2020-06-03 10:00:37', '1 INSERT DATA AT2020-06-03 10:00:37'),
(2165, 1, '2020-06-03 10:00:37', '1 INSERT DATA AT2020-06-03 10:00:37'),
(2166, 1, '2020-06-03 10:00:37', '1 INSERT DATA AT2020-06-03 10:00:37'),
(2167, 1, '2020-06-03 10:00:50', '1 UPDATE DATA AT 2020-06-03 10:00:50'),
(2168, 1, '2020-05-18 13:35:55', '1 UPDATE DATA AT2020-05-18 13:35:55'),
(2169, 1, '2020-05-18 13:35:55', '1 UPDATE DATA AT2020-05-18 13:35:55'),
(2170, 1, '2020-05-18 13:35:55', '1 UPDATE DATA AT2020-05-18 13:35:55'),
(2171, 1, '2020-05-18 13:35:55', '1 UPDATE DATA AT2020-05-18 13:35:55'),
(2172, 1, '2020-05-18 20:22:36', '1 UPDATE DATA AT2020-05-18 20:22:36'),
(2173, 1, '2020-05-18 20:22:49', '1 UPDATE DATA AT2020-05-18 20:22:49'),
(2174, 1, '2020-05-18 20:23:18', '1 UPDATE DATA AT2020-05-18 20:23:18'),
(2175, 1, '2020-05-20 12:18:10', '1 UPDATE DATA AT2020-05-20 12:18:10'),
(2176, 1, '2020-05-20 12:19:09', '1 UPDATE DATA AT2020-05-20 12:19:09'),
(2177, 1, '2020-05-20 12:19:24', '1 UPDATE DATA AT2020-05-20 12:19:24'),
(2178, 1, '2020-05-20 12:19:47', '1 UPDATE DATA AT2020-05-20 12:19:47'),
(2179, 1, '2020-05-20 12:20:08', '1 UPDATE DATA AT2020-05-20 12:20:08'),
(2180, 1, '2020-05-20 12:20:46', '1 UPDATE DATA AT2020-05-20 12:20:46'),
(2181, 1, '2020-05-20 12:21:04', '1 UPDATE DATA AT2020-05-20 12:21:04'),
(2182, 1, '2020-05-20 12:21:56', '1 UPDATE DATA AT2020-05-20 12:21:56'),
(2183, 1, '2020-05-20 12:22:44', '1 UPDATE DATA AT2020-05-20 12:22:44'),
(2184, 1, '2020-05-20 12:23:45', '1 UPDATE DATA AT2020-05-20 12:23:45'),
(2185, 1, '2020-05-22 10:48:43', '1 UPDATE DATA AT2020-05-22 10:48:43'),
(2186, 1, '2020-05-22 10:48:57', '1 UPDATE DATA AT2020-05-22 10:48:57'),
(2187, 1, '2020-05-22 13:32:43', '1 UPDATE DATA AT2020-05-22 13:32:43'),
(2188, 1, '2020-05-26 18:21:35', '1 UPDATE DATA AT2020-05-26 18:21:35'),
(2189, 1, '2020-05-26 18:22:12', '1 UPDATE DATA AT2020-05-26 18:22:12'),
(2190, 1, '2020-05-26 18:22:24', '1 UPDATE DATA AT2020-05-26 18:22:24'),
(2191, 1, '2020-05-26 07:43:11', '1 UPDATE DATA AT2020-05-26 07:43:11'),
(2192, 1, '2020-06-01 12:49:44', '1 UPDATE DATA AT2020-06-01 12:49:44'),
(2193, 1, '2020-06-03 10:00:37', '1 UPDATE DATA AT2020-06-03 10:00:37'),
(2194, 1, '2020-05-18 13:35:55', '1 UPDATE DATA AT2020-05-18 13:35:55'),
(2195, 1, '2020-05-18 13:35:55', '1 UPDATE DATA AT2020-05-18 13:35:55'),
(2196, 1, '2020-05-18 13:35:55', '1 UPDATE DATA AT2020-05-18 13:35:55'),
(2197, 1, '2020-05-18 13:35:55', '1 UPDATE DATA AT2020-05-18 13:35:55'),
(2198, 1, '2020-05-18 20:22:36', '1 UPDATE DATA AT2020-05-18 20:22:36'),
(2199, 1, '2020-05-18 20:22:49', '1 UPDATE DATA AT2020-05-18 20:22:49'),
(2200, 1, '2020-05-18 20:23:18', '1 UPDATE DATA AT2020-05-18 20:23:18'),
(2201, 1, '2020-05-20 12:18:10', '1 UPDATE DATA AT2020-05-20 12:18:10'),
(2202, 1, '2020-05-20 12:19:09', '1 UPDATE DATA AT2020-05-20 12:19:09'),
(2203, 1, '2020-05-20 12:19:24', '1 UPDATE DATA AT2020-05-20 12:19:24'),
(2204, 1, '2020-05-20 12:19:47', '1 UPDATE DATA AT2020-05-20 12:19:47'),
(2205, 1, '2020-05-20 12:20:08', '1 UPDATE DATA AT2020-05-20 12:20:08'),
(2206, 1, '2020-05-20 12:20:46', '1 UPDATE DATA AT2020-05-20 12:20:46'),
(2207, 1, '2020-05-20 12:21:04', '1 UPDATE DATA AT2020-05-20 12:21:04'),
(2208, 1, '2020-05-20 12:21:56', '1 UPDATE DATA AT2020-05-20 12:21:56'),
(2209, 1, '2020-05-20 12:22:44', '1 UPDATE DATA AT2020-05-20 12:22:44'),
(2210, 1, '2020-05-20 12:23:45', '1 UPDATE DATA AT2020-05-20 12:23:45'),
(2211, 1, '2020-05-22 10:48:43', '1 UPDATE DATA AT2020-05-22 10:48:43'),
(2212, 1, '2020-05-22 10:48:57', '1 UPDATE DATA AT2020-05-22 10:48:57'),
(2213, 1, '2020-05-22 13:32:43', '1 UPDATE DATA AT2020-05-22 13:32:43'),
(2214, 1, '2020-05-26 18:21:35', '1 UPDATE DATA AT2020-05-26 18:21:35'),
(2215, 1, '2020-05-26 18:22:12', '1 UPDATE DATA AT2020-05-26 18:22:12'),
(2216, 1, '2020-05-26 18:22:24', '1 UPDATE DATA AT2020-05-26 18:22:24'),
(2217, 1, '2020-05-26 07:43:11', '1 UPDATE DATA AT2020-05-26 07:43:11'),
(2218, 1, '2020-06-01 12:49:44', '1 UPDATE DATA AT2020-06-01 12:49:44'),
(2219, 1, '2020-06-03 10:00:37', '1 UPDATE DATA AT2020-06-03 10:00:37'),
(2220, 1, '2020-06-03 10:10:40', '1 insert data at2020-06-03 10:10:40'),
(2221, 1, '2020-06-03 10:10:57', '1 insert data at2020-06-03 10:10:57'),
(2222, 1, '2020-06-03 10:10:57', '1 insert data at2020-06-03 10:10:57'),
(2223, 1, '2020-06-03 10:10:57', '1 insert data at2020-06-03 10:10:57'),
(2224, 1, '2020-06-03 10:10:57', '1 insert data at2020-06-03 10:10:57'),
(2225, 1, '2020-06-03 10:10:57', '1 insert data at2020-06-03 10:10:57'),
(2226, 1, '2020-06-03 10:10:57', '1 insert data at2020-06-03 10:10:57'),
(2227, 1, '2020-06-03 10:10:57', '1 insert data at2020-06-03 10:10:57'),
(2228, 1, '2020-06-03 10:10:57', '1 insert data at2020-06-03 10:10:57'),
(2229, 1, '2020-06-03 10:10:57', '1 insert data at2020-06-03 10:10:57'),
(2230, 1, '2020-06-03 10:10:57', '1 insert data at2020-06-03 10:10:57'),
(2231, 1, '2020-06-03 10:10:57', '1 insert data at2020-06-03 10:10:57'),
(2232, 1, '2020-06-03 10:10:57', '1 insert data at2020-06-03 10:10:57'),
(2233, 1, '2020-06-03 10:10:57', '1 insert data at2020-06-03 10:10:57'),
(2234, 1, '2020-06-03 10:10:57', '1 insert data at2020-06-03 10:10:57'),
(2235, 1, '2020-06-03 10:10:57', '1 insert data at2020-06-03 10:10:57'),
(2236, 1, '2020-06-03 10:10:57', '1 insert data at2020-06-03 10:10:57'),
(2237, 1, '2020-06-03 10:10:57', '1 insert data at2020-06-03 10:10:57'),
(2238, 1, '2020-06-03 10:10:57', '1 insert data at2020-06-03 10:10:57'),
(2239, 1, '2020-06-03 10:10:57', '1 insert data at2020-06-03 10:10:57'),
(2240, 1, '2020-06-03 10:10:57', '1 insert data at2020-06-03 10:10:57'),
(2241, 1, '2020-06-03 10:10:57', '1 insert data at2020-06-03 10:10:57'),
(2242, 1, '2020-06-03 10:10:57', '1 insert data at2020-06-03 10:10:57'),
(2243, 1, '2020-06-03 10:10:57', '1 insert data at2020-06-03 10:10:57'),
(2244, 1, '2020-06-03 10:13:29', '1 UPDATE DATA AT2020-06-03 10:13:29'),
(2245, 1, '2020-06-03 10:13:29', '1 UPDATE DATA AT2020-06-03 10:13:29'),
(2246, 1, '0000-00-00 00:00:00', '1 UPDATE DATA AT0000-00-00 00:00:00'),
(2247, 1, '0000-00-00 00:00:00', '1 UPDATE DATA AT0000-00-00 00:00:00'),
(2248, 1, '0000-00-00 00:00:00', '1 UPDATE DATA AT0000-00-00 00:00:00'),
(2249, 1, '2020-06-03 10:15:08', '1 insert data at 2020-06-03 10:15:08'),
(2250, 1, '2020-06-03 10:15:08', '1 insert data at 2020-06-03 10:15:08'),
(2251, 1, '2020-06-03 10:15:24', '1 UPDATE DATA AT2020-06-03 10:15:24'),
(2252, 1, '2020-06-03 10:15:24', '1 UPDATE DATA AT2020-06-03 10:15:24'),
(2253, 1, '0000-00-00 00:00:00', '1 UPDATE DATA AT0000-00-00 00:00:00'),
(2254, 1, '0000-00-00 00:00:00', '1 UPDATE DATA AT0000-00-00 00:00:00'),
(2255, 1, '0000-00-00 00:00:00', '1 UPDATE DATA AT0000-00-00 00:00:00'),
(2256, 1, '2020-06-03 10:15:42', '1 UPDATE DATA AT2020-06-03 10:15:42'),
(2257, 1, '2020-06-03 10:15:42', '1 UPDATE DATA AT2020-06-03 10:15:42'),
(2258, 1, '0000-00-00 00:00:00', '1 UPDATE DATA AT0000-00-00 00:00:00'),
(2259, 1, '0000-00-00 00:00:00', '1 UPDATE DATA AT0000-00-00 00:00:00'),
(2260, 1, '0000-00-00 00:00:00', '1 UPDATE DATA AT0000-00-00 00:00:00'),
(2261, 1, '2020-06-03 10:16:46', '1 UPDATE DATA AT2020-06-03 10:16:46'),
(2262, 1, '2020-06-03 10:16:46', '1 UPDATE DATA AT2020-06-03 10:16:46'),
(2263, 1, '2020-06-03 10:16:46', '1 INSERT DATA AT2020-06-03 10:16:46'),
(2264, 1, '0000-00-00 00:00:00', '1 UPDATE DATA AT0000-00-00 00:00:00'),
(2265, 1, '0000-00-00 00:00:00', '1 UPDATE DATA AT0000-00-00 00:00:00'),
(2266, 1, '0000-00-00 00:00:00', '1 UPDATE DATA AT0000-00-00 00:00:00'),
(2267, 1, '2020-06-03 10:17:36', '1 INSERT DATA AT2020-06-03 10:17:36'),
(2268, 1, '2020-06-03 10:17:36', '1 INSERT DATA AT2020-06-03 10:17:36'),
(2269, 1, '2020-06-03 10:17:36', '1 INSERT DATA AT2020-06-03 10:17:36'),
(2270, 1, '2020-06-03 10:23:16', '1 UPDATE DATA AT2020-06-03 10:23:16'),
(2271, 1, '2020-06-03 10:23:16', '1 UPDATE DATA AT2020-06-03 10:23:16'),
(2272, 1, '2020-06-03 10:23:16', '1 UPDATE DATA AT2020-06-03 10:23:16'),
(2273, 1, '2020-06-03 10:23:16', '1 UPDATE DATA AT2020-06-03 10:23:16'),
(2274, 1, '2020-06-03 10:24:33', '1 UPDATE DATA AT2020-06-03 10:24:33'),
(2275, 1, '2020-06-03 10:24:33', '1 INSERT DATA AT2020-06-03 10:24:33'),
(2276, 1, '2020-06-03 10:24:33', '1 UPDATE DATA AT2020-06-03 10:24:33'),
(2277, 1, '2020-06-03 10:24:33', '1 UPDATE DATA AT2020-06-03 10:24:33'),
(2278, 1, '2020-06-03 10:24:33', '1 UPDATE DATA AT2020-06-03 10:24:33'),
(2279, 1, '2020-06-03 10:24:58', '1 insert data at2020-06-03 10:24:58'),
(2280, 1, '2020-06-03 10:24:59', '1 insert data at2020-06-03 10:24:59'),
(2281, 1, '2020-06-03 10:26:35', '1 insert data at2020-06-03 10:26:35'),
(2282, 1, '2020-06-03 10:26:35', '1 insert data at2020-06-03 10:26:35'),
(2283, 1, '2020-06-03 10:26:35', '1 insert data at2020-06-03 10:26:35'),
(2284, 1, '2020-06-03 01:14:31', '1 update data at2020-06-03 01:14:31'),
(2285, 1, '2020-06-03 01:14:32', '1 update data at2020-06-03 01:14:32'),
(2286, 1, '2020-06-03 01:14:32', '1 update data at2020-06-03 01:14:32'),
(2287, 1, '2020-06-03 01:30:48', '1 update data at2020-06-03 01:30:48'),
(2288, 1, '2020-06-03 01:30:48', '1 update data at2020-06-03 01:30:48'),
(2289, 1, '2020-06-03 01:30:48', '1 update data at2020-06-03 01:30:48'),
(2290, 1, '2020-06-03 01:43:56', '1 update data at2020-06-03 01:43:56'),
(2291, 1, '2020-06-03 01:43:56', '1 update data at2020-06-03 01:43:56'),
(2292, 1, '2020-06-03 01:43:56', '1 update data at2020-06-03 01:43:56'),
(2293, 1, '2020-06-03 10:10:57', '1 update data at2020-06-03 10:10:57'),
(2294, 1, '2020-06-03 10:10:57', '1 update data at2020-06-03 10:10:57'),
(2295, 1, '2020-06-03 10:10:57', '1 update data at2020-06-03 10:10:57'),
(2296, 1, '2020-06-03 10:10:57', '1 update data at2020-06-03 10:10:57'),
(2297, 1, '2020-06-03 10:10:57', '1 update data at2020-06-03 10:10:57'),
(2298, 1, '2020-06-03 10:10:57', '1 update data at2020-06-03 10:10:57'),
(2299, 1, '2020-06-03 10:10:57', '1 update data at2020-06-03 10:10:57'),
(2300, 1, '2020-06-03 10:10:57', '1 update data at2020-06-03 10:10:57'),
(2301, 1, '2020-06-03 10:10:57', '1 update data at2020-06-03 10:10:57'),
(2302, 1, '2020-06-03 10:10:57', '1 update data at2020-06-03 10:10:57'),
(2303, 1, '2020-06-03 10:10:57', '1 update data at2020-06-03 10:10:57'),
(2304, 1, '2020-06-03 10:10:57', '1 update data at2020-06-03 10:10:57'),
(2305, 1, '2020-06-03 10:10:57', '1 update data at2020-06-03 10:10:57'),
(2306, 1, '2020-06-03 10:10:57', '1 update data at2020-06-03 10:10:57'),
(2307, 1, '2020-06-03 10:10:57', '1 update data at2020-06-03 10:10:57'),
(2308, 1, '2020-06-03 10:10:57', '1 update data at2020-06-03 10:10:57'),
(2309, 1, '2020-06-03 10:10:57', '1 update data at2020-06-03 10:10:57'),
(2310, 1, '2020-06-03 10:10:57', '1 update data at2020-06-03 10:10:57'),
(2311, 1, '2020-06-03 10:10:57', '1 update data at2020-06-03 10:10:57'),
(2312, 1, '2020-06-03 10:10:57', '1 update data at2020-06-03 10:10:57'),
(2313, 1, '2020-06-03 10:10:57', '1 update data at2020-06-03 10:10:57'),
(2314, 1, '2020-06-03 10:10:57', '1 update data at2020-06-03 10:10:57'),
(2315, 1, '2020-06-03 10:24:59', '1 update data at2020-06-03 10:24:59'),
(2316, 1, '2020-06-03 01:43:56', '1 update data at2020-06-03 01:43:56'),
(2317, 1, '2020-06-03 01:43:56', '1 update data at2020-06-03 01:43:56'),
(2318, 1, '2020-06-03 01:48:46', '1 update data at2020-06-03 01:48:46'),
(2319, 1, '2020-06-03 01:48:47', '1 update data at2020-06-03 01:48:47'),
(2320, 1, '2020-06-03 01:48:47', '1 update data at2020-06-03 01:48:47'),
(2321, 1, '2020-06-03 01:48:53', '1 update data at2020-06-03 01:48:53'),
(2322, 1, '2020-06-03 01:48:53', '1 update data at2020-06-03 01:48:53'),
(2323, 1, '2020-06-03 01:48:53', '1 update data at2020-06-03 01:48:53'),
(2324, 1, '2020-06-03 02:05:31', '1 update data at2020-06-03 02:05:31'),
(2325, 1, '2020-06-03 02:09:10', '1 INSERT DATA AT2020-06-03 02:09:10'),
(2326, 1, '0000-00-00 00:00:00', '1 INSERT DATA AT0000-00-00 00:00:00'),
(2327, 1, '0000-00-00 00:00:00', '1 INSERT DATA AT0000-00-00 00:00:00'),
(2328, 1, '2020-06-03 02:10:22', '1 INSERT DATA AT2020-06-03 02:10:22'),
(2329, 1, '2020-06-03 02:10:22', '1 INSERT DATA AT2020-06-03 02:10:22'),
(2330, 1, '0000-00-00 00:00:00', '1 INSERT DATA AT0000-00-00 00:00:00'),
(2331, 1, '2020-06-03 02:10:35', '1 UPDATE DATA AT2020-06-03 02:10:35'),
(2332, 1, '2020-06-03 02:10:35', '1 UPDATE DATA AT2020-06-03 02:10:35'),
(2333, 1, '0000-00-00 00:00:00', '1 UPDATE DATA AT0000-00-00 00:00:00'),
(2334, 1, '2020-06-03 02:10:40', '1 UPDATE DATA AT2020-06-03 02:10:40'),
(2335, 1, '2020-06-03 02:10:41', '1 UPDATE DATA AT2020-06-03 02:10:41'),
(2336, 1, '0000-00-00 00:00:00', '1 UPDATE DATA AT0000-00-00 00:00:00'),
(2337, 1, '2020-06-03 02:10:48', '1 UPDATE DATA AT2020-06-03 02:10:48'),
(2338, 1, '2020-06-03 02:10:48', '1 UPDATE DATA AT2020-06-03 02:10:48'),
(2339, 1, '0000-00-00 00:00:00', '1 UPDATE DATA AT0000-00-00 00:00:00'),
(2340, 1, '2020-06-04 12:36:36', '1 UPDATE DATA AT2020-06-04 12:36:36'),
(2341, 1, '2020-06-04 12:36:36', '1 INSERT DATA AT2020-06-04 12:36:36'),
(2342, 1, '0000-00-00 00:00:00', '1 UPDATE DATA AT0000-00-00 00:00:00'),
(2343, 1, '0000-00-00 00:00:00', '1 UPDATE DATA AT0000-00-00 00:00:00'),
(2344, 1, '2020-06-04 12:37:08', '1 INSERT DATA AT2020-06-04 12:37:08'),
(2346, 1, '2020-06-04 12:49:35', '1 INSERT DATA AT2020-06-04 12:49:35'),
(2349, 1, '2020-05-22 14:32:59', '1 UPDATE DATA AT2020-05-22 14:32:59'),
(2350, 1, '2020-05-22 14:33:07', '1 UPDATE DATA AT2020-05-22 14:33:07'),
(2351, 1, '2020-05-22 14:33:14', '1 UPDATE DATA AT2020-05-22 14:33:14'),
(2352, 1, '2020-06-04 01:56:38', '1 INSERT DATA AT2020-06-04 01:56:38'),
(2353, 1, '2020-06-04 01:56:38', '1 insert data at2020-06-04 01:56:38'),
(2354, 1, '2020-05-29 03:33:59', '1 update data at 2020-05-29 03:33:59'),
(2355, 1, '2020-06-04 02:13:30', '1 UPDATE DATA AT2020-06-04 02:13:30'),
(2356, 1, '2020-06-04 02:13:30', '1 update data at2020-06-04 02:13:30'),
(2357, 1, '2020-05-29 03:33:59', '1 update data at 2020-05-29 03:33:59'),
(2358, 1, '2020-06-04 02:49:11', '1 insert data at2020-06-04 02:49:11'),
(2359, 1, '2020-06-04 02:49:11', '1 insert data at2020-06-04 02:49:11'),
(2360, 1, '2020-05-29 03:33:59', '1 update data at 2020-05-29 03:33:59'),
(2361, 1, '2020-06-04 02:49:43', '1 update data at2020-06-04 02:49:43'),
(2362, 1, '2020-06-04 02:49:44', '1 update data at2020-06-04 02:49:44'),
(2363, 1, '2020-05-29 03:33:59', '1 update data at 2020-05-29 03:33:59'),
(2364, 1, '2020-06-04 02:49:51', '1 update data at2020-06-04 02:49:51'),
(2365, 1, '2020-06-04 02:49:51', '1 update data at2020-06-04 02:49:51'),
(2366, 1, '2020-05-29 03:33:59', '1 update data at 2020-05-29 03:33:59'),
(2367, 1, '2020-06-04 03:00:21', '1 INSERT DATA AT2020-06-04 03:00:21'),
(2369, 1, '2020-06-04 03:01:53', '1 INSERT DATA AT2020-06-04 03:01:53'),
(2370, 1, '2020-06-04 03:01:53', '1 insert data at2020-06-04 03:01:53'),
(2371, 1, '2020-06-04 03:04:06', '1 INSERT DATA AT2020-06-04 03:04:06'),
(2372, 1, '2020-06-04 03:04:06', '1 insert data at2020-06-04 03:04:06'),
(2373, 1, '2020-06-04 03:06:43', '1 insert data at 2020-06-04 03:06:43'),
(2374, 1, '2020-06-04 03:06:52', '1 insert data at 2020-06-04 03:06:52'),
(2375, 1, '2020-06-04 03:07:43', '1 INSERT DATA AT2020-06-04 03:07:43'),
(2376, 1, '2020-06-04 03:07:43', '1 insert data at2020-06-04 03:07:43'),
(2377, 1, '2020-06-04 03:06:43', '1 update data at 2020-06-04 03:06:43'),
(2378, 1, '2020-06-04 03:08:11', '1 UPDATE DATA AT2020-06-04 03:08:11'),
(2379, 1, '2020-06-04 03:08:11', '1 update data at2020-06-04 03:08:11'),
(2380, 1, '2020-05-29 03:33:59', '1 update data at 2020-05-29 03:33:59'),
(2381, 1, '2020-06-04 03:08:29', '1 UPDATE DATA AT2020-06-04 03:08:29'),
(2382, 1, '2020-06-04 03:08:29', '1 update data at2020-06-04 03:08:29'),
(2383, 1, '2020-05-29 03:33:59', '1 update data at 2020-05-29 03:33:59'),
(2384, 1, '2020-06-04 03:14:57', '1 UPDATE DATA AT2020-06-04 03:14:57'),
(2385, 1, '2020-06-04 03:14:57', '1 update data at2020-06-04 03:14:57'),
(2386, 1, '2020-05-29 03:33:59', '1 update data at 2020-05-29 03:33:59'),
(2387, 1, '2020-06-04 03:15:31', '1 UPDATE DATA AT2020-06-04 03:15:31'),
(2388, 1, '2020-06-04 03:15:31', '1 update data at2020-06-04 03:15:31'),
(2389, 1, '2020-05-29 03:33:59', '1 update data at 2020-05-29 03:33:59'),
(2390, 1, '2020-06-04 03:17:00', '1 INSERT DATA AT2020-06-04 03:17:00'),
(2391, 1, '2020-06-04 03:17:00', '1 insert data at2020-06-04 03:17:00'),
(2392, 1, '2020-06-04 03:06:43', '1 update data at 2020-06-04 03:06:43'),
(2393, 1, '2020-06-04 03:17:17', '1 UPDATE DATA AT2020-06-04 03:17:17'),
(2395, 1, '2020-06-04 03:19:32', '1 UPDATE DATA AT2020-06-04 03:19:32'),
(2396, 1, '2020-06-04 03:19:32', '1 update data at2020-06-04 03:19:32'),
(2397, 1, '2020-06-04 03:06:43', '1 update data at 2020-06-04 03:06:43'),
(2398, 1, '2020-06-08 12:49:09', '1 INSERT DATA AT2020-06-08 12:49:09'),
(2399, 1, '2020-06-08 12:49:09', '1 insert data at2020-06-08 12:49:09'),
(2400, 1, '2020-06-08 12:52:19', '1 INSERT DATA AT2020-06-08 12:52:19'),
(2401, 1, '2020-06-08 12:52:19', '1 insert data at2020-06-08 12:52:19'),
(2402, 1, '2020-06-08 12:53:50', '1 INSERT DATA AT2020-06-08 12:53:50'),
(2403, 1, '2020-06-08 12:53:50', '1 insert data at2020-06-08 12:53:50'),
(2404, 1, '2020-06-08 12:54:15', '1 INSERT DATA AT2020-06-08 12:54:15'),
(2405, 1, '2020-06-08 12:54:15', '1 insert data at2020-06-08 12:54:15'),
(2406, 1, '2020-06-08 12:54:38', '1 INSERT DATA AT2020-06-08 12:54:38'),
(2407, 1, '2020-06-08 12:54:37', '1 insert data at2020-06-08 12:54:37'),
(2408, 1, '2020-06-08 12:54:38', '1 insert data at2020-06-08 12:54:38'),
(2409, 1, '2020-06-08 12:54:38', '1 insert data at2020-06-08 12:54:38'),
(2410, 1, '2020-06-08 12:54:59', '1 INSERT DATA AT2020-06-08 12:54:59'),
(2411, 1, '2020-06-08 12:54:59', '1 insert data at2020-06-08 12:54:59'),
(2412, 1, '2020-06-08 12:54:59', '1 insert data at2020-06-08 12:54:59'),
(2413, 1, '2020-06-08 12:54:59', '1 insert data at2020-06-08 12:54:59'),
(2414, 1, '2020-06-08 03:50:03', '1 INSERT DATA AT2020-06-08 03:50:03'),
(2415, 1, '2020-06-08 15:50:23', '1 update data at2020-06-08 15:50:23'),
(2416, 1, '2020-06-08 04:12:52', '1 INSERT DATA AT2020-06-08 04:12:52'),
(2417, 1, '2020-06-08 04:12:52', '1 insert data at2020-06-08 04:12:52'),
(2418, 1, '2020-06-08 04:13:48', '1 INSERT DATA AT2020-06-08 04:13:48'),
(2419, 1, '2020-06-08 04:13:59', '1 INSERT DATA AT2020-06-08 04:13:59'),
(2420, 1, '2020-06-08 04:14:11', '1 INSERT DATA AT2020-06-08 04:14:11'),
(2421, 1, '2020-06-08 04:14:44', '1 INSERT DATA AT2020-06-08 04:14:44'),
(2422, 1, '2020-06-08 04:15:16', '1 INSERT DATA AT2020-06-08 04:15:16'),
(2423, 1, '2020-06-08 04:16:10', '1 INSERT DATA AT2020-06-08 04:16:10'),
(2424, 1, '2020-06-08 04:16:17', '1 INSERT DATA AT2020-06-08 04:16:17'),
(2425, 1, '2020-06-08 04:16:24', '1 INSERT DATA AT2020-06-08 04:16:24'),
(2426, 1, '2020-06-08 04:16:30', '1 INSERT DATA AT2020-06-08 04:16:30'),
(2427, 1, '2020-06-08 04:16:59', '1 INSERT DATA AT2020-06-08 04:16:59'),
(2428, 1, '2020-06-08 04:17:37', '1 INSERT DATA AT2020-06-08 04:17:37'),
(2429, 1, '2020-06-08 04:17:45', '1 INSERT DATA AT2020-06-08 04:17:45'),
(2430, 1, '2020-06-08 04:17:54', '1 INSERT DATA AT2020-06-08 04:17:54'),
(2431, 1, '2020-06-08 04:18:16', '1 INSERT DATA AT2020-06-08 04:18:16'),
(2432, 1, '2020-06-08 04:18:59', '1 INSERT DATA AT2020-06-08 04:18:59'),
(2433, 1, '2020-06-08 04:19:59', '1 INSERT DATA AT2020-06-08 04:19:59'),
(2434, 1, '2020-06-08 04:20:15', '1 INSERT DATA AT2020-06-08 04:20:15'),
(2435, 1, '2020-06-08 04:22:09', '1 INSERT DATA AT2020-06-08 04:22:09'),
(2436, 1, '2020-06-08 04:22:09', '1 insert data at2020-06-08 04:22:09'),
(2437, 1, '2020-06-08 16:22:09', '1 update data at2020-06-08 16:22:09'),
(2438, 1, '2020-06-08 16:22:09', '1 update data at2020-06-08 16:22:09'),
(2439, 1, '2020-06-08 04:23:59', '1 INSERT DATA AT2020-06-08 04:23:59'),
(2440, 1, '2020-06-08 16:23:59', '1 update data at2020-06-08 16:23:59'),
(2441, 1, '2020-06-08 16:23:59', '1 insert data at2020-06-08 16:23:59'),
(2442, 1, '2020-06-08 04:26:42', '1 INSERT DATA AT2020-06-08 04:26:42'),
(2443, 1, '2020-06-08 04:26:42', '1 update data at2020-06-08 04:26:42'),
(2444, 1, '2020-06-08 16:26:42', '1 update data at2020-06-08 16:26:42'),
(2445, 1, '2020-06-08 16:26:42', '1 update data at2020-06-08 16:26:42');

-- --------------------------------------------------------

--
-- 表的结构 `mstr_barang`
--

CREATE TABLE `mstr_barang` (
  `id_pk_brg` int(11) NOT NULL,
  `brg_kode` varchar(50) DEFAULT NULL,
  `brg_nama` varchar(100) DEFAULT NULL,
  `brg_ket` varchar(200) DEFAULT NULL,
  `brg_minimal` double DEFAULT NULL,
  `brg_satuan` varchar(30) DEFAULT NULL,
  `brg_image` varchar(100) DEFAULT NULL,
  `brg_harga` int(11) DEFAULT NULL,
  `brg_status` varchar(15) DEFAULT NULL,
  `brg_create_date` datetime DEFAULT NULL,
  `brg_last_modified` datetime DEFAULT NULL,
  `id_create_data` int(11) DEFAULT NULL,
  `id_last_modified` int(11) DEFAULT NULL,
  `id_fk_brg_jenis` int(11) DEFAULT NULL,
  `id_fk_brg_merk` int(11) DEFAULT NULL
) ENGINE=InnoDB DEFAULT CHARSET=utf8mb4;

--
-- 转存表中的数据 `mstr_barang`
--

INSERT INTO `mstr_barang` (`id_pk_brg`, `brg_kode`, `brg_nama`, `brg_ket`, `brg_minimal`, `brg_satuan`, `brg_image`, `brg_harga`, `brg_status`, `brg_create_date`, `brg_last_modified`, `id_create_data`, `id_last_modified`, `id_fk_brg_jenis`, `id_fk_brg_merk`) VALUES
(1, 'kode', 'namabarang', 'ketrernagan', 10, 'pcs', '-', 12345678, 'AKTIF', '2020-05-31 07:06:53', '2020-05-31 07:07:59', 1, 1, 3, 86),
(2, 'kode2', 'namabarang2', 'keterangan', 11, 'pcs', '-', 1000000, 'AKTIF', '2020-05-31 07:41:39', '2020-05-31 07:42:20', 1, 1, 4, 88),
(3, '123', '123123', '123123', 1, '123', '-', 123, 'AKTIF', '2020-06-08 12:49:09', '2020-06-08 12:49:09', 1, 1, 4, 89),
(4, 'asdf', 'asdasdf', 'asdfasdf', 123, '123', '-', 123, 'AKTIF', '2020-06-08 12:52:19', '2020-06-08 12:52:19', 1, 1, 9, 90),
(5, '1234', '1234', '1234', 1234, '1234', '-', 1234, 'AKTIF', '2020-06-08 12:53:50', '2020-06-08 12:53:50', 1, 1, 4, 91),
(6, '1234', '1234', '1234', 1234, '1234', '-', 1234, 'AKTIF', '2020-06-08 12:54:15', '2020-06-08 12:54:15', 1, 1, 4, 92),
(7, '1234', '1234', '1234', 1234, '1234', '-', 1234, 'AKTIF', '2020-06-08 12:54:37', '2020-06-08 12:54:37', 1, 1, 4, 93),
(8, '123455555', '1234', '1234', 1234, '1234', '-', 1234, 'AKTIF', '2020-06-08 12:54:59', '2020-06-08 04:26:42', 1, 1, 4, 116),
(9, NULL, 'asdasdf44', NULL, NULL, NULL, NULL, NULL, 'aktif', '2020-06-08 04:12:52', '2020-06-08 04:12:52', 1, 1, NULL, NULL),
(10, NULL, 'asdasdf444', NULL, NULL, NULL, NULL, NULL, 'aktif', '2020-06-08 04:22:09', '2020-06-08 04:22:09', 1, 1, NULL, NULL);

--
-- 触发器 `mstr_barang`
--
DELIMITER $$
CREATE TRIGGER `trg_after_insert_barang` AFTER INSERT ON `mstr_barang` FOR EACH ROW begin
            set @id_user = new.id_last_modified;
            set @tgl_action = new.brg_last_modified;
            set @log_text = concat(new.id_last_modified,' ','insert data at' , new.brg_last_modified);
            call insert_log_all(@id_user,@tgl_action,@log_text,@id_log_all);
            
            insert into mstr_barang_log(executed_function,
            id_pk_brg,brg_kode,brg_nama,brg_ket,brg_minimal,brg_satuan,brg_image,brg_harga,brg_status,brg_create_date,brg_last_modified,id_create_data,id_last_modified,id_fk_brg_jenis,id_fk_brg_merk,id_log_all) values ('after insert',new.id_pk_brg,new.brg_kode,new.brg_nama,new.brg_ket,new.brg_minimal,new.brg_satuan,new.brg_image,new.brg_harga,new.brg_status,new.brg_create_date,new.brg_last_modified,new.id_create_data,new.id_last_modified,new.id_fk_brg_jenis,new.id_fk_brg_merk,@id_log_all);
        end
$$
DELIMITER ;
DELIMITER $$
CREATE TRIGGER `trg_after_update_barang` AFTER UPDATE ON `mstr_barang` FOR EACH ROW begin
            set @id_user = new.id_last_modified;
            set @tgl_action = new.brg_last_modified;
            set @log_text = concat(new.id_last_modified,' ','update data at' , new.brg_last_modified);
            call insert_log_all(@id_user,@tgl_action,@log_text,@id_log_all);
            
            insert into mstr_barang_log(executed_function,
            id_pk_brg,brg_kode,brg_nama,brg_ket,brg_minimal,brg_satuan,brg_image,brg_harga,brg_status,brg_create_date,brg_last_modified,id_create_data,id_last_modified,id_fk_brg_jenis,id_fk_brg_merk,id_log_all) values ('after update',new.id_pk_brg,new.brg_kode,new.brg_nama,new.brg_ket,new.brg_minimal,new.brg_satuan,new.brg_image,new.brg_harga,new.brg_status,new.brg_create_date,new.brg_last_modified,new.id_create_data,new.id_last_modified,new.id_fk_brg_jenis,new.id_fk_brg_merk,@id_log_all);
        end
$$
DELIMITER ;

-- --------------------------------------------------------

--
-- 表的结构 `mstr_barang_jenis`
--

CREATE TABLE `mstr_barang_jenis` (
  `ID_PK_BRG_JENIS` int(11) NOT NULL,
  `BRG_JENIS_NAMA` varchar(100) DEFAULT NULL,
  `BRG_JENIS_STATUS` varchar(15) DEFAULT NULL,
  `BRG_JENIS_CREATE_DATE` datetime DEFAULT NULL,
  `BRG_JENIS_LAST_MODIFIED` datetime DEFAULT NULL,
  `ID_CREATE_DATA` int(11) DEFAULT NULL,
  `ID_LAST_MODIFIED` int(11) DEFAULT NULL
) ENGINE=InnoDB DEFAULT CHARSET=utf8mb4;

--
-- 转存表中的数据 `mstr_barang_jenis`
--

INSERT INTO `mstr_barang_jenis` (`ID_PK_BRG_JENIS`, `BRG_JENIS_NAMA`, `BRG_JENIS_STATUS`, `BRG_JENIS_CREATE_DATE`, `BRG_JENIS_LAST_MODIFIED`, `ID_CREATE_DATA`, `ID_LAST_MODIFIED`) VALUES
(1, 'WEARPACK2', 'AKTIF', '2020-05-06 21:33:03', '2020-05-06 21:35:52', 1, 1),
(2, 'WEARPACK1', 'NONAKTIF', '2020-05-06 21:34:13', '2020-05-06 21:36:05', 1, 1),
(3, 'waerpack3', 'AKTIF', '2020-05-07 12:26:51', '2020-05-07 12:26:51', 1, 1),
(4, 'jenisbaru', 'AKTIF', '2020-05-08 10:48:06', '2020-05-08 10:48:06', 1, 1),
(5, 'jenibarang4', 'AKTIF', '2020-05-08 10:53:31', '2020-05-08 10:53:31', 1, 1),
(6, 'asdf', 'AKTIF', '2020-05-08 10:55:37', '2020-05-08 10:55:37', 1, 1),
(7, 'asdff', 'AKTIF', '2020-05-08 10:56:02', '2020-05-08 10:56:02', 1, 1),
(8, 'ffffff', 'NONAKTIF', '2020-05-08 10:59:39', '2020-05-08 11:11:17', 1, 1),
(9, 'WEARPACK2ffffff', 'AKTIF', '2020-05-08 12:08:10', '2020-05-08 12:08:10', 1, 1),
(10, 'gggg', 'AKTIF', '2020-05-08 15:57:11', '2020-05-08 15:57:11', 1, 1),
(11, 'ahahah2', 'AKTIF', '2020-05-08 15:58:36', '2020-05-11 11:37:35', 1, 1),
(12, 'norenore', 'AKTIF', '2020-05-08 15:59:05', '2020-05-08 15:59:05', 1, 1),
(13, 'fff', 'AKTIF', '2020-05-14 21:54:49', '2020-05-14 21:54:49', 1, 1),
(14, 'test', 'AKTIF', '2020-05-21 23:41:10', '2020-05-21 23:41:10', 1, 1),
(15, 'b', 'AKTIF', '2020-05-22 10:50:19', '2020-05-22 10:50:31', 1, 1),
(16, 'asdfasdfasdfasdf', 'AKTIF', '2020-05-26 08:11:44', '2020-05-26 08:11:44', 1, 1),
(17, 'JENIS BARANG 3', 'AKTIF', '2020-05-29 03:39:26', '2020-05-29 03:39:26', 1, 1),
(18, 'WEARPACK', 'AKTIF', '2020-05-29 03:39:52', '2020-05-29 03:39:52', 1, 1);

--
-- 触发器 `mstr_barang_jenis`
--
DELIMITER $$
CREATE TRIGGER `TRG_AFTER_INSERT_BARANG_JENIS` AFTER INSERT ON `mstr_barang_jenis` FOR EACH ROW BEGIN
    SET @ID_USER = NEW.ID_LAST_MODIFIED;
    SET @TGL_ACTION = NEW.BRG_JENIS_LAST_MODIFIED;
    SET @LOG_TEXT = CONCAT(NEW.ID_LAST_MODIFIED,' ','INSERT DATA AT' , NEW.BRG_JENIS_LAST_MODIFIED);
    CALL INSERT_LOG_ALL(@ID_USER,@TGL_ACTION,@LOG_TEXT,@ID_LOG_ALL);
    
    INSERT INTO MSTR_BARANG_JENIS_LOG(EXECUTED_FUNCTION,ID_PK_BRG_JENIS,BRG_JENIS_NAMA,BRG_JENIS_STATUS,BRG_JENIS_CREATE_DATE,BRG_JENIS_LAST_MODIFIED,ID_CREATE_DATA,ID_LAST_MODIFIED,ID_LOG_ALL) VALUES ('AFTER INSERT',NEW.ID_PK_BRG_JENIS,NEW.BRG_JENIS_NAMA,NEW.BRG_JENIS_STATUS,NEW.BRG_JENIS_CREATE_DATE,NEW.BRG_JENIS_LAST_MODIFIED,NEW.ID_CREATE_DATA,NEW.ID_LAST_MODIFIED,@ID_LOG_ALL);
END
$$
DELIMITER ;
DELIMITER $$
CREATE TRIGGER `TRG_AFTER_UPDATE_BARANG_JENIS` AFTER UPDATE ON `mstr_barang_jenis` FOR EACH ROW BEGIN
    SET @ID_USER = NEW.ID_LAST_MODIFIED;
    SET @TGL_ACTION = NEW.BRG_JENIS_LAST_MODIFIED;
    SET @LOG_TEXT = CONCAT(NEW.ID_LAST_MODIFIED,' ','UPDATE DATA AT' , NEW.BRG_JENIS_LAST_MODIFIED);
    CALL INSERT_LOG_ALL(@ID_USER,@TGL_ACTION,@LOG_TEXT,@ID_LOG_ALL);
    
    INSERT INTO MSTR_BARANG_JENIS_LOG(EXECUTED_FUNCTION,ID_PK_BRG_JENIS,BRG_JENIS_NAMA,BRG_JENIS_STATUS,BRG_JENIS_CREATE_DATE,BRG_JENIS_LAST_MODIFIED,ID_CREATE_DATA,ID_LAST_MODIFIED,ID_LOG_ALL) VALUES ('AFTER UPDATE',NEW.ID_PK_BRG_JENIS,NEW.BRG_JENIS_NAMA,NEW.BRG_JENIS_STATUS,NEW.BRG_JENIS_CREATE_DATE,NEW.BRG_JENIS_LAST_MODIFIED,NEW.ID_CREATE_DATA,NEW.ID_LAST_MODIFIED,@ID_LOG_ALL);
END
$$
DELIMITER ;

-- --------------------------------------------------------

--
-- 表的结构 `mstr_barang_jenis_log`
--

CREATE TABLE `mstr_barang_jenis_log` (
  `ID_PK_BRG_JENIS_LOG` int(11) NOT NULL,
  `EXECUTED_FUNCTION` varchar(20) DEFAULT NULL,
  `ID_PK_BRG_JENIS` int(11) DEFAULT NULL,
  `BRG_JENIS_NAMA` varchar(100) DEFAULT NULL,
  `BRG_JENIS_STATUS` varchar(15) DEFAULT NULL,
  `BRG_JENIS_CREATE_DATE` datetime DEFAULT NULL,
  `BRG_JENIS_LAST_MODIFIED` datetime DEFAULT NULL,
  `ID_CREATE_DATA` int(11) DEFAULT NULL,
  `ID_LAST_MODIFIED` int(11) DEFAULT NULL,
  `ID_LOG_ALL` int(11) DEFAULT NULL
) ENGINE=InnoDB DEFAULT CHARSET=utf8mb4;

--
-- 转存表中的数据 `mstr_barang_jenis_log`
--

INSERT INTO `mstr_barang_jenis_log` (`ID_PK_BRG_JENIS_LOG`, `EXECUTED_FUNCTION`, `ID_PK_BRG_JENIS`, `BRG_JENIS_NAMA`, `BRG_JENIS_STATUS`, `BRG_JENIS_CREATE_DATE`, `BRG_JENIS_LAST_MODIFIED`, `ID_CREATE_DATA`, `ID_LAST_MODIFIED`, `ID_LOG_ALL`) VALUES
(1, 'AFTER INSERT', 1, 'WEARPACK', 'AKTIF', '2020-05-06 21:33:03', '2020-05-06 21:33:03', 1, 1, 39),
(2, 'AFTER INSERT', 2, 'WEARPACK', 'AKTIF', '2020-05-06 21:34:13', '2020-05-06 21:34:13', 1, 1, 40),
(3, 'AFTER UPDATE', 1, 'WEARPACK2', 'AKTIF', '2020-05-06 21:33:03', '2020-05-06 21:35:52', 1, 1, 41),
(4, 'AFTER UPDATE', 2, 'WEARPACK1', 'AKTIF', '2020-05-06 21:34:13', '2020-05-06 21:35:58', 1, 1, 42),
(5, 'AFTER UPDATE', 2, 'WEARPACK1', 'NONAKTIF', '2020-05-06 21:34:13', '2020-05-06 21:36:05', 1, 1, 43),
(6, 'AFTER INSERT', 3, 'waerpack3', 'AKTIF', '2020-05-07 12:26:51', '2020-05-07 12:26:51', 1, 1, 49),
(7, 'AFTER INSERT', 4, 'jenisbaru', 'AKTIF', '2020-05-08 10:48:06', '2020-05-08 10:48:06', 1, 1, 57),
(8, 'AFTER INSERT', 5, 'jenibarang4', 'AKTIF', '2020-05-08 10:53:31', '2020-05-08 10:53:31', 1, 1, 60),
(9, 'AFTER INSERT', 6, 'asdf', 'AKTIF', '2020-05-08 10:55:37', '2020-05-08 10:55:37', 1, 1, 63),
(10, 'AFTER INSERT', 7, 'asdff', 'AKTIF', '2020-05-08 10:56:02', '2020-05-08 10:56:02', 1, 1, 66),
(11, 'AFTER INSERT', 8, 'ffffff', 'AKTIF', '2020-05-08 10:59:39', '2020-05-08 10:59:39', 1, 1, 69),
(12, 'AFTER UPDATE', 8, 'ffffff', 'NONAKTIF', '2020-05-08 10:59:39', '2020-05-08 11:11:17', 1, 1, 72),
(13, 'AFTER INSERT', 9, 'WEARPACK2ffffff', 'AKTIF', '2020-05-08 12:08:10', '2020-05-08 12:08:10', 1, 1, 73),
(14, 'AFTER INSERT', 10, 'gggg', 'AKTIF', '2020-05-08 15:57:11', '2020-05-08 15:57:11', 1, 1, 150),
(15, 'AFTER INSERT', 11, 'ahahah', 'AKTIF', '2020-05-08 15:58:36', '2020-05-08 15:58:36', 1, 1, 153),
(16, 'AFTER INSERT', 12, 'norenore', 'AKTIF', '2020-05-08 15:59:05', '2020-05-08 15:59:05', 1, 1, 158),
(17, 'AFTER UPDATE', 11, 'ahahah2', 'AKTIF', '2020-05-08 15:58:36', '2020-05-11 11:37:35', 1, 1, 162),
(18, 'AFTER INSERT', 13, 'fff', 'AKTIF', '2020-05-14 21:54:49', '2020-05-14 21:54:49', 1, 1, 559),
(19, 'AFTER INSERT', 14, 'test', 'AKTIF', '2020-05-21 23:41:10', '2020-05-21 23:41:10', 1, 1, 897),
(20, 'AFTER INSERT', 15, 'a', 'AKTIF', '2020-05-22 10:50:19', '2020-05-22 10:50:19', 1, 1, 987),
(21, 'AFTER UPDATE', 15, 'b', 'AKTIF', '2020-05-22 10:50:19', '2020-05-22 10:50:31', 1, 1, 988),
(22, 'AFTER INSERT', 16, 'asdfasdfasdfasdf', 'AKTIF', '2020-05-26 08:11:44', '2020-05-26 08:11:44', 1, 1, 1508),
(23, 'AFTER INSERT', 17, 'JENIS BARANG 3', 'AKTIF', '2020-05-29 03:39:26', '2020-05-29 03:39:26', 1, 1, 1564),
(24, 'AFTER INSERT', 18, 'WEARPACK', 'AKTIF', '2020-05-29 03:39:52', '2020-05-29 03:39:52', 1, 1, 1567);

-- --------------------------------------------------------

--
-- 表的结构 `mstr_barang_log`
--

CREATE TABLE `mstr_barang_log` (
  `id_pk_brg_log` int(11) NOT NULL,
  `executed_function` varchar(20) DEFAULT NULL,
  `id_pk_brg` int(11) DEFAULT NULL,
  `brg_kode` varchar(50) DEFAULT NULL,
  `brg_nama` varchar(100) DEFAULT NULL,
  `brg_ket` varchar(200) DEFAULT NULL,
  `brg_minimal` double DEFAULT NULL,
  `brg_satuan` varchar(30) DEFAULT NULL,
  `brg_image` varchar(100) DEFAULT NULL,
  `brg_harga` int(11) DEFAULT NULL,
  `brg_status` varchar(15) DEFAULT NULL,
  `brg_create_date` datetime DEFAULT NULL,
  `brg_last_modified` datetime DEFAULT NULL,
  `id_create_data` int(11) DEFAULT NULL,
  `id_last_modified` int(11) DEFAULT NULL,
  `id_fk_brg_jenis` int(11) DEFAULT NULL,
  `id_fk_brg_merk` int(11) DEFAULT NULL,
  `id_log_all` int(11) DEFAULT NULL
) ENGINE=InnoDB DEFAULT CHARSET=utf8mb4;

--
-- 转存表中的数据 `mstr_barang_log`
--

INSERT INTO `mstr_barang_log` (`id_pk_brg_log`, `executed_function`, `id_pk_brg`, `brg_kode`, `brg_nama`, `brg_ket`, `brg_minimal`, `brg_satuan`, `brg_image`, `brg_harga`, `brg_status`, `brg_create_date`, `brg_last_modified`, `id_create_data`, `id_last_modified`, `id_fk_brg_jenis`, `id_fk_brg_merk`, `id_log_all`) VALUES
(1, 'after insert', 1, 'kode', 'namabarang', 'ketrernagan', 10, 'pcs', '-', 123456, 'AKTIF', '2020-05-31 07:06:53', '2020-05-31 07:06:53', 1, 1, 3, 85, 1628),
(2, 'after update', 1, 'kode', 'namabarang', 'ketrernagan', 10, 'pcs', '-', 12345678, 'AKTIF', '2020-05-31 07:06:53', '2020-05-31 07:07:59', 1, 1, 3, 86, 1630),
(3, 'after insert', 2, 'kode2', 'namabarang', 'keterangan', 11, 'pcs', '-', 1000000, 'AKTIF', '2020-05-31 07:41:39', '2020-05-31 07:41:39', 1, 1, 4, 87, 1632),
(4, 'after update', 2, 'kode2', 'namabarang2', 'keterangan', 11, 'pcs', '-', 1000000, 'AKTIF', '2020-05-31 07:41:39', '2020-05-31 07:42:20', 1, 1, 4, 88, 1634),
(5, 'after insert', 3, '123', '123123', '123123', 1, '123', '-', 123, 'AKTIF', '2020-06-08 12:49:09', '2020-06-08 12:49:09', 1, 1, 4, 89, 2399),
(6, 'after insert', 4, 'asdf', 'asdasdf', 'asdfasdf', 123, '123', '-', 123, 'AKTIF', '2020-06-08 12:52:19', '2020-06-08 12:52:19', 1, 1, 9, 90, 2401),
(7, 'after insert', 5, '1234', '1234', '1234', 1234, '1234', '-', 1234, 'AKTIF', '2020-06-08 12:53:50', '2020-06-08 12:53:50', 1, 1, 4, 91, 2403),
(8, 'after insert', 6, '1234', '1234', '1234', 1234, '1234', '-', 1234, 'AKTIF', '2020-06-08 12:54:15', '2020-06-08 12:54:15', 1, 1, 4, 92, 2405),
(9, 'after insert', 7, '1234', '1234', '1234', 1234, '1234', '-', 1234, 'AKTIF', '2020-06-08 12:54:37', '2020-06-08 12:54:37', 1, 1, 4, 93, 2407),
(10, 'after insert', 8, '1234', '1234', '1234', 1234, '1234', '-', 1234, 'AKTIF', '2020-06-08 12:54:59', '2020-06-08 12:54:59', 1, 1, 4, 94, 2411),
(11, 'after insert', 9, NULL, 'asdasdf44', NULL, NULL, NULL, NULL, NULL, 'aktif', '2020-06-08 04:12:52', '2020-06-08 04:12:52', 1, 1, NULL, NULL, 2417),
(12, 'after insert', 10, NULL, 'asdasdf444', NULL, NULL, NULL, NULL, NULL, 'aktif', '2020-06-08 04:22:09', '2020-06-08 04:22:09', 1, 1, NULL, NULL, 2436),
(13, 'after update', 8, '123455555', '1234', '1234', 1234, '1234', '-', 1234, 'AKTIF', '2020-06-08 12:54:59', '2020-06-08 04:26:42', 1, 1, 4, 116, 2443);

-- --------------------------------------------------------

--
-- 表的结构 `mstr_barang_merk`
--

CREATE TABLE `mstr_barang_merk` (
  `ID_PK_BRG_MERK` int(11) NOT NULL,
  `BRG_MERK_NAMA` varchar(100) DEFAULT NULL,
  `BRG_MERK_STATUS` varchar(15) DEFAULT NULL,
  `BRG_MERK_CREATE_DATE` datetime DEFAULT NULL,
  `BRG_MERK_LAST_MODIFIED` datetime DEFAULT NULL,
  `ID_CREATE_DATA` int(11) DEFAULT NULL,
  `ID_LAST_MODIFIED` int(11) DEFAULT NULL
) ENGINE=InnoDB DEFAULT CHARSET=utf8mb4;

--
-- 转存表中的数据 `mstr_barang_merk`
--

INSERT INTO `mstr_barang_merk` (`ID_PK_BRG_MERK`, `BRG_MERK_NAMA`, `BRG_MERK_STATUS`, `BRG_MERK_CREATE_DATE`, `BRG_MERK_LAST_MODIFIED`, `ID_CREATE_DATA`, `ID_LAST_MODIFIED`) VALUES
(1, 'MERK123', 'NONAKTIF', '2020-05-06 22:29:18', '2020-05-06 22:30:22', 1, 1),
(2, 'MERK1', 'AKTIF', '2020-05-07 12:22:43', '2020-05-07 12:22:43', 1, 1),
(3, 'merk 3', 'AKTIF', '2020-05-07 12:27:04', '2020-05-07 12:27:04', 1, 1),
(4, 'merk 4', 'AKTIF', '2020-05-07 12:27:15', '2020-05-07 12:27:15', 1, 1),
(5, 'merekbaru', 'AKTIF', '2020-05-08 10:48:07', '2020-05-08 10:48:07', 1, 1),
(6, 'merkbarang4', 'AKTIF', '2020-05-08 10:53:31', '2020-05-08 10:53:31', 1, 1),
(7, 'asdf', 'AKTIF', '2020-05-08 10:55:37', '2020-05-08 10:55:37', 1, 1),
(8, 'asdf', 'AKTIF', '2020-05-08 10:56:02', '2020-05-08 10:56:02', 1, 1),
(9, 'ggggg', 'AKTIF', '2020-05-08 10:59:40', '2020-05-08 10:59:40', 1, 1),
(10, 'MERK1fffff', 'AKTIF', '2020-05-08 12:08:10', '2020-05-08 12:08:10', 1, 1),
(11, 'MERK1fffff', 'AKTIF', '2020-05-08 12:08:56', '2020-05-08 12:08:56', 1, 1),
(12, 'MERK1fffff', 'AKTIF', '2020-05-08 12:09:19', '2020-05-08 12:09:19', 1, 1),
(13, 'MERK1fffff', 'AKTIF', '2020-05-08 12:09:49', '2020-05-08 12:09:49', 1, 1),
(14, 'MERK1fffff', 'AKTIF', '2020-05-08 12:09:54', '2020-05-08 12:09:54', 1, 1),
(15, 'MERK1fffff', 'AKTIF', '2020-05-08 12:10:05', '2020-05-08 12:10:05', 1, 1),
(16, 'MERK1fffff', 'AKTIF', '2020-05-08 12:10:24', '2020-05-08 12:10:24', 1, 1),
(17, 'MERK1fffff', 'AKTIF', '2020-05-08 12:10:55', '2020-05-08 12:10:55', 1, 1),
(18, 'merk 3', 'AKTIF', '2020-05-08 12:11:26', '2020-05-08 12:11:26', 1, 1),
(19, 'merk 3', 'AKTIF', '2020-05-08 12:11:31', '2020-05-08 12:11:31', 1, 1),
(20, 'merk 3', 'AKTIF', '2020-05-08 12:11:45', '2020-05-08 12:11:45', 1, 1),
(21, 'merk 4', 'AKTIF', '2020-05-08 12:12:06', '2020-05-08 12:12:06', 1, 1),
(22, 'merk 3', 'AKTIF', '2020-05-08 12:13:03', '2020-05-08 12:13:03', 1, 1),
(23, 'merk 3', 'AKTIF', '2020-05-08 12:13:30', '2020-05-08 12:13:30', 1, 1),
(24, 'merk 3', 'AKTIF', '2020-05-08 12:13:31', '2020-05-08 12:13:31', 1, 1),
(25, 'merk 3', 'AKTIF', '2020-05-08 12:13:38', '2020-05-08 12:13:38', 1, 1),
(26, 'merk 3', 'AKTIF', '2020-05-08 12:13:39', '2020-05-08 12:13:39', 1, 1),
(27, 'merk 3', 'AKTIF', '2020-05-08 12:13:39', '2020-05-08 12:13:39', 1, 1),
(28, 'merk 3', 'AKTIF', '2020-05-08 12:13:54', '2020-05-08 12:13:54', 1, 1),
(29, 'merk 3', 'AKTIF', '2020-05-08 12:14:02', '2020-05-08 12:14:02', 1, 1),
(30, 'merk 3', 'AKTIF', '2020-05-08 12:14:20', '2020-05-08 12:14:20', 1, 1),
(31, 'merk 3', 'AKTIF', '2020-05-08 12:14:25', '2020-05-08 12:14:25', 1, 1),
(32, 'merk 3', 'AKTIF', '2020-05-08 12:14:56', '2020-05-08 12:14:56', 1, 1),
(33, 'merk 3', 'AKTIF', '2020-05-08 12:15:01', '2020-05-08 12:15:01', 1, 1),
(34, 'merk 3', 'AKTIF', '2020-05-08 12:15:29', '2020-05-08 12:15:29', 1, 1),
(35, 'merk 4', 'AKTIF', '2020-05-08 12:16:50', '2020-05-08 12:16:50', 1, 1),
(36, 'MERK1', 'AKTIF', '2020-05-08 12:17:14', '2020-05-08 12:17:14', 1, 1),
(37, 'MERK1', 'AKTIF', '2020-05-08 12:17:50', '2020-05-08 12:17:50', 1, 1),
(38, 'MERK1', 'AKTIF', '2020-05-08 12:18:11', '2020-05-08 12:18:11', 1, 1),
(39, 'MERK1', 'AKTIF', '2020-05-08 12:18:50', '2020-05-08 12:18:50', 1, 1),
(40, 'MERK1', 'AKTIF', '2020-05-08 12:20:08', '2020-05-08 12:20:08', 1, 1),
(41, 'MERK1', 'AKTIF', '2020-05-08 12:24:02', '2020-05-08 12:24:02', 1, 1),
(42, 'merk 4', 'AKTIF', '2020-05-08 15:43:47', '2020-05-08 15:43:47', 1, 1),
(43, 'merk 4', 'AKTIF', '2020-05-08 15:46:52', '2020-05-08 15:46:52', 1, 1),
(44, 'merk 4', 'AKTIF', '2020-05-08 15:47:40', '2020-05-08 15:47:40', 1, 1),
(45, 'merk 4', 'AKTIF', '2020-05-08 15:48:33', '2020-05-08 15:48:33', 1, 1),
(46, 'merk 4', 'AKTIF', '2020-05-08 15:48:41', '2020-05-08 15:48:41', 1, 1),
(47, 'merk 4', 'AKTIF', '2020-05-08 15:49:34', '2020-05-08 15:49:34', 1, 1),
(48, 'merk 4', 'AKTIF', '2020-05-08 15:51:28', '2020-05-08 15:51:28', 1, 1),
(49, 'merk 4', 'AKTIF', '2020-05-08 15:52:02', '2020-05-08 15:52:02', 1, 1),
(50, 'merk 4', 'AKTIF', '2020-05-08 15:52:10', '2020-05-08 15:52:10', 1, 1),
(51, 'merk 4', 'AKTIF', '2020-05-08 15:52:45', '2020-05-08 15:52:45', 1, 1),
(52, 'merk 4', 'AKTIF', '2020-05-08 15:53:35', '2020-05-08 15:53:35', 1, 1),
(53, 'merk 4', 'AKTIF', '2020-05-08 15:53:41', '2020-05-08 15:53:41', 1, 1),
(54, 'merk 4', 'AKTIF', '2020-05-08 15:53:46', '2020-05-08 15:53:46', 1, 1),
(55, 'merk 4', 'AKTIF', '2020-05-08 15:54:10', '2020-05-08 15:54:10', 1, 1),
(56, 'asdf', 'AKTIF', '2020-05-08 15:54:57', '2020-05-08 15:54:57', 1, 1),
(57, 'MERK1fffff', 'AKTIF', '2020-05-08 15:56:52', '2020-05-08 15:56:52', 1, 1),
(58, 'gg', 'AKTIF', '2020-05-08 15:57:11', '2020-05-08 15:57:11', 1, 1),
(59, 'ahahaha', 'AKTIF', '2020-05-08 15:58:36', '2020-05-08 15:58:36', 1, 1),
(60, 'asdfewfwe', 'NONAKTIF', '2020-05-08 15:58:45', '2020-05-11 11:39:07', 1, 1),
(61, 'norenore', 'AKTIF', '2020-05-08 15:59:06', '2020-05-08 15:59:06', 1, 1),
(62, 'wefawefawef', 'AKTIF', '2020-05-14 21:54:49', '2020-05-14 21:54:49', 1, 1),
(63, 'ets', 'AKTIF', '2020-05-21 23:41:10', '2020-05-21 23:41:10', 1, 1),
(64, 'merk 4', 'AKTIF', '2020-05-22 09:50:12', '2020-05-22 09:50:12', 1, 1),
(65, 'merk 4', 'AKTIF', '2020-05-22 09:51:32', '2020-05-22 09:51:32', 1, 1),
(66, 'merk 4', 'AKTIF', '2020-05-22 09:51:53', '2020-05-22 09:51:53', 1, 1),
(67, 'merk 4', 'AKTIF', '2020-05-22 09:52:09', '2020-05-22 09:52:09', 1, 1),
(68, 'merk 4', 'AKTIF', '2020-05-22 09:52:25', '2020-05-22 09:52:25', 1, 1),
(69, 'merk 4', 'AKTIF', '2020-05-22 09:53:20', '2020-05-22 09:53:20', 1, 1),
(70, 'merk 4', 'AKTIF', '2020-05-22 09:54:28', '2020-05-22 09:54:28', 1, 1),
(71, 'merk 4', 'AKTIF', '2020-05-22 09:55:02', '2020-05-22 09:55:02', 1, 1),
(72, 'merk 4', 'AKTIF', '2020-05-22 09:55:37', '2020-05-22 09:55:37', 1, 1),
(73, 'merk 4', 'AKTIF', '2020-05-22 09:56:10', '2020-05-22 09:56:10', 1, 1),
(74, 'merk 4', 'AKTIF', '2020-05-22 09:56:11', '2020-05-22 09:56:11', 1, 1),
(75, 'merk 4', 'AKTIF', '2020-05-22 09:56:12', '2020-05-22 09:56:12', 1, 1),
(76, 'merk 4', 'AKTIF', '2020-05-22 09:56:16', '2020-05-22 09:56:16', 1, 1),
(77, 'merk 4', 'AKTIF', '2020-05-22 09:56:22', '2020-05-22 09:56:22', 1, 1),
(78, 'MERK1fffff', 'AKTIF', '2020-05-22 09:57:53', '2020-05-22 09:57:53', 1, 1),
(79, 'mermerkemrk', 'AKTIF', '2020-05-26 08:11:44', '2020-05-26 08:11:44', 1, 1),
(80, 'MERK 1', 'AKTIF', '2020-05-29 03:38:40', '2020-05-29 03:38:40', 1, 1),
(81, 'MERK', 'AKTIF', '2020-05-29 03:39:26', '2020-05-29 03:39:26', 1, 1),
(82, 'MERK', 'AKTIF', '2020-05-29 03:39:52', '2020-05-29 03:39:52', 1, 1),
(83, 'MERK1', 'AKTIF', '2020-05-29 03:40:16', '2020-05-29 03:40:16', 1, 1),
(84, 'MERK', 'AKTIF', '2020-05-29 03:41:03', '2020-05-29 03:41:03', 1, 1),
(85, 'MERK1fffff', 'AKTIF', '2020-05-31 07:06:53', '2020-05-31 07:06:53', 1, 1),
(86, 'MERK1fffff', 'AKTIF', '2020-05-31 07:07:59', '2020-05-31 07:07:59', 1, 1),
(87, 'merk 3', 'AKTIF', '2020-05-31 07:41:39', '2020-05-31 07:41:39', 1, 1),
(88, 'merk 3', 'AKTIF', '2020-05-31 07:42:20', '2020-05-31 07:42:20', 1, 1),
(89, 'merk 4', 'AKTIF', '2020-06-08 12:49:09', '2020-06-08 12:49:09', 1, 1),
(90, 'MERK1fffff', 'AKTIF', '2020-06-08 12:52:19', '2020-06-08 12:52:19', 1, 1),
(91, 'MERK1fffff', 'AKTIF', '2020-06-08 12:53:50', '2020-06-08 12:53:50', 1, 1),
(92, 'MERK1fffff', 'AKTIF', '2020-06-08 12:54:15', '2020-06-08 12:54:15', 1, 1),
(93, 'MERK1fffff', 'AKTIF', '2020-06-08 12:54:38', '2020-06-08 12:54:38', 1, 1),
(94, 'MERK1fffff', 'AKTIF', '2020-06-08 12:54:59', '2020-06-08 12:54:59', 1, 1),
(95, 'MERK1fffff', 'AKTIF', '2020-06-08 03:50:03', '2020-06-08 03:50:03', 1, 1),
(96, 'MERK1fffff', 'AKTIF', '2020-06-08 04:12:52', '2020-06-08 04:12:52', 1, 1),
(97, 'MERK1fffff', 'AKTIF', '2020-06-08 04:13:48', '2020-06-08 04:13:48', 1, 1),
(98, 'MERK1fffff', 'AKTIF', '2020-06-08 04:13:59', '2020-06-08 04:13:59', 1, 1),
(99, 'MERK1fffff', 'AKTIF', '2020-06-08 04:14:11', '2020-06-08 04:14:11', 1, 1),
(100, 'MERK1fffff', 'AKTIF', '2020-06-08 04:14:44', '2020-06-08 04:14:44', 1, 1),
(101, 'MERK1fffff', 'AKTIF', '2020-06-08 04:15:16', '2020-06-08 04:15:16', 1, 1),
(102, 'MERK1fffff', 'AKTIF', '2020-06-08 04:16:10', '2020-06-08 04:16:10', 1, 1),
(103, 'MERK1fffff', 'AKTIF', '2020-06-08 04:16:17', '2020-06-08 04:16:17', 1, 1),
(104, 'MERK1fffff', 'AKTIF', '2020-06-08 04:16:24', '2020-06-08 04:16:24', 1, 1),
(105, 'MERK1fffff', 'AKTIF', '2020-06-08 04:16:30', '2020-06-08 04:16:30', 1, 1),
(106, 'MERK1fffff', 'AKTIF', '2020-06-08 04:16:59', '2020-06-08 04:16:59', 1, 1),
(107, 'MERK1fffff', 'AKTIF', '2020-06-08 04:17:37', '2020-06-08 04:17:37', 1, 1),
(108, 'MERK1fffff', 'AKTIF', '2020-06-08 04:17:45', '2020-06-08 04:17:45', 1, 1),
(109, 'MERK1fffff', 'AKTIF', '2020-06-08 04:17:54', '2020-06-08 04:17:54', 1, 1),
(110, 'MERK1fffff', 'AKTIF', '2020-06-08 04:18:16', '2020-06-08 04:18:16', 1, 1),
(111, 'MERK1fffff', 'AKTIF', '2020-06-08 04:18:59', '2020-06-08 04:18:59', 1, 1),
(112, 'MERK1fffff', 'AKTIF', '2020-06-08 04:19:59', '2020-06-08 04:19:59', 1, 1),
(113, 'MERK1fffff', 'AKTIF', '2020-06-08 04:20:15', '2020-06-08 04:20:15', 1, 1),
(114, 'MERK1fffff', 'AKTIF', '2020-06-08 04:22:09', '2020-06-08 04:22:09', 1, 1),
(115, 'MERK1fffff', 'AKTIF', '2020-06-08 04:23:59', '2020-06-08 04:23:59', 1, 1),
(116, 'MERK1fffff', 'AKTIF', '2020-06-08 04:26:42', '2020-06-08 04:26:42', 1, 1);

--
-- 触发器 `mstr_barang_merk`
--
DELIMITER $$
CREATE TRIGGER `TRG_AFTER_INSERT_BARANG_MERK` AFTER INSERT ON `mstr_barang_merk` FOR EACH ROW BEGIN
    SET @ID_USER = NEW.ID_LAST_MODIFIED;
    SET @TGL_ACTION = NEW.BRG_MERK_LAST_MODIFIED;
    SET @LOG_TEXT = CONCAT(NEW.ID_LAST_MODIFIED,' ','INSERT DATA AT' , NEW.BRG_MERK_LAST_MODIFIED);
    CALL INSERT_LOG_ALL(@ID_USER,@TGL_ACTION,@LOG_TEXT,@ID_LOG_ALL);
    
    INSERT INTO MSTR_BARANG_MERK_LOG(EXECUTED_FUNCTION,ID_PK_BRG_MERK,BRG_MERK_NAMA,BRG_MERK_STATUS,BRG_MERK_CREATE_DATE,BRG_MERK_LAST_MODIFIED,ID_CREATE_DATA,ID_LAST_MODIFIED,ID_LOG_ALL) VALUES ('AFTER INSERT',NEW.ID_PK_BRG_MERK,NEW.BRG_MERK_NAMA,NEW.BRG_MERK_STATUS,NEW.BRG_MERK_CREATE_DATE,NEW.BRG_MERK_LAST_MODIFIED,NEW.ID_CREATE_DATA,NEW.ID_LAST_MODIFIED,@ID_LOG_ALL);
END
$$
DELIMITER ;
DELIMITER $$
CREATE TRIGGER `TRG_AFTER_UPDATE_BARANG_MERK` AFTER UPDATE ON `mstr_barang_merk` FOR EACH ROW BEGIN
    SET @ID_USER = NEW.ID_LAST_MODIFIED;
    SET @TGL_ACTION = NEW.BRG_MERK_LAST_MODIFIED;
    SET @LOG_TEXT = CONCAT(NEW.ID_LAST_MODIFIED,' ','UPDATE DATA AT' , NEW.BRG_MERK_LAST_MODIFIED);
    CALL INSERT_LOG_ALL(@ID_USER,@TGL_ACTION,@LOG_TEXT,@ID_LOG_ALL);
    
    INSERT INTO MSTR_BARANG_MERK_LOG(EXECUTED_FUNCTION,ID_PK_BRG_MERK,BRG_MERK_NAMA,BRG_MERK_STATUS,BRG_MERK_CREATE_DATE,BRG_MERK_LAST_MODIFIED,ID_CREATE_DATA,ID_LAST_MODIFIED,ID_LOG_ALL) VALUES ('AFTER UPDATE',NEW.ID_PK_BRG_MERK,NEW.BRG_MERK_NAMA,NEW.BRG_MERK_STATUS,NEW.BRG_MERK_CREATE_DATE,NEW.BRG_MERK_LAST_MODIFIED,NEW.ID_CREATE_DATA,NEW.ID_LAST_MODIFIED,@ID_LOG_ALL);
END
$$
DELIMITER ;

-- --------------------------------------------------------

--
-- 表的结构 `mstr_barang_merk_log`
--

CREATE TABLE `mstr_barang_merk_log` (
  `ID_PK_BRG_MERK_LOG` int(11) NOT NULL,
  `EXECUTED_FUNCTION` varchar(30) DEFAULT NULL,
  `ID_PK_BRG_MERK` int(11) DEFAULT NULL,
  `BRG_MERK_NAMA` varchar(100) DEFAULT NULL,
  `BRG_MERK_STATUS` varchar(15) DEFAULT NULL,
  `BRG_MERK_CREATE_DATE` datetime DEFAULT NULL,
  `BRG_MERK_LAST_MODIFIED` datetime DEFAULT NULL,
  `ID_CREATE_DATA` int(11) DEFAULT NULL,
  `ID_LAST_MODIFIED` int(11) DEFAULT NULL,
  `ID_LOG_ALL` int(11) DEFAULT NULL
) ENGINE=InnoDB DEFAULT CHARSET=utf8mb4;

--
-- 转存表中的数据 `mstr_barang_merk_log`
--

INSERT INTO `mstr_barang_merk_log` (`ID_PK_BRG_MERK_LOG`, `EXECUTED_FUNCTION`, `ID_PK_BRG_MERK`, `BRG_MERK_NAMA`, `BRG_MERK_STATUS`, `BRG_MERK_CREATE_DATE`, `BRG_MERK_LAST_MODIFIED`, `ID_CREATE_DATA`, `ID_LAST_MODIFIED`, `ID_LOG_ALL`) VALUES
(1, 'AFTER INSERT', 1, 'MERK1', 'AKTIF', '2020-05-06 22:29:18', '2020-05-06 22:29:18', 1, 1, 44),
(2, 'AFTER UPDATE', 1, 'MERK12', 'AKTIF', '2020-05-06 22:29:18', '2020-05-06 22:30:03', 1, 1, 45),
(3, 'AFTER UPDATE', 1, 'MERK123', 'AKTIF', '2020-05-06 22:29:18', '2020-05-06 22:30:09', 1, 1, 46),
(4, 'AFTER UPDATE', 1, 'MERK123', 'NONAKTIF', '2020-05-06 22:29:18', '2020-05-06 22:30:22', 1, 1, 47),
(5, 'AFTER INSERT', 2, 'MERK1', 'AKTIF', '2020-05-07 12:22:43', '2020-05-07 12:22:43', 1, 1, 48),
(6, 'AFTER INSERT', 3, 'merk 3', 'AKTIF', '2020-05-07 12:27:04', '2020-05-07 12:27:04', 1, 1, 50),
(7, 'AFTER INSERT', 4, 'merk 4', 'AKTIF', '2020-05-07 12:27:15', '2020-05-07 12:27:15', 1, 1, 51),
(8, 'AFTER INSERT', 5, 'merekbaru', 'AKTIF', '2020-05-08 10:48:07', '2020-05-08 10:48:07', 1, 1, 58),
(9, 'AFTER INSERT', 6, 'merkbarang4', 'AKTIF', '2020-05-08 10:53:31', '2020-05-08 10:53:31', 1, 1, 61),
(10, 'AFTER INSERT', 7, 'asdf', 'AKTIF', '2020-05-08 10:55:37', '2020-05-08 10:55:37', 1, 1, 64),
(11, 'AFTER INSERT', 8, 'asdf', 'AKTIF', '2020-05-08 10:56:02', '2020-05-08 10:56:02', 1, 1, 67),
(12, 'AFTER INSERT', 9, 'ggggg', 'AKTIF', '2020-05-08 10:59:40', '2020-05-08 10:59:40', 1, 1, 70),
(13, 'AFTER INSERT', 10, 'MERK1fffff', 'AKTIF', '2020-05-08 12:08:10', '2020-05-08 12:08:10', 1, 1, 74),
(14, 'AFTER INSERT', 11, 'MERK1fffff', 'AKTIF', '2020-05-08 12:08:56', '2020-05-08 12:08:56', 1, 1, 75),
(15, 'AFTER INSERT', 12, 'MERK1fffff', 'AKTIF', '2020-05-08 12:09:19', '2020-05-08 12:09:19', 1, 1, 76),
(16, 'AFTER INSERT', 13, 'MERK1fffff', 'AKTIF', '2020-05-08 12:09:49', '2020-05-08 12:09:49', 1, 1, 77),
(17, 'AFTER INSERT', 14, 'MERK1fffff', 'AKTIF', '2020-05-08 12:09:54', '2020-05-08 12:09:54', 1, 1, 78),
(18, 'AFTER INSERT', 15, 'MERK1fffff', 'AKTIF', '2020-05-08 12:10:05', '2020-05-08 12:10:05', 1, 1, 79),
(19, 'AFTER INSERT', 16, 'MERK1fffff', 'AKTIF', '2020-05-08 12:10:24', '2020-05-08 12:10:24', 1, 1, 80),
(20, 'AFTER INSERT', 17, 'MERK1fffff', 'AKTIF', '2020-05-08 12:10:55', '2020-05-08 12:10:55', 1, 1, 82),
(21, 'AFTER INSERT', 18, 'merk 3', 'AKTIF', '2020-05-08 12:11:26', '2020-05-08 12:11:26', 1, 1, 84),
(22, 'AFTER INSERT', 19, 'merk 3', 'AKTIF', '2020-05-08 12:11:31', '2020-05-08 12:11:31', 1, 1, 85),
(23, 'AFTER INSERT', 20, 'merk 3', 'AKTIF', '2020-05-08 12:11:45', '2020-05-08 12:11:45', 1, 1, 86),
(24, 'AFTER INSERT', 21, 'merk 4', 'AKTIF', '2020-05-08 12:12:06', '2020-05-08 12:12:06', 1, 1, 88),
(25, 'AFTER INSERT', 22, 'merk 3', 'AKTIF', '2020-05-08 12:13:03', '2020-05-08 12:13:03', 1, 1, 90),
(26, 'AFTER INSERT', 23, 'merk 3', 'AKTIF', '2020-05-08 12:13:30', '2020-05-08 12:13:30', 1, 1, 91),
(27, 'AFTER INSERT', 24, 'merk 3', 'AKTIF', '2020-05-08 12:13:31', '2020-05-08 12:13:31', 1, 1, 92),
(28, 'AFTER INSERT', 25, 'merk 3', 'AKTIF', '2020-05-08 12:13:38', '2020-05-08 12:13:38', 1, 1, 93),
(29, 'AFTER INSERT', 26, 'merk 3', 'AKTIF', '2020-05-08 12:13:39', '2020-05-08 12:13:39', 1, 1, 94),
(30, 'AFTER INSERT', 27, 'merk 3', 'AKTIF', '2020-05-08 12:13:39', '2020-05-08 12:13:39', 1, 1, 95),
(31, 'AFTER INSERT', 28, 'merk 3', 'AKTIF', '2020-05-08 12:13:54', '2020-05-08 12:13:54', 1, 1, 96),
(32, 'AFTER INSERT', 29, 'merk 3', 'AKTIF', '2020-05-08 12:14:02', '2020-05-08 12:14:02', 1, 1, 97),
(33, 'AFTER INSERT', 30, 'merk 3', 'AKTIF', '2020-05-08 12:14:20', '2020-05-08 12:14:20', 1, 1, 98),
(34, 'AFTER INSERT', 31, 'merk 3', 'AKTIF', '2020-05-08 12:14:25', '2020-05-08 12:14:25', 1, 1, 99),
(35, 'AFTER INSERT', 32, 'merk 3', 'AKTIF', '2020-05-08 12:14:56', '2020-05-08 12:14:56', 1, 1, 100),
(36, 'AFTER INSERT', 33, 'merk 3', 'AKTIF', '2020-05-08 12:15:01', '2020-05-08 12:15:01', 1, 1, 101),
(37, 'AFTER INSERT', 34, 'merk 3', 'AKTIF', '2020-05-08 12:15:29', '2020-05-08 12:15:29', 1, 1, 102),
(38, 'AFTER INSERT', 35, 'merk 4', 'AKTIF', '2020-05-08 12:16:50', '2020-05-08 12:16:50', 1, 1, 103),
(39, 'AFTER INSERT', 36, 'MERK1', 'AKTIF', '2020-05-08 12:17:14', '2020-05-08 12:17:14', 1, 1, 105),
(40, 'AFTER INSERT', 37, 'MERK1', 'AKTIF', '2020-05-08 12:17:50', '2020-05-08 12:17:50', 1, 1, 107),
(41, 'AFTER INSERT', 38, 'MERK1', 'AKTIF', '2020-05-08 12:18:11', '2020-05-08 12:18:11', 1, 1, 109),
(42, 'AFTER INSERT', 39, 'MERK1', 'AKTIF', '2020-05-08 12:18:50', '2020-05-08 12:18:50', 1, 1, 111),
(43, 'AFTER INSERT', 40, 'MERK1', 'AKTIF', '2020-05-08 12:20:08', '2020-05-08 12:20:08', 1, 1, 113),
(44, 'AFTER INSERT', 41, 'MERK1', 'AKTIF', '2020-05-08 12:24:02', '2020-05-08 12:24:02', 1, 1, 115),
(45, 'AFTER INSERT', 42, 'merk 4', 'AKTIF', '2020-05-08 15:43:47', '2020-05-08 15:43:47', 1, 1, 118),
(46, 'AFTER INSERT', 43, 'merk 4', 'AKTIF', '2020-05-08 15:46:52', '2020-05-08 15:46:52', 1, 1, 120),
(47, 'AFTER INSERT', 44, 'merk 4', 'AKTIF', '2020-05-08 15:47:40', '2020-05-08 15:47:40', 1, 1, 122),
(48, 'AFTER INSERT', 45, 'merk 4', 'AKTIF', '2020-05-08 15:48:33', '2020-05-08 15:48:33', 1, 1, 124),
(49, 'AFTER INSERT', 46, 'merk 4', 'AKTIF', '2020-05-08 15:48:41', '2020-05-08 15:48:41', 1, 1, 126),
(50, 'AFTER INSERT', 47, 'merk 4', 'AKTIF', '2020-05-08 15:49:34', '2020-05-08 15:49:34', 1, 1, 128),
(51, 'AFTER INSERT', 48, 'merk 4', 'AKTIF', '2020-05-08 15:51:28', '2020-05-08 15:51:28', 1, 1, 130),
(52, 'AFTER INSERT', 49, 'merk 4', 'AKTIF', '2020-05-08 15:52:02', '2020-05-08 15:52:02', 1, 1, 132),
(53, 'AFTER INSERT', 50, 'merk 4', 'AKTIF', '2020-05-08 15:52:10', '2020-05-08 15:52:10', 1, 1, 134),
(54, 'AFTER INSERT', 51, 'merk 4', 'AKTIF', '2020-05-08 15:52:45', '2020-05-08 15:52:45', 1, 1, 136),
(55, 'AFTER INSERT', 52, 'merk 4', 'AKTIF', '2020-05-08 15:53:35', '2020-05-08 15:53:35', 1, 1, 138),
(56, 'AFTER INSERT', 53, 'merk 4', 'AKTIF', '2020-05-08 15:53:41', '2020-05-08 15:53:41', 1, 1, 140),
(57, 'AFTER INSERT', 54, 'merk 4', 'AKTIF', '2020-05-08 15:53:46', '2020-05-08 15:53:46', 1, 1, 142),
(58, 'AFTER INSERT', 55, 'merk 4', 'AKTIF', '2020-05-08 15:54:10', '2020-05-08 15:54:10', 1, 1, 144),
(59, 'AFTER INSERT', 56, 'asdf', 'AKTIF', '2020-05-08 15:54:57', '2020-05-08 15:54:57', 1, 1, 146),
(60, 'AFTER INSERT', 57, 'MERK1fffff', 'AKTIF', '2020-05-08 15:56:52', '2020-05-08 15:56:52', 1, 1, 148),
(61, 'AFTER INSERT', 58, 'gg', 'AKTIF', '2020-05-08 15:57:11', '2020-05-08 15:57:11', 1, 1, 151),
(62, 'AFTER INSERT', 59, 'ahahaha', 'AKTIF', '2020-05-08 15:58:36', '2020-05-08 15:58:36', 1, 1, 154),
(63, 'AFTER INSERT', 60, 'ahahaha', 'AKTIF', '2020-05-08 15:58:45', '2020-05-08 15:58:45', 1, 1, 156),
(64, 'AFTER INSERT', 61, 'norenore', 'AKTIF', '2020-05-08 15:59:06', '2020-05-08 15:59:06', 1, 1, 159),
(65, 'AFTER UPDATE', 60, 'ahahaha333', 'AKTIF', '2020-05-08 15:58:45', '2020-05-11 11:38:58', 1, 1, 163),
(66, 'AFTER UPDATE', 60, 'asdfewfwe', 'AKTIF', '2020-05-08 15:58:45', '2020-05-11 11:39:03', 1, 1, 164),
(67, 'AFTER UPDATE', 60, 'asdfewfwe', 'NONAKTIF', '2020-05-08 15:58:45', '2020-05-11 11:39:07', 1, 1, 165),
(68, 'AFTER INSERT', 62, 'wefawefawef', 'AKTIF', '2020-05-14 21:54:49', '2020-05-14 21:54:49', 1, 1, 560),
(69, 'AFTER INSERT', 63, 'ets', 'AKTIF', '2020-05-21 23:41:10', '2020-05-21 23:41:10', 1, 1, 898),
(70, 'AFTER INSERT', 64, 'merk 4', 'AKTIF', '2020-05-22 09:50:12', '2020-05-22 09:50:12', 1, 1, 900),
(71, 'AFTER INSERT', 65, 'merk 4', 'AKTIF', '2020-05-22 09:51:32', '2020-05-22 09:51:32', 1, 1, 902),
(72, 'AFTER INSERT', 66, 'merk 4', 'AKTIF', '2020-05-22 09:51:53', '2020-05-22 09:51:53', 1, 1, 904),
(73, 'AFTER INSERT', 67, 'merk 4', 'AKTIF', '2020-05-22 09:52:09', '2020-05-22 09:52:09', 1, 1, 906),
(74, 'AFTER INSERT', 68, 'merk 4', 'AKTIF', '2020-05-22 09:52:25', '2020-05-22 09:52:25', 1, 1, 908),
(75, 'AFTER INSERT', 69, 'merk 4', 'AKTIF', '2020-05-22 09:53:20', '2020-05-22 09:53:20', 1, 1, 910),
(76, 'AFTER INSERT', 70, 'merk 4', 'AKTIF', '2020-05-22 09:54:28', '2020-05-22 09:54:28', 1, 1, 912),
(77, 'AFTER INSERT', 71, 'merk 4', 'AKTIF', '2020-05-22 09:55:02', '2020-05-22 09:55:02', 1, 1, 914),
(78, 'AFTER INSERT', 72, 'merk 4', 'AKTIF', '2020-05-22 09:55:37', '2020-05-22 09:55:37', 1, 1, 916),
(79, 'AFTER INSERT', 73, 'merk 4', 'AKTIF', '2020-05-22 09:56:10', '2020-05-22 09:56:10', 1, 1, 918),
(80, 'AFTER INSERT', 74, 'merk 4', 'AKTIF', '2020-05-22 09:56:11', '2020-05-22 09:56:11', 1, 1, 919),
(81, 'AFTER INSERT', 75, 'merk 4', 'AKTIF', '2020-05-22 09:56:12', '2020-05-22 09:56:12', 1, 1, 920),
(82, 'AFTER INSERT', 76, 'merk 4', 'AKTIF', '2020-05-22 09:56:16', '2020-05-22 09:56:16', 1, 1, 921),
(83, 'AFTER INSERT', 77, 'merk 4', 'AKTIF', '2020-05-22 09:56:22', '2020-05-22 09:56:22', 1, 1, 922),
(84, 'AFTER INSERT', 78, 'MERK1fffff', 'AKTIF', '2020-05-22 09:57:53', '2020-05-22 09:57:53', 1, 1, 924),
(85, 'AFTER INSERT', 79, 'mermerkemrk', 'AKTIF', '2020-05-26 08:11:44', '2020-05-26 08:11:44', 1, 1, 1509),
(86, 'AFTER INSERT', 80, 'MERK 1', 'AKTIF', '2020-05-29 03:38:40', '2020-05-29 03:38:40', 1, 1, 1562),
(87, 'AFTER INSERT', 81, 'MERK', 'AKTIF', '2020-05-29 03:39:26', '2020-05-29 03:39:26', 1, 1, 1565),
(88, 'AFTER INSERT', 82, 'MERK', 'AKTIF', '2020-05-29 03:39:52', '2020-05-29 03:39:52', 1, 1, 1568),
(89, 'AFTER INSERT', 83, 'MERK1', 'AKTIF', '2020-05-29 03:40:16', '2020-05-29 03:40:16', 1, 1, 1570),
(90, 'AFTER INSERT', 84, 'MERK', 'AKTIF', '2020-05-29 03:41:03', '2020-05-29 03:41:03', 1, 1, 1583),
(91, 'AFTER INSERT', 85, 'MERK1fffff', 'AKTIF', '2020-05-31 07:06:53', '2020-05-31 07:06:53', 1, 1, 1627),
(92, 'AFTER INSERT', 86, 'MERK1fffff', 'AKTIF', '2020-05-31 07:07:59', '2020-05-31 07:07:59', 1, 1, 1629),
(93, 'AFTER INSERT', 87, 'merk 3', 'AKTIF', '2020-05-31 07:41:39', '2020-05-31 07:41:39', 1, 1, 1631),
(94, 'AFTER INSERT', 88, 'merk 3', 'AKTIF', '2020-05-31 07:42:20', '2020-05-31 07:42:20', 1, 1, 1633),
(95, 'AFTER INSERT', 89, 'merk 4', 'AKTIF', '2020-06-08 12:49:09', '2020-06-08 12:49:09', 1, 1, 2398),
(96, 'AFTER INSERT', 90, 'MERK1fffff', 'AKTIF', '2020-06-08 12:52:19', '2020-06-08 12:52:19', 1, 1, 2400),
(97, 'AFTER INSERT', 91, 'MERK1fffff', 'AKTIF', '2020-06-08 12:53:50', '2020-06-08 12:53:50', 1, 1, 2402),
(98, 'AFTER INSERT', 92, 'MERK1fffff', 'AKTIF', '2020-06-08 12:54:15', '2020-06-08 12:54:15', 1, 1, 2404),
(99, 'AFTER INSERT', 93, 'MERK1fffff', 'AKTIF', '2020-06-08 12:54:38', '2020-06-08 12:54:38', 1, 1, 2406),
(100, 'AFTER INSERT', 94, 'MERK1fffff', 'AKTIF', '2020-06-08 12:54:59', '2020-06-08 12:54:59', 1, 1, 2410),
(101, 'AFTER INSERT', 95, 'MERK1fffff', 'AKTIF', '2020-06-08 03:50:03', '2020-06-08 03:50:03', 1, 1, 2414),
(102, 'AFTER INSERT', 96, 'MERK1fffff', 'AKTIF', '2020-06-08 04:12:52', '2020-06-08 04:12:52', 1, 1, 2416),
(103, 'AFTER INSERT', 97, 'MERK1fffff', 'AKTIF', '2020-06-08 04:13:48', '2020-06-08 04:13:48', 1, 1, 2418),
(104, 'AFTER INSERT', 98, 'MERK1fffff', 'AKTIF', '2020-06-08 04:13:59', '2020-06-08 04:13:59', 1, 1, 2419),
(105, 'AFTER INSERT', 99, 'MERK1fffff', 'AKTIF', '2020-06-08 04:14:11', '2020-06-08 04:14:11', 1, 1, 2420),
(106, 'AFTER INSERT', 100, 'MERK1fffff', 'AKTIF', '2020-06-08 04:14:44', '2020-06-08 04:14:44', 1, 1, 2421),
(107, 'AFTER INSERT', 101, 'MERK1fffff', 'AKTIF', '2020-06-08 04:15:16', '2020-06-08 04:15:16', 1, 1, 2422),
(108, 'AFTER INSERT', 102, 'MERK1fffff', 'AKTIF', '2020-06-08 04:16:10', '2020-06-08 04:16:10', 1, 1, 2423),
(109, 'AFTER INSERT', 103, 'MERK1fffff', 'AKTIF', '2020-06-08 04:16:17', '2020-06-08 04:16:17', 1, 1, 2424),
(110, 'AFTER INSERT', 104, 'MERK1fffff', 'AKTIF', '2020-06-08 04:16:24', '2020-06-08 04:16:24', 1, 1, 2425),
(111, 'AFTER INSERT', 105, 'MERK1fffff', 'AKTIF', '2020-06-08 04:16:30', '2020-06-08 04:16:30', 1, 1, 2426),
(112, 'AFTER INSERT', 106, 'MERK1fffff', 'AKTIF', '2020-06-08 04:16:59', '2020-06-08 04:16:59', 1, 1, 2427),
(113, 'AFTER INSERT', 107, 'MERK1fffff', 'AKTIF', '2020-06-08 04:17:37', '2020-06-08 04:17:37', 1, 1, 2428),
(114, 'AFTER INSERT', 108, 'MERK1fffff', 'AKTIF', '2020-06-08 04:17:45', '2020-06-08 04:17:45', 1, 1, 2429),
(115, 'AFTER INSERT', 109, 'MERK1fffff', 'AKTIF', '2020-06-08 04:17:54', '2020-06-08 04:17:54', 1, 1, 2430),
(116, 'AFTER INSERT', 110, 'MERK1fffff', 'AKTIF', '2020-06-08 04:18:16', '2020-06-08 04:18:16', 1, 1, 2431),
(117, 'AFTER INSERT', 111, 'MERK1fffff', 'AKTIF', '2020-06-08 04:18:59', '2020-06-08 04:18:59', 1, 1, 2432),
(118, 'AFTER INSERT', 112, 'MERK1fffff', 'AKTIF', '2020-06-08 04:19:59', '2020-06-08 04:19:59', 1, 1, 2433),
(119, 'AFTER INSERT', 113, 'MERK1fffff', 'AKTIF', '2020-06-08 04:20:15', '2020-06-08 04:20:15', 1, 1, 2434),
(120, 'AFTER INSERT', 114, 'MERK1fffff', 'AKTIF', '2020-06-08 04:22:09', '2020-06-08 04:22:09', 1, 1, 2435),
(121, 'AFTER INSERT', 115, 'MERK1fffff', 'AKTIF', '2020-06-08 04:23:59', '2020-06-08 04:23:59', 1, 1, 2439),
(122, 'AFTER INSERT', 116, 'MERK1fffff', 'AKTIF', '2020-06-08 04:26:42', '2020-06-08 04:26:42', 1, 1, 2442);

-- --------------------------------------------------------

--
-- 表的结构 `mstr_cabang`
--

CREATE TABLE `mstr_cabang` (
  `ID_PK_CABANG` int(11) NOT NULL,
  `CABANG_DAERAH` varchar(50) DEFAULT NULL,
  `CABANG_NOTELP` varchar(30) DEFAULT NULL,
  `CABANG_ALAMAT` varchar(100) DEFAULT NULL,
  `CABANG_STATUS` varchar(15) DEFAULT NULL,
  `CABANG_CREATE_DATE` datetime DEFAULT NULL,
  `CABANG_LAST_MODIFIED` datetime DEFAULT NULL,
  `ID_CREATE_DATA` int(11) DEFAULT NULL,
  `ID_LAST_MODIFIED` int(11) DEFAULT NULL,
  `ID_FK_TOKO` int(11) DEFAULT NULL
) ENGINE=InnoDB DEFAULT CHARSET=utf8mb4;

--
-- 转存表中的数据 `mstr_cabang`
--

INSERT INTO `mstr_cabang` (`ID_PK_CABANG`, `CABANG_DAERAH`, `CABANG_NOTELP`, `CABANG_ALAMAT`, `CABANG_STATUS`, `CABANG_CREATE_DATE`, `CABANG_LAST_MODIFIED`, `ID_CREATE_DATA`, `ID_LAST_MODIFIED`, `ID_FK_TOKO`) VALUES
(1, 'aKARAWACI2', '23423442', 'KARAWACI NOMOR 32', 'NONAKTIF', '2020-05-06 17:30:14', '2020-05-06 18:04:02', 1, 1, 1),
(2, 'KARAWACI', '2342344', 'KARAWACI NOMOR 3', 'AKTIF', '2020-05-06 17:30:23', '2020-05-06 17:30:23', 1, 1, 1),
(3, 'cabang1', '12314', 'alamatcabang1', 'NONAKTIF', '2020-05-06 18:04:17', '2020-05-26 18:24:16', 1, 1, 1),
(4, 'cabang1', '12314', 'alamatcabang1', 'NONAKTIF', '2020-05-06 18:04:17', '2020-05-26 18:24:19', 1, 1, 1),
(5, 'cabang1', '12314', 'alamatcabang1', 'NONAKTIF', '2020-05-06 18:04:19', '2020-05-26 18:24:36', 1, 1, 1),
(6, 'cabang1', '12314', 'alamatcabang1', 'NONAKTIF', '2020-05-06 18:04:21', '2020-05-26 18:24:21', 1, 1, 1),
(7, 'cabang1', '12314', 'alamatcabang1', 'NONAKTIF', '2020-05-06 18:04:22', '2020-05-26 18:24:10', 1, 1, 1),
(8, 'cabang1', '12314', 'alamatcabang1', 'NONAKTIF', '2020-05-06 18:04:24', '2020-05-26 18:24:08', 1, 1, 1),
(9, 'cabang1', '12314', 'alamatcabang1', 'NONAKTIF', '2020-05-06 18:04:24', '2020-05-26 18:24:02', 1, 1, 1),
(10, 'cabang1', '12314', 'alamatcabang1', 'NONAKTIF', '2020-05-06 18:04:26', '2020-05-26 18:24:22', 1, 1, 1),
(11, 'cabang1', '12314', 'alamatcabang1', 'NONAKTIF', '2020-05-06 18:04:26', '2020-05-26 18:24:14', 1, 1, 1),
(12, 'cabang1', '12314', 'alamatcabang1', 'NONAKTIF', '2020-05-06 18:04:27', '2020-05-26 18:24:39', 1, 1, 1),
(13, 'cabang1', '12314', 'alamatcabang1', 'NONAKTIF', '2020-05-06 18:04:28', '2020-05-26 18:24:24', 1, 1, 1),
(14, 'cabang1', '12314', 'alamatcabang1', 'NONAKTIF', '2020-05-06 18:04:29', '2020-05-26 18:23:59', 1, 1, 1),
(15, 'cabang1', '12314', 'alamatcabang1', 'NONAKTIF', '2020-05-06 18:04:29', '2020-05-26 18:23:52', 1, 1, 1),
(16, 'cabang1', '12314', 'alamatcabang1', 'NONAKTIF', '2020-05-06 18:04:32', '2020-05-26 18:23:56', 1, 1, 1),
(17, 'cabang1', '12314', 'alamatcabang1', 'NONAKTIF', '2020-05-06 18:04:32', '2020-05-26 18:24:26', 1, 1, 1),
(18, 'cabang1', '12314', 'alamatcabang1', 'NONAKTIF', '2020-05-06 18:04:34', '2020-05-26 18:24:41', 1, 1, 1),
(19, 'TAMAN ANGGREK', '12314', 'MALL TAMAN ANGGREK', 'AKTIF', '2020-05-06 18:04:34', '2020-05-26 18:28:32', 1, 1, 1),
(20, 'cabang1', '12314', 'alamatcabang1', 'NONAKTIF', '2020-05-06 18:04:35', '2020-05-26 18:24:33', 1, 1, 1),
(21, 'cabang1', '12314', 'alamatcabang1', 'NONAKTIF', '2020-05-06 18:04:35', '2020-05-26 18:24:30', 1, 1, 1),
(22, 'cabang1', '12314', 'alamatcabang1', 'NONAKTIF', '2020-05-06 18:04:39', '2020-05-26 18:23:54', 1, 1, 1),
(23, 'test', '123', 'test', 'NONAKTIF', '2020-05-06 18:59:05', '2020-05-26 18:28:39', 1, 1, 1),
(24, 'test32', '123', 'afwefa', 'NONAKTIF', '2020-05-06 19:03:34', '2020-05-26 18:28:41', 1, 1, 1),
(25, 'KOTA', '12345', 'ALAMAT DI KOTA', 'AKTIF', '2020-05-06 19:04:33', '2020-05-26 18:28:20', 1, 1, 1),
(26, 'asdf', 'test', 'asdf', 'NONAKTIF', '2020-05-06 19:07:58', '2020-05-26 18:28:36', 1, 1, 1),
(27, 'asdf', 'test', 'asdf', 'NONAKTIF', '2020-05-06 19:08:14', '2020-05-26 18:23:44', 1, 1, 1),
(28, 'asdf', 'test', 'asdf', 'NONAKTIF', '2020-05-06 19:09:10', '2020-05-26 18:23:42', 1, 1, 1),
(29, 'asdf', 'test', 'asdf', 'NONAKTIF', '2020-05-06 19:09:12', '2020-05-26 18:23:47', 1, 1, 1),
(30, 'asdf', '234', 'asdf', 'NONAKTIF', '2020-05-06 19:12:26', '2020-05-26 18:23:49', 1, 1, 1),
(31, 'asdf', '234', 'asdf', 'NONAKTIF', '2020-05-06 19:12:41', '2020-05-26 18:23:40', 1, 1, 1);

--
-- 触发器 `mstr_cabang`
--
DELIMITER $$
CREATE TRIGGER `TRG_AFTER_INSERT_CABANG` AFTER INSERT ON `mstr_cabang` FOR EACH ROW BEGIN
            SET @ID_USER = NEW.ID_LAST_MODIFIED;
            SET @TGL_ACTION = NEW.CABANG_LAST_MODIFIED;
            SET @LOG_TEXT = CONCAT(NEW.ID_LAST_MODIFIED,' ','INSERT DATA AT' , NEW.CABANG_LAST_MODIFIED);
            CALL INSERT_LOG_ALL(@ID_USER,@TGL_ACTION,@LOG_TEXT,@ID_LOG_ALL);
            
            INSERT INTO MSTR_CABANG_LOG(EXECUTED_FUNCTION,ID_PK_CABANG,CABANG_DAERAH,CABANG_NOTELP,CABANG_ALAMAT,CABANG_STATUS,CABANG_CREATE_DATE,CABANG_LAST_MODIFIED,ID_CREATE_DATA,ID_LAST_MODIFIED,ID_FK_TOKO,ID_LOG_ALL) VALUES ('AFTER INSERT',NEW.ID_PK_CABANG,NEW.CABANG_DAERAH,NEW.CABANG_NOTELP,NEW.CABANG_ALAMAT,NEW.CABANG_STATUS,NEW.CABANG_CREATE_DATE,NEW.CABANG_LAST_MODIFIED,NEW.ID_CREATE_DATA,NEW.ID_LAST_MODIFIED,NEW.ID_FK_TOKO,@ID_LOG_ALL);
        END
$$
DELIMITER ;
DELIMITER $$
CREATE TRIGGER `TRG_AFTER_UPDATE_CABANG` AFTER UPDATE ON `mstr_cabang` FOR EACH ROW BEGIN
            SET @ID_USER = NEW.ID_LAST_MODIFIED;
            SET @TGL_ACTION = NEW.CABANG_LAST_MODIFIED;
            SET @LOG_TEXT = CONCAT(NEW.ID_LAST_MODIFIED,' ','UPDATE DATA AT' , NEW.CABANG_LAST_MODIFIED);
            CALL INSERT_LOG_ALL(@ID_USER,@TGL_ACTION,@LOG_TEXT,@ID_LOG_ALL);
            
            INSERT INTO MSTR_CABANG_LOG(EXECUTED_FUNCTION,ID_PK_CABANG,CABANG_DAERAH,CABANG_NOTELP,CABANG_ALAMAT,CABANG_STATUS,CABANG_CREATE_DATE,CABANG_LAST_MODIFIED,ID_CREATE_DATA,ID_LAST_MODIFIED,ID_FK_TOKO,ID_LOG_ALL) VALUES ('AFTER UPDATE',NEW.ID_PK_CABANG,NEW.CABANG_DAERAH,NEW.CABANG_NOTELP,NEW.CABANG_ALAMAT,NEW.CABANG_STATUS,NEW.CABANG_CREATE_DATE,NEW.CABANG_LAST_MODIFIED,NEW.ID_CREATE_DATA,NEW.ID_LAST_MODIFIED,NEW.ID_FK_TOKO,@ID_LOG_ALL);
        END
$$
DELIMITER ;

-- --------------------------------------------------------

--
-- 表的结构 `mstr_cabang_log`
--

CREATE TABLE `mstr_cabang_log` (
  `ID_PK_CABANG_LOG` int(11) NOT NULL,
  `EXECUTED_FUNCTION` varchar(30) DEFAULT NULL,
  `ID_PK_CABANG` int(11) DEFAULT NULL,
  `CABANG_DAERAH` varchar(50) DEFAULT NULL,
  `CABANG_NOTELP` varchar(30) DEFAULT NULL,
  `CABANG_ALAMAT` varchar(100) DEFAULT NULL,
  `CABANG_STATUS` varchar(15) DEFAULT NULL,
  `CABANG_CREATE_DATE` datetime DEFAULT NULL,
  `CABANG_LAST_MODIFIED` datetime DEFAULT NULL,
  `ID_CREATE_DATA` int(11) DEFAULT NULL,
  `ID_LAST_MODIFIED` int(11) DEFAULT NULL,
  `ID_FK_TOKO` int(11) DEFAULT NULL,
  `ID_LOG_ALL` int(11) DEFAULT NULL
) ENGINE=InnoDB DEFAULT CHARSET=utf8mb4;

--
-- 转存表中的数据 `mstr_cabang_log`
--

INSERT INTO `mstr_cabang_log` (`ID_PK_CABANG_LOG`, `EXECUTED_FUNCTION`, `ID_PK_CABANG`, `CABANG_DAERAH`, `CABANG_NOTELP`, `CABANG_ALAMAT`, `CABANG_STATUS`, `CABANG_CREATE_DATE`, `CABANG_LAST_MODIFIED`, `ID_CREATE_DATA`, `ID_LAST_MODIFIED`, `ID_FK_TOKO`, `ID_LOG_ALL`) VALUES
(1, 'AFTER INSERT', 1, 'KARAWACI', '2342344', 'KARAWACI NOMOR 3', 'AKTIF', '2020-05-06 17:30:14', '2020-05-06 17:30:14', 1, 1, 1, 5),
(2, 'AFTER INSERT', 2, 'KARAWACI', '2342344', 'KARAWACI NOMOR 3', 'AKTIF', '2020-05-06 17:30:23', '2020-05-06 17:30:23', 1, 1, 1, 6),
(3, 'AFTER UPDATE', 1, 'KARAWACI2', '23423442', 'KARAWACI NOMOR 32', 'AKTIF', '2020-05-06 17:30:14', '2020-05-06 18:03:53', 1, 1, 1, 7),
(4, 'AFTER UPDATE', 1, 'aKARAWACI2', '23423442', 'KARAWACI NOMOR 32', 'AKTIF', '2020-05-06 17:30:14', '2020-05-06 18:03:59', 1, 1, 1, 8),
(5, 'AFTER UPDATE', 1, 'aKARAWACI2', '23423442', 'KARAWACI NOMOR 32', 'NONAKTIF', '2020-05-06 17:30:14', '2020-05-06 18:04:02', 1, 1, 1, 9),
(6, 'AFTER INSERT', 3, 'cabang1', '12314', 'alamatcabang1', 'AKTIF', '2020-05-06 18:04:17', '2020-05-06 18:04:17', 1, 1, 1, 10),
(7, 'AFTER INSERT', 4, 'cabang1', '12314', 'alamatcabang1', 'AKTIF', '2020-05-06 18:04:17', '2020-05-06 18:04:17', 1, 1, 1, 11),
(8, 'AFTER INSERT', 5, 'cabang1', '12314', 'alamatcabang1', 'AKTIF', '2020-05-06 18:04:19', '2020-05-06 18:04:19', 1, 1, 1, 12),
(9, 'AFTER INSERT', 6, 'cabang1', '12314', 'alamatcabang1', 'AKTIF', '2020-05-06 18:04:21', '2020-05-06 18:04:21', 1, 1, 1, 13),
(10, 'AFTER INSERT', 7, 'cabang1', '12314', 'alamatcabang1', 'AKTIF', '2020-05-06 18:04:22', '2020-05-06 18:04:22', 1, 1, 1, 14),
(11, 'AFTER INSERT', 8, 'cabang1', '12314', 'alamatcabang1', 'AKTIF', '2020-05-06 18:04:24', '2020-05-06 18:04:24', 1, 1, 1, 15),
(12, 'AFTER INSERT', 9, 'cabang1', '12314', 'alamatcabang1', 'AKTIF', '2020-05-06 18:04:24', '2020-05-06 18:04:24', 1, 1, 1, 16),
(13, 'AFTER INSERT', 10, 'cabang1', '12314', 'alamatcabang1', 'AKTIF', '2020-05-06 18:04:26', '2020-05-06 18:04:26', 1, 1, 1, 17),
(14, 'AFTER INSERT', 11, 'cabang1', '12314', 'alamatcabang1', 'AKTIF', '2020-05-06 18:04:26', '2020-05-06 18:04:26', 1, 1, 1, 18),
(15, 'AFTER INSERT', 12, 'cabang1', '12314', 'alamatcabang1', 'AKTIF', '2020-05-06 18:04:27', '2020-05-06 18:04:27', 1, 1, 1, 19),
(16, 'AFTER INSERT', 13, 'cabang1', '12314', 'alamatcabang1', 'AKTIF', '2020-05-06 18:04:28', '2020-05-06 18:04:28', 1, 1, 1, 20),
(17, 'AFTER INSERT', 14, 'cabang1', '12314', 'alamatcabang1', 'AKTIF', '2020-05-06 18:04:29', '2020-05-06 18:04:29', 1, 1, 1, 21),
(18, 'AFTER INSERT', 15, 'cabang1', '12314', 'alamatcabang1', 'AKTIF', '2020-05-06 18:04:29', '2020-05-06 18:04:29', 1, 1, 1, 22),
(19, 'AFTER INSERT', 16, 'cabang1', '12314', 'alamatcabang1', 'AKTIF', '2020-05-06 18:04:32', '2020-05-06 18:04:32', 1, 1, 1, 23),
(20, 'AFTER INSERT', 17, 'cabang1', '12314', 'alamatcabang1', 'AKTIF', '2020-05-06 18:04:32', '2020-05-06 18:04:32', 1, 1, 1, 24),
(21, 'AFTER INSERT', 18, 'cabang1', '12314', 'alamatcabang1', 'AKTIF', '2020-05-06 18:04:34', '2020-05-06 18:04:34', 1, 1, 1, 25),
(22, 'AFTER INSERT', 19, 'cabang1', '12314', 'alamatcabang1', 'AKTIF', '2020-05-06 18:04:34', '2020-05-06 18:04:34', 1, 1, 1, 26),
(23, 'AFTER INSERT', 20, 'cabang1', '12314', 'alamatcabang1', 'AKTIF', '2020-05-06 18:04:35', '2020-05-06 18:04:35', 1, 1, 1, 27),
(24, 'AFTER INSERT', 21, 'cabang1', '12314', 'alamatcabang1', 'AKTIF', '2020-05-06 18:04:35', '2020-05-06 18:04:35', 1, 1, 1, 28),
(25, 'AFTER INSERT', 22, 'cabang1', '12314', 'alamatcabang1', 'AKTIF', '2020-05-06 18:04:39', '2020-05-06 18:04:39', 1, 1, 1, 29),
(26, 'AFTER INSERT', 23, 'test', '123', 'test', 'AKTIF', '2020-05-06 18:59:05', '2020-05-06 18:59:05', 1, 1, 1, 30),
(27, 'AFTER INSERT', 24, 'test32', '123', 'afwefa', 'AKTIF', '2020-05-06 19:03:34', '2020-05-06 19:03:34', 1, 1, 1, 31),
(28, 'AFTER INSERT', 25, 'aaa', 'wer', 'bbb', 'AKTIF', '2020-05-06 19:04:33', '2020-05-06 19:04:33', 1, 1, 1, 32),
(29, 'AFTER INSERT', 26, 'asdf', 'test', 'asdf', 'AKTIF', '2020-05-06 19:07:58', '2020-05-06 19:07:58', 1, 1, 1, 33),
(30, 'AFTER INSERT', 27, 'asdf', 'test', 'asdf', 'AKTIF', '2020-05-06 19:08:14', '2020-05-06 19:08:14', 1, 1, 1, 34),
(31, 'AFTER INSERT', 28, 'asdf', 'test', 'asdf', 'AKTIF', '2020-05-06 19:09:10', '2020-05-06 19:09:10', 1, 1, 1, 35),
(32, 'AFTER INSERT', 29, 'asdf', 'test', 'asdf', 'AKTIF', '2020-05-06 19:09:12', '2020-05-06 19:09:12', 1, 1, 1, 36),
(33, 'AFTER INSERT', 30, 'asdf', '234', 'asdf', 'AKTIF', '2020-05-06 19:12:26', '2020-05-06 19:12:26', 1, 1, 1, 37),
(34, 'AFTER INSERT', 31, 'asdf', '234', 'asdf', 'AKTIF', '2020-05-06 19:12:41', '2020-05-06 19:12:41', 1, 1, 1, 38),
(35, 'AFTER UPDATE', 25, 'aaa', 'werf', 'bbb', 'AKTIF', '2020-05-06 19:04:33', '2020-05-11 09:36:21', 1, 1, 1, 161),
(36, 'AFTER UPDATE', 31, 'asdf', '234', 'asdf', 'NONAKTIF', '2020-05-06 19:12:41', '2020-05-26 18:23:40', 1, 1, 1, 1390),
(37, 'AFTER UPDATE', 28, 'asdf', 'test', 'asdf', 'NONAKTIF', '2020-05-06 19:09:10', '2020-05-26 18:23:42', 1, 1, 1, 1391),
(38, 'AFTER UPDATE', 27, 'asdf', 'test', 'asdf', 'NONAKTIF', '2020-05-06 19:08:14', '2020-05-26 18:23:44', 1, 1, 1, 1392),
(39, 'AFTER UPDATE', 29, 'asdf', 'test', 'asdf', 'NONAKTIF', '2020-05-06 19:09:12', '2020-05-26 18:23:47', 1, 1, 1, 1393),
(40, 'AFTER UPDATE', 30, 'asdf', '234', 'asdf', 'NONAKTIF', '2020-05-06 19:12:26', '2020-05-26 18:23:49', 1, 1, 1, 1394),
(41, 'AFTER UPDATE', 15, 'cabang1', '12314', 'alamatcabang1', 'NONAKTIF', '2020-05-06 18:04:29', '2020-05-26 18:23:52', 1, 1, 1, 1395),
(42, 'AFTER UPDATE', 22, 'cabang1', '12314', 'alamatcabang1', 'NONAKTIF', '2020-05-06 18:04:39', '2020-05-26 18:23:54', 1, 1, 1, 1396),
(43, 'AFTER UPDATE', 16, 'cabang1', '12314', 'alamatcabang1', 'NONAKTIF', '2020-05-06 18:04:32', '2020-05-26 18:23:56', 1, 1, 1, 1397),
(44, 'AFTER UPDATE', 14, 'cabang1', '12314', 'alamatcabang1', 'NONAKTIF', '2020-05-06 18:04:29', '2020-05-26 18:23:59', 1, 1, 1, 1398),
(45, 'AFTER UPDATE', 9, 'cabang1', '12314', 'alamatcabang1', 'NONAKTIF', '2020-05-06 18:04:24', '2020-05-26 18:24:02', 1, 1, 1, 1399),
(46, 'AFTER UPDATE', 8, 'cabang1', '12314', 'alamatcabang1', 'NONAKTIF', '2020-05-06 18:04:24', '2020-05-26 18:24:08', 1, 1, 1, 1400),
(47, 'AFTER UPDATE', 7, 'cabang1', '12314', 'alamatcabang1', 'NONAKTIF', '2020-05-06 18:04:22', '2020-05-26 18:24:10', 1, 1, 1, 1401),
(48, 'AFTER UPDATE', 11, 'cabang1', '12314', 'alamatcabang1', 'NONAKTIF', '2020-05-06 18:04:26', '2020-05-26 18:24:14', 1, 1, 1, 1402),
(49, 'AFTER UPDATE', 3, 'cabang1', '12314', 'alamatcabang1', 'NONAKTIF', '2020-05-06 18:04:17', '2020-05-26 18:24:16', 1, 1, 1, 1403),
(50, 'AFTER UPDATE', 4, 'cabang1', '12314', 'alamatcabang1', 'NONAKTIF', '2020-05-06 18:04:17', '2020-05-26 18:24:19', 1, 1, 1, 1404),
(51, 'AFTER UPDATE', 6, 'cabang1', '12314', 'alamatcabang1', 'NONAKTIF', '2020-05-06 18:04:21', '2020-05-26 18:24:21', 1, 1, 1, 1405),
(52, 'AFTER UPDATE', 10, 'cabang1', '12314', 'alamatcabang1', 'NONAKTIF', '2020-05-06 18:04:26', '2020-05-26 18:24:22', 1, 1, 1, 1406),
(53, 'AFTER UPDATE', 13, 'cabang1', '12314', 'alamatcabang1', 'NONAKTIF', '2020-05-06 18:04:28', '2020-05-26 18:24:24', 1, 1, 1, 1407),
(54, 'AFTER UPDATE', 17, 'cabang1', '12314', 'alamatcabang1', 'NONAKTIF', '2020-05-06 18:04:32', '2020-05-26 18:24:26', 1, 1, 1, 1408),
(55, 'AFTER UPDATE', 21, 'cabang1', '12314', 'alamatcabang1', 'NONAKTIF', '2020-05-06 18:04:35', '2020-05-26 18:24:30', 1, 1, 1, 1409),
(56, 'AFTER UPDATE', 20, 'cabang1', '12314', 'alamatcabang1', 'NONAKTIF', '2020-05-06 18:04:35', '2020-05-26 18:24:33', 1, 1, 1, 1410),
(57, 'AFTER UPDATE', 5, 'cabang1', '12314', 'alamatcabang1', 'NONAKTIF', '2020-05-06 18:04:19', '2020-05-26 18:24:36', 1, 1, 1, 1411),
(58, 'AFTER UPDATE', 12, 'cabang1', '12314', 'alamatcabang1', 'NONAKTIF', '2020-05-06 18:04:27', '2020-05-26 18:24:39', 1, 1, 1, 1412),
(59, 'AFTER UPDATE', 18, 'cabang1', '12314', 'alamatcabang1', 'NONAKTIF', '2020-05-06 18:04:34', '2020-05-26 18:24:41', 1, 1, 1, 1413),
(60, 'AFTER UPDATE', 25, 'KOTA', '12345', 'ALAMAT DI KOTA', 'AKTIF', '2020-05-06 19:04:33', '2020-05-26 18:28:20', 1, 1, 1, 1414),
(61, 'AFTER UPDATE', 19, 'TAMAN ANGGREK', '12314', 'MALL TAMAN ANGGREK', 'AKTIF', '2020-05-06 18:04:34', '2020-05-26 18:28:32', 1, 1, 1, 1415),
(62, 'AFTER UPDATE', 26, 'asdf', 'test', 'asdf', 'NONAKTIF', '2020-05-06 19:07:58', '2020-05-26 18:28:36', 1, 1, 1, 1416),
(63, 'AFTER UPDATE', 23, 'test', '123', 'test', 'NONAKTIF', '2020-05-06 18:59:05', '2020-05-26 18:28:39', 1, 1, 1, 1417),
(64, 'AFTER UPDATE', 24, 'test32', '123', 'afwefa', 'NONAKTIF', '2020-05-06 19:03:34', '2020-05-26 18:28:41', 1, 1, 1, 1418);

-- --------------------------------------------------------

--
-- 表的结构 `mstr_customer`
--

CREATE TABLE `mstr_customer` (
  `id_pk_cust` int(11) NOT NULL,
  `cust_name` varchar(100) DEFAULT NULL,
  `cust_suff` varchar(10) DEFAULT NULL,
  `cust_perusahaan` varchar(100) DEFAULT NULL,
  `cust_email` varchar(100) DEFAULT NULL,
  `cust_telp` varchar(30) DEFAULT NULL,
  `cust_hp` varchar(30) DEFAULT NULL,
  `cust_alamat` varchar(150) DEFAULT NULL,
  `cust_keterangan` varchar(150) DEFAULT NULL,
  `id_fk_toko` int(11) DEFAULT NULL,
  `cust_status` varchar(15) DEFAULT NULL,
  `cust_create_date` datetime DEFAULT NULL,
  `cust_last_modified` datetime DEFAULT NULL,
  `id_create_data` int(11) DEFAULT NULL,
  `id_last_modified` int(11) DEFAULT NULL
) ENGINE=InnoDB DEFAULT CHARSET=utf8mb4;

--
-- 转存表中的数据 `mstr_customer`
--

INSERT INTO `mstr_customer` (`id_pk_cust`, `cust_name`, `cust_suff`, `cust_perusahaan`, `cust_email`, `cust_telp`, `cust_hp`, `cust_alamat`, `cust_keterangan`, `id_fk_toko`, `cust_status`, `cust_create_date`, `cust_last_modified`, `id_create_data`, `id_last_modified`) VALUES
(1, 'test', 'MRS', 'test', 'test@email.com', '1234', '1234', 'test', 'test', NULL, 'AKTIF', '2020-05-27 12:59:47', '2020-05-27 12:59:58', 1, 1),
(2, NULL, NULL, 'test5', NULL, NULL, NULL, NULL, NULL, NULL, 'aktif', '2020-06-01 09:39:59', '2020-06-01 09:39:59', 1, 1);

--
-- 触发器 `mstr_customer`
--
DELIMITER $$
CREATE TRIGGER `trg_after_insert_customer` AFTER INSERT ON `mstr_customer` FOR EACH ROW begin
            set @id_user = new.id_last_modified;
            set @tgl_action = new.cust_last_modified;
            set @log_text = concat(new.id_last_modified,' ','insert data at ' , new.cust_last_modified);
            call insert_log_all(@id_user,@tgl_action,@log_text,@id_log_all);
            
            insert into mstr_customer_log(executed_function,id_pk_cust,cust_name,cust_suff,cust_perusahaan,cust_email,cust_telp,cust_hp,cust_alamat,cust_keterangan,id_fk_toko,cust_status,cust_create_date,cust_last_modified,id_create_data,id_last_modified,id_log_all) values ('after insert',new.id_pk_cust,new.cust_name,new.cust_suff,new.cust_perusahaan,new.cust_email,new.cust_telp,new.cust_hp,new.cust_alamat,new.cust_keterangan,new.id_fk_toko,new.cust_status,new.cust_create_date,new.cust_last_modified,new.id_create_data,new.id_last_modified,@id_log_all);
        end
$$
DELIMITER ;
DELIMITER $$
CREATE TRIGGER `trg_after_update_customer` AFTER UPDATE ON `mstr_customer` FOR EACH ROW begin
            set @id_user = new.id_last_modified;
            set @tgl_action = new.cust_last_modified;
            set @log_text = concat(new.id_last_modified,' ','update data at ' , new.cust_last_modified);
            call insert_log_all(@id_user,@tgl_action,@log_text,@id_log_all);
            
            insert into mstr_customer_log(executed_function,id_pk_cust,cust_name,cust_suff,cust_perusahaan,cust_email,cust_telp,cust_hp,cust_alamat,cust_keterangan,id_fk_toko,cust_status,cust_create_date,cust_last_modified,id_create_data,id_last_modified,id_log_all) values ('after update',new.id_pk_cust,new.cust_name,new.cust_suff,new.cust_perusahaan,new.cust_email,new.cust_telp,new.cust_hp,new.cust_alamat,new.cust_keterangan,new.id_fk_toko,new.cust_status,new.cust_create_date,new.cust_last_modified,new.id_create_data,new.id_last_modified,@id_log_all);
        end
$$
DELIMITER ;

-- --------------------------------------------------------

--
-- 表的结构 `mstr_customer_log`
--

CREATE TABLE `mstr_customer_log` (
  `id_pk_cust_log` int(11) NOT NULL,
  `executed_function` varchar(30) DEFAULT NULL,
  `id_pk_cust` int(11) DEFAULT NULL,
  `cust_name` varchar(100) DEFAULT NULL,
  `cust_suff` varchar(10) DEFAULT NULL,
  `cust_perusahaan` varchar(100) DEFAULT NULL,
  `cust_email` varchar(100) DEFAULT NULL,
  `cust_telp` varchar(30) DEFAULT NULL,
  `cust_hp` varchar(30) DEFAULT NULL,
  `cust_alamat` varchar(150) DEFAULT NULL,
  `cust_keterangan` varchar(150) DEFAULT NULL,
  `id_fk_toko` int(11) DEFAULT NULL,
  `cust_status` varchar(15) DEFAULT NULL,
  `cust_create_date` datetime DEFAULT NULL,
  `cust_last_modified` datetime DEFAULT NULL,
  `id_create_data` int(11) DEFAULT NULL,
  `id_last_modified` int(11) DEFAULT NULL,
  `id_log_all` int(11) DEFAULT NULL
) ENGINE=InnoDB DEFAULT CHARSET=utf8mb4;

--
-- 转存表中的数据 `mstr_customer_log`
--

INSERT INTO `mstr_customer_log` (`id_pk_cust_log`, `executed_function`, `id_pk_cust`, `cust_name`, `cust_suff`, `cust_perusahaan`, `cust_email`, `cust_telp`, `cust_hp`, `cust_alamat`, `cust_keterangan`, `id_fk_toko`, `cust_status`, `cust_create_date`, `cust_last_modified`, `id_create_data`, `id_last_modified`, `id_log_all`) VALUES
(1, 'after insert', 1, 'test', 'MR', 'test', 'test@email.com', '1234', '1234', 'test', 'test', NULL, 'AKTIF', '2020-05-27 12:59:47', '2020-05-27 12:59:47', 1, 1, 1530),
(2, 'after update', 1, 'test', 'IBU', 'test', 'test@email.com', '1234', '1234', 'test', 'test', NULL, 'AKTIF', '2020-05-27 12:59:47', '2020-05-27 12:59:54', 1, 1, 1531),
(3, 'after update', 1, 'test', 'MRS', 'test', 'test@email.com', '1234', '1234', 'test', 'test', NULL, 'AKTIF', '2020-05-27 12:59:47', '2020-05-27 12:59:58', 1, 1, 1532),
(4, 'after insert', 2, NULL, NULL, 'test5', NULL, NULL, NULL, NULL, NULL, NULL, 'aktif', '2020-06-01 09:39:59', '2020-06-01 09:39:59', 1, 1, 1660);

-- --------------------------------------------------------

--
-- 表的结构 `mstr_employee`
--

CREATE TABLE `mstr_employee` (
  `ID_PK_EMPLOYEE` int(11) NOT NULL,
  `EMP_NAMA` varchar(400) DEFAULT NULL,
  `EMP_NPWP` varchar(25) DEFAULT NULL,
  `EMP_KTP` varchar(20) DEFAULT NULL,
  `EMP_HP` varchar(15) DEFAULT NULL,
  `EMP_EMAIL` varchar(100) DEFAULT NULL,
  `EMP_ALAMAT` varchar(300) DEFAULT NULL,
  `EMP_KODE_POS` varchar(10) DEFAULT NULL,
  `EMP_FOTO_NPWP` varchar(50) DEFAULT NULL,
  `EMP_FOTO_KTP` varchar(50) DEFAULT NULL,
  `EMP_FOTO_LAIN` varchar(50) DEFAULT NULL,
  `EMP_FOTO` varchar(50) DEFAULT NULL,
  `EMP_GAJI` int(11) DEFAULT NULL,
  `EMP_STARTDATE` datetime DEFAULT NULL,
  `EMP_ENDDATE` datetime DEFAULT NULL,
  `EMP_REK` varchar(30) DEFAULT NULL,
  `EMP_GENDER` varchar(6) DEFAULT NULL,
  `EMP_SUFF` varchar(10) DEFAULT NULL,
  `EMP_STATUS` varchar(15) DEFAULT NULL,
  `ID_FK_JABATAN` int(11) DEFAULT NULL,
  `ID_FK_TOKO` int(11) DEFAULT NULL,
  `ID_FK_USER` int(11) DEFAULT NULL,
  `EMP_CREATE_DATE` datetime DEFAULT NULL,
  `EMP_LAST_MODIFIED` datetime DEFAULT NULL,
  `ID_CREATE_DATA` int(11) DEFAULT NULL,
  `ID_LAST_MODIFIED` int(11) DEFAULT NULL
) ENGINE=InnoDB DEFAULT CHARSET=utf8mb4;

--
-- 转存表中的数据 `mstr_employee`
--

INSERT INTO `mstr_employee` (`ID_PK_EMPLOYEE`, `EMP_NAMA`, `EMP_NPWP`, `EMP_KTP`, `EMP_HP`, `EMP_EMAIL`, `EMP_ALAMAT`, `EMP_KODE_POS`, `EMP_FOTO_NPWP`, `EMP_FOTO_KTP`, `EMP_FOTO_LAIN`, `EMP_FOTO`, `EMP_GAJI`, `EMP_STARTDATE`, `EMP_ENDDATE`, `EMP_REK`, `EMP_GENDER`, `EMP_SUFF`, `EMP_STATUS`, `ID_FK_JABATAN`, `ID_FK_TOKO`, `ID_FK_USER`, `EMP_CREATE_DATE`, `EMP_LAST_MODIFIED`, `ID_CREATE_DATA`, `ID_LAST_MODIFIED`) VALUES
(1, 'awef', 'awef', 'aewf', 'awef', NULL, 'aewf', '1234', 'IMG_5301.jpg', 'IMG_5301.jpg', 'DSCF5421.JPG', 'IMG_5301.jpg', 1234, '1111-11-11 00:00:00', '0000-00-00 00:00:00', '11111', 'PRIA', 'MR', 'AKTIF', NULL, 1, NULL, '2020-05-14 21:34:08', '2020-05-14 21:34:08', NULL, NULL);

--
-- 触发器 `mstr_employee`
--
DELIMITER $$
CREATE TRIGGER `TRG_AFTER_INSERT_EMPLOYEE` AFTER INSERT ON `mstr_employee` FOR EACH ROW BEGIN
            SET @ID_USER = NEW.ID_LAST_MODIFIED;
            SET @TGL_ACTION = NEW.EMP_LAST_MODIFIED;
            SET @LOG_TEXT = CONCAT(NEW.ID_LAST_MODIFIED,' ','INSERT DATA AT' , NEW.EMP_LAST_MODIFIED);
            CALL INSERT_LOG_ALL(@ID_USER,@TGL_ACTION,@LOG_TEXT,@ID_LOG_ALL);
            
            INSERT INTO MSTR_EMPLOYEE_LOG(EXECUTED_FUNCTION,ID_PK_EMPLOYEE,EMP_NAMA,EMP_NPWP,EMP_KTP,EMP_HP,EMP_EMAIL,EMP_ALAMAT,EMP_KODE_POS,EMP_FOTO_NPWP,EMP_FOTO_KTP,EMP_FOTO_LAIN,EMP_FOTO,EMP_GAJI,EMP_STARTDATE,EMP_ENDDATE,EMP_REK,EMP_GENDER,EMP_SUFF,EMP_STATUS,ID_FK_JABATAN,ID_FK_TOKO,ID_FK_USER,EMP_CREATE_DATE,EMP_LAST_MODIFIED,ID_CREATE_DATA,ID_LAST_MODIFIED,ID_LOG_ALL) VALUES ('AFTER INSERT',NEW.ID_PK_EMPLOYEE,NEW.EMP_NAMA,NEW.EMP_NPWP,NEW.EMP_KTP,NEW.EMP_HP,NEW.EMP_EMAIL,NEW.EMP_ALAMAT,NEW.EMP_KODE_POS,NEW.EMP_FOTO_NPWP,NEW.EMP_FOTO_KTP,NEW.EMP_FOTO_LAIN,NEW.EMP_FOTO,NEW.EMP_GAJI,NEW.EMP_STARTDATE,NEW.EMP_ENDDATE,NEW.EMP_REK,NEW.EMP_GENDER,NEW.EMP_SUFF,NEW.EMP_STATUS,NEW.ID_FK_JABATAN,NEW.ID_FK_TOKO,NEW.ID_FK_USER,NEW.EMP_CREATE_DATE,NEW.EMP_LAST_MODIFIED,NEW.ID_CREATE_DATA,NEW.ID_LAST_MODIFIED,@ID_LOG_ALL);
        END
$$
DELIMITER ;
DELIMITER $$
CREATE TRIGGER `TRG_AFTER_UPDATE_EMPLOYEE` AFTER UPDATE ON `mstr_employee` FOR EACH ROW BEGIN
            SET @ID_USER = NEW.ID_LAST_MODIFIED;
            SET @TGL_ACTION = NEW.EMP_LAST_MODIFIED;
            SET @LOG_TEXT = CONCAT(NEW.ID_LAST_MODIFIED,' ','UPDATE DATA AT' , NEW.EMP_LAST_MODIFIED);
            CALL INSERT_LOG_ALL(@ID_USER,@TGL_ACTION,@LOG_TEXT,@ID_LOG_ALL);
            
            INSERT INTO MSTR_EMPLOYEE_LOG(EXECUTED_FUNCTION,ID_PK_EMPLOYEE,EMP_NAMA,EMP_NPWP,EMP_KTP,EMP_HP,EMP_EMAIL,EMP_ALAMAT,EMP_KODE_POS,EMP_FOTO_NPWP,EMP_FOTO_KTP,EMP_FOTO_LAIN,EMP_FOTO,EMP_GAJI,EMP_STARTDATE,EMP_ENDDATE,EMP_REK,EMP_GENDER,EMP_SUFF,EMP_STATUS,ID_FK_JABATAN,ID_FK_TOKO,ID_FK_USER,EMP_CREATE_DATE,EMP_LAST_MODIFIED,ID_CREATE_DATA,ID_LAST_MODIFIED,ID_LOG_ALL) VALUES ('AFTER UPDATE',NEW.ID_PK_EMPLOYEE,NEW.EMP_NAMA,NEW.EMP_NPWP,NEW.EMP_KTP,NEW.EMP_HP,NEW.EMP_EMAIL,NEW.EMP_ALAMAT,NEW.EMP_KODE_POS,NEW.EMP_FOTO_NPWP,NEW.EMP_FOTO_KTP,NEW.EMP_FOTO_LAIN,NEW.EMP_FOTO,NEW.EMP_GAJI,NEW.EMP_STARTDATE,NEW.EMP_ENDDATE,NEW.EMP_REK,NEW.EMP_GENDER,NEW.EMP_SUFF,NEW.EMP_STATUS,NEW.ID_FK_JABATAN,NEW.ID_FK_TOKO,NEW.ID_FK_USER,NEW.EMP_CREATE_DATE,NEW.EMP_LAST_MODIFIED,NEW.ID_CREATE_DATA,NEW.ID_LAST_MODIFIED,@ID_LOG_ALL);
        END
$$
DELIMITER ;

-- --------------------------------------------------------

--
-- 表的结构 `mstr_employee_log`
--

CREATE TABLE `mstr_employee_log` (
  `ID_PK_EMPLOYEE_LOG` int(11) NOT NULL,
  `EXECUTED_FUNCTION` varchar(40) DEFAULT NULL,
  `ID_PK_EMPLOYEE` int(11) DEFAULT NULL,
  `EMP_NAMA` varchar(400) DEFAULT NULL,
  `EMP_NPWP` varchar(25) DEFAULT NULL,
  `EMP_KTP` varchar(20) DEFAULT NULL,
  `EMP_HP` varchar(15) DEFAULT NULL,
  `EMP_EMAIL` varchar(100) DEFAULT NULL,
  `EMP_ALAMAT` varchar(300) DEFAULT NULL,
  `EMP_KODE_POS` varchar(10) DEFAULT NULL,
  `EMP_FOTO_NPWP` varchar(50) DEFAULT NULL,
  `EMP_FOTO_KTP` varchar(50) DEFAULT NULL,
  `EMP_FOTO_LAIN` varchar(50) DEFAULT NULL,
  `EMP_FOTO` varchar(50) DEFAULT NULL,
  `EMP_GAJI` int(11) DEFAULT NULL,
  `EMP_STARTDATE` datetime DEFAULT NULL,
  `EMP_ENDDATE` datetime DEFAULT NULL,
  `EMP_REK` varchar(30) DEFAULT NULL,
  `EMP_GENDER` varchar(6) DEFAULT NULL,
  `EMP_SUFF` varchar(10) DEFAULT NULL,
  `EMP_STATUS` varchar(15) DEFAULT NULL,
  `ID_FK_JABATAN` int(11) DEFAULT NULL,
  `ID_FK_TOKO` int(11) DEFAULT NULL,
  `ID_FK_USER` int(11) DEFAULT NULL,
  `EMP_CREATE_DATE` datetime DEFAULT NULL,
  `EMP_LAST_MODIFIED` datetime DEFAULT NULL,
  `ID_CREATE_DATA` int(11) DEFAULT NULL,
  `ID_LAST_MODIFIED` int(11) DEFAULT NULL,
  `ID_LOG_ALL` int(11) DEFAULT NULL
) ENGINE=InnoDB DEFAULT CHARSET=utf8mb4;

--
-- 转存表中的数据 `mstr_employee_log`
--

INSERT INTO `mstr_employee_log` (`ID_PK_EMPLOYEE_LOG`, `EXECUTED_FUNCTION`, `ID_PK_EMPLOYEE`, `EMP_NAMA`, `EMP_NPWP`, `EMP_KTP`, `EMP_HP`, `EMP_EMAIL`, `EMP_ALAMAT`, `EMP_KODE_POS`, `EMP_FOTO_NPWP`, `EMP_FOTO_KTP`, `EMP_FOTO_LAIN`, `EMP_FOTO`, `EMP_GAJI`, `EMP_STARTDATE`, `EMP_ENDDATE`, `EMP_REK`, `EMP_GENDER`, `EMP_SUFF`, `EMP_STATUS`, `ID_FK_JABATAN`, `ID_FK_TOKO`, `ID_FK_USER`, `EMP_CREATE_DATE`, `EMP_LAST_MODIFIED`, `ID_CREATE_DATA`, `ID_LAST_MODIFIED`, `ID_LOG_ALL`) VALUES
(1, 'AFTER INSERT', 1, 'awef', 'awef', 'aewf', 'awef', NULL, 'aewf', '1234', 'IMG_5301.jpg', 'IMG_5301.jpg', 'DSCF5421.JPG', 'IMG_5301.jpg', 1234, '1111-11-11 00:00:00', '0000-00-00 00:00:00', '11111', 'PRIA', 'MR', 'AKTIF', NULL, 1, NULL, '2020-05-14 21:34:08', '2020-05-14 21:34:08', NULL, NULL, 558);

-- --------------------------------------------------------

--
-- 表的结构 `mstr_jabatan`
--

CREATE TABLE `mstr_jabatan` (
  `ID_PK_JABATAN` int(11) NOT NULL,
  `JABATAN_NAMA` varchar(100) DEFAULT NULL,
  `JABATAN_STATUS` varchar(15) DEFAULT NULL,
  `JABATAN_CREATE_DATE` datetime DEFAULT NULL,
  `JABATAN_LAST_MODIFIED` datetime DEFAULT NULL,
  `ID_CREATE_DATA` int(11) DEFAULT NULL,
  `ID_LAST_MODIFIED` int(11) DEFAULT NULL
) ENGINE=InnoDB DEFAULT CHARSET=utf8mb4;

--
-- 转存表中的数据 `mstr_jabatan`
--

INSERT INTO `mstr_jabatan` (`ID_PK_JABATAN`, `JABATAN_NAMA`, `JABATAN_STATUS`, `JABATAN_CREATE_DATE`, `JABATAN_LAST_MODIFIED`, `ID_CREATE_DATA`, `ID_LAST_MODIFIED`) VALUES
(1, 'role1', 'NONAKTIF', '2020-05-15 11:36:51', '2020-05-18 13:35:35', 1, 1),
(2, 'role2', 'NONAKTIF', '2020-05-15 11:36:54', '2020-05-18 13:35:36', 1, 1),
(3, 'role3', 'NONAKTIF', '2020-05-15 11:37:29', '2020-05-18 13:35:39', 1, 1),
(4, 'role4', 'NONAKTIF', '2020-05-15 11:38:01', '2020-05-18 13:35:41', 1, 1),
(5, 'role5', 'NONAKTIF', '2020-05-15 11:58:30', '2020-05-15 12:43:18', 1, 1),
(6, 'SUPER ADMIN', 'AKTIF', '2020-05-18 13:35:55', '2020-06-03 10:00:50', 1, 1),
(7, 'ADMIN 2', 'AKTIF', '2020-05-26 10:21:13', '2020-05-26 10:22:31', 1, 1),
(8, 'ADMIN 4', 'AKTIF', '2020-05-26 07:47:49', '2020-05-26 07:47:49', 1, 1);

--
-- 触发器 `mstr_jabatan`
--
DELIMITER $$
CREATE TRIGGER `TRG_AFTER_INSERT_JABATAN` AFTER INSERT ON `mstr_jabatan` FOR EACH ROW BEGIN
            SET @ID_USER = NEW.ID_LAST_MODIFIED;
            SET @TGL_ACTION = NEW.JABATAN_LAST_MODIFIED;
            SET @LOG_TEXT = CONCAT(NEW.ID_LAST_MODIFIED,' ','INSERT DATA AT ' , NEW.JABATAN_LAST_MODIFIED);
            CALL INSERT_LOG_ALL(@ID_USER,@TGL_ACTION,@LOG_TEXT,@ID_LOG_ALL);
            
            INSERT INTO MSTR_JABATAN_LOG(EXECUTED_FUNCTION,ID_PK_JABATAN,JABATAN_NAMA,JABATAN_STATUS,JABATAN_CREATE_DATE,JABATAN_LAST_MODIFIED,ID_CREATE_DATA,ID_LAST_MODIFIED,ID_LOG_ALL) VALUES('AFTER INSERT',NEW.ID_PK_JABATAN,NEW.JABATAN_NAMA,NEW.JABATAN_STATUS,NEW.JABATAN_CREATE_DATE,NEW.JABATAN_LAST_MODIFIED,NEW.ID_CREATE_DATA,NEW.ID_LAST_MODIFIED,@ID_LOG_ALL);

            /* INSERT NEW JABATAN TO ALL HAK AKSES*/
            SET @ID_JABATAN = NEW.ID_PK_JABATAN;
            INSERT INTO TBL_HAK_AKSES(ID_FK_JABATAN,ID_FK_MENU,HAK_AKSES_STATUS,HAK_AKSES_CREATE_DATE,HAK_AKSES_LAST_MODIFIED,ID_CREATE_DATA,ID_LAST_MODIFIED)
            SELECT @ID_JABATAN,ID_PK_MENU,'NONAKTIF',@TGL_ACTION,@TGL_ACTION,@ID_USER,@ID_USER FROM MSTR_MENU;
        END
$$
DELIMITER ;
DELIMITER $$
CREATE TRIGGER `TRG_AFTER_UPDATE_JABATAN` AFTER UPDATE ON `mstr_jabatan` FOR EACH ROW BEGIN
            SET @ID_USER = NEW.ID_LAST_MODIFIED;
            SET @TGL_ACTION = NEW.JABATAN_LAST_MODIFIED;
            SET @LOG_TEXT = CONCAT(NEW.ID_LAST_MODIFIED,' ','UPDATE DATA AT ' , NEW.JABATAN_LAST_MODIFIED);
            CALL INSERT_LOG_ALL(@ID_USER,@TGL_ACTION,@LOG_TEXT,@ID_LOG_ALL);
            
            INSERT INTO MSTR_JABATAN_LOG(EXECUTED_FUNCTION,ID_PK_JABATAN,JABATAN_NAMA,JABATAN_STATUS,JABATAN_CREATE_DATE,JABATAN_LAST_MODIFIED,ID_CREATE_DATA,ID_LAST_MODIFIED,ID_LOG_ALL) VALUES('AFTER UPDATE',NEW.ID_PK_JABATAN,NEW.JABATAN_NAMA,NEW.JABATAN_STATUS,NEW.JABATAN_CREATE_DATE,NEW.JABATAN_LAST_MODIFIED,NEW.ID_CREATE_DATA,NEW.ID_LAST_MODIFIED,@ID_LOG_ALL);
        END
$$
DELIMITER ;

-- --------------------------------------------------------

--
-- 表的结构 `mstr_jabatan_log`
--

CREATE TABLE `mstr_jabatan_log` (
  `ID_PK_JABATAN_LOG` int(11) NOT NULL,
  `EXECUTED_FUNCTION` varchar(30) DEFAULT NULL,
  `ID_PK_JABATAN` int(11) DEFAULT NULL,
  `JABATAN_NAMA` varchar(100) DEFAULT NULL,
  `JABATAN_STATUS` varchar(15) DEFAULT NULL,
  `JABATAN_CREATE_DATE` datetime DEFAULT NULL,
  `JABATAN_LAST_MODIFIED` datetime DEFAULT NULL,
  `ID_CREATE_DATA` int(11) DEFAULT NULL,
  `ID_LAST_MODIFIED` int(11) DEFAULT NULL,
  `ID_LOG_ALL` int(11) DEFAULT NULL
) ENGINE=InnoDB DEFAULT CHARSET=utf8mb4;

--
-- 转存表中的数据 `mstr_jabatan_log`
--

INSERT INTO `mstr_jabatan_log` (`ID_PK_JABATAN_LOG`, `EXECUTED_FUNCTION`, `ID_PK_JABATAN`, `JABATAN_NAMA`, `JABATAN_STATUS`, `JABATAN_CREATE_DATE`, `JABATAN_LAST_MODIFIED`, `ID_CREATE_DATA`, `ID_LAST_MODIFIED`, `ID_LOG_ALL`) VALUES
(1, 'AFTER INSERT', 1, 'role1', 'AKTIF', '2020-05-15 11:36:51', '2020-05-15 11:36:51', 1, 1, 583),
(2, 'AFTER INSERT', 2, 'role2', 'AKTIF', '2020-05-15 11:36:54', '2020-05-15 11:36:54', 1, 1, 584),
(3, 'AFTER INSERT', 3, 'role3', 'AKTIF', '2020-05-15 11:37:29', '2020-05-15 11:37:29', 1, 1, 588),
(4, 'AFTER INSERT', 4, 'role4', 'AKTIF', '2020-05-15 11:38:01', '2020-05-15 11:38:01', 1, 1, 598),
(5, 'AFTER INSERT', 5, 'role5', 'AKTIF', '2020-05-15 11:58:30', '2020-05-15 11:58:30', 1, 1, 602),
(6, 'AFTER UPDATE', 2, 'role23', 'AKTIF', '2020-05-15 11:36:54', '2020-05-15 12:09:40', 1, 1, 608),
(7, 'AFTER UPDATE', 2, 'role2', 'AKTIF', '2020-05-15 11:36:54', '2020-05-15 12:09:44', 1, 1, 609),
(8, 'AFTER UPDATE', 5, 'role5', 'AKTIF', '2020-05-15 11:58:30', '2020-05-15 12:41:11', 1, 1, 610),
(9, 'AFTER UPDATE', 5, 'role5', 'AKTIF', '2020-05-15 11:58:30', '2020-05-15 12:41:21', 1, 1, 614),
(10, 'AFTER UPDATE', 5, 'role5', 'AKTIF', '2020-05-15 11:58:30', '2020-05-15 12:42:08', 1, 1, 618),
(11, 'AFTER UPDATE', 5, 'role5', 'AKTIF', '2020-05-15 11:58:30', '2020-05-15 12:42:59', 1, 1, 622),
(12, 'AFTER UPDATE', 5, 'role5', 'AKTIF', '2020-05-15 11:58:30', '2020-05-15 12:43:05', 1, 1, 627),
(13, 'AFTER UPDATE', 3, 'role3', 'AKTIF', '2020-05-15 11:37:29', '2020-05-15 12:43:11', 1, 1, 634),
(14, 'AFTER UPDATE', 5, 'role5', 'NONAKTIF', '2020-05-15 11:58:30', '2020-05-15 12:43:18', 1, 1, 640),
(15, 'AFTER UPDATE', 1, 'role1', 'NONAKTIF', '2020-05-15 11:36:51', '2020-05-18 13:35:35', 1, 1, 688),
(16, 'AFTER UPDATE', 2, 'role2', 'NONAKTIF', '2020-05-15 11:36:54', '2020-05-18 13:35:36', 1, 1, 689),
(17, 'AFTER UPDATE', 3, 'role3', 'NONAKTIF', '2020-05-15 11:37:29', '2020-05-18 13:35:39', 1, 1, 690),
(18, 'AFTER UPDATE', 4, 'role4', 'NONAKTIF', '2020-05-15 11:38:01', '2020-05-18 13:35:41', 1, 1, 691),
(19, 'AFTER INSERT', 6, 'UAC ADMIN', 'AKTIF', '2020-05-18 13:35:55', '2020-05-18 13:35:55', 1, 1, 692),
(20, 'AFTER UPDATE', 6, 'UAC ADMIN', 'AKTIF', '2020-05-18 13:35:55', '2020-05-18 13:35:59', 1, 1, 697),
(21, 'AFTER UPDATE', 6, 'UAC ADMIN', 'AKTIF', '2020-05-18 13:35:55', '2020-05-18 20:23:42', 1, 1, 731),
(22, 'AFTER UPDATE', 6, 'UAC ADMIN', 'AKTIF', '2020-05-18 13:35:55', '2020-05-20 12:31:47', 1, 1, 832),
(23, 'AFTER UPDATE', 6, 'UAC ADMIN', 'AKTIF', '2020-05-18 13:35:55', '2020-05-22 10:50:01', 1, 1, 948),
(24, 'AFTER UPDATE', 6, 'UAC ADMIN', 'AKTIF', '2020-05-18 13:35:55', '2020-05-22 13:32:52', 1, 1, 1012),
(25, 'AFTER UPDATE', 6, 'SUPER ADMIN', 'AKTIF', '2020-05-18 13:35:55', '2020-05-22 13:33:00', 1, 1, 1053),
(26, 'AFTER INSERT', 7, 'ADMIN 2', 'AKTIF', '2020-05-26 10:21:13', '2020-05-26 10:21:13', 1, 1, 1176),
(27, 'AFTER UPDATE', 7, 'ADMIN 2', 'AKTIF', '2020-05-26 10:21:13', '2020-05-26 10:21:25', 1, 1, 1197),
(28, 'AFTER UPDATE', 7, 'ADMIN 2', 'AKTIF', '2020-05-26 10:21:13', '2020-05-26 10:22:31', 1, 1, 1229),
(29, 'AFTER UPDATE', 6, 'SUPER ADMIN', 'AKTIF', '2020-05-18 13:35:55', '2020-05-26 18:22:44', 1, 1, 1342),
(30, 'AFTER UPDATE', 6, 'SUPER ADMIN', 'AKTIF', '2020-05-18 13:35:55', '2020-05-26 07:43:38', 1, 1, 1430),
(31, 'AFTER INSERT', 8, 'ADMIN 4', 'AKTIF', '2020-05-26 07:47:49', '2020-05-26 07:47:49', 1, 1, 1482),
(32, 'AFTER UPDATE', 6, 'SUPER ADMIN', 'AKTIF', '2020-05-18 13:35:55', '2020-06-01 12:49:56', 1, 1, 2105),
(33, 'AFTER UPDATE', 6, 'SUPER ADMIN', 'AKTIF', '2020-05-18 13:35:55', '2020-06-03 10:00:50', 1, 1, 2167);

-- --------------------------------------------------------

--
-- 表的结构 `mstr_menu`
--

CREATE TABLE `mstr_menu` (
  `ID_PK_MENU` int(11) NOT NULL,
  `MENU_NAME` varchar(100) DEFAULT NULL,
  `MENU_DISPLAY` varchar(100) DEFAULT NULL,
  `MENU_ICON` varchar(100) DEFAULT NULL,
  `MENU_CATEGORY` varchar(100) DEFAULT NULL,
  `MENU_STATUS` varchar(15) DEFAULT NULL,
  `MENU_CREATE_DATE` datetime DEFAULT NULL,
  `MENU_LAST_MODIFIED` datetime DEFAULT NULL,
  `ID_CREATE_DATA` int(11) DEFAULT NULL,
  `ID_LAST_MODIFIED` int(11) DEFAULT NULL
) ENGINE=InnoDB DEFAULT CHARSET=utf8mb4;

--
-- 转存表中的数据 `mstr_menu`
--

INSERT INTO `mstr_menu` (`ID_PK_MENU`, `MENU_NAME`, `MENU_DISPLAY`, `MENU_ICON`, `MENU_CATEGORY`, `MENU_STATUS`, `MENU_CREATE_DATE`, `MENU_LAST_MODIFIED`, `ID_CREATE_DATA`, `ID_LAST_MODIFIED`) VALUES
(1, 'toko', 'TOKO', 'edit', 'GENERAL', 'AKTIF', '2020-05-18 11:06:26', '2020-05-18 13:20:33', 1, 1),
(2, 'roles', 'ROLE', 'edit', 'GENERAL', 'AKTIF', '2020-05-18 13:21:54', '2020-05-22 10:49:45', 1, 1),
(3, 'user', 'USER', 'edit', 'GENERAL', 'AKTIF', '2020-05-18 13:25:00', '2020-05-18 13:25:11', 1, 1),
(4, 'controller', 'display', 'icon', 'GENERAL', 'NONAKTIF', '2020-05-18 13:34:46', '2020-05-18 13:36:16', 1, 1),
(5, 'penerimaan/gudang', 'PENERIMAAN', 'edit', 'GUDANG', 'AKTIF', '2020-05-18 20:22:36', '2020-05-18 20:22:36', 1, 1),
(6, 'penerimaan/cabang', 'PENERIMAAN', 'edit', 'CABANG', 'AKTIF', '2020-05-18 20:22:49', '2020-05-22 15:39:20', 1, 1),
(7, 'cabang', 'CABANG', 'edit', 'TOKO', 'AKTIF', '2020-05-18 20:23:18', '2020-05-18 20:23:18', 1, 1),
(8, 'menu', 'MENU', 'edit', 'GENERAL', 'AKTIF', '2020-05-20 12:18:10', '2020-05-20 12:18:10', 1, 1),
(9, 'pembelian', 'PEMBELIAN', 'edit', 'CABANG', 'AKTIF', '2020-05-20 12:19:09', '2020-05-20 12:19:09', 1, 1),
(10, 'customer', 'CUSTOMER', 'edit', 'GENERAL', 'AKTIF', '2020-05-20 12:19:24', '2020-05-20 12:22:04', 1, 1),
(11, 'employee', 'EMPLOYEE', 'edit', 'GENERAL', 'AKTIF', '2020-05-20 12:19:47', '2020-05-20 12:19:47', 1, 1),
(12, 'warehouse', 'GUDANG', 'edit', 'GENERAL', 'AKTIF', '2020-05-20 12:20:08', '2020-05-20 12:20:08', 1, 1),
(13, 'penjualan', 'PENJUALAN', 'edit', 'CABANG', 'AKTIF', '2020-05-20 12:20:46', '2020-05-20 12:20:46', 1, 1),
(14, 'barang', 'BARANG', 'edit', 'GENERAL', 'AKTIF', '2020-05-20 12:21:04', '2020-05-20 12:21:04', 1, 1),
(15, 'supplier', 'SUPPLIER', 'edit', 'GENERAL', 'AKTIF', '2020-05-20 12:21:56', '2020-05-20 12:21:56', 1, 1),
(16, 'toko/brg_cabang', 'STOK CABANG', 'edit', 'CABANG', 'AKTIF', '2020-05-20 12:22:44', '2020-05-20 12:24:20', 1, 1),
(17, 'warehouse/brg_warehouse', 'STOK GUDANG', 'edit', 'GUDANG', 'AKTIF', '2020-05-20 12:23:45', '2020-05-22 09:58:57', 1, 1),
(18, 'barang_jenis', 'JENIS BARANG', 'edit', 'GENERAL', 'AKTIF', '2020-05-22 10:48:43', '2020-05-22 10:48:43', 1, 1),
(19, 'barang_merk', 'MERK BARANG', 'edit', 'GENERAL', 'AKTIF', '2020-05-22 10:48:57', '2020-05-22 10:48:57', 1, 1),
(20, 'satuan', 'SATUAN', 'edit', 'GENERAL', 'AKTIF', '2020-05-22 13:32:43', '2020-05-22 13:32:43', 1, 1),
(21, 'permintaan', 'PERMINTAAN', 'edit', 'CABANG', 'AKTIF', '2020-05-26 18:21:35', '2020-05-26 18:21:35', 1, 1),
(22, 'pemenuhan/gudang', 'PEMENUHAN GUDANG', 'edit', 'GUDANG', 'AKTIF', '2020-05-26 18:22:12', '2020-05-26 18:22:12', 1, 1),
(23, 'pemenuhan/cabang', 'PEMENUHAN CABANG', 'edit', 'CABANG', 'AKTIF', '2020-05-26 18:22:24', '2020-05-26 18:22:24', 1, 1),
(24, 'test', 'TEST', 'edit', 'GUDANG', 'AKTIF', '2020-05-26 07:43:11', '2020-05-26 07:46:09', 1, 1),
(25, 'pengiriman/cabang', 'PENGIRIMAN CABANG', 'edit', 'CABANG', 'AKTIF', '2020-06-01 12:49:44', '2020-06-03 10:00:13', 1, 1),
(26, 'pengiriman/warehouse', 'PENGIRIMAN GUDANG', 'edit', 'GUDANG', 'AKTIF', '2020-06-03 10:00:37', '2020-06-03 10:00:37', 1, 1);

--
-- 触发器 `mstr_menu`
--
DELIMITER $$
CREATE TRIGGER `TRG_AFTER_INSERT_MENU` AFTER INSERT ON `mstr_menu` FOR EACH ROW BEGIN
            SET @ID_USER = NEW.ID_LAST_MODIFIED;
            SET @TGL_ACTION = NEW.MENU_LAST_MODIFIED;
            SET @LOG_TEXT = CONCAT(NEW.ID_LAST_MODIFIED,' ','INSERT DATA AT' , NEW.MENU_LAST_MODIFIED);
            CALL INSERT_LOG_ALL(@ID_USER,@TGL_ACTION,@LOG_TEXT,@ID_LOG_ALL);
            
            INSERT INTO MSTR_MENU_LOG(EXECUTED_FUNCTION,ID_PK_MENU,MENU_NAME,MENU_DISPLAY,MENU_ICON,MENU_CATEGORY,MENU_STATUS,MENU_CREATE_DATE,MENU_LAST_MODIFIED,ID_CREATE_DATA,ID_LAST_MODIFIED,ID_LOG_ALL) VALUES ('AFTER INSERT',NEW.ID_PK_MENU,NEW.MENU_NAME,NEW.MENU_DISPLAY,NEW.MENU_ICON,NEW.MENU_CATEGORY,NEW.MENU_STATUS,NEW.MENU_CREATE_DATE,NEW.MENU_LAST_MODIFIED,NEW.ID_CREATE_DATA,NEW.ID_LAST_MODIFIED,@ID_LOG_ALL);
            
            /* INSERT NEW MENU TO ALL HAK AKSES*/
            SET @ID_MENU = NEW.ID_PK_MENU;
            INSERT INTO TBL_HAK_AKSES(ID_FK_JABATAN,ID_FK_MENU,HAK_AKSES_STATUS,HAK_AKSES_CREATE_DATE,HAK_AKSES_LAST_MODIFIED,ID_CREATE_DATA,ID_LAST_MODIFIED)
            SELECT ID_PK_JABATAN,@ID_MENU,'NONAKTIF',@TGL_ACTION,@TGL_ACTION,@ID_USER,@ID_USER FROM MSTR_JABATAN;
        END
$$
DELIMITER ;
DELIMITER $$
CREATE TRIGGER `TRG_AFTER_UPDATE_MENU` AFTER UPDATE ON `mstr_menu` FOR EACH ROW BEGIN
            SET @ID_USER = NEW.ID_LAST_MODIFIED;
            SET @TGL_ACTION = NEW.MENU_LAST_MODIFIED;
            SET @LOG_TEXT = CONCAT(NEW.ID_LAST_MODIFIED,' ','UPDATE DATA AT' , NEW.MENU_LAST_MODIFIED);
            CALL INSERT_LOG_ALL(@ID_USER,@TGL_ACTION,@LOG_TEXT,@ID_LOG_ALL);
            
            INSERT INTO MSTR_MENU_LOG(EXECUTED_FUNCTION,ID_PK_MENU,MENU_NAME,MENU_DISPLAY,MENU_ICON,MENU_CATEGORY,MENU_STATUS,MENU_CREATE_DATE,MENU_LAST_MODIFIED,ID_CREATE_DATA,ID_LAST_MODIFIED,ID_LOG_ALL) VALUES ('AFTER UPDATE',NEW.ID_PK_MENU,NEW.MENU_NAME,NEW.MENU_DISPLAY,NEW.MENU_ICON,NEW.MENU_CATEGORY,NEW.MENU_STATUS,NEW.MENU_CREATE_DATE,NEW.MENU_LAST_MODIFIED,NEW.ID_CREATE_DATA,NEW.ID_LAST_MODIFIED,@ID_LOG_ALL);
        END
$$
DELIMITER ;

-- --------------------------------------------------------

--
-- 表的结构 `mstr_menu_log`
--

CREATE TABLE `mstr_menu_log` (
  `ID_PK_MENU_LOG` int(11) NOT NULL,
  `EXECUTED_FUNCTION` varchar(30) DEFAULT NULL,
  `ID_PK_MENU` int(11) DEFAULT NULL,
  `MENU_NAME` varchar(100) DEFAULT NULL,
  `MENU_DISPLAY` varchar(100) DEFAULT NULL,
  `MENU_ICON` varchar(100) DEFAULT NULL,
  `MENU_CATEGORY` varchar(100) DEFAULT NULL,
  `MENU_STATUS` varchar(15) DEFAULT NULL,
  `MENU_CREATE_DATE` datetime DEFAULT NULL,
  `MENU_LAST_MODIFIED` datetime DEFAULT NULL,
  `ID_CREATE_DATA` int(11) DEFAULT NULL,
  `ID_LAST_MODIFIED` int(11) DEFAULT NULL,
  `ID_LOG_ALL` int(11) DEFAULT NULL
) ENGINE=InnoDB DEFAULT CHARSET=utf8mb4;

--
-- 转存表中的数据 `mstr_menu_log`
--

INSERT INTO `mstr_menu_log` (`ID_PK_MENU_LOG`, `EXECUTED_FUNCTION`, `ID_PK_MENU`, `MENU_NAME`, `MENU_DISPLAY`, `MENU_ICON`, `MENU_CATEGORY`, `MENU_STATUS`, `MENU_CREATE_DATE`, `MENU_LAST_MODIFIED`, `ID_CREATE_DATA`, `ID_LAST_MODIFIED`, `ID_LOG_ALL`) VALUES
(1, 'AFTER INSERT', 1, 'ctrl1', 'display', 'icon', 'CABANG', 'AKTIF', '2020-05-18 11:06:26', '2020-05-18 11:06:26', 1, 1, 658),
(2, 'AFTER UPDATE', 1, 'ctrl1', 'display', 'icon', 'GUDANG', 'AKTIF', '2020-05-18 11:06:26', '2020-05-18 13:12:36', 1, 1, 666),
(3, 'AFTER UPDATE', 1, 'toko', 'TOKO', 'edit', 'GENERAL', 'AKTIF', '2020-05-18 11:06:26', '2020-05-18 13:20:33', 1, 1, 667),
(4, 'AFTER INSERT', 2, 'jabatan', 'JABATAN', 'edit', 'GENERAL', 'AKTIF', '2020-05-18 13:21:54', '2020-05-18 13:21:54', 1, 1, 668),
(5, 'AFTER INSERT', 3, 'USER', 'user', 'edit', 'GENERAL', 'AKTIF', '2020-05-18 13:25:00', '2020-05-18 13:25:00', 1, 1, 674),
(6, 'AFTER UPDATE', 3, 'user', 'USER', 'edit', 'GENERAL', 'AKTIF', '2020-05-18 13:25:00', '2020-05-18 13:25:11', 1, 1, 680),
(7, 'AFTER UPDATE', 2, 'jabatan', 'JABATAN2', 'edit', 'GENERAL', 'AKTIF', '2020-05-18 13:21:54', '2020-05-18 13:34:19', 1, 1, 681),
(8, 'AFTER INSERT', 4, 'controller', 'display', 'icon', 'GENERAL', 'AKTIF', '2020-05-18 13:34:46', '2020-05-18 13:34:46', 1, 1, 682),
(9, 'AFTER UPDATE', 2, 'jabatan', 'JABATAN', 'edit', 'GENERAL', 'AKTIF', '2020-05-18 13:21:54', '2020-05-18 13:36:14', 1, 1, 704),
(10, 'AFTER UPDATE', 4, 'controller', 'display', 'icon', 'GENERAL', 'NONAKTIF', '2020-05-18 13:34:46', '2020-05-18 13:36:16', 1, 1, 705),
(11, 'AFTER UPDATE', 2, 'role', 'ROLE', 'edit', 'GENERAL', 'AKTIF', '2020-05-18 13:21:54', '2020-05-18 20:15:55', 1, 1, 708),
(12, 'AFTER UPDATE', 2, 'role', 'ROLE', 'edit', 'TOKO', 'AKTIF', '2020-05-18 13:21:54', '2020-05-18 20:16:01', 1, 1, 709),
(13, 'AFTER INSERT', 5, 'penerimaan/gudang', 'PENERIMAAN', 'edit', 'GUDANG', 'AKTIF', '2020-05-18 20:22:36', '2020-05-18 20:22:36', 1, 1, 710),
(14, 'AFTER INSERT', 6, 'penerimaan/toko', 'PENERIMAAN', 'edit', 'TOKO', 'AKTIF', '2020-05-18 20:22:49', '2020-05-18 20:22:49', 1, 1, 717),
(15, 'AFTER INSERT', 7, 'cabang', 'CABANG', 'edit', 'TOKO', 'AKTIF', '2020-05-18 20:23:18', '2020-05-18 20:23:18', 1, 1, 724),
(16, 'AFTER UPDATE', 6, 'penerimaan/toko', 'PENERIMAAN', 'edit', 'CABANG', 'AKTIF', '2020-05-18 20:22:49', '2020-05-18 20:28:34', 1, 1, 745),
(17, 'AFTER INSERT', 8, 'menu', 'MENU', 'edit', 'GENERAL', 'AKTIF', '2020-05-20 12:18:10', '2020-05-20 12:18:10', 1, 1, 759),
(18, 'AFTER INSERT', 9, 'pembelian', 'PEMBELIAN', 'edit', 'CABANG', 'AKTIF', '2020-05-20 12:19:09', '2020-05-20 12:19:09', 1, 1, 766),
(19, 'AFTER INSERT', 10, 'customer', 'CUSTOMER', 'edit', 'GENERAL', 'AKTIF', '2020-05-20 12:19:24', '2020-05-20 12:19:24', 1, 1, 773),
(20, 'AFTER INSERT', 11, 'employee', 'EMPLOYEE', 'edit', 'GENERAL', 'AKTIF', '2020-05-20 12:19:47', '2020-05-20 12:19:47', 1, 1, 780),
(21, 'AFTER INSERT', 12, 'warehouse', 'GUDANG', 'edit', 'GENERAL', 'AKTIF', '2020-05-20 12:20:08', '2020-05-20 12:20:08', 1, 1, 787),
(22, 'AFTER INSERT', 13, 'penjualan', 'PENJUALAN', 'edit', 'CABANG', 'AKTIF', '2020-05-20 12:20:46', '2020-05-20 12:20:46', 1, 1, 794),
(23, 'AFTER INSERT', 14, 'barang', 'BARANG', 'edit', 'GENERAL', 'AKTIF', '2020-05-20 12:21:04', '2020-05-20 12:21:04', 1, 1, 801),
(24, 'AFTER UPDATE', 10, 'customer', 'CUSTOMER', 'edit', 'CABANG', 'AKTIF', '2020-05-20 12:19:24', '2020-05-20 12:21:22', 1, 1, 808),
(25, 'AFTER INSERT', 15, 'supplier', 'SUPPLIER', 'edit', 'GENERAL', 'AKTIF', '2020-05-20 12:21:56', '2020-05-20 12:21:56', 1, 1, 809),
(26, 'AFTER UPDATE', 10, 'customer', 'CUSTOMER', 'edit', 'GENERAL', 'AKTIF', '2020-05-20 12:19:24', '2020-05-20 12:22:04', 1, 1, 816),
(27, 'AFTER INSERT', 16, 'stok', 'STOK', 'edit', 'CABANG', 'AKTIF', '2020-05-20 12:22:44', '2020-05-20 12:22:44', 1, 1, 817),
(28, 'AFTER INSERT', 17, 'warehouse/brg_warehouse', 'STOK GUDANG', 'edit', 'GUDANG', 'AKTIF', '2020-05-20 12:23:45', '2020-05-20 12:23:45', 1, 1, 824),
(29, 'AFTER UPDATE', 16, 'toko/brg_cabang', 'STOK CABANG', 'edit', 'CABANG', 'AKTIF', '2020-05-20 12:22:44', '2020-05-20 12:24:20', 1, 1, 831),
(30, 'AFTER UPDATE', 17, 'warehouse/brg_warehouse', 'STOK GUDANG2', 'edit', 'GUDANG', 'AKTIF', '2020-05-20 12:23:45', '2020-05-21 23:23:19', 1, 1, 893),
(31, 'AFTER UPDATE', 17, 'warehouse/brg_warehouse', 'STOK GUDANG', 'edit', 'GUDANG', 'AKTIF', '2020-05-20 12:23:45', '2020-05-22 09:58:57', 1, 1, 926),
(32, 'AFTER INSERT', 18, 'barang_jenis', 'JENIS BARANG', 'edit', 'GENERAL', 'AKTIF', '2020-05-22 10:48:43', '2020-05-22 10:48:43', 1, 1, 932),
(33, 'AFTER INSERT', 19, 'barang_merk', 'MERK BARANG', 'edit', 'GENERAL', 'AKTIF', '2020-05-22 10:48:57', '2020-05-22 10:48:57', 1, 1, 939),
(34, 'AFTER UPDATE', 2, 'role', 'ROLE', 'edit', 'GENERAL', 'AKTIF', '2020-05-18 13:21:54', '2020-05-22 10:49:10', 1, 1, 946),
(35, 'AFTER UPDATE', 2, 'roles', 'ROLE', 'edit', 'GENERAL', 'AKTIF', '2020-05-18 13:21:54', '2020-05-22 10:49:45', 1, 1, 947),
(36, 'AFTER INSERT', 20, 'satuan', 'SATUAN', 'edit', 'GENERAL', 'AKTIF', '2020-05-22 13:32:43', '2020-05-22 13:32:43', 1, 1, 1005),
(37, 'AFTER UPDATE', 6, 'penerimaan/cabang', 'PENERIMAAN', 'edit', 'CABANG', 'AKTIF', '2020-05-18 20:22:49', '2020-05-22 15:39:20', 1, 1, 1099),
(38, 'AFTER INSERT', 21, 'permintaan', 'PERMINTAAN', 'edit', 'CABANG', 'AKTIF', '2020-05-26 18:21:35', '2020-05-26 18:21:35', 1, 1, 1318),
(39, 'AFTER INSERT', 22, 'pemenuhan/gudang', 'PEMENUHAN GUDANG', 'edit', 'GUDANG', 'AKTIF', '2020-05-26 18:22:12', '2020-05-26 18:22:12', 1, 1, 1326),
(40, 'AFTER INSERT', 23, 'pemenuhan/cabang', 'PEMENUHAN CABANG', 'edit', 'CABANG', 'AKTIF', '2020-05-26 18:22:24', '2020-05-26 18:22:24', 1, 1, 1334),
(41, 'AFTER INSERT', 24, 'test', 'TEST', 'edit', 'GENERAL', 'AKTIF', '2020-05-26 07:43:11', '2020-05-26 07:43:11', 1, 1, 1422),
(42, 'AFTER UPDATE', 24, 'test', 'TEST', 'edit', 'TOKO', 'AKTIF', '2020-05-26 07:43:11', '2020-05-26 07:45:17', 1, 1, 1479),
(43, 'AFTER UPDATE', 24, 'test', 'TEST', 'edit', 'GUDANG', 'AKTIF', '2020-05-26 07:43:11', '2020-05-26 07:46:09', 1, 1, 1480),
(44, 'AFTER INSERT', 25, 'surat_jalan', 'SURAT JALAN', 'edit', 'CABANG', 'AKTIF', '2020-06-01 12:49:44', '2020-06-01 12:49:44', 1, 1, 2096),
(45, 'AFTER UPDATE', 25, 'pengiriman', 'PENGIRIMAN', 'edit', 'CABANG', 'AKTIF', '2020-06-01 12:49:44', '2020-06-03 08:50:43', 1, 1, 2156),
(46, 'AFTER UPDATE', 25, 'pengiriman/cabang', 'PENGIRIMAN CABANG', 'edit', 'CABANG', 'AKTIF', '2020-06-01 12:49:44', '2020-06-03 10:00:13', 1, 1, 2157),
(47, 'AFTER INSERT', 26, 'pengiriman/warehouse', 'PENGIRIMAN GUDANG', 'edit', 'GUDANG', 'AKTIF', '2020-06-03 10:00:37', '2020-06-03 10:00:37', 1, 1, 2158);

-- --------------------------------------------------------

--
-- 表的结构 `mstr_pembelian`
--

CREATE TABLE `mstr_pembelian` (
  `ID_PK_PEMBELIAN` int(11) NOT NULL,
  `PEM_PK_NOMOR` varchar(30) DEFAULT NULL,
  `PEM_TGL` date DEFAULT NULL,
  `PEM_STATUS` varchar(15) DEFAULT NULL,
  `ID_FK_SUPP` int(11) DEFAULT NULL,
  `ID_FK_CABANG` int(11) DEFAULT NULL,
  `PEM_CREATE_DATE` datetime DEFAULT NULL,
  `PEM_LAST_MODIFIED` datetime DEFAULT NULL,
  `ID_CREATE_DATA` int(11) DEFAULT NULL,
  `ID_LAST_MODIFIED` int(11) DEFAULT NULL
) ENGINE=InnoDB DEFAULT CHARSET=utf8mb4;

--
-- 转存表中的数据 `mstr_pembelian`
--

INSERT INTO `mstr_pembelian` (`ID_PK_PEMBELIAN`, `PEM_PK_NOMOR`, `PEM_TGL`, `PEM_STATUS`, `ID_FK_SUPP`, `ID_FK_CABANG`, `PEM_CREATE_DATE`, `PEM_LAST_MODIFIED`, `ID_CREATE_DATA`, `ID_LAST_MODIFIED`) VALUES
(1, 'a123af', '1111-11-11', 'AKTIF', 14, 25, '2020-05-21 22:52:49', '2020-05-21 22:52:49', 1, 1),
(2, 'nomorpembelian1', '2020-05-29', 'nonaktif', 13, 19, '2020-05-26 08:44:15', '2020-05-26 08:44:58', 1, 1),
(3, 'nomorpembelian1', '2020-05-29', 'AKTIF', 13, 19, '2020-05-26 08:44:35', '2020-05-26 08:44:35', 1, 1),
(4, '123', '2020-05-21', 'AKTIF', 2, 25, '2020-05-27 01:10:09', '2020-06-03 10:16:46', 1, 1),
(5, 'nomorpembelian', '1111-11-11', 'AKTIF', 2, 2, '2020-06-03 02:09:10', '2020-06-04 12:36:36', 1, 1),
(6, 'nomorpembelian', '1111-11-11', 'AKTIF', 2, 2, '2020-06-03 02:10:22', '2020-06-03 02:10:48', 1, 1);

--
-- 触发器 `mstr_pembelian`
--
DELIMITER $$
CREATE TRIGGER `TRG_AFTER_INSERT_PEMBELIAN` AFTER INSERT ON `mstr_pembelian` FOR EACH ROW BEGIN
            SET @ID_USER = NEW.ID_LAST_MODIFIED;
            SET @TGL_ACTION = NEW.PEM_LAST_MODIFIED;
            SET @LOG_TEXT = CONCAT(NEW.ID_LAST_MODIFIED,' ','INSERT DATA AT' , NEW.PEM_LAST_MODIFIED);
            CALL INSERT_LOG_ALL(@ID_USER,@TGL_ACTION,@LOG_TEXT,@ID_LOG_ALL);
            
            INSERT INTO MSTR_PEMBELIAN_LOG(EXECUTED_FUNCTION,ID_PK_PEMBELIAN,PEM_PK_NOMOR,PEM_TGL,PEM_STATUS,ID_FK_SUPP,ID_FK_CABANG,PEM_CREATE_DATE,PEM_LAST_MODIFIED,ID_CREATE_DATA,ID_LAST_MODIFIED,ID_LOG_ALL) VALUES ('AFTER INSERT',NEW.ID_PK_PEMBELIAN,NEW.PEM_PK_NOMOR,NEW.PEM_TGL,NEW.PEM_STATUS,NEW.ID_FK_SUPP,NEW.ID_FK_CABANG,NEW.PEM_CREATE_DATE,NEW.PEM_LAST_MODIFIED,NEW.ID_CREATE_DATA,NEW.ID_LAST_MODIFIED,@ID_LOG_ALL);
        END
$$
DELIMITER ;
DELIMITER $$
CREATE TRIGGER `TRG_AFTER_UPDATE_PEMBELIAN` AFTER UPDATE ON `mstr_pembelian` FOR EACH ROW BEGIN
            SET @ID_USER = NEW.ID_LAST_MODIFIED;
            SET @TGL_ACTION = NEW.PEM_LAST_MODIFIED;
            SET @LOG_TEXT = CONCAT(NEW.ID_LAST_MODIFIED,' ','UPDATE DATA AT' , NEW.PEM_LAST_MODIFIED);
            CALL INSERT_LOG_ALL(@ID_USER,@TGL_ACTION,@LOG_TEXT,@ID_LOG_ALL);
            
            INSERT INTO MSTR_PEMBELIAN_LOG(EXECUTED_FUNCTION,ID_PK_PEMBELIAN,PEM_PK_NOMOR,PEM_TGL,PEM_STATUS,ID_FK_SUPP,ID_FK_CABANG,PEM_CREATE_DATE,PEM_LAST_MODIFIED,ID_CREATE_DATA,ID_LAST_MODIFIED,ID_LOG_ALL) VALUES ('AFTER UPDATE',NEW.ID_PK_PEMBELIAN,NEW.PEM_PK_NOMOR,NEW.PEM_TGL,NEW.PEM_STATUS,NEW.ID_FK_SUPP,NEW.ID_FK_CABANG,NEW.PEM_CREATE_DATE,NEW.PEM_LAST_MODIFIED,NEW.ID_CREATE_DATA,NEW.ID_LAST_MODIFIED,@ID_LOG_ALL);
        END
$$
DELIMITER ;

-- --------------------------------------------------------

--
-- 表的结构 `mstr_pembelian_log`
--

CREATE TABLE `mstr_pembelian_log` (
  `ID_PK_PEMBELIAN_LOG` int(11) NOT NULL,
  `EXECUTED_FUNCTION` varchar(30) DEFAULT NULL,
  `ID_PK_PEMBELIAN` int(11) DEFAULT NULL,
  `PEM_PK_NOMOR` varchar(30) DEFAULT NULL,
  `PEM_TGL` date DEFAULT NULL,
  `PEM_STATUS` varchar(15) DEFAULT NULL,
  `ID_FK_SUPP` int(11) DEFAULT NULL,
  `ID_FK_CABANG` int(11) DEFAULT NULL,
  `PEM_CREATE_DATE` datetime DEFAULT NULL,
  `PEM_LAST_MODIFIED` datetime DEFAULT NULL,
  `ID_CREATE_DATA` int(11) DEFAULT NULL,
  `ID_LAST_MODIFIED` int(11) DEFAULT NULL,
  `ID_LOG_ALL` int(11) DEFAULT NULL
) ENGINE=InnoDB DEFAULT CHARSET=utf8mb4;

--
-- 转存表中的数据 `mstr_pembelian_log`
--

INSERT INTO `mstr_pembelian_log` (`ID_PK_PEMBELIAN_LOG`, `EXECUTED_FUNCTION`, `ID_PK_PEMBELIAN`, `PEM_PK_NOMOR`, `PEM_TGL`, `PEM_STATUS`, `ID_FK_SUPP`, `ID_FK_CABANG`, `PEM_CREATE_DATE`, `PEM_LAST_MODIFIED`, `ID_CREATE_DATA`, `ID_LAST_MODIFIED`, `ID_LOG_ALL`) VALUES
(1, 'AFTER INSERT', 1, 'a123af', '1111-11-11', 'AKTIF', 14, 25, '2020-05-21 22:52:49', '2020-05-21 22:52:49', 1, 1, 887),
(2, 'AFTER INSERT', 2, 'nomorpembelian1', '2020-05-29', 'AKTIF', 13, 19, '2020-05-26 08:44:15', '2020-05-26 08:44:15', 1, 1, 1513),
(3, 'AFTER INSERT', 3, 'nomorpembelian1', '2020-05-29', 'AKTIF', 13, 19, '2020-05-26 08:44:35', '2020-05-26 08:44:35', 1, 1, 1516),
(4, 'AFTER UPDATE', 2, 'nomorpembelian1', '2020-05-29', 'nonaktif', 13, 19, '2020-05-26 08:44:15', '2020-05-26 08:44:58', 1, 1, 1519),
(5, 'AFTER INSERT', 4, '123', '2020-05-21', 'AKTIF', 2, 25, '2020-05-27 01:10:09', '2020-05-27 01:10:09', 1, 1, 1536),
(6, 'AFTER UPDATE', 4, '123', '2020-05-21', 'AKTIF', 2, 25, '2020-05-27 01:10:09', '2020-06-03 10:13:29', 1, 1, 2244),
(7, 'AFTER UPDATE', 4, '123', '2020-05-21', 'AKTIF', 2, 25, '2020-05-27 01:10:09', '2020-06-03 10:15:24', 1, 1, 2251),
(8, 'AFTER UPDATE', 4, '123', '2020-05-21', 'AKTIF', 2, 25, '2020-05-27 01:10:09', '2020-06-03 10:15:42', 1, 1, 2256),
(9, 'AFTER UPDATE', 4, '123', '2020-05-21', 'AKTIF', 2, 25, '2020-05-27 01:10:09', '2020-06-03 10:16:46', 1, 1, 2261),
(10, 'AFTER INSERT', 5, 'nomorpembelian', '1111-11-11', 'AKTIF', 2, 2, '2020-06-03 02:09:10', '2020-06-03 02:09:10', 1, 1, 2325),
(11, 'AFTER INSERT', 6, 'nomorpembelian', '1111-11-11', 'AKTIF', 2, 2, '2020-06-03 02:10:22', '2020-06-03 02:10:22', 1, 1, 2328),
(12, 'AFTER UPDATE', 6, 'nomorpembelian', '1111-11-11', 'AKTIF', 2, 2, '2020-06-03 02:10:22', '2020-06-03 02:10:35', 1, 1, 2331),
(13, 'AFTER UPDATE', 6, 'nomorpembelian', '1111-11-11', 'AKTIF', 2, 2, '2020-06-03 02:10:22', '2020-06-03 02:10:40', 1, 1, 2334),
(14, 'AFTER UPDATE', 6, 'nomorpembelian', '1111-11-11', 'AKTIF', 2, 2, '2020-06-03 02:10:22', '2020-06-03 02:10:48', 1, 1, 2337),
(15, 'AFTER UPDATE', 5, 'nomorpembelian', '1111-11-11', 'AKTIF', 2, 2, '2020-06-03 02:09:10', '2020-06-04 12:36:36', 1, 1, 2340);

-- --------------------------------------------------------

--
-- 表的结构 `mstr_penerimaan`
--

CREATE TABLE `mstr_penerimaan` (
  `ID_PK_PENERIMAAN` int(11) NOT NULL,
  `PENERIMAAN_TGL` datetime DEFAULT NULL,
  `PENERIMAAN_STATUS` varchar(15) DEFAULT NULL,
  `ID_FK_PEMBELIAN` int(11) DEFAULT NULL,
  `PENERIMAAN_TEMPAT` varchar(30) DEFAULT NULL COMMENT 'WAREHOUSE/CABANG',
  `ID_FK_WAREHOUSE` int(11) DEFAULT NULL,
  `ID_FK_CABANG` int(11) DEFAULT NULL,
  `PENERIMAAN_CREATE_DATE` datetime DEFAULT NULL,
  `PENERIMAAN_LAST_MODIFIED` datetime DEFAULT NULL,
  `ID_CREATE_DATA` int(11) DEFAULT NULL,
  `ID_LAST_MODIFIED` int(11) DEFAULT NULL
) ENGINE=InnoDB DEFAULT CHARSET=utf8mb4;

--
-- 转存表中的数据 `mstr_penerimaan`
--

INSERT INTO `mstr_penerimaan` (`ID_PK_PENERIMAAN`, `PENERIMAAN_TGL`, `PENERIMAAN_STATUS`, `ID_FK_PEMBELIAN`, `PENERIMAAN_TEMPAT`, `ID_FK_WAREHOUSE`, `ID_FK_CABANG`, `PENERIMAAN_CREATE_DATE`, `PENERIMAAN_LAST_MODIFIED`, `ID_CREATE_DATA`, `ID_LAST_MODIFIED`) VALUES
(1, '2020-05-30 00:00:00', 'AKTIF', 1, 'CABANG', NULL, 25, '2020-05-23 10:35:57', '2020-05-23 10:35:57', 1, 1),
(2, '2020-05-21 00:00:00', 'AKTIF', 1, 'CABANG', NULL, 25, '2020-05-23 11:48:30', '2020-05-23 11:48:30', 1, 1),
(3, '2020-05-21 00:00:00', 'AKTIF', 1, 'CABANG', NULL, 25, '2020-05-23 11:49:10', '2020-05-23 11:49:10', 1, 1),
(4, '2020-05-21 00:00:00', 'AKTIF', 1, 'CABANG', NULL, 25, '2020-05-23 11:49:32', '2020-05-23 11:49:32', 1, 1),
(5, '2020-05-21 00:00:00', 'AKTIF', 1, 'CABANG', NULL, 25, '2020-05-23 11:49:54', '2020-05-23 11:49:54', 1, 1),
(6, '2020-05-21 00:00:00', 'AKTIF', 1, 'CABANG', NULL, 25, '2020-05-23 11:52:14', '2020-05-23 11:52:14', 1, 1),
(7, '2020-05-21 00:00:00', 'AKTIF', 1, 'CABANG', NULL, 25, '2020-05-23 11:53:26', '2020-05-23 11:53:26', 1, 1),
(8, '2020-05-21 00:00:00', 'AKTIF', 1, 'CABANG', NULL, 25, '2020-05-23 11:53:51', '2020-05-23 11:53:51', 1, 1),
(9, '2020-05-21 00:00:00', 'AKTIF', 1, 'CABANG', NULL, 25, '2020-05-23 11:54:26', '2020-05-23 11:54:26', 1, 1),
(10, '2020-05-21 00:00:00', 'AKTIF', 1, 'CABANG', NULL, 25, '2020-05-23 11:54:33', '2020-05-23 11:54:33', 1, 1),
(11, '2020-05-21 00:00:00', 'AKTIF', 1, 'CABANG', NULL, 25, '2020-05-23 11:54:39', '2020-05-23 11:54:39', 1, 1),
(12, '2020-05-21 00:00:00', 'AKTIF', NULL, 'CABANG', NULL, 25, '2020-05-23 11:56:30', '2020-05-23 17:17:20', 1, 1),
(13, '2020-05-21 00:00:00', 'AKTIF', NULL, 'CABANG', NULL, 25, '2020-05-23 11:57:42', '2020-05-23 17:13:07', 1, 1),
(14, '2020-05-29 00:00:00', 'AKTIF', NULL, 'CABANG', NULL, 25, '2020-05-23 11:58:35', '2020-05-23 17:12:20', 1, 1),
(15, '2020-05-29 00:00:00', 'AKTIF', NULL, 'CABANG', NULL, 25, '2020-05-23 12:00:50', '2020-05-23 17:10:13', 1, 1),
(16, '2020-05-29 00:00:00', 'AKTIF', NULL, 'CABANG', NULL, 25, '2020-05-23 12:01:03', '2020-05-23 17:09:37', 1, 1),
(17, '2020-05-29 00:00:00', 'NONAKTIF', 1, 'CABANG', NULL, 25, '2020-05-23 17:18:53', '2020-05-23 17:39:43', 1, 1),
(18, '2020-05-29 00:00:00', 'AKTIF', 1, 'WAREHOUSE', 3, NULL, '2020-05-23 17:57:41', '2020-05-23 18:00:12', 1, 1),
(19, '2020-05-30 00:00:00', 'AKTIF', 3, 'WAREHOUSE', NULL, NULL, '2020-05-26 08:51:29', '2020-05-26 08:51:29', 1, 1),
(20, '2020-05-28 00:00:00', 'AKTIF', 3, 'WAREHOUSE', NULL, NULL, '2020-05-26 08:52:11', '2020-05-26 08:52:11', 1, 1),
(21, '2020-05-27 00:00:00', 'AKTIF', 3, 'WAREHOUSE', NULL, NULL, '2020-05-26 08:55:11', '2020-05-26 08:55:11', 1, 1),
(22, '2020-05-29 00:00:00', 'AKTIF', 4, 'CABANG', NULL, NULL, '2020-05-27 01:12:26', '2020-05-27 01:12:26', 1, 1),
(23, '2020-05-22 00:00:00', 'AKTIF', 4, 'CABANG', NULL, 25, '2020-05-27 01:22:28', '2020-05-27 01:22:28', 1, 1),
(24, '2020-06-18 00:00:00', 'AKTIF', 4, 'CABANG', NULL, 25, '2020-06-03 10:17:36', '2020-06-03 10:17:36', 1, 1),
(25, '2020-06-25 00:00:00', 'AKTIF', 5, 'CABANG', NULL, 2, '2020-06-04 12:37:08', '2020-06-04 12:37:08', 1, 1),
(26, '2020-06-25 00:00:00', 'AKTIF', 5, 'CABANG', NULL, 2, '2020-06-04 12:49:35', '2020-06-04 12:49:35', 1, 1),
(27, '2020-06-25 00:00:00', 'AKTIF', 5, 'CABANG', NULL, 2, '2020-06-04 01:56:38', '2020-06-04 02:13:30', 1, 1),
(28, '2020-06-12 00:00:00', 'AKTIF', 5, 'WAREHOUSE', 2, NULL, '2020-06-04 03:00:21', '2020-06-04 03:00:21', 1, 1),
(29, '2020-06-12 00:00:00', 'AKTIF', 5, 'WAREHOUSE', 2, NULL, '2020-06-04 03:01:53', '2020-06-04 03:01:53', 1, 1),
(30, '2020-06-17 00:00:00', 'AKTIF', 5, 'WAREHOUSE', 2, NULL, '2020-06-04 03:04:06', '2020-06-04 03:04:06', 1, 1),
(31, '2020-06-19 00:00:00', 'AKTIF', 5, 'WAREHOUSE', 2, NULL, '2020-06-04 03:07:43', '2020-06-04 03:15:31', 1, 1),
(32, '2020-06-18 00:00:00', 'AKTIF', 5, 'WAREHOUSE', 2, NULL, '2020-06-04 03:17:00', '2020-06-04 03:19:32', 1, 1);

--
-- 触发器 `mstr_penerimaan`
--
DELIMITER $$
CREATE TRIGGER `TRG_AFTER_INSERT_PENERIMAAN` AFTER INSERT ON `mstr_penerimaan` FOR EACH ROW BEGIN
            SET @ID_USER = NEW.ID_LAST_MODIFIED;
            SET @TGL_ACTION = NEW.PENERIMAAN_LAST_MODIFIED;
            SET @LOG_TEXT = CONCAT(NEW.ID_LAST_MODIFIED,' ','INSERT DATA AT' , NEW.PENERIMAAN_LAST_MODIFIED);
            CALL INSERT_LOG_ALL(@ID_USER,@TGL_ACTION,@LOG_TEXT,@ID_LOG_ALL);
            
            INSERT INTO MSTR_PENERIMAAN_LOG(EXECUTED_FUNCTION,ID_PK_PENERIMAAN,PENERIMAAN_TGL,PENERIMAAN_STATUS,ID_FK_PEMBELIAN,PENERIMAAN_TEMPAT,ID_FK_WAREHOUSE,ID_FK_CABANG,PENERIMAAN_CREATE_DATE,PENERIMAAN_LAST_MODIFIED,ID_CREATE_DATA,ID_LAST_MODIFIED,ID_LOG_ALL) VALUES ('AFTER INSERT',NEW.ID_PK_PENERIMAAN,NEW.PENERIMAAN_TGL,NEW.PENERIMAAN_STATUS,NEW.ID_FK_PEMBELIAN,NEW.PENERIMAAN_TEMPAT,NEW.ID_FK_WAREHOUSE,NEW.ID_FK_CABANG,NEW.PENERIMAAN_CREATE_DATE,NEW.PENERIMAAN_LAST_MODIFIED,NEW.ID_CREATE_DATA,NEW.ID_LAST_MODIFIED,@ID_LOG_ALL);
        END
$$
DELIMITER ;
DELIMITER $$
CREATE TRIGGER `TRG_AFTER_UPDATE_PENERIMAAN` AFTER UPDATE ON `mstr_penerimaan` FOR EACH ROW BEGIN
            SET @ID_USER = NEW.ID_LAST_MODIFIED;
            SET @TGL_ACTION = NEW.PENERIMAAN_LAST_MODIFIED;
            SET @LOG_TEXT = CONCAT(NEW.ID_LAST_MODIFIED,' ','UPDATE DATA AT' , NEW.PENERIMAAN_LAST_MODIFIED);
            CALL INSERT_LOG_ALL(@ID_USER,@TGL_ACTION,@LOG_TEXT,@ID_LOG_ALL);
            
            INSERT INTO MSTR_PENERIMAAN_LOG(EXECUTED_FUNCTION,ID_PK_PENERIMAAN,PENERIMAAN_TGL,PENERIMAAN_STATUS,ID_FK_PEMBELIAN,PENERIMAAN_TEMPAT,ID_FK_WAREHOUSE,ID_FK_CABANG,PENERIMAAN_CREATE_DATE,PENERIMAAN_LAST_MODIFIED,ID_CREATE_DATA,ID_LAST_MODIFIED,ID_LOG_ALL) VALUES ('AFTER UPDATE',NEW.ID_PK_PENERIMAAN,NEW.PENERIMAAN_TGL,NEW.PENERIMAAN_STATUS,NEW.ID_FK_PEMBELIAN,NEW.PENERIMAAN_TEMPAT,NEW.ID_FK_WAREHOUSE,NEW.ID_FK_CABANG,NEW.PENERIMAAN_CREATE_DATE,NEW.PENERIMAAN_LAST_MODIFIED,NEW.ID_CREATE_DATA,NEW.ID_LAST_MODIFIED,@ID_LOG_ALL);
        END
$$
DELIMITER ;

-- --------------------------------------------------------

--
-- 表的结构 `mstr_penerimaan_log`
--

CREATE TABLE `mstr_penerimaan_log` (
  `ID_PK_PENERIMAAN_LOG` int(11) NOT NULL,
  `EXECUTED_FUNCTION` varchar(30) DEFAULT NULL,
  `ID_PK_PENERIMAAN` int(11) DEFAULT NULL,
  `PENERIMAAN_TGL` datetime DEFAULT NULL,
  `PENERIMAAN_STATUS` varchar(15) DEFAULT NULL,
  `ID_FK_PEMBELIAN` int(11) DEFAULT NULL,
  `PENERIMAAN_TEMPAT` varchar(30) DEFAULT NULL COMMENT 'WAREHOUSE/CABANG',
  `ID_FK_WAREHOUSE` int(11) DEFAULT NULL,
  `ID_FK_CABANG` int(11) DEFAULT NULL,
  `PENERIMAAN_CREATE_DATE` datetime DEFAULT NULL,
  `PENERIMAAN_LAST_MODIFIED` datetime DEFAULT NULL,
  `ID_CREATE_DATA` int(11) DEFAULT NULL,
  `ID_LAST_MODIFIED` int(11) DEFAULT NULL,
  `ID_LOG_ALL` int(11) DEFAULT NULL
) ENGINE=InnoDB DEFAULT CHARSET=utf8mb4;

--
-- 转存表中的数据 `mstr_penerimaan_log`
--

INSERT INTO `mstr_penerimaan_log` (`ID_PK_PENERIMAAN_LOG`, `EXECUTED_FUNCTION`, `ID_PK_PENERIMAAN`, `PENERIMAAN_TGL`, `PENERIMAAN_STATUS`, `ID_FK_PEMBELIAN`, `PENERIMAAN_TEMPAT`, `ID_FK_WAREHOUSE`, `ID_FK_CABANG`, `PENERIMAAN_CREATE_DATE`, `PENERIMAAN_LAST_MODIFIED`, `ID_CREATE_DATA`, `ID_LAST_MODIFIED`, `ID_LOG_ALL`) VALUES
(1, 'AFTER INSERT', 1, '2020-05-30 00:00:00', 'AKTIF', 1, 'CABANG', NULL, 25, '2020-05-23 10:35:57', '2020-05-23 10:35:57', 1, 1, 1100),
(2, 'AFTER INSERT', 2, '2020-05-21 00:00:00', 'AKTIF', 1, 'CABANG', NULL, 25, '2020-05-23 11:48:30', '2020-05-23 11:48:30', 1, 1, 1101),
(3, 'AFTER INSERT', 3, '2020-05-21 00:00:00', 'AKTIF', 1, 'CABANG', NULL, 25, '2020-05-23 11:49:10', '2020-05-23 11:49:10', 1, 1, 1102),
(4, 'AFTER INSERT', 4, '2020-05-21 00:00:00', 'AKTIF', 1, 'CABANG', NULL, 25, '2020-05-23 11:49:32', '2020-05-23 11:49:32', 1, 1, 1103),
(5, 'AFTER INSERT', 5, '2020-05-21 00:00:00', 'AKTIF', 1, 'CABANG', NULL, 25, '2020-05-23 11:49:54', '2020-05-23 11:49:54', 1, 1, 1104),
(6, 'AFTER INSERT', 6, '2020-05-21 00:00:00', 'AKTIF', 1, 'CABANG', NULL, 25, '2020-05-23 11:52:14', '2020-05-23 11:52:14', 1, 1, 1105),
(7, 'AFTER INSERT', 7, '2020-05-21 00:00:00', 'AKTIF', 1, 'CABANG', NULL, 25, '2020-05-23 11:53:26', '2020-05-23 11:53:26', 1, 1, 1106),
(8, 'AFTER INSERT', 8, '2020-05-21 00:00:00', 'AKTIF', 1, 'CABANG', NULL, 25, '2020-05-23 11:53:51', '2020-05-23 11:53:51', 1, 1, 1107),
(9, 'AFTER INSERT', 9, '2020-05-21 00:00:00', 'AKTIF', 1, 'CABANG', NULL, 25, '2020-05-23 11:54:26', '2020-05-23 11:54:26', 1, 1, 1108),
(10, 'AFTER INSERT', 10, '2020-05-21 00:00:00', 'AKTIF', 1, 'CABANG', NULL, 25, '2020-05-23 11:54:33', '2020-05-23 11:54:33', 1, 1, 1109),
(11, 'AFTER INSERT', 11, '2020-05-21 00:00:00', 'AKTIF', 1, 'CABANG', NULL, 25, '2020-05-23 11:54:39', '2020-05-23 11:54:39', 1, 1, 1110),
(12, 'AFTER INSERT', 12, '2020-05-21 00:00:00', 'AKTIF', 1, 'CABANG', NULL, 25, '2020-05-23 11:56:30', '2020-05-23 11:56:30', 1, 1, 1111),
(13, 'AFTER INSERT', 13, '2020-05-21 00:00:00', 'AKTIF', 1, 'CABANG', NULL, 25, '2020-05-23 11:57:42', '2020-05-23 11:57:42', 1, 1, 1115),
(14, 'AFTER INSERT', 14, '2020-05-29 00:00:00', 'AKTIF', 1, 'CABANG', NULL, 25, '2020-05-23 11:58:35', '2020-05-23 11:58:35', 1, 1, 1119),
(15, 'AFTER INSERT', 15, '2020-05-29 00:00:00', 'AKTIF', 1, 'CABANG', NULL, 25, '2020-05-23 12:00:50', '2020-05-23 12:00:50', 1, 1, 1123),
(16, 'AFTER INSERT', 16, '2020-05-29 00:00:00', 'AKTIF', 1, 'CABANG', NULL, 25, '2020-05-23 12:01:03', '2020-05-23 12:01:03', 1, 1, 1127),
(17, 'AFTER UPDATE', 16, '2020-05-29 00:00:00', 'AKTIF', NULL, 'CABANG', NULL, 25, '2020-05-23 12:01:03', '2020-05-23 17:07:54', 1, 1, 1131),
(18, 'AFTER UPDATE', 16, '2020-05-29 00:00:00', 'AKTIF', NULL, 'CABANG', NULL, 25, '2020-05-23 12:01:03', '2020-05-23 17:08:44', 1, 1, 1132),
(19, 'AFTER UPDATE', 16, '2020-05-29 00:00:00', 'AKTIF', NULL, 'CABANG', NULL, 25, '2020-05-23 12:01:03', '2020-05-23 17:09:03', 1, 1, 1133),
(20, 'AFTER UPDATE', 16, '2020-05-29 00:00:00', 'AKTIF', NULL, 'CABANG', NULL, 25, '2020-05-23 12:01:03', '2020-05-23 17:09:37', 1, 1, 1134),
(21, 'AFTER UPDATE', 15, '2020-05-29 00:00:00', 'AKTIF', NULL, 'CABANG', NULL, 25, '2020-05-23 12:00:50', '2020-05-23 17:10:13', 1, 1, 1135),
(22, 'AFTER UPDATE', 14, '2020-05-29 00:00:00', 'AKTIF', NULL, 'CABANG', NULL, 25, '2020-05-23 11:58:35', '2020-05-23 17:11:42', 1, 1, 1136),
(23, 'AFTER UPDATE', 14, '2020-05-29 00:00:00', 'AKTIF', NULL, 'CABANG', NULL, 25, '2020-05-23 11:58:35', '2020-05-23 17:12:20', 1, 1, 1137),
(24, 'AFTER UPDATE', 13, '2020-05-21 00:00:00', 'AKTIF', NULL, 'CABANG', NULL, 25, '2020-05-23 11:57:42', '2020-05-23 17:13:07', 1, 1, 1138),
(25, 'AFTER UPDATE', 12, '2020-05-21 00:00:00', 'AKTIF', NULL, 'CABANG', NULL, 25, '2020-05-23 11:56:30', '2020-05-23 17:14:12', 1, 1, 1139),
(26, 'AFTER UPDATE', 12, '2020-05-21 00:00:00', 'AKTIF', NULL, 'CABANG', NULL, 25, '2020-05-23 11:56:30', '2020-05-23 17:14:45', 1, 1, 1140),
(27, 'AFTER UPDATE', 12, '2020-05-21 00:00:00', 'AKTIF', NULL, 'CABANG', NULL, 25, '2020-05-23 11:56:30', '2020-05-23 17:15:57', 1, 1, 1141),
(28, 'AFTER UPDATE', 12, '2020-05-21 00:00:00', 'AKTIF', NULL, 'CABANG', NULL, 25, '2020-05-23 11:56:30', '2020-05-23 17:16:57', 1, 1, 1142),
(29, 'AFTER UPDATE', 12, '2020-05-21 00:00:00', 'AKTIF', NULL, 'CABANG', NULL, 25, '2020-05-23 11:56:30', '2020-05-23 17:17:20', 1, 1, 1146),
(30, 'AFTER INSERT', 17, '2020-05-28 00:00:00', 'AKTIF', 1, 'CABANG', NULL, 25, '2020-05-23 17:18:53', '2020-05-23 17:18:53', 1, 1, 1150),
(31, 'AFTER UPDATE', 17, '2020-05-28 00:00:00', 'AKTIF', 1, 'CABANG', NULL, 25, '2020-05-23 17:18:53', '2020-05-23 17:19:18', 1, 1, 1154),
(32, 'AFTER UPDATE', 17, '2020-05-29 00:00:00', 'AKTIF', 1, 'CABANG', NULL, 25, '2020-05-23 17:18:53', '2020-05-23 17:19:29', 1, 1, 1158),
(33, 'AFTER UPDATE', 17, '2020-05-29 00:00:00', 'NONAKTIF', 1, 'CABANG', NULL, 25, '2020-05-23 17:18:53', '2020-05-23 17:39:43', 1, 1, 1162),
(34, 'AFTER INSERT', 18, '2020-05-29 00:00:00', 'AKTIF', 1, 'WAREHOUSE', 3, NULL, '2020-05-23 17:57:41', '2020-05-23 17:57:41', 1, 1, 1163),
(35, 'AFTER UPDATE', 18, '2020-05-29 00:00:00', 'AKTIF', 1, 'WAREHOUSE', 3, NULL, '2020-05-23 17:57:41', '2020-05-23 18:00:12', 1, 1, 1167),
(36, 'AFTER INSERT', 19, '2020-05-30 00:00:00', 'AKTIF', 3, 'WAREHOUSE', NULL, NULL, '2020-05-26 08:51:29', '2020-05-26 08:51:29', 1, 1, 1520),
(37, 'AFTER INSERT', 20, '2020-05-28 00:00:00', 'AKTIF', 3, 'WAREHOUSE', NULL, NULL, '2020-05-26 08:52:11', '2020-05-26 08:52:11', 1, 1, 1523),
(38, 'AFTER INSERT', 21, '2020-05-27 00:00:00', 'AKTIF', 3, 'WAREHOUSE', NULL, NULL, '2020-05-26 08:55:11', '2020-05-26 08:55:11', 1, 1, 1526),
(39, 'AFTER INSERT', 22, '2020-05-29 00:00:00', 'AKTIF', 4, 'CABANG', NULL, NULL, '2020-05-27 01:12:26', '2020-05-27 01:12:26', 1, 1, 1541),
(40, 'AFTER INSERT', 23, '2020-05-22 00:00:00', 'AKTIF', 4, 'CABANG', NULL, 25, '2020-05-27 01:22:28', '2020-05-27 01:22:28', 1, 1, 1545),
(41, 'AFTER INSERT', 24, '2020-06-18 00:00:00', 'AKTIF', 4, 'CABANG', NULL, 25, '2020-06-03 10:17:36', '2020-06-03 10:17:36', 1, 1, 2267),
(42, 'AFTER INSERT', 25, '2020-06-25 00:00:00', 'AKTIF', 5, 'CABANG', NULL, 2, '2020-06-04 12:37:08', '2020-06-04 12:37:08', 1, 1, 2344),
(43, 'AFTER INSERT', 26, '2020-06-25 00:00:00', 'AKTIF', 5, 'CABANG', NULL, 2, '2020-06-04 12:49:35', '2020-06-04 12:49:35', 1, 1, 2346),
(44, 'AFTER INSERT', 27, '2020-06-25 00:00:00', 'AKTIF', 5, 'CABANG', NULL, 2, '2020-06-04 01:56:38', '2020-06-04 01:56:38', 1, 1, 2352),
(45, 'AFTER UPDATE', 27, '2020-06-25 00:00:00', 'AKTIF', 5, 'CABANG', NULL, 2, '2020-06-04 01:56:38', '2020-06-04 02:13:30', 1, 1, 2355),
(46, 'AFTER INSERT', 28, '2020-06-12 00:00:00', 'AKTIF', 5, 'WAREHOUSE', 2, NULL, '2020-06-04 03:00:21', '2020-06-04 03:00:21', 1, 1, 2367),
(47, 'AFTER INSERT', 29, '2020-06-12 00:00:00', 'AKTIF', 5, 'WAREHOUSE', 2, NULL, '2020-06-04 03:01:53', '2020-06-04 03:01:53', 1, 1, 2369),
(48, 'AFTER INSERT', 30, '2020-06-17 00:00:00', 'AKTIF', 5, 'WAREHOUSE', 2, NULL, '2020-06-04 03:04:06', '2020-06-04 03:04:06', 1, 1, 2371),
(49, 'AFTER INSERT', 31, '2020-06-19 00:00:00', 'AKTIF', 5, 'WAREHOUSE', 2, NULL, '2020-06-04 03:07:43', '2020-06-04 03:07:43', 1, 1, 2375),
(50, 'AFTER UPDATE', 31, '2020-06-19 00:00:00', 'AKTIF', 5, 'WAREHOUSE', 2, NULL, '2020-06-04 03:07:43', '2020-06-04 03:08:11', 1, 1, 2378),
(51, 'AFTER UPDATE', 31, '2020-06-19 00:00:00', 'AKTIF', 5, 'WAREHOUSE', 2, NULL, '2020-06-04 03:07:43', '2020-06-04 03:08:29', 1, 1, 2381),
(52, 'AFTER UPDATE', 31, '2020-06-19 00:00:00', 'AKTIF', 5, 'WAREHOUSE', 2, NULL, '2020-06-04 03:07:43', '2020-06-04 03:14:57', 1, 1, 2384),
(53, 'AFTER UPDATE', 31, '2020-06-19 00:00:00', 'AKTIF', 5, 'WAREHOUSE', 2, NULL, '2020-06-04 03:07:43', '2020-06-04 03:15:31', 1, 1, 2387),
(54, 'AFTER INSERT', 32, '2020-06-18 00:00:00', 'AKTIF', 5, 'WAREHOUSE', 2, NULL, '2020-06-04 03:17:00', '2020-06-04 03:17:00', 1, 1, 2390),
(55, 'AFTER UPDATE', 32, '2020-06-18 00:00:00', 'AKTIF', 5, 'WAREHOUSE', 2, NULL, '2020-06-04 03:17:00', '2020-06-04 03:17:17', 1, 1, 2393),
(56, 'AFTER UPDATE', 32, '2020-06-18 00:00:00', 'AKTIF', 5, 'WAREHOUSE', 2, NULL, '2020-06-04 03:17:00', '2020-06-04 03:19:32', 1, 1, 2395);

-- --------------------------------------------------------

--
-- 表的结构 `mstr_pengiriman`
--

CREATE TABLE `mstr_pengiriman` (
  `id_pk_pengiriman` int(11) NOT NULL,
  `pengiriman_tgl` datetime DEFAULT NULL,
  `pengiriman_status` varchar(15) DEFAULT NULL,
  `id_fk_penjualan` int(11) DEFAULT NULL,
  `pengiriman_tempat` varchar(30) DEFAULT NULL COMMENT 'warehouse/cabang',
  `id_fk_warehouse` int(11) DEFAULT NULL,
  `id_fk_cabang` int(11) DEFAULT NULL,
  `pengiriman_create_date` datetime DEFAULT NULL,
  `pengiriman_last_modified` datetime DEFAULT NULL,
  `id_create_data` int(11) DEFAULT NULL,
  `id_last_modified` int(11) DEFAULT NULL
) ENGINE=InnoDB DEFAULT CHARSET=utf8mb4;

--
-- 转存表中的数据 `mstr_pengiriman`
--

INSERT INTO `mstr_pengiriman` (`id_pk_pengiriman`, `pengiriman_tgl`, `pengiriman_status`, `id_fk_penjualan`, `pengiriman_tempat`, `id_fk_warehouse`, `id_fk_cabang`, `pengiriman_create_date`, `pengiriman_last_modified`, `id_create_data`, `id_last_modified`) VALUES
(1, '2020-06-18 00:00:00', 'AKTIF', 24, 'cabang', NULL, 19, '2020-06-03 10:10:40', '2020-06-03 10:10:40', 1, 1),
(2, '2020-06-18 00:00:00', 'AKTIF', 24, 'cabang', NULL, 19, '2020-06-03 10:10:57', '2020-06-03 10:10:57', 1, 1),
(3, '2020-06-12 00:00:00', 'nonaktif', 11, 'cabang', NULL, 2, '2020-06-03 10:24:58', '2020-06-03 02:05:31', 1, 1),
(4, '2020-06-30 00:00:00', 'AKTIF', 11, 'cabang', NULL, 2, '2020-06-03 10:26:35', '2020-06-03 01:48:53', 1, 1),
(5, '2020-06-26 00:00:00', 'AKTIF', 11, 'cabang', NULL, 2, '2020-06-04 02:49:11', '2020-06-04 02:49:51', 1, 1);

--
-- 触发器 `mstr_pengiriman`
--
DELIMITER $$
CREATE TRIGGER `trg_after_insert_pengiriman` AFTER INSERT ON `mstr_pengiriman` FOR EACH ROW begin
            set @id_user = new.id_last_modified;
            set @tgl_action = new.pengiriman_last_modified;
            set @log_text = concat(new.id_last_modified,' ','insert data at' , new.pengiriman_last_modified);
            call insert_log_all(@id_user,@tgl_action,@log_text,@id_log_all);
            
            insert into mstr_pengiriman_log(executed_function,id_pk_pengiriman,pengiriman_tgl,pengiriman_status,id_fk_penjualan,pengiriman_tempat,id_fk_warehouse,id_fk_cabang,pengiriman_create_date,pengiriman_last_modified,id_create_data,id_last_modified,id_log_all) values ('after insert',new.id_pk_pengiriman,new.pengiriman_tgl,new.pengiriman_status,new.id_fk_penjualan,new.pengiriman_tempat,new.id_fk_warehouse,new.id_fk_cabang,new.pengiriman_create_date,new.pengiriman_last_modified,new.id_create_data,new.id_last_modified,@id_log_all);
        end
$$
DELIMITER ;
DELIMITER $$
CREATE TRIGGER `trg_after_update_pengiriman` AFTER UPDATE ON `mstr_pengiriman` FOR EACH ROW begin
            set @id_user = new.id_last_modified;
            set @tgl_action = new.pengiriman_last_modified;
            set @log_text = concat(new.id_last_modified,' ','update data at' , new.pengiriman_last_modified);
            call insert_log_all(@id_user,@tgl_action,@log_text,@id_log_all);
            
            insert into mstr_pengiriman_log(executed_function,id_pk_pengiriman,pengiriman_tgl,pengiriman_status,id_fk_penjualan,pengiriman_tempat,id_fk_warehouse,id_fk_cabang,pengiriman_create_date,pengiriman_last_modified,id_create_data,id_last_modified,id_log_all) values ('after update',new.id_pk_pengiriman,new.pengiriman_tgl,new.pengiriman_status,new.id_fk_penjualan,new.pengiriman_tempat,new.id_fk_warehouse,new.id_fk_cabang,new.pengiriman_create_date,new.pengiriman_last_modified,new.id_create_data,new.id_last_modified,@id_log_all);
        end
$$
DELIMITER ;

-- --------------------------------------------------------

--
-- 表的结构 `mstr_pengiriman_log`
--

CREATE TABLE `mstr_pengiriman_log` (
  `id_pk_pengiriman_log` int(11) NOT NULL,
  `executed_function` varchar(30) DEFAULT NULL,
  `id_pk_pengiriman` int(11) DEFAULT NULL,
  `pengiriman_tgl` datetime DEFAULT NULL,
  `pengiriman_status` varchar(15) DEFAULT NULL,
  `id_fk_penjualan` int(11) DEFAULT NULL,
  `pengiriman_tempat` varchar(30) DEFAULT NULL COMMENT 'warehouse/cabang',
  `id_fk_warehouse` int(11) DEFAULT NULL,
  `id_fk_cabang` int(11) DEFAULT NULL,
  `pengiriman_create_date` datetime DEFAULT NULL,
  `pengiriman_last_modified` datetime DEFAULT NULL,
  `id_create_data` int(11) DEFAULT NULL,
  `id_last_modified` int(11) DEFAULT NULL,
  `id_log_all` int(11) DEFAULT NULL
) ENGINE=InnoDB DEFAULT CHARSET=utf8mb4;

--
-- 转存表中的数据 `mstr_pengiriman_log`
--

INSERT INTO `mstr_pengiriman_log` (`id_pk_pengiriman_log`, `executed_function`, `id_pk_pengiriman`, `pengiriman_tgl`, `pengiriman_status`, `id_fk_penjualan`, `pengiriman_tempat`, `id_fk_warehouse`, `id_fk_cabang`, `pengiriman_create_date`, `pengiriman_last_modified`, `id_create_data`, `id_last_modified`, `id_log_all`) VALUES
(1, 'after insert', 1, '2020-06-18 00:00:00', 'AKTIF', 24, 'cabang', NULL, 19, '2020-06-03 10:10:40', '2020-06-03 10:10:40', 1, 1, 2220),
(2, 'after insert', 2, '2020-06-18 00:00:00', 'AKTIF', 24, 'cabang', NULL, 19, '2020-06-03 10:10:57', '2020-06-03 10:10:57', 1, 1, 2221),
(3, 'after insert', 3, '2020-06-12 00:00:00', 'AKTIF', 11, 'cabang', NULL, 2, '2020-06-03 10:24:58', '2020-06-03 10:24:58', 1, 1, 2279),
(4, 'after insert', 4, '2020-06-26 00:00:00', 'AKTIF', 11, 'cabang', NULL, 2, '2020-06-03 10:26:35', '2020-06-03 10:26:35', 1, 1, 2281),
(5, 'after update', 4, '2020-06-30 00:00:00', 'AKTIF', 11, 'cabang', NULL, 2, '2020-06-03 10:26:35', '2020-06-03 01:14:31', 1, 1, 2284),
(6, 'after update', 4, '2020-06-30 00:00:00', 'AKTIF', 11, 'cabang', NULL, 2, '2020-06-03 10:26:35', '2020-06-03 01:30:48', 1, 1, 2287),
(7, 'after update', 4, '2020-06-30 00:00:00', 'AKTIF', 11, 'cabang', NULL, 2, '2020-06-03 10:26:35', '2020-06-03 01:43:56', 1, 1, 2290),
(8, 'after update', 4, '2020-06-30 00:00:00', 'AKTIF', 11, 'cabang', NULL, 2, '2020-06-03 10:26:35', '2020-06-03 01:48:46', 1, 1, 2318),
(9, 'after update', 4, '2020-06-30 00:00:00', 'AKTIF', 11, 'cabang', NULL, 2, '2020-06-03 10:26:35', '2020-06-03 01:48:53', 1, 1, 2321),
(10, 'after update', 3, '2020-06-12 00:00:00', 'nonaktif', 11, 'cabang', NULL, 2, '2020-06-03 10:24:58', '2020-06-03 02:05:31', 1, 1, 2324),
(11, 'after insert', 5, '2020-06-26 00:00:00', 'AKTIF', 11, 'cabang', NULL, 2, '2020-06-04 02:49:11', '2020-06-04 02:49:11', 1, 1, 2358),
(12, 'after update', 5, '2020-06-26 00:00:00', 'AKTIF', 11, 'cabang', NULL, 2, '2020-06-04 02:49:11', '2020-06-04 02:49:43', 1, 1, 2361),
(13, 'after update', 5, '2020-06-26 00:00:00', 'AKTIF', 11, 'cabang', NULL, 2, '2020-06-04 02:49:11', '2020-06-04 02:49:51', 1, 1, 2364);

-- --------------------------------------------------------

--
-- 表的结构 `mstr_penjualan`
--

CREATE TABLE `mstr_penjualan` (
  `ID_PK_PENJUALAN` int(11) NOT NULL,
  `PENJ_NOMOR` varchar(30) DEFAULT NULL,
  `PENJ_TGL` datetime DEFAULT NULL,
  `PENJ_DATELINE_TGL` datetime DEFAULT NULL,
  `PENJ_JENIS` varchar(50) DEFAULT NULL,
  `PENJ_TIPE_PEMBAYARAN` varchar(50) DEFAULT NULL,
  `PENJ_STATUS` varchar(15) DEFAULT NULL,
  `ID_FK_CUSTOMER` int(11) DEFAULT NULL,
  `ID_FK_CABANG` int(11) DEFAULT NULL,
  `PENJ_CREATE_DATE` datetime DEFAULT NULL,
  `PENJ_LAST_MODIFIED` datetime DEFAULT NULL,
  `ID_CREATE_DATA` int(11) DEFAULT NULL,
  `ID_LAST_MODIFIED` int(11) DEFAULT NULL
) ENGINE=InnoDB DEFAULT CHARSET=utf8mb4;

--
-- 转存表中的数据 `mstr_penjualan`
--

INSERT INTO `mstr_penjualan` (`ID_PK_PENJUALAN`, `PENJ_NOMOR`, `PENJ_TGL`, `PENJ_DATELINE_TGL`, `PENJ_JENIS`, `PENJ_TIPE_PEMBAYARAN`, `PENJ_STATUS`, `ID_FK_CUSTOMER`, `ID_FK_CABANG`, `PENJ_CREATE_DATE`, `PENJ_LAST_MODIFIED`, `ID_CREATE_DATA`, `ID_LAST_MODIFIED`) VALUES
(1, 'nomorpenjualan123a', '2020-05-26 00:00:00', '2020-02-02 00:00:00', 'OFFLINE', 'DP', 'AKTIF', 4, 19, '2020-05-26 09:07:21', '2020-05-26 10:46:51', 1, 1),
(2, 'nomorpenjualan2', '2020-05-26 00:00:00', '2020-05-28 00:00:00', 'ONLINE', 'KEEP', 'AKTIF', 4, 19, '2020-05-26 12:15:38', '2020-05-26 12:15:38', 1, 1),
(3, 'nomorpenjualan3', '1111-11-11 00:00:00', '2222-02-22 00:00:00', 'OFFLINE', 'FULL PAYMENT', 'AKTIF', 1, 19, '2020-05-26 15:03:01', '2020-05-26 15:03:01', 1, 1),
(4, 'nomorpenjualan3', '1111-11-11 00:00:00', '2222-02-22 00:00:00', 'OFFLINE', 'FULL PAYMENT', 'AKTIF', 1, 19, '2020-05-26 15:03:23', '2020-05-26 15:03:23', 1, 1),
(5, 'nomor1234', '1111-11-11 00:00:00', '1111-11-11 00:00:00', 'OFFLINE', 'FULL PAYMENT', 'AKTIF', 1, 19, '2020-05-26 15:22:49', '2020-05-26 15:22:49', 1, 1),
(6, 'nomor1234', '1111-11-11 00:00:00', '1111-11-11 00:00:00', 'OFFLINE', 'FULL PAYMENT', 'NONAKTIF', 1, 19, '2020-05-26 15:24:10', '2020-05-26 16:33:18', 1, 1),
(7, 'nomor1234', '1111-11-11 00:00:00', '1111-11-11 00:00:00', 'OFFLINE', 'FULL PAYMENT', 'NONAKTIF', 1, 19, '2020-05-26 15:24:52', '2020-05-26 16:33:21', 1, 1),
(8, 'nomor1234', '1111-11-11 00:00:00', '1111-11-11 00:00:00', 'OFFLINE', 'FULL PAYMENT', 'AKTIF', 1, 19, '2020-05-26 15:25:35', '2020-05-26 15:25:35', 1, 1),
(9, 'nopenjualan211', '1111-11-11 00:00:00', '3333-03-31 00:00:00', 'ONLINE', 'DP', 'AKTIF', 4, 19, '2020-05-26 16:12:58', '2020-05-26 16:30:49', 1, 1),
(10, '123', '1111-11-11 00:00:00', '1111-11-11 00:00:00', 'OFFLINE', 'FULL PAYMENT', 'AKTIF', 1, 19, '2020-05-29 03:22:24', '2020-05-29 03:22:24', 1, 1),
(11, 'nomorpenjualan123', '1111-11-11 00:00:00', '2222-02-22 00:00:00', 'OFFLINE', 'FULL PAYMENT', 'AKTIF', 1, 2, '2020-05-29 03:46:05', '2020-06-03 10:24:33', 1, 1),
(12, '123', '1111-11-11 00:00:00', '2222-02-22 00:00:00', 'OFFLINE', 'FULL PAYMENT', 'AKTIF', 1, 19, '2020-05-30 03:04:16', '2020-05-30 03:04:16', 1, 1),
(13, '123', '1111-11-11 00:00:00', '2222-02-22 00:00:00', 'OFFLINE', 'FULL PAYMENT', 'AKTIF', 1, 19, '2020-05-30 03:04:19', '2020-05-30 03:04:19', 1, 1),
(14, '123', '1111-11-11 00:00:00', '2222-02-22 00:00:00', 'OFFLINE', 'FULL PAYMENT', 'AKTIF', 1, 19, '2020-05-30 03:04:39', '2020-05-30 03:04:39', 1, 1),
(15, '123', '1111-11-11 00:00:00', '2222-02-22 00:00:00', 'OFFLINE', 'FULL PAYMENT', 'nonaktif', 1, 19, '2020-05-30 03:11:17', '2020-06-01 10:36:45', 1, 1),
(16, '123', '1111-11-11 00:00:00', '5555-05-05 00:00:00', 'OFFLINE', 'FULL PAYMENT', 'nonaktif', 1, 19, '2020-05-30 03:11:33', '2020-06-01 10:36:47', 1, 1),
(17, '123', '1111-11-11 00:00:00', '5555-05-05 00:00:00', 'OFFLINE', 'FULL PAYMENT', 'AKTIF', 1, 19, '2020-05-30 03:11:48', '2020-05-30 03:11:48', 1, 1),
(18, 'penjualan1', '1111-11-11 00:00:00', '2222-02-22 00:00:00', 'ONLINE', 'FULL PAYMENT', 'AKTIF', 1, 19, '2020-05-30 03:58:26', '2020-05-30 03:58:26', 1, 1),
(19, 'penjualan123', '1111-11-11 00:00:00', '2222-02-22 00:00:00', 'ONLINE', 'FULL PAYMENT', 'AKTIF', 1, 19, '2020-05-30 03:59:40', '2020-05-30 03:59:40', 1, 1),
(20, 'penjualan123', '1111-11-11 00:00:00', '2222-02-22 00:00:00', 'ONLINE', 'FULL PAYMENT', 'AKTIF', 1, 19, '2020-05-30 04:00:08', '2020-05-30 04:00:08', 1, 1),
(21, 'penjualan1', '1111-11-11 00:00:00', '2222-02-22 00:00:00', 'ONLINE', 'FULL PAYMENT', 'AKTIF', 1, 19, '2020-05-30 04:08:47', '2020-05-30 04:08:47', 1, 1),
(22, 'penjualan1', '0111-11-11 00:00:00', '2222-02-22 00:00:00', 'ONLINE', 'DP', 'AKTIF', 1, 19, '2020-05-30 04:13:20', '2020-05-30 04:13:20', 1, 1),
(23, 'penjualan1', '1111-11-11 00:00:00', '2222-02-22 00:00:00', 'ONLINE', 'FULL PAYMENT', 'AKTIF', 1, 19, '2020-05-31 10:30:11', '2020-05-31 10:30:11', 1, 1),
(24, 'nomorpenjualan1235', '5555-04-05 00:00:00', '3333-03-31 00:00:00', 'ONLINE', 'TEMPO', 'AKTIF', 2, 19, '2020-05-31 07:49:10', '2020-06-01 10:24:44', 1, 1);

--
-- 触发器 `mstr_penjualan`
--
DELIMITER $$
CREATE TRIGGER `TRG_AFTER_INSERT_PENJUALAN` AFTER INSERT ON `mstr_penjualan` FOR EACH ROW BEGIN
            SET @ID_USER = NEW.ID_LAST_MODIFIED;
            SET @TGL_ACTION = NEW.PENJ_LAST_MODIFIED;
            SET @LOG_TEXT = CONCAT(NEW.ID_LAST_MODIFIED,' ','INSERT DATA AT' , NEW.PENJ_LAST_MODIFIED);
            CALL INSERT_LOG_ALL(@ID_USER,@TGL_ACTION,@LOG_TEXT,@ID_LOG_ALL);
            
            INSERT INTO MSTR_PENJUALAN_LOG(EXECUTED_FUNCTION,ID_PK_PENJUALAN,PENJ_NOMOR,PENJ_TGL,PENJ_DATELINE_TGL,PENJ_JENIS,PENJ_TIPE_PEMBAYARAN,PENJ_STATUS,ID_FK_CUSTOMER,ID_FK_CABANG,PENJ_CREATE_DATE,PENJ_LAST_MODIFIED,ID_CREATE_DATA,ID_LAST_MODIFIED,ID_LOG_ALL) VALUES ('AFTER INSERT',NEW.ID_PK_PENJUALAN,NEW.PENJ_NOMOR,NEW.PENJ_TGL,NEW.PENJ_DATELINE_TGL,NEW.PENJ_JENIS,NEW.PENJ_TIPE_PEMBAYARAN,NEW.PENJ_STATUS,NEW.ID_FK_CUSTOMER,NEW.ID_FK_CABANG,NEW.PENJ_CREATE_DATE,NEW.PENJ_LAST_MODIFIED,NEW.ID_CREATE_DATA,NEW.ID_LAST_MODIFIED,@ID_LOG_ALL);
        END
$$
DELIMITER ;
DELIMITER $$
CREATE TRIGGER `TRG_AFTER_UPDATE_PENJUALAN` AFTER UPDATE ON `mstr_penjualan` FOR EACH ROW BEGIN
            SET @ID_USER = NEW.ID_LAST_MODIFIED;
            SET @TGL_ACTION = NEW.PENJ_LAST_MODIFIED;
            SET @LOG_TEXT = CONCAT(NEW.ID_LAST_MODIFIED,' ','UPDATE DATA AT' , NEW.PENJ_LAST_MODIFIED);
            CALL INSERT_LOG_ALL(@ID_USER,@TGL_ACTION,@LOG_TEXT,@ID_LOG_ALL);
            
            INSERT INTO MSTR_PENJUALAN_LOG(EXECUTED_FUNCTION,ID_PK_PENJUALAN,PENJ_NOMOR,PENJ_TGL,PENJ_DATELINE_TGL,PENJ_JENIS,PENJ_TIPE_PEMBAYARAN,PENJ_STATUS,ID_FK_CUSTOMER,ID_FK_CABANG,PENJ_CREATE_DATE,PENJ_LAST_MODIFIED,ID_CREATE_DATA,ID_LAST_MODIFIED,ID_LOG_ALL) VALUES ('AFTER UPDATE',NEW.ID_PK_PENJUALAN,NEW.PENJ_NOMOR,NEW.PENJ_TGL,NEW.PENJ_DATELINE_TGL,NEW.PENJ_JENIS,NEW.PENJ_TIPE_PEMBAYARAN,NEW.PENJ_STATUS,NEW.ID_FK_CUSTOMER,NEW.ID_FK_CABANG,NEW.PENJ_CREATE_DATE,NEW.PENJ_LAST_MODIFIED,NEW.ID_CREATE_DATA,NEW.ID_LAST_MODIFIED,@ID_LOG_ALL);
        END
$$
DELIMITER ;

-- --------------------------------------------------------

--
-- 表的结构 `mstr_penjualan_log`
--

CREATE TABLE `mstr_penjualan_log` (
  `ID_PK_PENJUALAN_LOG` int(11) NOT NULL,
  `EXECUTED_FUNCTION` varchar(30) DEFAULT NULL,
  `ID_PK_PENJUALAN` int(11) DEFAULT NULL,
  `PENJ_NOMOR` varchar(30) DEFAULT NULL,
  `PENJ_TGL` datetime DEFAULT NULL,
  `PENJ_DATELINE_TGL` datetime DEFAULT NULL,
  `PENJ_JENIS` varchar(50) DEFAULT NULL,
  `PENJ_TIPE_PEMBAYARAN` varchar(50) DEFAULT NULL,
  `PENJ_STATUS` varchar(15) DEFAULT NULL,
  `ID_FK_CUSTOMER` int(11) DEFAULT NULL,
  `ID_FK_CABANG` int(11) DEFAULT NULL,
  `PENJ_CREATE_DATE` datetime DEFAULT NULL,
  `PENJ_LAST_MODIFIED` datetime DEFAULT NULL,
  `ID_CREATE_DATA` int(11) DEFAULT NULL,
  `ID_LAST_MODIFIED` int(11) DEFAULT NULL,
  `ID_LOG_ALL` int(11) DEFAULT NULL
) ENGINE=InnoDB DEFAULT CHARSET=utf8mb4;

--
-- 转存表中的数据 `mstr_penjualan_log`
--

INSERT INTO `mstr_penjualan_log` (`ID_PK_PENJUALAN_LOG`, `EXECUTED_FUNCTION`, `ID_PK_PENJUALAN`, `PENJ_NOMOR`, `PENJ_TGL`, `PENJ_DATELINE_TGL`, `PENJ_JENIS`, `PENJ_TIPE_PEMBAYARAN`, `PENJ_STATUS`, `ID_FK_CUSTOMER`, `ID_FK_CABANG`, `PENJ_CREATE_DATE`, `PENJ_LAST_MODIFIED`, `ID_CREATE_DATA`, `ID_LAST_MODIFIED`, `ID_LOG_ALL`) VALUES
(1, 'AFTER INSERT', 1, 'nomorpenjualan123', '2020-05-26 00:00:00', '2020-05-29 00:00:00', 'ONLINE', 'TEMPO', 'AKTIF', 1, 19, '2020-05-26 09:07:21', '2020-05-26 09:07:21', 1, 1, 1175),
(2, 'AFTER UPDATE', 1, 'nomorpenjualan123a', '2020-05-26 00:00:00', '2020-02-02 00:00:00', 'OFFLINE', 'DP', 'AKTIF', 4, 19, '2020-05-26 09:07:21', '2020-05-26 10:44:50', 1, 1, 1263),
(3, 'AFTER UPDATE', 1, 'nomorpenjualan123a', '2020-05-26 00:00:00', '2020-02-02 00:00:00', 'OFFLINE', 'DP', 'AKTIF', 4, 19, '2020-05-26 09:07:21', '2020-05-26 10:45:24', 1, 1, 1264),
(4, 'AFTER UPDATE', 1, 'nomorpenjualan123a', '2020-05-26 00:00:00', '2020-02-02 00:00:00', 'OFFLINE', 'DP', 'AKTIF', 4, 19, '2020-05-26 09:07:21', '2020-05-26 10:46:24', 1, 1, 1265),
(5, 'AFTER UPDATE', 1, 'nomorpenjualan123a', '2020-05-26 00:00:00', '2020-02-02 00:00:00', 'OFFLINE', 'DP', 'AKTIF', 4, 19, '2020-05-26 09:07:21', '2020-05-26 10:46:51', 1, 1, 1266),
(6, 'AFTER INSERT', 2, 'nomorpenjualan2', '2020-05-26 00:00:00', '2020-05-28 00:00:00', 'ONLINE', 'KEEP', 'AKTIF', 4, 19, '2020-05-26 12:15:38', '2020-05-26 12:15:38', 1, 1, 1267),
(7, 'AFTER INSERT', 3, 'nomorpenjualan3', '1111-11-11 00:00:00', '2222-02-22 00:00:00', 'OFFLINE', 'FULL PAYMENT', 'AKTIF', 1, 19, '2020-05-26 15:03:01', '2020-05-26 15:03:01', 1, 1, 1268),
(8, 'AFTER INSERT', 4, 'nomorpenjualan3', '1111-11-11 00:00:00', '2222-02-22 00:00:00', 'OFFLINE', 'FULL PAYMENT', 'AKTIF', 1, 19, '2020-05-26 15:03:23', '2020-05-26 15:03:23', 1, 1, 1270),
(9, 'AFTER INSERT', 5, 'nomor1234', '1111-11-11 00:00:00', '1111-11-11 00:00:00', 'OFFLINE', 'FULL PAYMENT', 'AKTIF', 1, 19, '2020-05-26 15:22:49', '2020-05-26 15:22:49', 1, 1, 1272),
(10, 'AFTER INSERT', 6, 'nomor1234', '1111-11-11 00:00:00', '1111-11-11 00:00:00', 'OFFLINE', 'FULL PAYMENT', 'AKTIF', 1, 19, '2020-05-26 15:24:10', '2020-05-26 15:24:10', 1, 1, 1273),
(11, 'AFTER INSERT', 7, 'nomor1234', '1111-11-11 00:00:00', '1111-11-11 00:00:00', 'OFFLINE', 'FULL PAYMENT', 'AKTIF', 1, 19, '2020-05-26 15:24:52', '2020-05-26 15:24:52', 1, 1, 1274),
(12, 'AFTER INSERT', 8, 'nomor1234', '1111-11-11 00:00:00', '1111-11-11 00:00:00', 'OFFLINE', 'FULL PAYMENT', 'AKTIF', 1, 19, '2020-05-26 15:25:35', '2020-05-26 15:25:35', 1, 1, 1275),
(13, 'AFTER INSERT', 9, 'nopenjualan2', '1111-11-11 00:00:00', '2222-02-22 00:00:00', 'OFFLINE', 'FULL PAYMENT', 'AKTIF', 1, 19, '2020-05-26 16:12:58', '2020-05-26 16:12:58', 1, 1, 1277),
(14, 'AFTER UPDATE', 9, 'nopenjualan2', '1111-11-11 00:00:00', '2222-02-22 00:00:00', 'OFFLINE', 'FULL PAYMENT', 'AKTIF', 1, 19, '2020-05-26 16:12:58', '2020-05-26 16:20:51', 1, 1, 1280),
(15, 'AFTER UPDATE', 9, 'nopenjualan2', '1111-11-11 00:00:00', '2222-02-22 00:00:00', 'OFFLINE', 'FULL PAYMENT', 'AKTIF', 1, 19, '2020-05-26 16:12:58', '2020-05-26 16:21:07', 1, 1, 1281),
(16, 'AFTER UPDATE', 9, 'nopenjualan2', '1111-11-11 00:00:00', '2222-02-22 00:00:00', 'OFFLINE', 'FULL PAYMENT', 'AKTIF', 1, 19, '2020-05-26 16:12:58', '2020-05-26 16:25:19', 1, 1, 1282),
(17, 'AFTER UPDATE', 9, 'nopenjualan2', '1111-11-11 00:00:00', '2222-02-22 00:00:00', 'OFFLINE', 'FULL PAYMENT', 'AKTIF', 1, 19, '2020-05-26 16:12:58', '2020-05-26 16:25:31', 1, 1, 1285),
(18, 'AFTER UPDATE', 9, 'nopenjualan2', '1111-11-11 00:00:00', '2222-02-22 00:00:00', 'OFFLINE', 'FULL PAYMENT', 'AKTIF', 1, 19, '2020-05-26 16:12:58', '2020-05-26 16:26:02', 1, 1, 1288),
(19, 'AFTER UPDATE', 9, 'nopenjualan2', '1111-11-11 00:00:00', '2222-02-22 00:00:00', 'OFFLINE', 'FULL PAYMENT', 'AKTIF', 1, 19, '2020-05-26 16:12:58', '2020-05-26 16:26:16', 1, 1, 1291),
(20, 'AFTER UPDATE', 9, 'nopenjualan2', '1111-11-11 00:00:00', '2222-02-22 00:00:00', 'OFFLINE', 'FULL PAYMENT', 'AKTIF', 1, 19, '2020-05-26 16:12:58', '2020-05-26 16:26:26', 1, 1, 1295),
(21, 'AFTER UPDATE', 9, 'nopenjualan2', '1111-11-11 00:00:00', '2222-02-22 00:00:00', 'OFFLINE', 'FULL PAYMENT', 'AKTIF', 1, 19, '2020-05-26 16:12:58', '2020-05-26 16:28:17', 1, 1, 1301),
(22, 'AFTER UPDATE', 9, 'nopenjualan2', '1111-11-11 00:00:00', '2222-02-22 00:00:00', 'OFFLINE', 'FULL PAYMENT', 'AKTIF', 1, 19, '2020-05-26 16:12:58', '2020-05-26 16:29:50', 1, 1, 1303),
(23, 'AFTER UPDATE', 9, 'nopenjualan2', '1111-11-11 00:00:00', '2222-02-22 00:00:00', 'OFFLINE', 'FULL PAYMENT', 'AKTIF', 1, 19, '2020-05-26 16:12:58', '2020-05-26 16:30:16', 1, 1, 1306),
(24, 'AFTER UPDATE', 9, 'nopenjualan211', '1111-11-11 00:00:00', '3333-03-31 00:00:00', 'ONLINE', 'DP', 'AKTIF', 4, 19, '2020-05-26 16:12:58', '2020-05-26 16:30:49', 1, 1, 1313),
(25, 'AFTER UPDATE', 6, 'nomor1234', '1111-11-11 00:00:00', '1111-11-11 00:00:00', 'OFFLINE', 'FULL PAYMENT', 'NONAKTIF', 1, 19, '2020-05-26 15:24:10', '2020-05-26 16:33:18', 1, 1, 1316),
(26, 'AFTER UPDATE', 7, 'nomor1234', '1111-11-11 00:00:00', '1111-11-11 00:00:00', 'OFFLINE', 'FULL PAYMENT', 'NONAKTIF', 1, 19, '2020-05-26 15:24:52', '2020-05-26 16:33:21', 1, 1, 1317),
(27, 'AFTER INSERT', 10, '123', '1111-11-11 00:00:00', '1111-11-11 00:00:00', 'OFFLINE', 'FULL PAYMENT', 'AKTIF', 1, 19, '2020-05-29 03:22:24', '2020-05-29 03:22:24', 1, 1, 1557),
(28, 'AFTER INSERT', 11, 'NOMOR PENJUALAN 123', '1111-11-11 00:00:00', '2222-02-22 00:00:00', 'OFFLINE', 'FULL PAYMENT', 'AKTIF', 1, 2, '2020-05-29 03:46:05', '2020-05-29 03:46:05', 1, 1, 1585),
(29, 'AFTER INSERT', 12, '123', '1111-11-11 00:00:00', '2222-02-22 00:00:00', 'OFFLINE', 'FULL PAYMENT', 'AKTIF', 1, 19, '2020-05-30 03:04:16', '2020-05-30 03:04:16', 1, 1, 1591),
(30, 'AFTER INSERT', 13, '123', '1111-11-11 00:00:00', '2222-02-22 00:00:00', 'OFFLINE', 'FULL PAYMENT', 'AKTIF', 1, 19, '2020-05-30 03:04:19', '2020-05-30 03:04:19', 1, 1, 1592),
(31, 'AFTER INSERT', 14, '123', '1111-11-11 00:00:00', '2222-02-22 00:00:00', 'OFFLINE', 'FULL PAYMENT', 'AKTIF', 1, 19, '2020-05-30 03:04:39', '2020-05-30 03:04:39', 1, 1, 1593),
(32, 'AFTER INSERT', 15, '123', '1111-11-11 00:00:00', '2222-02-22 00:00:00', 'OFFLINE', 'FULL PAYMENT', 'AKTIF', 1, 19, '2020-05-30 03:11:17', '2020-05-30 03:11:17', 1, 1, 1596),
(33, 'AFTER INSERT', 16, '123', '1111-11-11 00:00:00', '5555-05-05 00:00:00', 'OFFLINE', 'FULL PAYMENT', 'AKTIF', 1, 19, '2020-05-30 03:11:33', '2020-05-30 03:11:33', 1, 1, 1597),
(34, 'AFTER INSERT', 17, '123', '1111-11-11 00:00:00', '5555-05-05 00:00:00', 'OFFLINE', 'FULL PAYMENT', 'AKTIF', 1, 19, '2020-05-30 03:11:48', '2020-05-30 03:11:48', 1, 1, 1598),
(35, 'AFTER INSERT', 18, 'penjualan1', '1111-11-11 00:00:00', '2222-02-22 00:00:00', 'ONLINE', 'FULL PAYMENT', 'AKTIF', 1, 19, '2020-05-30 03:58:26', '2020-05-30 03:58:26', 1, 1, 1601),
(36, 'AFTER INSERT', 19, 'penjualan123', '1111-11-11 00:00:00', '2222-02-22 00:00:00', 'ONLINE', 'FULL PAYMENT', 'AKTIF', 1, 19, '2020-05-30 03:59:40', '2020-05-30 03:59:40', 1, 1, 1602),
(37, 'AFTER INSERT', 20, 'penjualan123', '1111-11-11 00:00:00', '2222-02-22 00:00:00', 'ONLINE', 'FULL PAYMENT', 'AKTIF', 1, 19, '2020-05-30 04:00:08', '2020-05-30 04:00:08', 1, 1, 1603),
(38, 'AFTER INSERT', 21, 'penjualan1', '1111-11-11 00:00:00', '2222-02-22 00:00:00', 'ONLINE', 'FULL PAYMENT', 'AKTIF', 1, 19, '2020-05-30 04:08:47', '2020-05-30 04:08:47', 1, 1, 1605),
(39, 'AFTER INSERT', 22, 'penjualan1', '0111-11-11 00:00:00', '2222-02-22 00:00:00', 'ONLINE', 'DP', 'AKTIF', 1, 19, '2020-05-30 04:13:20', '2020-05-30 04:13:20', 1, 1, 1612),
(40, 'AFTER INSERT', 23, 'penjualan1', '1111-11-11 00:00:00', '2222-02-22 00:00:00', 'OFFLINE', 'FULL PAYMENT', 'AKTIF', 1, 19, '2020-05-31 10:30:11', '2020-05-31 10:30:11', 1, 1, 1624),
(41, 'AFTER UPDATE', 23, 'penjualan1', '1111-11-11 00:00:00', '2222-02-22 00:00:00', 'ONLINE', 'FULL PAYMENT', 'AKTIF', 1, 19, '2020-05-31 10:30:11', '2020-05-31 10:30:11', 1, 1, 1626),
(42, 'AFTER INSERT', 24, 'nomorpenjualan123', '1111-11-11 00:00:00', '2222-02-22 00:00:00', 'ONLINE', 'TEMPO', 'AKTIF', 1, 19, '2020-05-31 07:49:10', '2020-05-31 07:49:10', 1, 1, 1637),
(43, 'AFTER UPDATE', 24, 'nomorpenjualan123', '1111-11-11 00:00:00', '2222-02-22 00:00:00', 'ONLINE', 'TEMPO', 'AKTIF', 1, 19, '2020-05-31 07:49:10', '2020-06-01 09:34:07', 1, 1, 1651),
(44, 'AFTER UPDATE', 24, 'nomorpenjualan123', '1111-11-11 00:00:00', '2222-02-22 00:00:00', 'ONLINE', 'TEMPO', 'AKTIF', 1, 19, '2020-05-31 07:49:10', '2020-06-01 09:38:53', 1, 1, 1654),
(45, 'AFTER UPDATE', 24, 'nomorpenjualan123', '1111-11-11 00:00:00', '2222-02-22 00:00:00', 'ONLINE', 'TEMPO', 'AKTIF', 1, 19, '2020-05-31 07:49:10', '2020-06-01 09:39:19', 1, 1, 1657),
(46, 'AFTER UPDATE', 24, 'nomorpenjualan1235', '1111-11-11 00:00:00', '2222-02-22 00:00:00', 'ONLINE', 'TEMPO', 'AKTIF', 2, 19, '2020-05-31 07:49:10', '2020-06-01 09:39:59', 1, 1, 1661),
(47, 'AFTER UPDATE', 24, 'nomorpenjualan1235', '1111-11-11 00:00:00', '3333-03-31 00:00:00', 'ONLINE', 'TEMPO', 'AKTIF', 2, 19, '2020-05-31 07:49:10', '2020-06-01 09:40:12', 1, 1, 1664),
(48, 'AFTER UPDATE', 24, 'nomorpenjualan1235', '1111-11-11 00:00:00', '3333-03-31 00:00:00', 'ONLINE', 'TEMPO', 'AKTIF', 2, 19, '2020-05-31 07:49:10', '2020-06-01 09:40:25', 1, 1, 1667),
(49, 'AFTER UPDATE', 24, 'nomorpenjualan1235', '1111-11-11 00:00:00', '3333-03-31 00:00:00', 'ONLINE', 'TEMPO', 'AKTIF', 2, 19, '2020-05-31 07:49:10', '2020-06-01 09:40:25', 1, 1, 1670),
(50, 'AFTER UPDATE', 24, 'nomorpenjualan1235', '1111-11-11 00:00:00', '3333-03-31 00:00:00', 'ONLINE', 'TEMPO', 'AKTIF', 2, 19, '2020-05-31 07:49:10', '2020-06-01 09:41:11', 1, 1, 1673),
(51, 'AFTER UPDATE', 24, 'nomorpenjualan1235', '1111-11-11 00:00:00', '3333-03-31 00:00:00', 'ONLINE', 'TEMPO', 'AKTIF', 2, 19, '2020-05-31 07:49:10', '2020-06-01 09:41:40', 1, 1, 1676),
(52, 'AFTER UPDATE', 24, 'nomorpenjualan1235', '5555-04-05 00:00:00', '3333-03-31 00:00:00', 'ONLINE', 'TEMPO', 'AKTIF', 2, 19, '2020-05-31 07:49:10', '2020-06-01 09:42:06', 1, 1, 1679),
(53, 'AFTER UPDATE', 24, 'nomorpenjualan1235', '5555-04-05 00:00:00', '3333-03-31 00:00:00', 'OFFLINE', 'DP', 'AKTIF', 2, 19, '2020-05-31 07:49:10', '2020-06-01 09:57:41', 1, 1, 1682),
(54, 'AFTER UPDATE', 24, 'nomorpenjualan1235', '5555-04-05 00:00:00', '3333-03-31 00:00:00', 'ONLINE', 'TEMPO', 'AKTIF', 2, 19, '2020-05-31 07:49:10', '2020-06-01 09:57:52', 1, 1, 1685),
(55, 'AFTER UPDATE', 24, 'nomorpenjualan1235', '5555-04-05 00:00:00', '3333-03-31 00:00:00', 'ONLINE', 'TEMPO', 'AKTIF', 2, 19, '2020-05-31 07:49:10', '2020-06-01 09:58:05', 1, 1, 1688),
(56, 'AFTER UPDATE', 24, 'nomorpenjualan1235', '5555-04-05 00:00:00', '3333-03-31 00:00:00', 'ONLINE', 'TEMPO', 'AKTIF', 2, 19, '2020-05-31 07:49:10', '2020-06-01 09:59:17', 1, 1, 1691),
(57, 'AFTER UPDATE', 24, 'nomorpenjualan1235', '5555-04-05 00:00:00', '3333-03-31 00:00:00', 'ONLINE', 'TEMPO', 'AKTIF', 2, 19, '2020-05-31 07:49:10', '2020-06-01 10:06:33', 1, 1, 1695),
(58, 'AFTER UPDATE', 24, 'nomorpenjualan1235', '5555-04-05 00:00:00', '3333-03-31 00:00:00', 'ONLINE', 'TEMPO', 'AKTIF', 2, 19, '2020-05-31 07:49:10', '2020-06-01 10:07:12', 1, 1, 1702),
(59, 'AFTER UPDATE', 24, 'nomorpenjualan1235', '5555-04-05 00:00:00', '3333-03-31 00:00:00', 'ONLINE', 'TEMPO', 'AKTIF', 2, 19, '2020-05-31 07:49:10', '2020-06-01 10:07:57', 1, 1, 1712),
(60, 'AFTER UPDATE', 24, 'nomorpenjualan1235', '5555-04-05 00:00:00', '3333-03-31 00:00:00', 'ONLINE', 'TEMPO', 'AKTIF', 2, 19, '2020-05-31 07:49:10', '2020-06-01 10:08:25', 1, 1, 1728),
(61, 'AFTER UPDATE', 24, 'nomorpenjualan1235', '5555-04-05 00:00:00', '3333-03-31 00:00:00', 'ONLINE', 'TEMPO', 'AKTIF', 2, 19, '2020-05-31 07:49:10', '2020-06-01 10:08:36', 1, 1, 1732),
(62, 'AFTER UPDATE', 24, 'nomorpenjualan1235', '5555-04-05 00:00:00', '3333-03-31 00:00:00', 'ONLINE', 'TEMPO', 'AKTIF', 2, 19, '2020-05-31 07:49:10', '2020-06-01 10:08:55', 1, 1, 1736),
(63, 'AFTER UPDATE', 24, 'nomorpenjualan1235', '5555-04-05 00:00:00', '3333-03-31 00:00:00', 'ONLINE', 'TEMPO', 'AKTIF', 2, 19, '2020-05-31 07:49:10', '2020-06-01 10:10:04', 1, 1, 1740),
(64, 'AFTER UPDATE', 24, 'nomorpenjualan1235', '5555-04-05 00:00:00', '3333-03-31 00:00:00', 'ONLINE', 'TEMPO', 'AKTIF', 2, 19, '2020-05-31 07:49:10', '2020-06-01 10:11:03', 1, 1, 1742),
(65, 'AFTER UPDATE', 24, 'nomorpenjualan1235', '5555-04-05 00:00:00', '3333-03-31 00:00:00', 'ONLINE', 'TEMPO', 'AKTIF', 2, 19, '2020-05-31 07:49:10', '2020-06-01 10:11:32', 1, 1, 1769),
(66, 'AFTER UPDATE', 24, 'nomorpenjualan1235', '5555-04-05 00:00:00', '3333-03-31 00:00:00', 'ONLINE', 'TEMPO', 'AKTIF', 2, 19, '2020-05-31 07:49:10', '2020-06-01 10:11:59', 1, 1, 1796),
(67, 'AFTER UPDATE', 24, 'nomorpenjualan1235', '5555-04-05 00:00:00', '3333-03-31 00:00:00', 'ONLINE', 'TEMPO', 'AKTIF', 2, 19, '2020-05-31 07:49:10', '2020-06-01 10:12:27', 1, 1, 1824),
(68, 'AFTER UPDATE', 24, 'nomorpenjualan1235', '5555-04-05 00:00:00', '3333-03-31 00:00:00', 'ONLINE', 'TEMPO', 'AKTIF', 2, 19, '2020-05-31 07:49:10', '2020-06-01 10:12:56', 1, 1, 1854),
(69, 'AFTER UPDATE', 24, 'nomorpenjualan1235', '5555-04-05 00:00:00', '3333-03-31 00:00:00', 'ONLINE', 'TEMPO', 'AKTIF', 2, 19, '2020-05-31 07:49:10', '2020-06-01 10:13:20', 1, 1, 1884),
(70, 'AFTER UPDATE', 24, 'nomorpenjualan1235', '5555-04-05 00:00:00', '3333-03-31 00:00:00', 'ONLINE', 'TEMPO', 'AKTIF', 2, 19, '2020-05-31 07:49:10', '2020-06-01 10:16:17', 1, 1, 1916),
(71, 'AFTER UPDATE', 24, 'nomorpenjualan1235', '5555-04-05 00:00:00', '3333-03-31 00:00:00', 'ONLINE', 'TEMPO', 'AKTIF', 2, 19, '2020-05-31 07:49:10', '2020-06-01 10:20:07', 1, 1, 1948),
(72, 'AFTER UPDATE', 24, 'nomorpenjualan1235', '5555-04-05 00:00:00', '3333-03-31 00:00:00', 'ONLINE', 'TEMPO', 'AKTIF', 2, 19, '2020-05-31 07:49:10', '2020-06-01 10:23:46', 1, 1, 1980),
(73, 'AFTER UPDATE', 24, 'nomorpenjualan1235', '5555-04-05 00:00:00', '3333-03-31 00:00:00', 'ONLINE', 'TEMPO', 'AKTIF', 2, 19, '2020-05-31 07:49:10', '2020-06-01 10:24:16', 1, 1, 2014),
(74, 'AFTER UPDATE', 24, 'nomorpenjualan1235', '5555-04-05 00:00:00', '3333-03-31 00:00:00', 'ONLINE', 'TEMPO', 'AKTIF', 2, 19, '2020-05-31 07:49:10', '2020-06-01 10:24:44', 1, 1, 2049),
(75, 'AFTER UPDATE', 15, '123', '1111-11-11 00:00:00', '2222-02-22 00:00:00', 'OFFLINE', 'FULL PAYMENT', 'nonaktif', 1, 19, '2020-05-30 03:11:17', '2020-06-01 10:36:45', 1, 1, 2086),
(76, 'AFTER UPDATE', 16, '123', '1111-11-11 00:00:00', '5555-05-05 00:00:00', 'OFFLINE', 'FULL PAYMENT', 'nonaktif', 1, 19, '2020-05-30 03:11:33', '2020-06-01 10:36:47', 1, 1, 2087),
(77, 'AFTER UPDATE', 11, 'nomorpenjualan123', '1111-11-11 00:00:00', '2222-02-22 00:00:00', 'OFFLINE', 'FULL PAYMENT', 'AKTIF', 1, 2, '2020-05-29 03:46:05', '2020-06-03 10:23:16', 1, 1, 2270),
(78, 'AFTER UPDATE', 11, 'nomorpenjualan123', '1111-11-11 00:00:00', '2222-02-22 00:00:00', 'OFFLINE', 'FULL PAYMENT', 'AKTIF', 1, 2, '2020-05-29 03:46:05', '2020-06-03 10:24:33', 1, 1, 2274);

-- --------------------------------------------------------

--
-- 表的结构 `mstr_satuan`
--

CREATE TABLE `mstr_satuan` (
  `ID_PK_SATUAN` int(11) NOT NULL,
  `SATUAN_NAMA` varchar(100) DEFAULT NULL,
  `SATUAN_RUMUS` varchar(100) DEFAULT NULL,
  `SATUAN_STATUS` varchar(15) DEFAULT NULL,
  `SATUAN_CREATE_DATE` datetime DEFAULT NULL,
  `SATUAN_LAST_MODIFIED` datetime DEFAULT NULL,
  `ID_CREATE_DATA` int(11) DEFAULT NULL,
  `ID_LAST_MODIFIED` int(11) DEFAULT NULL
) ENGINE=InnoDB DEFAULT CHARSET=utf8mb4;

--
-- 转存表中的数据 `mstr_satuan`
--

INSERT INTO `mstr_satuan` (`ID_PK_SATUAN`, `SATUAN_NAMA`, `SATUAN_RUMUS`, `SATUAN_STATUS`, `SATUAN_CREATE_DATE`, `SATUAN_LAST_MODIFIED`, `ID_CREATE_DATA`, `ID_LAST_MODIFIED`) VALUES
(1, 'BOX', '40', 'NONAKTIF', '2020-05-22 14:29:21', '2020-05-22 14:32:59', 1, 1),
(2, 'BOX', '40', 'AKTIF', '2020-05-22 14:33:07', '2020-05-22 14:33:07', 1, 1),
(3, 'LUSIN', '12', 'AKTIF', '2020-05-22 14:33:14', '2020-05-22 14:33:14', 1, 1);

--
-- 触发器 `mstr_satuan`
--
DELIMITER $$
CREATE TRIGGER `TRG_AFTER_INSERT_SATUAN` AFTER INSERT ON `mstr_satuan` FOR EACH ROW BEGIN
            SET @ID_USER = NEW.ID_LAST_MODIFIED;
            SET @TGL_ACTION = NEW.SATUAN_LAST_MODIFIED;
            SET @LOG_TEXT = CONCAT(NEW.ID_LAST_MODIFIED,' ','INSERT DATA AT' , NEW.SATUAN_LAST_MODIFIED);
            CALL INSERT_LOG_ALL(@ID_USER,@TGL_ACTION,@LOG_TEXT,@ID_LOG_ALL);
            
            INSERT INTO MSTR_SATUAN_LOG(EXECUTED_FUNCTION,ID_PK_SATUAN,SATUAN_NAMA,SATUAN_RUMUS,SATUAN_STATUS,SATUAN_CREATE_DATE,SATUAN_LAST_MODIFIED,ID_CREATE_DATA,ID_LAST_MODIFIED,ID_LOG_ALL) VALUES ('AFTER INSERT',NEW.ID_PK_SATUAN,NEW.SATUAN_NAMA,NEW.SATUAN_STATUS,NEW.SATUAN_RUMUS,NEW.SATUAN_CREATE_DATE,NEW.SATUAN_LAST_MODIFIED,NEW.ID_CREATE_DATA,NEW.ID_LAST_MODIFIED,@ID_LOG_ALL);
        END
$$
DELIMITER ;
DELIMITER $$
CREATE TRIGGER `TRG_AFTER_UPDATE_SATUAN` AFTER UPDATE ON `mstr_satuan` FOR EACH ROW BEGIN
            SET @ID_USER = NEW.ID_LAST_MODIFIED;
            SET @TGL_ACTION = NEW.SATUAN_LAST_MODIFIED;
            SET @LOG_TEXT = CONCAT(NEW.ID_LAST_MODIFIED,' ','UPDATE DATA AT' , NEW.SATUAN_LAST_MODIFIED);
            CALL INSERT_LOG_ALL(@ID_USER,@TGL_ACTION,@LOG_TEXT,@ID_LOG_ALL);
            
            INSERT INTO MSTR_SATUAN_LOG(EXECUTED_FUNCTION,ID_PK_SATUAN,SATUAN_NAMA,SATUAN_RUMUS,SATUAN_STATUS,SATUAN_CREATE_DATE,SATUAN_LAST_MODIFIED,ID_CREATE_DATA,ID_LAST_MODIFIED,ID_LOG_ALL) VALUES ('AFTER UPDATE',NEW.ID_PK_SATUAN,NEW.SATUAN_NAMA,NEW.SATUAN_STATUS,NEW.SATUAN_RUMUS,NEW.SATUAN_CREATE_DATE,NEW.SATUAN_LAST_MODIFIED,NEW.ID_CREATE_DATA,NEW.ID_LAST_MODIFIED,@ID_LOG_ALL);
        END
$$
DELIMITER ;

-- --------------------------------------------------------

--
-- 表的结构 `mstr_satuan_log`
--

CREATE TABLE `mstr_satuan_log` (
  `ID_PK_SATUAN_LOG` int(11) NOT NULL,
  `EXECUTED_FUNCTION` varchar(20) DEFAULT NULL,
  `ID_PK_SATUAN` int(11) DEFAULT NULL,
  `SATUAN_NAMA` varchar(100) DEFAULT NULL,
  `SATUAN_RUMUS` varchar(100) DEFAULT NULL,
  `SATUAN_STATUS` varchar(15) DEFAULT NULL,
  `SATUAN_CREATE_DATE` datetime DEFAULT NULL,
  `SATUAN_LAST_MODIFIED` datetime DEFAULT NULL,
  `ID_CREATE_DATA` int(11) DEFAULT NULL,
  `ID_LAST_MODIFIED` int(11) DEFAULT NULL,
  `ID_LOG_ALL` int(11) DEFAULT NULL
) ENGINE=InnoDB DEFAULT CHARSET=utf8mb4;

--
-- 转存表中的数据 `mstr_satuan_log`
--

INSERT INTO `mstr_satuan_log` (`ID_PK_SATUAN_LOG`, `EXECUTED_FUNCTION`, `ID_PK_SATUAN`, `SATUAN_NAMA`, `SATUAN_RUMUS`, `SATUAN_STATUS`, `SATUAN_CREATE_DATE`, `SATUAN_LAST_MODIFIED`, `ID_CREATE_DATA`, `ID_LAST_MODIFIED`, `ID_LOG_ALL`) VALUES
(1, 'AFTER INSERT', 1, 'LUSIN', 'AKTIF', '*12', '2020-05-22 14:29:21', '2020-05-22 14:29:21', 1, 1, 1094),
(2, 'AFTER UPDATE', 1, 'BOX', 'AKTIF', '*40', '2020-05-22 14:29:21', '2020-05-22 14:32:54', 1, 1, 1095),
(3, 'AFTER UPDATE', 1, 'BOX', 'NONAKTIF', '*40', '2020-05-22 14:29:21', '2020-05-22 14:32:59', 1, 1, 1096),
(4, 'AFTER INSERT', 2, 'BOX', 'AKTIF', '*40', '2020-05-22 14:33:07', '2020-05-22 14:33:07', 1, 1, 1097),
(5, 'AFTER INSERT', 3, 'LUSIN', 'AKTIF', '*12', '2020-05-22 14:33:14', '2020-05-22 14:33:14', 1, 1, 1098),
(6, 'AFTER UPDATE', 1, 'BOX', 'NONAKTIF', '40', '2020-05-22 14:29:21', '2020-05-22 14:32:59', 1, 1, 2349),
(7, 'AFTER UPDATE', 2, 'BOX', 'AKTIF', '40', '2020-05-22 14:33:07', '2020-05-22 14:33:07', 1, 1, 2350),
(8, 'AFTER UPDATE', 3, 'LUSIN', 'AKTIF', '12', '2020-05-22 14:33:14', '2020-05-22 14:33:14', 1, 1, 2351);

-- --------------------------------------------------------

--
-- 表的结构 `mstr_stock_opname`
--

CREATE TABLE `mstr_stock_opname` (
  `ID_PK_STOCK_OPNAME` int(11) NOT NULL,
  `SO_TGL` datetime DEFAULT NULL,
  `SO_NOTES` varchar(200) DEFAULT NULL,
  `ID_FK_TOKO` int(11) DEFAULT NULL,
  `ID_EMP_DET` int(11) DEFAULT NULL,
  `SO_CREATE_DATE` datetime DEFAULT NULL,
  `SO_LAST_MODIFIED` datetime DEFAULT NULL,
  `ID_CREATE_DATA` int(11) DEFAULT NULL,
  `ID_LAST_MODIFIED` int(11) DEFAULT NULL
) ENGINE=InnoDB DEFAULT CHARSET=utf8mb4;

--
-- 触发器 `mstr_stock_opname`
--
DELIMITER $$
CREATE TRIGGER `TRG_AFTER_INSERT_STOCK_OPNAME` AFTER INSERT ON `mstr_stock_opname` FOR EACH ROW BEGIN
    SET @ID_USER = NEW.ID_LAST_MODIFIED;
    SET @TGL_ACTION = NEW.SO_LAST_MODIFIED;
    SET @LOG_TEXT = CONCAT(NEW.ID_LAST_MODIFIED,' ','INSERT DATA AT' , NEW.SO_LAST_MODIFIED);
    CALL INSERT_LOG_ALL(@ID_USER,@TGL_ACTION,@LOG_TEXT,@ID_LOG_ALL);
    
    INSERT INTO MSTR_STOCK_OPNAME_LOG(EXECUTED_FUNCTION,ID_PK_STOCK_OPNAME,SO_TGL,SO_NOTES,ID_FK_TOKO,ID_EMP_DET,SO_CREATE_DATE,SO_LAST_MODIFIED,ID_CREATE_DATA,ID_LAST_MODIFIED,ID_LOG_ALL) VALUES ('AFTER INSERT',NEW.ID_PK_STOCK_OPNAME,NEW.SO_TGL,NEW.SO_NOTES,NEW.ID_FK_TOKO,NEW.ID_EMP_DET,NEW.SO_CREATE_DATE,NEW.SO_LAST_MODIFIED,NEW.ID_CREATE_DATA,NEW.ID_LAST_MODIFIED,@ID_LOG_ALL);
END
$$
DELIMITER ;
DELIMITER $$
CREATE TRIGGER `TRG_AFTER_UPDATE_STOCK_OPNAME` AFTER UPDATE ON `mstr_stock_opname` FOR EACH ROW BEGIN
    SET @ID_USER = NEW.ID_LAST_MODIFIED;
    SET @TGL_ACTION = NEW.SO_LAST_MODIFIED;
    SET @LOG_TEXT = CONCAT(NEW.ID_LAST_MODIFIED,' ','UPDATE DATA AT' , NEW.SO_LAST_MODIFIED);
    CALL INSERT_LOG_ALL(@ID_USER,@TGL_ACTION,@LOG_TEXT,@ID_LOG_ALL);
    
    INSERT INTO MSTR_STOCK_OPNAME_LOG(EXECUTED_FUNCTION,ID_PK_STOCK_OPNAME,SO_TGL,SO_NOTES,ID_FK_TOKO,ID_EMP_DET,SO_CREATE_DATE,SO_LAST_MODIFIED,ID_CREATE_DATA,ID_LAST_MODIFIED,ID_LOG_ALL) VALUES ('AFTER UPDATE',NEW.ID_PK_STOCK_OPNAME,NEW.SO_TGL,NEW.SO_NOTES,NEW.ID_FK_TOKO,NEW.ID_EMP_DET,NEW.SO_CREATE_DATE,NEW.SO_LAST_MODIFIED,NEW.ID_CREATE_DATA,NEW.ID_LAST_MODIFIED,@ID_LOG_ALL);
END
$$
DELIMITER ;

-- --------------------------------------------------------

--
-- 表的结构 `mstr_stock_opname_log`
--

CREATE TABLE `mstr_stock_opname_log` (
  `ID_PK_STOCK_OPNAME_LOG` int(11) NOT NULL,
  `EXECUTED_FUNCTION` varchar(30) DEFAULT NULL,
  `ID_PK_STOCK_OPNAME` int(11) DEFAULT NULL,
  `SO_TGL` datetime DEFAULT NULL,
  `SO_NOTES` varchar(200) DEFAULT NULL,
  `ID_FK_TOKO` int(11) DEFAULT NULL,
  `ID_EMP_DET` int(11) DEFAULT NULL,
  `SO_CREATE_DATE` datetime DEFAULT NULL,
  `SO_LAST_MODIFIED` datetime DEFAULT NULL,
  `ID_CREATE_DATA` int(11) DEFAULT NULL,
  `ID_LAST_MODIFIED` int(11) DEFAULT NULL,
  `ID_LOG_ALL` int(11) DEFAULT NULL
) ENGINE=InnoDB DEFAULT CHARSET=utf8mb4;

-- --------------------------------------------------------

--
-- 表的结构 `mstr_supplier`
--

CREATE TABLE `mstr_supplier` (
  `id_pk_sup` int(11) NOT NULL,
  `sup_nama` varchar(100) DEFAULT NULL,
  `sup_suff` varchar(10) DEFAULT NULL,
  `sup_perusahaan` varchar(100) DEFAULT NULL,
  `sup_email` varchar(100) DEFAULT NULL,
  `sup_telp` varchar(30) DEFAULT NULL,
  `sup_hp` varchar(30) DEFAULT NULL,
  `sup_alamat` varchar(150) DEFAULT NULL,
  `sup_keterangan` varchar(150) DEFAULT NULL,
  `sup_status` varchar(15) DEFAULT NULL,
  `sup_create_date` datetime DEFAULT NULL,
  `sup_last_modified` datetime DEFAULT NULL,
  `id_create_data` int(11) DEFAULT NULL,
  `id_last_modified` int(11) DEFAULT NULL
) ENGINE=InnoDB DEFAULT CHARSET=utf8mb4;

--
-- 转存表中的数据 `mstr_supplier`
--

INSERT INTO `mstr_supplier` (`id_pk_sup`, `sup_nama`, `sup_suff`, `sup_perusahaan`, `sup_email`, `sup_telp`, `sup_hp`, `sup_alamat`, `sup_keterangan`, `sup_status`, `sup_create_date`, `sup_last_modified`, `id_create_data`, `id_last_modified`) VALUES
(1, 'test', 'IBU', 'test', 'test@email.com', '1234', '1234', 'test', 'test', 'AKTIF', '2020-05-27 01:02:30', '2020-05-27 01:02:37', 1, 1),
(2, NULL, NULL, '123', NULL, NULL, NULL, NULL, NULL, 'aktif', '2020-05-27 01:10:09', '2020-05-27 01:10:09', 1, 1);

--
-- 触发器 `mstr_supplier`
--
DELIMITER $$
CREATE TRIGGER `trg_after_insert_supplier` AFTER INSERT ON `mstr_supplier` FOR EACH ROW begin
            set @id_user = new.id_last_modified;
            set @tgl_action = new.sup_last_modified;
            set @log_text = concat(new.id_last_modified,' ','insert data at' , new.sup_last_modified);
            call insert_log_all(@id_user,@tgl_action,@log_text,@id_log_all);
            
            insert into mstr_supplier_log(executed_function,id_pk_sup,sup_nama,sup_suff,sup_perusahaan,sup_email,sup_telp,sup_hp,sup_alamat,sup_keterangan,sup_status,sup_create_date,sup_last_modified,id_create_data,id_last_modified,id_log_all) values ('after insert',new.id_pk_sup,new.sup_nama,new.sup_suff,new.sup_perusahaan,new.sup_email,new.sup_telp,new.sup_hp,new.sup_alamat,new.sup_keterangan,new.sup_status,new.sup_create_date,new.sup_last_modified,new.id_create_data,new.id_last_modified,@id_log_all);
        end
$$
DELIMITER ;
DELIMITER $$
CREATE TRIGGER `trg_after_update_supplier` AFTER UPDATE ON `mstr_supplier` FOR EACH ROW begin
            set @id_user = new.id_last_modified;
            set @tgl_action = new.sup_last_modified;
            set @log_text = concat(new.id_last_modified,' ','update data at' , new.sup_last_modified);
            call insert_log_all(@id_user,@tgl_action,@log_text,@id_log_all);
            
            insert into mstr_supplier_log(executed_function,id_pk_sup,sup_nama,sup_suff,sup_perusahaan,sup_email,sup_telp,sup_hp,sup_alamat,sup_keterangan,sup_status,sup_create_date,sup_last_modified,id_create_data,id_last_modified,id_log_all) values ('after update',new.id_pk_sup,new.sup_nama,new.sup_suff,new.sup_perusahaan,new.sup_email,new.sup_telp,new.sup_hp,new.sup_alamat,new.sup_keterangan,new.sup_status,new.sup_create_date,new.sup_last_modified,new.id_create_data,new.id_last_modified,@id_log_all);
        end
$$
DELIMITER ;

-- --------------------------------------------------------

--
-- 表的结构 `mstr_supplier_log`
--

CREATE TABLE `mstr_supplier_log` (
  `id_pk_sup_log` int(11) NOT NULL,
  `executed_function` varchar(30) DEFAULT NULL,
  `id_pk_sup` int(11) DEFAULT NULL,
  `sup_nama` varchar(100) DEFAULT NULL,
  `sup_suff` varchar(10) DEFAULT NULL,
  `sup_perusahaan` varchar(100) DEFAULT NULL,
  `sup_email` varchar(100) DEFAULT NULL,
  `sup_telp` varchar(30) DEFAULT NULL,
  `sup_hp` varchar(30) DEFAULT NULL,
  `sup_alamat` varchar(150) DEFAULT NULL,
  `sup_keterangan` varchar(150) DEFAULT NULL,
  `sup_status` varchar(15) DEFAULT NULL,
  `sup_create_date` datetime DEFAULT NULL,
  `sup_last_modified` datetime DEFAULT NULL,
  `id_create_data` int(11) DEFAULT NULL,
  `id_last_modified` int(11) DEFAULT NULL,
  `id_log_all` int(11) DEFAULT NULL
) ENGINE=InnoDB DEFAULT CHARSET=utf8mb4;

--
-- 转存表中的数据 `mstr_supplier_log`
--

INSERT INTO `mstr_supplier_log` (`id_pk_sup_log`, `executed_function`, `id_pk_sup`, `sup_nama`, `sup_suff`, `sup_perusahaan`, `sup_email`, `sup_telp`, `sup_hp`, `sup_alamat`, `sup_keterangan`, `sup_status`, `sup_create_date`, `sup_last_modified`, `id_create_data`, `id_last_modified`, `id_log_all`) VALUES
(1, 'after insert', 1, 'test', 'MS', 'test', 'test@email.com', '1234', '1234', 'test', 'test', 'AKTIF', '2020-05-27 01:02:30', '2020-05-27 01:02:30', 1, 1, 1533),
(2, 'after update', 1, 'test', 'IBU', 'test', 'test@email.com', '1234', '1234', 'test', 'test', 'AKTIF', '2020-05-27 01:02:30', '2020-05-27 01:02:37', 1, 1, 1534),
(3, 'after insert', 2, NULL, NULL, '123', NULL, NULL, NULL, NULL, NULL, 'aktif', '2020-05-27 01:10:09', '2020-05-27 01:10:09', 1, 1, 1535);

-- --------------------------------------------------------

--
-- 表的结构 `mstr_surat_jalan`
--

CREATE TABLE `mstr_surat_jalan` (
  `ID_PK_SURAT_JALAN` int(11) NOT NULL,
  `SJ_NOMOR` varchar(30) DEFAULT NULL,
  `SJ_TGL` datetime DEFAULT NULL,
  `SJ_PENERIMA` varchar(100) DEFAULT NULL,
  `SJ_PENGIRIM` varchar(100) DEFAULT NULL,
  `SJ_ACC` varchar(50) DEFAULT NULL,
  `SJ_NOTE` varchar(150) DEFAULT NULL,
  `SJ_NO_PENJUALAN` varchar(100) DEFAULT NULL,
  `SJ_JMLH_ITEM` double DEFAULT NULL,
  `SJ_TUJUAN` varchar(150) DEFAULT NULL,
  `SJ_ALAMAT` varchar(150) DEFAULT NULL,
  `SJ_STATUS` varchar(15) DEFAULT NULL,
  `ID_FK_PENJUALAN` int(11) DEFAULT NULL,
  `SJ_CREATE_DATE` datetime DEFAULT NULL,
  `SJ_LAST_MODIFIED` datetime DEFAULT NULL,
  `ID_CREATE_DATA` int(11) DEFAULT NULL,
  `ID_LAST_MODIFIED` int(11) DEFAULT NULL
) ENGINE=InnoDB DEFAULT CHARSET=utf8mb4;

--
-- 触发器 `mstr_surat_jalan`
--
DELIMITER $$
CREATE TRIGGER `TRG_AFTER_INSERT_SURAT_JALAN` AFTER INSERT ON `mstr_surat_jalan` FOR EACH ROW BEGIN
    SET @ID_USER = NEW.ID_LAST_MODIFIED;
    SET @TGL_ACTION = NEW.SJ_LAST_MODIFIED;
    SET @LOG_TEXT = CONCAT(NEW.ID_LAST_MODIFIED,' ','INSERT DATA AT' , NEW.SJ_LAST_MODIFIED);
    CALL INSERT_LOG_ALL(@ID_USER,@TGL_ACTION,@LOG_TEXT,@ID_LOG_ALL);
    
    INSERT INTO MSTR_SURAT_JALAN_LOG(EXECUTED_FUNCTION,ID_PK_SURAT_JALAN,SJ_NOMOR,SJ_TGL,SJ_PENERIMA,SJ_PENGIRIM,SJ_ACC,SJ_NOTE,SJ_NO_PENJUALAN,SJ_JMLH_ITEM,SJ_TUJUAN,SJ_ALAMAT,SJ_STATUS,ID_FK_PENJUALAN,SJ_CREATE_DATE,SJ_LAST_MODIFIED,ID_CREATE_DATA,ID_LAST_MODIFIED,ID_LOG_ALL) VALUES ('AFTER INSERT',NEW.ID_PK_SURAT_JALAN,NEW.SJ_NOMOR,NEW.SJ_TGL,NEW.SJ_PENERIMA,NEW.SJ_PENGIRIM,NEW.SJ_ACC,NEW.SJ_NOTE,NEW.SJ_NO_PENJUALAN,NEW.SJ_JMLH_ITEM,NEW.SJ_TUJUAN,NEW.SJ_ALAMAT,NEW.SJ_STATUS,NEW.ID_FK_PENJUALAN,NEW.SJ_CREATE_DATE,NEW.SJ_LAST_MODIFIED,NEW.ID_CREATE_DATA,NEW.ID_LAST_MODIFIED,@ID_LOG_ALL);
END
$$
DELIMITER ;
DELIMITER $$
CREATE TRIGGER `TRG_AFTER_UPDATE_SURAT_JALAN` AFTER UPDATE ON `mstr_surat_jalan` FOR EACH ROW BEGIN
    SET @ID_USER = NEW.ID_LAST_MODIFIED;
    SET @TGL_ACTION = NEW.SJ_LAST_MODIFIED;
    SET @LOG_TEXT = CONCAT(NEW.ID_LAST_MODIFIED,' ','UPDATE DATA AT' , NEW.SJ_LAST_MODIFIED);
    CALL INSERT_LOG_ALL(@ID_USER,@TGL_ACTION,@LOG_TEXT,@ID_LOG_ALL);
    
    INSERT INTO MSTR_SURAT_JALAN_LOG(EXECUTED_FUNCTION,ID_PK_SURAT_JALAN,SJ_NOMOR,SJ_TGL,SJ_PENERIMA,SJ_PENGIRIM,SJ_ACC,SJ_NOTE,SJ_NO_PENJUALAN,SJ_JMLH_ITEM,SJ_TUJUAN,SJ_ALAMAT,SJ_STATUS,ID_FK_PENJUALAN,SJ_CREATE_DATE,SJ_LAST_MODIFIED,ID_CREATE_DATA,ID_LAST_MODIFIED,ID_LOG_ALL) VALUES ('AFTER UPDATE',NEW.ID_PK_SURAT_JALAN,NEW.SJ_NOMOR,NEW.SJ_TGL,NEW.SJ_PENERIMA,NEW.SJ_PENGIRIM,NEW.SJ_ACC,NEW.SJ_NOTE,NEW.SJ_NO_PENJUALAN,NEW.SJ_JMLH_ITEM,NEW.SJ_TUJUAN,NEW.SJ_ALAMAT,NEW.SJ_STATUS,NEW.ID_FK_PENJUALAN,NEW.SJ_CREATE_DATE,NEW.SJ_LAST_MODIFIED,NEW.ID_CREATE_DATA,NEW.ID_LAST_MODIFIED,@ID_LOG_ALL);
END
$$
DELIMITER ;

-- --------------------------------------------------------

--
-- 表的结构 `mstr_surat_jalan_log`
--

CREATE TABLE `mstr_surat_jalan_log` (
  `ID_PK_SURAT_JALAN_LOG` int(11) NOT NULL,
  `EXECUTED_FUNCTION` varchar(30) DEFAULT NULL,
  `ID_PK_SURAT_JALAN` int(11) DEFAULT NULL,
  `SJ_NOMOR` varchar(30) DEFAULT NULL,
  `SJ_TGL` datetime DEFAULT NULL,
  `SJ_PENERIMA` varchar(100) DEFAULT NULL,
  `SJ_PENGIRIM` varchar(100) DEFAULT NULL,
  `SJ_ACC` varchar(50) DEFAULT NULL,
  `SJ_NOTE` varchar(150) DEFAULT NULL,
  `SJ_NO_PENJUALAN` varchar(100) DEFAULT NULL,
  `SJ_JMLH_ITEM` double DEFAULT NULL,
  `SJ_TUJUAN` varchar(150) DEFAULT NULL,
  `SJ_ALAMAT` varchar(150) DEFAULT NULL,
  `SJ_STATUS` varchar(15) DEFAULT NULL,
  `ID_FK_PENJUALAN` int(11) DEFAULT NULL,
  `SJ_CREATE_DATE` datetime DEFAULT NULL,
  `SJ_LAST_MODIFIED` datetime DEFAULT NULL,
  `ID_CREATE_DATA` int(11) DEFAULT NULL,
  `ID_LAST_MODIFIED` int(11) DEFAULT NULL,
  `ID_LOG_ALL` int(11) DEFAULT NULL
) ENGINE=InnoDB DEFAULT CHARSET=utf8mb4;

-- --------------------------------------------------------

--
-- 表的结构 `mstr_toko`
--

CREATE TABLE `mstr_toko` (
  `ID_PK_TOKO` int(11) NOT NULL,
  `TOKO_NAMA` varchar(100) DEFAULT NULL,
  `TOKO_KODE` varchar(20) DEFAULT NULL,
  `TOKO_STATUS` varchar(15) DEFAULT NULL,
  `TOKO_CREATE_DATE` datetime DEFAULT NULL,
  `TOKO_LAST_MODIFIED` datetime DEFAULT NULL,
  `ID_CREATE_DATA` int(11) DEFAULT NULL,
  `ID_LAST_MODIFIED` int(11) DEFAULT NULL
) ENGINE=InnoDB DEFAULT CHARSET=utf8mb4;

--
-- 转存表中的数据 `mstr_toko`
--

INSERT INTO `mstr_toko` (`ID_PK_TOKO`, `TOKO_NAMA`, `TOKO_KODE`, `TOKO_STATUS`, `TOKO_CREATE_DATE`, `TOKO_LAST_MODIFIED`, `ID_CREATE_DATA`, `ID_LAST_MODIFIED`) VALUES
(1, 'TOKO 125', 'TOKO1255', 'AKTIF', '2020-05-06 13:41:25', '2020-05-26 18:29:57', 1, 1),
(2, 'Toko 2 ', 'TOKO 2', 'NONAKTIF', '2020-05-06 13:44:03', '2020-05-06 13:56:47', 1, 1),
(3, 'TOKO 555', 'toko5', 'AKTIF', '2020-05-16 08:33:24', '2020-05-26 18:30:01', 1, 1);

--
-- 触发器 `mstr_toko`
--
DELIMITER $$
CREATE TRIGGER `TRG_AFTER_INSERT_TOKO` AFTER INSERT ON `mstr_toko` FOR EACH ROW BEGIN
    SET @ID_USER = NEW.ID_LAST_MODIFIED;
    SET @TGL_ACTION = NEW.TOKO_LAST_MODIFIED;
    SET @LOG_TEXT = CONCAT(NEW.ID_LAST_MODIFIED,' ','INSERT DATA AT' , NEW.TOKO_LAST_MODIFIED);
    CALL INSERT_LOG_ALL(@ID_USER,@TGL_ACTION,@LOG_TEXT,@ID_LOG_ALL);
    
    INSERT INTO MSTR_TOKO_LOG(EXECUTED_FUNCTION,ID_PK_TOKO,TOKO_NAMA,TOKO_KODE,TOKO_STATUS,TOKO_CREATE_DATE,TOKO_LAST_MODIFIED,ID_CREATE_DATA,ID_LAST_MODIFIED,ID_LOG_ALL) VALUES ('AFTER INSERT',NEW.ID_PK_TOKO,NEW.TOKO_NAMA,NEW.TOKO_KODE,NEW.TOKO_STATUS,NEW.TOKO_CREATE_DATE,NEW.TOKO_LAST_MODIFIED,NEW.ID_CREATE_DATA,NEW.ID_LAST_MODIFIED,@ID_LOG_ALL);
END
$$
DELIMITER ;
DELIMITER $$
CREATE TRIGGER `TRG_AFTER_UPDATE_TOKO` AFTER UPDATE ON `mstr_toko` FOR EACH ROW BEGIN
    SET @ID_USER = NEW.ID_LAST_MODIFIED;
    SET @TGL_ACTION = NEW.TOKO_LAST_MODIFIED;
    SET @LOG_TEXT = CONCAT(NEW.ID_LAST_MODIFIED,' ','UPDATE DATA AT' , NEW.TOKO_LAST_MODIFIED);
    CALL INSERT_LOG_ALL(@ID_USER,@TGL_ACTION,@LOG_TEXT,@ID_LOG_ALL);
    
    INSERT INTO MSTR_TOKO_LOG(EXECUTED_FUNCTION,ID_PK_TOKO,TOKO_NAMA,TOKO_KODE,TOKO_STATUS,TOKO_CREATE_DATE,TOKO_LAST_MODIFIED,ID_CREATE_DATA,ID_LAST_MODIFIED,ID_LOG_ALL) VALUES ('AFTER UPDATE',NEW.ID_PK_TOKO,NEW.TOKO_NAMA,NEW.TOKO_KODE,NEW.TOKO_STATUS,NEW.TOKO_CREATE_DATE,NEW.TOKO_LAST_MODIFIED,NEW.ID_CREATE_DATA,NEW.ID_LAST_MODIFIED,@ID_LOG_ALL);
END
$$
DELIMITER ;

-- --------------------------------------------------------

--
-- 表的结构 `mstr_toko_log`
--

CREATE TABLE `mstr_toko_log` (
  `ID_PK_TOKO_LOG` int(11) NOT NULL,
  `EXECUTED_FUNCTION` varchar(30) DEFAULT NULL,
  `ID_PK_TOKO` int(11) DEFAULT NULL,
  `TOKO_NAMA` varchar(100) DEFAULT NULL,
  `TOKO_KODE` varchar(20) DEFAULT NULL,
  `TOKO_STATUS` varchar(15) DEFAULT NULL,
  `TOKO_CREATE_DATE` datetime DEFAULT NULL,
  `TOKO_LAST_MODIFIED` datetime DEFAULT NULL,
  `ID_CREATE_DATA` int(11) DEFAULT NULL,
  `ID_LAST_MODIFIED` int(11) DEFAULT NULL,
  `ID_LOG_ALL` int(11) DEFAULT NULL
) ENGINE=InnoDB DEFAULT CHARSET=utf8mb4;

--
-- 转存表中的数据 `mstr_toko_log`
--

INSERT INTO `mstr_toko_log` (`ID_PK_TOKO_LOG`, `EXECUTED_FUNCTION`, `ID_PK_TOKO`, `TOKO_NAMA`, `TOKO_KODE`, `TOKO_STATUS`, `TOKO_CREATE_DATE`, `TOKO_LAST_MODIFIED`, `ID_CREATE_DATA`, `ID_LAST_MODIFIED`, `ID_LOG_ALL`) VALUES
(1, 'AFTER INSERT', 1, 'Toko 1', 'TOKO1', 'AKTIF', '2020-05-06 13:41:25', '2020-05-06 13:41:25', 1, 1, 1),
(2, 'AFTER INSERT', 2, 'Toko 2 ', 'TOKO 2', 'AKTIF', '2020-05-06 13:44:03', '2020-05-06 13:44:03', 1, 1, 2),
(3, 'AFTER UPDATE', 1, 'Toko 12', 'TOKO12', 'AKTIF', '2020-05-06 13:41:25', '2020-05-06 13:49:02', 1, 1, 3),
(4, 'AFTER UPDATE', 2, 'Toko 2 ', 'TOKO 2', 'NONAKTIF', '2020-05-06 13:44:03', '2020-05-06 13:56:47', 1, 1, 4),
(5, 'AFTER UPDATE', 1, 'Toko 125', 'TOKO1255', 'AKTIF', '2020-05-06 13:41:25', '2020-05-11 11:39:28', 1, 1, 166),
(6, 'AFTER INSERT', 3, 'toko5', 'toko5', 'AKTIF', '2020-05-16 08:33:24', '2020-05-16 08:33:24', 1, 1, 646),
(7, 'AFTER UPDATE', 1, 'TOKO 125', 'TOKO1255', 'AKTIF', '2020-05-06 13:41:25', '2020-05-26 18:29:57', 1, 1, 1419),
(8, 'AFTER UPDATE', 3, 'TOKO 555', 'toko5', 'AKTIF', '2020-05-16 08:33:24', '2020-05-26 18:30:01', 1, 1, 1420);

-- --------------------------------------------------------

--
-- 表的结构 `mstr_user`
--

CREATE TABLE `mstr_user` (
  `ID_PK_USER` int(11) NOT NULL,
  `USER_NAME` varchar(50) DEFAULT NULL,
  `USER_PASS` varchar(200) DEFAULT NULL,
  `USER_EMAIL` varchar(100) DEFAULT NULL,
  `USER_STATUS` varchar(15) DEFAULT NULL,
  `ID_FK_ROLE` int(11) DEFAULT NULL,
  `USER_LAST_MODIFIED` datetime DEFAULT NULL,
  `USER_CREATE_DATE` datetime DEFAULT NULL,
  `ID_CREATE_DATE` int(11) DEFAULT NULL,
  `ID_LAST_MODIFIED` int(11) DEFAULT NULL
) ENGINE=InnoDB DEFAULT CHARSET=utf8mb4;

--
-- 转存表中的数据 `mstr_user`
--

INSERT INTO `mstr_user` (`ID_PK_USER`, `USER_NAME`, `USER_PASS`, `USER_EMAIL`, `USER_STATUS`, `ID_FK_ROLE`, `USER_LAST_MODIFIED`, `USER_CREATE_DATE`, `ID_CREATE_DATE`, `ID_LAST_MODIFIED`) VALUES
(1, 'admin', '$2y$10$freAAeOlOoj4JoLzMJw09OcGX/c.vX2Q9CizqWNtAUNIqVz9HBzNO', 'admin', 'aktif', 6, '2020-05-18 13:36:49', '2020-05-14 09:42:36', 0, 1),
(2, 'test', '$2y$10$XYpk3uW.g5OK6QWDUF7V7.IISzvDZsCYbtiAJBDBkI7UQeMsxUkPi', 'awef@email.com', 'NONAKTIF', 3, '2020-05-18 13:36:55', '2020-05-15 13:33:21', 1, 1),
(3, 'test54', '$2y$10$.1QFwfT8DL4bgTaLWX8sL.0BpU14Nle.lGSZQ6XH2lamnwNItNCVC', 'asdf@email.com4', 'NONAKTIF', 3, '2020-05-15 14:22:06', '2020-05-15 13:41:07', 1, 1),
(4, 'admin2', '$2y$10$FvDY7E7ob9rqB/TDQTBb1ekxfNEbyH0V2WZtA3Grebz8DgjihhssO', 'admine@email.com', 'AKTIF', 6, '2020-05-20 00:01:06', '2020-05-20 00:01:06', 1, 1),
(5, 'ADMIN3', NULL, 'admin@example.com', 'AKTIF', 7, '2020-05-26 07:47:11', '2020-05-26 07:47:11', 1, 1);

--
-- 触发器 `mstr_user`
--
DELIMITER $$
CREATE TRIGGER `TRG_AFTER_INSERT_USER` AFTER INSERT ON `mstr_user` FOR EACH ROW BEGIN
            SET @ID_USER = NEW.ID_LAST_MODIFIED;
            SET @TGL_ACTION = NEW.USER_LAST_MODIFIED;
            SET @LOG_TEXT = CONCAT(NEW.ID_LAST_MODIFIED,' ','INSERT DATA AT',' ', NEW.USER_LAST_MODIFIED);
            CALL INSERT_LOG_ALL(@ID_USER,@TGL_ACTION,@LOG_TEXT,@ID_LOG_ALL);
            
            INSERT INTO MSTR_USER_LOG(EXECUTED_FUNCTION,ID_PK_USER,USER_NAME,USER_PASS,USER_EMAIL,USER_STATUS,ID_FK_ROLE,USER_LAST_MODIFIED,USER_CREATE_DATE,ID_CREATE_DATE,ID_LAST_MODIFIED,ID_LOG_ALL) VALUES('AFTER INSERT',NEW.ID_PK_USER,NEW.USER_NAME,NEW.USER_PASS,NEW.USER_EMAIL,NEW.USER_STATUS,NEW.ID_FK_ROLE,NEW.USER_LAST_MODIFIED,NEW.USER_CREATE_DATE,NEW.ID_CREATE_DATE,NEW.ID_LAST_MODIFIED,@ID_LOG_ALL);
        END
$$
DELIMITER ;
DELIMITER $$
CREATE TRIGGER `TRG_AFTER_UPDATE_USER` AFTER UPDATE ON `mstr_user` FOR EACH ROW BEGIN
            SET @ID_USER = NEW.ID_LAST_MODIFIED;
            SET @TGL_ACTION = NEW.USER_LAST_MODIFIED;
            SET @LOG_TEXT = CONCAT(NEW.ID_LAST_MODIFIED,' ','UPDATE DATA AT ' , NEW.USER_LAST_MODIFIED);
            CALL INSERT_LOG_ALL(@ID_USER,@TGL_ACTION,@LOG_TEXT,@ID_LOG_ALL);
            
            INSERT INTO MSTR_USER_LOG(EXECUTED_FUNCTION,ID_PK_USER,USER_NAME,USER_PASS,USER_EMAIL,USER_STATUS,ID_FK_ROLE,USER_LAST_MODIFIED,USER_CREATE_DATE,ID_CREATE_DATE,ID_LAST_MODIFIED,ID_LOG_ALL) VALUES('AFTER UPDATE',NEW.ID_PK_USER,NEW.USER_NAME,NEW.USER_PASS,NEW.USER_EMAIL,NEW.USER_STATUS,NEW.ID_FK_ROLE,NEW.USER_LAST_MODIFIED,NEW.USER_CREATE_DATE,NEW.ID_CREATE_DATE,NEW.ID_LAST_MODIFIED,@ID_LOG_ALL);
        END
$$
DELIMITER ;

-- --------------------------------------------------------

--
-- 表的结构 `mstr_user_log`
--

CREATE TABLE `mstr_user_log` (
  `ID_PK_USER_LOG` int(11) NOT NULL,
  `EXECUTED_FUNCTION` varchar(40) DEFAULT NULL,
  `ID_PK_USER` int(11) DEFAULT NULL,
  `USER_NAME` varchar(50) DEFAULT NULL,
  `USER_PASS` varchar(200) DEFAULT NULL,
  `USER_EMAIL` varchar(100) DEFAULT NULL,
  `USER_STATUS` varchar(15) DEFAULT NULL,
  `ID_FK_ROLE` int(11) DEFAULT NULL,
  `USER_LAST_MODIFIED` datetime DEFAULT NULL,
  `USER_CREATE_DATE` datetime DEFAULT NULL,
  `ID_CREATE_DATE` int(11) DEFAULT NULL,
  `ID_LAST_MODIFIED` int(11) DEFAULT NULL,
  `ID_LOG_ALL` int(11) DEFAULT NULL
) ENGINE=InnoDB DEFAULT CHARSET=utf8mb4;

--
-- 转存表中的数据 `mstr_user_log`
--

INSERT INTO `mstr_user_log` (`ID_PK_USER_LOG`, `EXECUTED_FUNCTION`, `ID_PK_USER`, `USER_NAME`, `USER_PASS`, `USER_EMAIL`, `USER_STATUS`, `ID_FK_ROLE`, `USER_LAST_MODIFIED`, `USER_CREATE_DATE`, `ID_CREATE_DATE`, `ID_LAST_MODIFIED`, `ID_LOG_ALL`) VALUES
(1, 'AFTER INSERT', 1, 'admin', '$2y$10$usYlremleyfhn/2P8EE7weVR5kFfeB3hDwPoD0/M1FIzeOJ4zzFUa', 'admin', 'aktif', 1, '2020-05-14 09:35:56', '2020-05-14 09:35:56', 0, 0, 552),
(2, 'AFTER INSERT', 2, 'admin', '$2y$10$R0OD6d3lZHEaGrQ5sxtZa.xXH66SOVE/cpIytlaggAXX99zZb30Sa', 'admin', 'aktif', 1, '2020-05-14 09:36:08', '2020-05-14 09:36:08', 0, 0, 553),
(3, 'AFTER INSERT', 1, 'admin', '$2y$10$0F9jw6rsCwbTF7QUVwdEUOVDPRmNbytu5hHo2JFk2M51pgWnybMym', 'admin', 'aktif', 1, '2020-05-14 09:41:55', '2020-05-14 09:41:55', 0, 0, 554),
(4, 'AFTER INSERT', 2, 'admin', '$2y$10$mu0nrU70gzr4RDYy0xP2HuAinwn8GmK9olE3.cSVew9cRrUyUrbEq', 'admin', 'aktif', 1, '2020-05-14 09:41:58', '2020-05-14 09:41:58', 0, 0, 555),
(5, 'AFTER INSERT', 1, 'admin', '$2y$10$freAAeOlOoj4JoLzMJw09OcGX/c.vX2Q9CizqWNtAUNIqVz9HBzNO', 'admin', 'aktif', 1, '2020-05-14 09:42:36', '2020-05-14 09:42:36', 0, 0, 556),
(6, 'AFTER INSERT', 2, 'test', '$2y$10$XYpk3uW.g5OK6QWDUF7V7.IISzvDZsCYbtiAJBDBkI7UQeMsxUkPi', 'awef@email.com', 'AKTIF', 3, '2020-05-15 13:33:21', '2020-05-15 13:33:21', 1, 1, 641),
(7, 'AFTER INSERT', 3, 'test5', '$2y$10$.1QFwfT8DL4bgTaLWX8sL.0BpU14Nle.lGSZQ6XH2lamnwNItNCVC', 'asdf@email.com', 'AKTIF', 3, '2020-05-15 13:41:07', '2020-05-15 13:41:07', 1, 1, 642),
(8, 'AFTER UPDATE', 3, 'test54', '$2y$10$.1QFwfT8DL4bgTaLWX8sL.0BpU14Nle.lGSZQ6XH2lamnwNItNCVC', 'asdf@email.com4', 'AKTIF', 2, '2020-05-15 14:15:00', '2020-05-15 13:41:07', 1, 1, 643),
(9, 'AFTER UPDATE', 3, 'test54', '$2y$10$.1QFwfT8DL4bgTaLWX8sL.0BpU14Nle.lGSZQ6XH2lamnwNItNCVC', 'asdf@email.com4', 'AKTIF', 3, '2020-05-15 14:15:06', '2020-05-15 13:41:07', 1, 1, 644),
(10, 'AFTER UPDATE', 3, 'test54', '$2y$10$.1QFwfT8DL4bgTaLWX8sL.0BpU14Nle.lGSZQ6XH2lamnwNItNCVC', 'asdf@email.com4', 'NONAKTIF', 3, '2020-05-15 14:22:06', '2020-05-15 13:41:07', 1, 1, 645),
(11, 'AFTER UPDATE', 1, 'admin', '$2y$10$freAAeOlOoj4JoLzMJw09OcGX/c.vX2Q9CizqWNtAUNIqVz9HBzNO', 'admin', 'aktif', 6, '2020-05-18 13:36:49', '2020-05-14 09:42:36', 0, 1, 706),
(12, 'AFTER UPDATE', 2, 'test', '$2y$10$XYpk3uW.g5OK6QWDUF7V7.IISzvDZsCYbtiAJBDBkI7UQeMsxUkPi', 'awef@email.com', 'NONAKTIF', 3, '2020-05-18 13:36:55', '2020-05-15 13:33:21', 1, 1, 707),
(13, 'AFTER INSERT', 4, 'admin2', '$2y$10$FvDY7E7ob9rqB/TDQTBb1ekxfNEbyH0V2WZtA3Grebz8DgjihhssO', 'admine@email.com', 'AKTIF', 6, '2020-05-20 00:01:06', '2020-05-20 00:01:06', 1, 1, 749),
(14, 'AFTER INSERT', 5, 'ADMIN3', NULL, 'admin@example.com', 'AKTIF', 7, '2020-05-26 07:47:11', '2020-05-26 07:47:11', 1, 1, 1481);

-- --------------------------------------------------------

--
-- 表的结构 `mstr_warehouse`
--

CREATE TABLE `mstr_warehouse` (
  `ID_PK_WAREHOUSE` int(11) NOT NULL,
  `WAREHOUSE_NAMA` varchar(100) DEFAULT NULL,
  `WAREHOUSE_ALAMAT` varchar(200) DEFAULT NULL,
  `WAREHOUSE_NOTELP` varchar(30) DEFAULT NULL,
  `WAREHOUSE_DESC` varchar(150) DEFAULT NULL,
  `WAREHOUSE_STATUS` varchar(15) DEFAULT NULL,
  `ID_FK_EMP` int(11) DEFAULT NULL,
  `WAREHOUSE_CREATE_DATE` datetime DEFAULT NULL,
  `WAREHOUSE_LAST_MODIFIED` datetime DEFAULT NULL,
  `ID_CREATE_DATA` int(11) DEFAULT NULL,
  `ID_LAST_MODIFIED` int(11) DEFAULT NULL
) ENGINE=InnoDB DEFAULT CHARSET=utf8mb4;

--
-- 转存表中的数据 `mstr_warehouse`
--

INSERT INTO `mstr_warehouse` (`ID_PK_WAREHOUSE`, `WAREHOUSE_NAMA`, `WAREHOUSE_ALAMAT`, `WAREHOUSE_NOTELP`, `WAREHOUSE_DESC`, `WAREHOUSE_STATUS`, `ID_FK_EMP`, `WAREHOUSE_CREATE_DATE`, `WAREHOUSE_LAST_MODIFIED`, `ID_CREATE_DATA`, `ID_LAST_MODIFIED`) VALUES
(1, 'test34', 'test3', 'test3', 'test', 'NONAKTIF', NULL, '2020-05-14 21:09:42', '2020-05-16 14:51:29', NULL, 1),
(2, 'warehouse12', 'alamat12', 'notelp12', 'desc12', 'AKTIF', NULL, '2020-05-16 14:49:40', '2020-05-16 14:50:41', 1, 1),
(3, 'warehouse13', 'alamat13', '12345', 'warehouse3', 'AKTIF', NULL, '2020-05-21 23:29:07', '2020-05-21 23:29:07', 1, 1);

--
-- 触发器 `mstr_warehouse`
--
DELIMITER $$
CREATE TRIGGER `TRG_AFTER_INSERT_WAREHOUSE` AFTER INSERT ON `mstr_warehouse` FOR EACH ROW BEGIN
    SET @ID_USER = NEW.ID_LAST_MODIFIED;
    SET @TGL_ACTION = NEW.WAREHOUSE_LAST_MODIFIED;
    SET @LOG_TEXT = CONCAT(NEW.ID_LAST_MODIFIED,' ','INSERT DATA AT' , NEW.WAREHOUSE_LAST_MODIFIED);
    CALL INSERT_LOG_ALL(@ID_USER,@TGL_ACTION,@LOG_TEXT,@ID_LOG_ALL);
    
    INSERT INTO MSTR_WAREHOUSE_LOG(EXECUTED_FUNCTION,ID_PK_WAREHOUSE,WAREHOUSE_NAMA,WAREHOUSE_ALAMAT,WAREHOUSE_NOTELP,WAREHOUSE_DESC,WAREHOUSE_STATUS,ID_FK_EMP,WAREHOUSE_CREATE_DATE,WAREHOUSE_LAST_MODIFIED,ID_CREATE_DATA,ID_LAST_MODIFIED,ID_LOG_ALL) VALUES ('AFTER INSERT',NEW.ID_PK_WAREHOUSE,NEW.WAREHOUSE_NAMA,NEW.WAREHOUSE_ALAMAT,NEW.WAREHOUSE_NOTELP,NEW.WAREHOUSE_DESC,NEW.WAREHOUSE_STATUS,NEW.ID_FK_EMP,NEW.WAREHOUSE_CREATE_DATE,NEW.WAREHOUSE_LAST_MODIFIED,NEW.ID_CREATE_DATA,NEW.ID_LAST_MODIFIED,@ID_LOG_ALL);
END
$$
DELIMITER ;
DELIMITER $$
CREATE TRIGGER `TRG_AFTER_UPDATE_WAREHOUSE` AFTER UPDATE ON `mstr_warehouse` FOR EACH ROW BEGIN
    SET @ID_USER = NEW.ID_LAST_MODIFIED;
    SET @TGL_ACTION = NEW.WAREHOUSE_LAST_MODIFIED;
    SET @LOG_TEXT = CONCAT(NEW.ID_LAST_MODIFIED,' ','UPDATE DATA AT' , NEW.WAREHOUSE_LAST_MODIFIED);
    CALL INSERT_LOG_ALL(@ID_USER,@TGL_ACTION,@LOG_TEXT,@ID_LOG_ALL);
    
    INSERT INTO MSTR_WAREHOUSE_LOG(EXECUTED_FUNCTION,ID_PK_WAREHOUSE,WAREHOUSE_NAMA,WAREHOUSE_ALAMAT,WAREHOUSE_NOTELP,WAREHOUSE_DESC,WAREHOUSE_STATUS,ID_FK_EMP,WAREHOUSE_CREATE_DATE,WAREHOUSE_LAST_MODIFIED,ID_CREATE_DATA,ID_LAST_MODIFIED,ID_LOG_ALL) VALUES ('AFTER UPDATE',NEW.ID_PK_WAREHOUSE,NEW.WAREHOUSE_NAMA,NEW.WAREHOUSE_ALAMAT,NEW.WAREHOUSE_NOTELP,NEW.WAREHOUSE_DESC,NEW.WAREHOUSE_STATUS,NEW.ID_FK_EMP,NEW.WAREHOUSE_CREATE_DATE,NEW.WAREHOUSE_LAST_MODIFIED,NEW.ID_CREATE_DATA,NEW.ID_LAST_MODIFIED,@ID_LOG_ALL);
END
$$
DELIMITER ;

-- --------------------------------------------------------

--
-- 表的结构 `mstr_warehouse_log`
--

CREATE TABLE `mstr_warehouse_log` (
  `ID_PK_WAREHOUSE_LOG` int(11) NOT NULL,
  `EXECUTED_FUNCTION` varchar(30) DEFAULT NULL,
  `ID_PK_WAREHOUSE` int(11) DEFAULT NULL,
  `WAREHOUSE_NAMA` varchar(100) DEFAULT NULL,
  `WAREHOUSE_ALAMAT` varchar(200) DEFAULT NULL,
  `WAREHOUSE_NOTELP` varchar(30) DEFAULT NULL,
  `WAREHOUSE_DESC` varchar(150) DEFAULT NULL,
  `WAREHOUSE_STATUS` varchar(15) DEFAULT NULL,
  `ID_FK_EMP` int(11) DEFAULT NULL,
  `WAREHOUSE_CREATE_DATE` datetime DEFAULT NULL,
  `WAREHOUSE_LAST_MODIFIED` datetime DEFAULT NULL,
  `ID_CREATE_DATA` int(11) DEFAULT NULL,
  `ID_LAST_MODIFIED` int(11) DEFAULT NULL,
  `ID_LOG_ALL` int(11) DEFAULT NULL
) ENGINE=InnoDB DEFAULT CHARSET=utf8mb4;

--
-- 转存表中的数据 `mstr_warehouse_log`
--

INSERT INTO `mstr_warehouse_log` (`ID_PK_WAREHOUSE_LOG`, `EXECUTED_FUNCTION`, `ID_PK_WAREHOUSE`, `WAREHOUSE_NAMA`, `WAREHOUSE_ALAMAT`, `WAREHOUSE_NOTELP`, `WAREHOUSE_DESC`, `WAREHOUSE_STATUS`, `ID_FK_EMP`, `WAREHOUSE_CREATE_DATE`, `WAREHOUSE_LAST_MODIFIED`, `ID_CREATE_DATA`, `ID_LAST_MODIFIED`, `ID_LOG_ALL`) VALUES
(1, 'AFTER INSERT', 1, 'test', 'test', 'test', 'test', 'AKTIF', NULL, '2020-05-14 21:09:42', '2020-05-14 21:09:42', NULL, NULL, 557),
(2, 'AFTER UPDATE', 1, 'test3', 'test3', 'test3', 'test', 'AKTIF', NULL, '2020-05-14 21:09:42', '2020-05-16 14:32:33', NULL, 1, 653),
(3, 'AFTER UPDATE', 1, 'test34', 'test3', 'test3', 'test', 'AKTIF', NULL, '2020-05-14 21:09:42', '2020-05-16 14:32:40', NULL, 1, 654),
(4, 'AFTER INSERT', 2, 'warehouse1', 'alamat1', 'notelp1', 'desc1', 'AKTIF', NULL, '2020-05-16 14:49:40', '2020-05-16 14:49:40', 1, 1, 655),
(5, 'AFTER UPDATE', 2, 'warehouse12', 'alamat12', 'notelp12', 'desc12', 'AKTIF', NULL, '2020-05-16 14:49:40', '2020-05-16 14:50:41', 1, 1, 656),
(6, 'AFTER UPDATE', 1, 'test34', 'test3', 'test3', 'test', 'NONAKTIF', NULL, '2020-05-14 21:09:42', '2020-05-16 14:51:29', NULL, 1, 657),
(7, 'AFTER INSERT', 3, 'warehouse13', 'alamat13', '12345', 'warehouse3', 'AKTIF', NULL, '2020-05-21 23:29:07', '2020-05-21 23:29:07', 1, 1, 894);

-- --------------------------------------------------------

--
-- 表的结构 `tbl_barang_kombinasi`
--

CREATE TABLE `tbl_barang_kombinasi` (
  `id_pk_barang_kombinasi` int(11) NOT NULL,
  `id_barang_utama` int(11) DEFAULT NULL,
  `id_barang_kombinasi` int(11) DEFAULT NULL,
  `barang_kombinasi_qty` double DEFAULT NULL,
  `barang_kombinasi_status` varchar(15) DEFAULT NULL,
  `barang_kombinasi_create_date` datetime DEFAULT NULL,
  `barang_kombinasi_last_modified` datetime DEFAULT NULL,
  `id_create_data` int(11) DEFAULT NULL,
  `id_last_modified` int(11) DEFAULT NULL
) ENGINE=InnoDB DEFAULT CHARSET=utf8mb4;

--
-- 转存表中的数据 `tbl_barang_kombinasi`
--

INSERT INTO `tbl_barang_kombinasi` (`id_pk_barang_kombinasi`, `id_barang_utama`, `id_barang_kombinasi`, `barang_kombinasi_qty`, `barang_kombinasi_status`, `barang_kombinasi_create_date`, `barang_kombinasi_last_modified`, `id_create_data`, `id_last_modified`) VALUES
(1, 7, 4, 1234, 'aktif', '2020-06-08 12:54:38', '2020-06-08 12:54:38', 1, 1),
(2, 7, 2, 2345, 'aktif', '2020-06-08 12:54:38', '2020-06-08 12:54:38', 1, 1),
(3, 8, 10, 1234444, 'aktif', '2020-06-08 12:54:59', '2020-06-08 16:26:42', 1, 1),
(4, 8, 2, 2345, 'nonaktif', '2020-06-08 12:54:59', '2020-06-08 15:50:23', 1, 1),
(5, 8, 3, 1222, 'aktif', '2020-06-08 16:23:59', '2020-06-08 16:26:42', 1, 1);

--
-- 触发器 `tbl_barang_kombinasi`
--
DELIMITER $$
CREATE TRIGGER `trg_after_insert_barang_kombinasi` AFTER INSERT ON `tbl_barang_kombinasi` FOR EACH ROW begin
            set @id_user = new.id_last_modified;
            set @tgl_action = new.barang_kombinasi_last_modified;
            set @log_text = concat(new.id_last_modified,' ','insert data at' , new.barang_kombinasi_last_modified);
            call insert_log_all(@id_user,@tgl_action,@log_text,@id_log_all);
            
            insert into tbl_barang_kombinasi_log(executed_function,id_pk_barang_kombinasi,id_barang_utama,id_barang_kombinasi,barang_kombinasi_qty,barang_kombinasi_status,barang_kombinasi_create_date,barang_kombinasi_last_modified,id_create_data,id_last_modified,id_log_all) values ('after insert',new.id_pk_barang_kombinasi,new.id_barang_utama,new.id_barang_kombinasi,new.barang_kombinasi_qty,new.barang_kombinasi_status,new.barang_kombinasi_create_date,new.barang_kombinasi_last_modified,new.id_create_data,new.id_last_modified,@id_log_all);
        end
$$
DELIMITER ;
DELIMITER $$
CREATE TRIGGER `trg_after_update_barang_kombinasi` AFTER UPDATE ON `tbl_barang_kombinasi` FOR EACH ROW begin
            set @id_user = new.id_last_modified;
            set @tgl_action = new.barang_kombinasi_last_modified;
            set @log_text = concat(new.id_last_modified,' ','update data at' , new.barang_kombinasi_last_modified);
            call insert_log_all(@id_user,@tgl_action,@log_text,@id_log_all);
            
            insert into tbl_barang_kombinasi_log(executed_function,id_pk_barang_kombinasi,id_barang_utama,id_barang_kombinasi,barang_kombinasi_qty,barang_kombinasi_status,barang_kombinasi_create_date,barang_kombinasi_last_modified,id_create_data,id_last_modified,id_log_all) values ('after update',new.id_pk_barang_kombinasi,new.id_barang_utama,new.id_barang_kombinasi,new.barang_kombinasi_qty,new.barang_kombinasi_status,new.barang_kombinasi_create_date,new.barang_kombinasi_last_modified,new.id_create_data,new.id_last_modified,@id_log_all);
        end
$$
DELIMITER ;

-- --------------------------------------------------------

--
-- 表的结构 `tbl_barang_kombinasi_log`
--

CREATE TABLE `tbl_barang_kombinasi_log` (
  `id_pk_barang_kombinasi_log` int(11) NOT NULL,
  `executed_function` varchar(20) DEFAULT NULL,
  `id_pk_barang_kombinasi` int(11) DEFAULT NULL,
  `id_barang_utama` int(11) DEFAULT NULL,
  `id_barang_kombinasi` int(11) DEFAULT NULL,
  `barang_kombinasi_qty` double DEFAULT NULL,
  `barang_kombinasi_status` varchar(15) DEFAULT NULL,
  `barang_kombinasi_create_date` datetime DEFAULT NULL,
  `barang_kombinasi_last_modified` datetime DEFAULT NULL,
  `id_create_data` int(11) DEFAULT NULL,
  `id_last_modified` int(11) DEFAULT NULL,
  `id_log_all` int(11) DEFAULT NULL
) ENGINE=InnoDB DEFAULT CHARSET=utf8mb4;

--
-- 转存表中的数据 `tbl_barang_kombinasi_log`
--

INSERT INTO `tbl_barang_kombinasi_log` (`id_pk_barang_kombinasi_log`, `executed_function`, `id_pk_barang_kombinasi`, `id_barang_utama`, `id_barang_kombinasi`, `barang_kombinasi_qty`, `barang_kombinasi_status`, `barang_kombinasi_create_date`, `barang_kombinasi_last_modified`, `id_create_data`, `id_last_modified`, `id_log_all`) VALUES
(1, 'after insert', 1, 7, 4, 1234, 'aktif', '2020-06-08 12:54:38', '2020-06-08 12:54:38', 1, 1, 2408),
(2, 'after insert', 2, 7, 2, 2345, 'aktif', '2020-06-08 12:54:38', '2020-06-08 12:54:38', 1, 1, 2409),
(3, 'after insert', 3, 8, 4, 1234, 'aktif', '2020-06-08 12:54:59', '2020-06-08 12:54:59', 1, 1, 2412),
(4, 'after insert', 4, 8, 2, 2345, 'aktif', '2020-06-08 12:54:59', '2020-06-08 12:54:59', 1, 1, 2413),
(5, 'after update', 4, 8, 2, 2345, 'nonaktif', '2020-06-08 12:54:59', '2020-06-08 15:50:23', 1, 1, 2415),
(6, 'after update', 3, NULL, 10, 1234444, 'aktif', '2020-06-08 12:54:59', '2020-06-08 16:22:09', 1, 1, 2437),
(7, 'after update', 3, 8, 10, 1234444, 'aktif', '2020-06-08 12:54:59', '2020-06-08 16:22:09', 1, 1, 2438),
(8, 'after update', 3, 8, 10, 1234444, 'aktif', '2020-06-08 12:54:59', '2020-06-08 16:23:59', 1, 1, 2440),
(9, 'after insert', 5, 8, 3, 1222, 'aktif', '2020-06-08 16:23:59', '2020-06-08 16:23:59', 1, 1, 2441),
(10, 'after update', 3, 8, 10, 1234444, 'aktif', '2020-06-08 12:54:59', '2020-06-08 16:26:42', 1, 1, 2444),
(11, 'after update', 5, 8, 3, 1222, 'aktif', '2020-06-08 16:23:59', '2020-06-08 16:26:42', 1, 1, 2445);

-- --------------------------------------------------------

--
-- 表的结构 `tbl_barang_ukuran`
--

CREATE TABLE `tbl_barang_ukuran` (
  `ID_PK_BARANG_UKURAN` int(11) NOT NULL,
  `ID_FK_BARANG` int(11) DEFAULT NULL,
  `UKURAN` varchar(10) DEFAULT NULL,
  `BRG_UKURAN_STATUS` varchar(15) DEFAULT NULL,
  `BRG_UKURAN_CREATE_DATE` datetime DEFAULT NULL,
  `BRG_UKURAN_LAST_MODIFIED` datetime DEFAULT NULL,
  `ID_CREATE_DATE` int(11) DEFAULT NULL,
  `ID_LAST_MODIFIED` int(11) DEFAULT NULL
) ENGINE=InnoDB DEFAULT CHARSET=utf8mb4;

--
-- 转存表中的数据 `tbl_barang_ukuran`
--

INSERT INTO `tbl_barang_ukuran` (`ID_PK_BARANG_UKURAN`, `ID_FK_BARANG`, `UKURAN`, `BRG_UKURAN_STATUS`, `BRG_UKURAN_CREATE_DATE`, `BRG_UKURAN_LAST_MODIFIED`, `ID_CREATE_DATE`, `ID_LAST_MODIFIED`) VALUES
(4, 11, ',', 'AKTIF', '2020-05-08 15:54:57', '2020-05-08 15:54:57', 1, 1),
(8, 12, ',', 'AKTIF', '2020-05-08 15:57:11', '2020-05-08 15:57:11', 1, 1),
(9, 13, '5', 'AKTIF', '2020-05-08 15:58:36', '2020-05-08 15:58:36', 1, 1),
(10, 13, '6', 'AKTIF', '2020-05-08 15:58:36', '2020-05-08 15:58:36', 1, 1),
(11, 13, '7', 'AKTIF', '2020-05-08 15:58:36', '2020-05-08 15:58:36', 1, 1),
(12, 14, '5', 'AKTIF', '2020-05-08 15:58:45', '2020-05-08 15:58:45', 1, 1),
(13, 14, '6', 'AKTIF', '2020-05-08 15:58:45', '2020-05-08 15:58:45', 1, 1),
(14, 14, '7', 'AKTIF', '2020-05-08 15:58:45', '2020-05-08 15:58:45', 1, 1),
(15, 15, '33', 'AKTIF', '2020-05-08 15:59:06', '2020-05-08 15:59:06', 1, 1),
(16, 15, '44', 'AKTIF', '2020-05-08 15:59:06', '2020-05-08 15:59:06', 1, 1),
(17, 15, '55', 'AKTIF', '2020-05-08 15:59:06', '2020-05-08 15:59:06', 1, 1),
(18, 15, '66', 'AKTIF', '2020-05-08 15:59:06', '2020-05-08 15:59:06', 1, 1),
(23, 44, '11', 'AKTIF', '2020-05-21 23:41:10', '2020-05-21 23:41:10', 1, 1),
(24, 44, '12', 'AKTIF', '2020-05-21 23:41:10', '2020-05-21 23:41:10', 1, 1),
(25, 44, '13', 'AKTIF', '2020-05-21 23:41:10', '2020-05-21 23:41:10', 1, 1),
(59, 45, '11', 'AKTIF', '2020-05-26 08:11:44', '2020-05-26 08:11:44', 1, 1),
(60, 3, '7', 'AKTIF', '2020-05-29 03:38:40', '2020-05-29 03:38:40', 1, 1),
(61, 3, '5', 'AKTIF', '2020-05-29 03:38:40', '2020-05-29 03:38:40', 1, 1),
(62, 3, '6', 'AKTIF', '2020-05-29 03:38:40', '2020-05-29 03:38:40', 1, 1),
(63, 43, '11', 'AKTIF', '2020-05-29 03:39:26', '2020-05-29 03:39:26', 1, 1),
(64, 43, '22', 'AKTIF', '2020-05-29 03:39:26', '2020-05-29 03:39:26', 1, 1),
(65, 43, '33', 'AKTIF', '2020-05-29 03:39:26', '2020-05-29 03:39:26', 1, 1),
(66, 43, '44', 'AKTIF', '2020-05-29 03:39:26', '2020-05-29 03:39:26', 1, 1),
(70, 2, '11', 'AKTIF', '2020-05-29 03:40:17', '2020-05-29 03:40:17', 1, 1),
(71, 2, '12', 'AKTIF', '2020-05-29 03:40:17', '2020-05-29 03:40:17', 1, 1),
(72, 2, '13', 'AKTIF', '2020-05-29 03:40:17', '2020-05-29 03:40:17', 1, 1),
(73, 4, '1', 'AKTIF', '2020-05-29 03:41:03', '2020-05-29 03:41:03', 1, 1),
(74, 4, '2', 'AKTIF', '2020-05-29 03:41:03', '2020-05-29 03:41:03', 1, 1),
(75, 4, '3', 'AKTIF', '2020-05-29 03:41:03', '2020-05-29 03:41:03', 1, 1);

-- --------------------------------------------------------

--
-- 表的结构 `tbl_brg_cabang`
--

CREATE TABLE `tbl_brg_cabang` (
  `id_pk_brg_cabang` int(11) NOT NULL,
  `brg_cabang_qty` int(11) DEFAULT NULL,
  `brg_cabang_notes` varchar(200) DEFAULT NULL,
  `brg_cabang_status` varchar(15) DEFAULT NULL,
  `brg_cabang_last_price` int(11) DEFAULT 0,
  `id_fk_brg` int(11) DEFAULT NULL,
  `id_fk_cabang` int(11) DEFAULT NULL,
  `brg_cabang_create_date` datetime DEFAULT NULL,
  `brg_cabang_last_modified` datetime DEFAULT NULL,
  `id_create_data` int(11) DEFAULT NULL,
  `id_last_modified` int(11) DEFAULT NULL
) ENGINE=InnoDB DEFAULT CHARSET=utf8mb4;

--
-- 转存表中的数据 `tbl_brg_cabang`
--

INSERT INTO `tbl_brg_cabang` (`id_pk_brg_cabang`, `brg_cabang_qty`, `brg_cabang_notes`, `brg_cabang_status`, `brg_cabang_last_price`, `id_fk_brg`, `id_fk_cabang`, `brg_cabang_create_date`, `brg_cabang_last_modified`, `id_create_data`, `id_last_modified`) VALUES
(1, 12, 'notes', 'AKTIF', 4000, 1, 19, '2020-05-28 03:19:54', '2020-05-28 03:19:54', 1, 1),
(2, 15, '农特ss', 'AKTIF', 2000, 3, 19, '2020-05-28 03:42:55', '2020-05-28 03:42:55', 1, 1),
(3, 11, 'notes', 'AKTIF', 0, 4, 2, '2020-05-29 03:33:59', '2020-05-29 03:33:59', 1, 1),
(4, 12, 'notes2', 'AKTIF', 0, 2, 2, '2020-05-29 03:33:59', '2020-05-29 03:33:59', 1, 1),
(5, 13, 'notes4', 'AKTIF', 0, 3, 2, '2020-05-29 03:33:59', '2020-05-29 03:33:59', 1, 1),
(6, 15, '-', 'AKTIF', 0, 43, 2, '2020-05-29 03:37:31', '2020-05-29 03:37:31', 1, 1),
(7, 100, 'notes', 'AKTIF', 0, 2, 19, '2020-05-31 07:42:33', '2020-05-31 07:42:33', 1, 1),
(8, 1, 'notes1', 'AKTIF', 0, 1, 25, '2020-06-03 10:15:08', '2020-06-03 10:15:08', 1, 1),
(9, 2, 'notes3', 'AKTIF', 0, 2, 25, '2020-06-03 10:15:08', '2020-06-03 10:15:08', 1, 1);

--
-- 触发器 `tbl_brg_cabang`
--
DELIMITER $$
CREATE TRIGGER `trg_after_insert_brg_cabang` AFTER INSERT ON `tbl_brg_cabang` FOR EACH ROW begin
            set @id_user = new.id_last_modified;
            set @tgl_action = new.brg_cabang_last_modified;
            set @log_text = concat(new.id_last_modified,' ','insert data at ' , new.brg_cabang_last_modified);
            call insert_log_all(@id_user,@tgl_action,@log_text,@id_log_all);
            
            insert into tbl_brg_cabang_log(executed_function,id_pk_brg_cabang,brg_cabang_qty,brg_cabang_last_price,brg_cabang_notes,brg_cabang_status,id_fk_brg,id_fk_cabang,brg_cabang_create_date,brg_cabang_last_modified,id_create_data,id_last_modified,id_log_all) values ('after insert',new.id_pk_brg_cabang,new.brg_cabang_last_price,new.brg_cabang_qty,new.brg_cabang_notes,new.brg_cabang_status,new.id_fk_brg,new.id_fk_cabang,new.brg_cabang_create_date,new.brg_cabang_last_modified,new.id_create_data,new.id_last_modified,@id_log_all);
        end
$$
DELIMITER ;
DELIMITER $$
CREATE TRIGGER `trg_after_update_brg_cabang` AFTER UPDATE ON `tbl_brg_cabang` FOR EACH ROW begin
            set @id_user = new.id_last_modified;
            set @tgl_action = new.brg_cabang_last_modified;
            set @log_text = concat(new.id_last_modified,' ','update data at ' , new.brg_cabang_last_modified);
            call insert_log_all(@id_user,@tgl_action,@log_text,@id_log_all);
            
            insert into tbl_brg_cabang_log(executed_function,id_pk_brg_cabang,brg_cabang_qty,brg_cabang_last_price,brg_cabang_notes,brg_cabang_status,id_fk_brg,id_fk_cabang,brg_cabang_create_date,brg_cabang_last_modified,id_create_data,id_last_modified,id_log_all) values ('after update',new.id_pk_brg_cabang,new.brg_cabang_last_price,new.brg_cabang_qty,new.brg_cabang_notes,new.brg_cabang_status,new.id_fk_brg,new.id_fk_cabang,new.brg_cabang_create_date,new.brg_cabang_last_modified,new.id_create_data,new.id_last_modified,@id_log_all);
        end
$$
DELIMITER ;

-- --------------------------------------------------------

--
-- 表的结构 `tbl_brg_cabang_log`
--

CREATE TABLE `tbl_brg_cabang_log` (
  `id_pk_brg_cabang_log` int(11) NOT NULL,
  `executed_function` varchar(30) DEFAULT NULL,
  `id_pk_brg_cabang` int(11) DEFAULT NULL,
  `brg_cabang_qty` int(11) DEFAULT NULL,
  `brg_cabang_last_price` int(11) DEFAULT 0,
  `brg_cabang_notes` varchar(200) DEFAULT NULL,
  `brg_cabang_status` varchar(15) DEFAULT NULL,
  `id_fk_brg` int(11) DEFAULT NULL,
  `id_fk_cabang` int(11) DEFAULT NULL,
  `brg_cabang_create_date` datetime DEFAULT NULL,
  `brg_cabang_last_modified` datetime DEFAULT NULL,
  `id_create_data` int(11) DEFAULT NULL,
  `id_last_modified` int(11) DEFAULT NULL,
  `id_log_all` int(11) DEFAULT NULL
) ENGINE=InnoDB DEFAULT CHARSET=utf8mb4;

--
-- 转存表中的数据 `tbl_brg_cabang_log`
--

INSERT INTO `tbl_brg_cabang_log` (`id_pk_brg_cabang_log`, `executed_function`, `id_pk_brg_cabang`, `brg_cabang_qty`, `brg_cabang_last_price`, `brg_cabang_notes`, `brg_cabang_status`, `id_fk_brg`, `id_fk_cabang`, `brg_cabang_create_date`, `brg_cabang_last_modified`, `id_create_data`, `id_last_modified`, `id_log_all`) VALUES
(1, 'after insert', 1, 0, 12, 'notes', 'AKTIF', 1, 19, '2020-05-28 03:19:54', '2020-05-28 03:19:54', 1, 1, 1553),
(2, 'after insert', 2, 0, 15, '农特ss', 'AKTIF', 3, 19, '2020-05-28 03:42:55', '2020-05-28 03:42:55', 1, 1, 1554),
(3, 'after update', 1, 4000, 12, 'notes', 'AKTIF', 1, 19, '2020-05-28 03:19:54', '2020-05-28 03:19:54', 1, 1, 1555),
(4, 'after update', 2, 2000, 15, '农特ss', 'AKTIF', 3, 19, '2020-05-28 03:42:55', '2020-05-28 03:42:55', 1, 1, 1556),
(5, 'after insert', 3, 0, 11, 'notes', 'AKTIF', 4, 2, '2020-05-29 03:33:59', '2020-05-29 03:33:59', 1, 1, 1558),
(6, 'after insert', 4, 0, 12, 'notes2', 'AKTIF', 2, 2, '2020-05-29 03:33:59', '2020-05-29 03:33:59', 1, 1, 1559),
(7, 'after insert', 5, 0, 13, 'notes4', 'AKTIF', 3, 2, '2020-05-29 03:33:59', '2020-05-29 03:33:59', 1, 1, 1560),
(8, 'after insert', 6, 0, 15, '-', 'AKTIF', 43, 2, '2020-05-29 03:37:31', '2020-05-29 03:37:31', 1, 1, 1561),
(9, 'after insert', 7, 0, 100, 'notes', 'AKTIF', 2, 19, '2020-05-31 07:42:33', '2020-05-31 07:42:33', 1, 1, 1635),
(10, 'after insert', 8, 0, 1, 'notes1', 'AKTIF', 1, 25, '2020-06-03 10:15:08', '2020-06-03 10:15:08', 1, 1, 2249),
(11, 'after insert', 9, 0, 2, 'notes3', 'AKTIF', 2, 25, '2020-06-03 10:15:08', '2020-06-03 10:15:08', 1, 1, 2250),
(12, 'after update', 4, 0, 52, 'notes2', 'AKTIF', 2, 2, '2020-05-29 03:33:59', '2020-05-29 03:33:59', 1, 1, 2354),
(13, 'after update', 4, 0, 24, 'notes2', 'AKTIF', 2, 2, '2020-05-29 03:33:59', '2020-05-29 03:33:59', 1, 1, 2357),
(14, 'after update', 4, 0, 12, 'notes2', 'AKTIF', 2, 2, '2020-05-29 03:33:59', '2020-05-29 03:33:59', 1, 1, 2360),
(15, 'after update', 4, 0, 0, 'notes2', 'AKTIF', 2, 2, '2020-05-29 03:33:59', '2020-05-29 03:33:59', 1, 1, 2363),
(16, 'after update', 4, 0, 12, 'notes2', 'AKTIF', 2, 2, '2020-05-29 03:33:59', '2020-05-29 03:33:59', 1, 1, 2366),
(17, 'after update', 4, 0, -28, 'notes2', 'AKTIF', 2, 2, '2020-05-29 03:33:59', '2020-05-29 03:33:59', 1, 1, 2380),
(18, 'after update', 4, 0, -68, 'notes2', 'AKTIF', 2, 2, '2020-05-29 03:33:59', '2020-05-29 03:33:59', 1, 1, 2383),
(19, 'after update', 4, 0, -28, 'notes2', 'AKTIF', 2, 2, '2020-05-29 03:33:59', '2020-05-29 03:33:59', 1, 1, 2386),
(20, 'after update', 4, 0, 12, 'notes2', 'AKTIF', 2, 2, '2020-05-29 03:33:59', '2020-05-29 03:33:59', 1, 1, 2389);

-- --------------------------------------------------------

--
-- 表的结构 `tbl_brg_pembelian`
--

CREATE TABLE `tbl_brg_pembelian` (
  `ID_PK_BRG_PEMBELIAN` int(11) NOT NULL,
  `BRG_PEM_QTY` double DEFAULT NULL,
  `BRG_PEM_SATUAN` varchar(20) DEFAULT NULL,
  `BRG_PEM_HARGA` int(11) DEFAULT NULL,
  `BRG_PEM_NOTE` varchar(150) DEFAULT NULL,
  `BRG_PEM_STATUS` varchar(15) DEFAULT NULL,
  `ID_FK_PEMBELIAN` int(11) DEFAULT NULL,
  `ID_FK_BARANG` int(11) DEFAULT NULL,
  `BRG_PEM_CREATE_DATE` datetime DEFAULT NULL,
  `BRG_PEM_LAST_MODIFIED` datetime DEFAULT NULL,
  `ID_CREATE_DATA` int(11) DEFAULT NULL,
  `ID_LAST_MODIFIED` int(11) DEFAULT NULL
) ENGINE=InnoDB DEFAULT CHARSET=utf8mb4;

--
-- 转存表中的数据 `tbl_brg_pembelian`
--

INSERT INTO `tbl_brg_pembelian` (`ID_PK_BRG_PEMBELIAN`, `BRG_PEM_QTY`, `BRG_PEM_SATUAN`, `BRG_PEM_HARGA`, `BRG_PEM_NOTE`, `BRG_PEM_STATUS`, `ID_FK_PEMBELIAN`, `ID_FK_BARANG`, `BRG_PEM_CREATE_DATE`, `BRG_PEM_LAST_MODIFIED`, `ID_CREATE_DATA`, `ID_LAST_MODIFIED`) VALUES
(1, 1, 'editjmlh', 111, 'editnotes', 'AKTIF', NULL, 26, '2020-05-13 18:53:30', '2020-05-13 21:07:06', 1, 1),
(2, 2, 'a', 111, 'ab', 'NONAKTIF', 2, 25, '2020-05-13 18:53:30', '2020-05-13 19:41:05', 1, 1),
(3, 1, 'addbrgedit', 222, 'editaddbrgnotes', 'AKTIF', 2, 27, '2020-05-13 21:03:41', '2020-05-13 21:53:13', 1, 1),
(4, 1, 'addbrgedit', 222, 'editaddbrgnotes', 'NONAKTIF', 2, 27, '2020-05-13 21:05:23', '2020-05-13 21:53:01', 1, 1),
(5, 1, 'addbrgedit', 222, 'editaddbrgnotes', 'NONAKTIF', 2, 27, '2020-05-13 21:05:38', '2020-05-13 21:53:02', 1, 1),
(6, 1, 'addbrgedit', 222, 'editaddbrgnotes', 'NONAKTIF', 2, 27, '2020-05-13 21:05:44', '2020-05-13 21:53:02', 1, 1),
(7, 1, 'addbrgedit', 222, 'editaddbrgnotes', 'NONAKTIF', 2, 27, '2020-05-13 21:05:49', '2020-05-13 21:53:03', 1, 1),
(8, 1, 'addbrgedit', 222, 'editaddbrgnotes', 'NONAKTIF', 2, 27, '2020-05-13 21:05:55', '2020-05-13 21:53:03', 1, 1),
(9, 1, 'addbrgedit', 222, 'editaddbrgnotes', 'NONAKTIF', 2, 27, '2020-05-13 21:06:12', '2020-05-13 21:53:04', 1, 1),
(10, 1, 'addbrgedit', 222, 'editaddbrgnotes', 'NONAKTIF', 2, 27, '2020-05-13 21:06:41', '2020-05-13 21:53:05', 1, 1),
(11, 1, 'addbrgedit', 222, 'editaddbrgnotes', 'NONAKTIF', 2, 27, '2020-05-13 21:07:06', '2020-05-13 21:53:05', 1, 1),
(12, 1, 'addbrgeditbbbb', 222222, 'bbbbb', 'AKTIF', NULL, 28, '2020-05-13 21:08:20', '2020-05-13 21:12:38', 1, 1),
(13, 4, 'aaaaa', 11111, 'aaaaa', 'AKTIF', NULL, 18, '2020-05-13 21:08:20', '2020-05-13 21:12:38', 1, 1),
(14, 5, 'zzzz', 666666, 'zzzzz', 'AKTIF', NULL, 29, '2020-05-13 21:08:20', '2020-05-13 21:12:38', 1, 1),
(15, 1, 'addbrgeditbbbb', 222222, 'bbbbb', 'AKTIF', NULL, 28, '2020-05-13 21:08:49', '2020-05-13 21:12:38', 1, 1),
(16, 4, 'aaaaa', 11111, 'aaaaa', 'AKTIF', NULL, 18, '2020-05-13 21:08:49', '2020-05-13 21:12:38', 1, 1),
(17, 5, 'zzzz', 666666, 'zzzzz', 'AKTIF', NULL, 29, '2020-05-13 21:08:49', '2020-05-13 21:12:38', 1, 1),
(18, 15, 'bbb', 15555, 'bbbb', 'AKTIF', NULL, 31, '2020-05-13 21:12:38', '2020-05-13 21:17:14', 1, 1),
(19, 13, 'aaa', 13333, 'aaaa', 'AKTIF', NULL, 4, '2020-05-13 21:16:39', '2020-05-13 21:18:26', 1, 1),
(20, 13, 'aaa', 13333, 'aaaa', 'AKTIF', NULL, 4, '2020-05-13 21:17:14', '2020-05-13 21:18:26', 1, 1),
(21, 13, 'uuu', 6666, 'uuuu', 'AKTIF', NULL, 32, '2020-05-13 21:18:26', '2020-05-13 21:18:46', 1, 1),
(22, 66, 'bbb', 5555, '5555', 'AKTIF', NULL, 31, '2020-05-13 21:18:26', '2020-05-13 21:18:46', 1, 1),
(23, 13, 'aaa', 13333, 'aaaa', 'AKTIF', NULL, 4, '2020-05-13 21:18:46', '2020-05-13 21:20:04', 1, 1),
(24, 66, 'bbb', 5555, '5555', 'AKTIF', NULL, 31, '2020-05-13 21:18:46', '2020-05-13 21:20:04', 1, 1),
(25, 44, 'ghghee', 6666722, 'ghghee', 'AKTIF', 1, 40, '2020-05-13 21:20:04', '2020-05-13 21:52:34', 1, 1),
(26, 33, 'hhhh', 7777, 'hhhh', 'NONAKTIF', 1, 38, '2020-05-13 21:22:06', '2020-05-13 21:51:58', 1, 1),
(27, 66, 'eeee', 66666, 'eeeee', 'NONAKTIF', 1, 36, '2020-05-13 21:22:36', '2020-05-13 21:51:58', 1, 1),
(28, 333, 'abac', 123123, 'abc', 'NONAKTIF', 1, 39, '2020-05-13 21:23:10', '2020-05-13 21:51:58', 1, 1),
(29, 55, 'ccc', 3333, 'cccc', 'AKTIF', 1, 33, '2020-05-13 21:52:19', '2020-05-13 21:52:34', 1, 1),
(30, 111, 'sdf', 111, 'sdafa', 'AKTIF', 3, 41, '2020-05-13 22:01:03', '2020-05-13 22:01:03', 1, 1),
(31, 123, 'afwe', 123, 'aewf', 'AKTIF', 4, 42, '2020-05-13 22:02:09', '2020-05-13 22:02:09', 1, 1),
(32, 11, 'pcs', 123, 'nnotes', 'AKTIF', 1, 1, '2020-05-21 22:52:49', '2020-05-21 22:52:49', 1, 1),
(33, 100, 'pcs', 10000, 'notes1', 'AKTIF', 2, 12, '2020-05-26 08:44:15', '2020-05-26 08:44:15', 1, 1),
(34, 20, 'Box', 10000, 'notes2', 'AKTIF', 2, 15, '2020-05-26 08:44:15', '2020-05-26 08:44:15', 1, 1),
(35, 1, 'pcs', 10000, 'notes1', 'AKTIF', 3, 6, '2020-05-26 08:44:35', '2020-05-26 08:44:35', 1, 1),
(36, 123, 'pcs', 123, '123', 'AKTIF', 4, 1, '2020-05-27 01:10:10', '2020-06-03 10:16:46', 1, 1),
(37, 124, 'cs', 123, '1233', 'AKTIF', 4, 7, '2020-05-27 01:10:10', '2020-05-27 01:10:10', 1, 1),
(38, 122, 'pcs', 150, 'notes', 'AKTIF', 4, 2, '2020-06-03 10:16:46', '2020-06-03 10:16:46', 1, 1),
(39, 25, 'pcs', 1234, 'notes2', 'AKTIF', 6, 2, '2020-06-03 02:10:22', '2020-06-03 02:10:48', 1, 1),
(40, 100, 'pcs', 123, 'notes', 'AKTIF', 5, 2, '2020-06-04 12:36:36', '2020-06-04 12:36:36', 1, 1);

--
-- 触发器 `tbl_brg_pembelian`
--
DELIMITER $$
CREATE TRIGGER `TRG_AFTER_INSERT_BRG_PEMBELIAN` AFTER INSERT ON `tbl_brg_pembelian` FOR EACH ROW BEGIN
            SET @ID_USER = NEW.ID_LAST_MODIFIED;
            SET @TGL_ACTION = NEW.BRG_PEM_LAST_MODIFIED;
            SET @LOG_TEXT = CONCAT(NEW.ID_LAST_MODIFIED,' ','INSERT DATA AT' , NEW.BRG_PEM_LAST_MODIFIED);
            CALL INSERT_LOG_ALL(@ID_USER,@TGL_ACTION,@LOG_TEXT,@ID_LOG_ALL);
            
            INSERT INTO TBL_BRG_PEMBELIAN_LOG(EXECUTED_FUNCTION,ID_PK_BRG_PEMBELIAN,BRG_PEM_QTY,BRG_PEM_SATUAN,BRG_PEM_HARGA,BRG_PEM_NOTE,BRG_PEM_STATUS,ID_FK_PEMBELIAN,ID_FK_BARANG,BRG_PEM_CREATE_DATE,BRG_PEM_LAST_MODIFIED,ID_CREATE_DATA,ID_LAST_MODIFIED,ID_LOG_ALL) VALUES ('AFTER INSERT',NEW.ID_PK_BRG_PEMBELIAN,NEW.BRG_PEM_QTY,NEW.BRG_PEM_SATUAN,NEW.BRG_PEM_HARGA,NEW.BRG_PEM_NOTE,NEW.BRG_PEM_STATUS,NEW.ID_FK_PEMBELIAN,NEW.ID_FK_BARANG,NEW.BRG_PEM_CREATE_DATE,NEW.BRG_PEM_LAST_MODIFIED,NEW.ID_CREATE_DATA,NEW.ID_LAST_MODIFIED,@ID_LOG_ALL);
        END
$$
DELIMITER ;
DELIMITER $$
CREATE TRIGGER `TRG_AFTER_UPDATE_BRG_PEMBELIAN` AFTER UPDATE ON `tbl_brg_pembelian` FOR EACH ROW BEGIN
            SET @ID_USER = NEW.ID_LAST_MODIFIED;
            SET @TGL_ACTION = NEW.BRG_PEM_LAST_MODIFIED;
            SET @LOG_TEXT = CONCAT(NEW.ID_LAST_MODIFIED,' ','UPDATE DATA AT' , NEW.BRG_PEM_LAST_MODIFIED);
            CALL INSERT_LOG_ALL(@ID_USER,@TGL_ACTION,@LOG_TEXT,@ID_LOG_ALL);
            
            INSERT INTO TBL_BRG_PEMBELIAN_LOG(EXECUTED_FUNCTION,ID_PK_BRG_PEMBELIAN,BRG_PEM_QTY,BRG_PEM_SATUAN,BRG_PEM_HARGA,BRG_PEM_NOTE,BRG_PEM_STATUS,ID_FK_PEMBELIAN,ID_FK_BARANG,BRG_PEM_CREATE_DATE,BRG_PEM_LAST_MODIFIED,ID_CREATE_DATA,ID_LAST_MODIFIED,ID_LOG_ALL) VALUES ('AFTER UPDATE',NEW.ID_PK_BRG_PEMBELIAN,NEW.BRG_PEM_QTY,NEW.BRG_PEM_SATUAN,NEW.BRG_PEM_HARGA,NEW.BRG_PEM_NOTE,NEW.BRG_PEM_STATUS,NEW.ID_FK_PEMBELIAN,NEW.ID_FK_BARANG,NEW.BRG_PEM_CREATE_DATE,NEW.BRG_PEM_LAST_MODIFIED,NEW.ID_CREATE_DATA,NEW.ID_LAST_MODIFIED,@ID_LOG_ALL);
        END
$$
DELIMITER ;

-- --------------------------------------------------------

--
-- 表的结构 `tbl_brg_pembelian_log`
--

CREATE TABLE `tbl_brg_pembelian_log` (
  `ID_PK_BRG_PEMBELIAN_LOG` int(11) NOT NULL,
  `EXECUTED_FUNCTION` varchar(30) DEFAULT NULL,
  `ID_PK_BRG_PEMBELIAN` int(11) DEFAULT NULL,
  `BRG_PEM_QTY` double DEFAULT NULL,
  `BRG_PEM_SATUAN` varchar(20) DEFAULT NULL,
  `BRG_PEM_HARGA` int(11) DEFAULT NULL,
  `BRG_PEM_NOTE` varchar(150) DEFAULT NULL,
  `BRG_PEM_STATUS` varchar(15) DEFAULT NULL,
  `ID_FK_PEMBELIAN` int(11) DEFAULT NULL,
  `ID_FK_BARANG` int(11) DEFAULT NULL,
  `BRG_PEM_CREATE_DATE` datetime DEFAULT NULL,
  `BRG_PEM_LAST_MODIFIED` datetime DEFAULT NULL,
  `ID_CREATE_DATA` int(11) DEFAULT NULL,
  `ID_LAST_MODIFIED` int(11) DEFAULT NULL,
  `ID_LOG_ALL` int(11) DEFAULT NULL
) ENGINE=InnoDB DEFAULT CHARSET=utf8mb4;

--
-- 转存表中的数据 `tbl_brg_pembelian_log`
--

INSERT INTO `tbl_brg_pembelian_log` (`ID_PK_BRG_PEMBELIAN_LOG`, `EXECUTED_FUNCTION`, `ID_PK_BRG_PEMBELIAN`, `BRG_PEM_QTY`, `BRG_PEM_SATUAN`, `BRG_PEM_HARGA`, `BRG_PEM_NOTE`, `BRG_PEM_STATUS`, `ID_FK_PEMBELIAN`, `ID_FK_BARANG`, `BRG_PEM_CREATE_DATE`, `BRG_PEM_LAST_MODIFIED`, `ID_CREATE_DATA`, `ID_LAST_MODIFIED`, `ID_LOG_ALL`) VALUES
(1, 'AFTER INSERT', 1, 1, 'a', 123, 'a', NULL, 2, 25, '2020-05-13 18:53:30', '2020-05-13 18:53:30', 1, 1, 238),
(2, 'AFTER INSERT', 2, 2, 'a', 111, 'ab', NULL, 2, 25, '2020-05-13 18:53:30', '2020-05-13 18:53:30', 1, 1, 239),
(3, 'AFTER UPDATE', 1, 1, 'a', 123, 'a', 'AKTIF', 2, 25, '2020-05-13 18:53:30', '2020-05-13 18:53:30', 1, 1, 240),
(4, 'AFTER UPDATE', 2, 2, 'a', 111, 'ab', 'AKTIF', 2, 25, '2020-05-13 18:53:30', '2020-05-13 18:53:30', 1, 1, 241),
(5, 'AFTER UPDATE', 2, 2, 'a', 111, 'ab', 'AKTIF', 2, 25, '2020-05-13 18:53:30', '2020-05-13 19:39:44', 1, 1, 242),
(6, 'AFTER UPDATE', 2, 2, 'a', 111, 'ab', 'NONAKTIF', 2, 25, '2020-05-13 18:53:30', '2020-05-13 19:41:05', 1, 1, 243),
(7, 'AFTER INSERT', 3, 1, 'addbrgedit', 222, 'editaddbrgnotes', 'AKTIF', 2, 27, '2020-05-13 21:03:41', '2020-05-13 21:03:41', 1, 1, 249),
(8, 'AFTER INSERT', 4, 1, 'addbrgedit', 222, 'editaddbrgnotes', 'AKTIF', 2, 27, '2020-05-13 21:05:23', '2020-05-13 21:05:23', 1, 1, 252),
(9, 'AFTER INSERT', 5, 1, 'addbrgedit', 222, 'editaddbrgnotes', 'AKTIF', 2, 27, '2020-05-13 21:05:38', '2020-05-13 21:05:38', 1, 1, 255),
(10, 'AFTER INSERT', 6, 1, 'addbrgedit', 222, 'editaddbrgnotes', 'AKTIF', 2, 27, '2020-05-13 21:05:44', '2020-05-13 21:05:44', 1, 1, 258),
(11, 'AFTER INSERT', 7, 1, 'addbrgedit', 222, 'editaddbrgnotes', 'AKTIF', 2, 27, '2020-05-13 21:05:49', '2020-05-13 21:05:49', 1, 1, 261),
(12, 'AFTER INSERT', 8, 1, 'addbrgedit', 222, 'editaddbrgnotes', 'AKTIF', 2, 27, '2020-05-13 21:05:55', '2020-05-13 21:05:55', 1, 1, 264),
(13, 'AFTER INSERT', 9, 1, 'addbrgedit', 222, 'editaddbrgnotes', 'AKTIF', 2, 27, '2020-05-13 21:06:12', '2020-05-13 21:06:12', 1, 1, 267),
(14, 'AFTER INSERT', 10, 1, 'addbrgedit', 222, 'editaddbrgnotes', 'AKTIF', 2, 27, '2020-05-13 21:06:41', '2020-05-13 21:06:41', 1, 1, 270),
(15, 'AFTER UPDATE', 1, 1, 'editjmlh', 111, 'editnotes', 'AKTIF', NULL, 26, '2020-05-13 18:53:30', '2020-05-13 21:07:06', 1, 1, 273),
(16, 'AFTER INSERT', 11, 1, 'addbrgedit', 222, 'editaddbrgnotes', 'AKTIF', 2, 27, '2020-05-13 21:07:06', '2020-05-13 21:07:06', 1, 1, 274),
(17, 'AFTER INSERT', 12, 1, 'addbrgeditbbbb', 222222, 'bbbbb', 'AKTIF', 1, 28, '2020-05-13 21:08:20', '2020-05-13 21:08:20', 1, 1, 279),
(18, 'AFTER INSERT', 13, 4, 'aaaaa', 11111, 'aaaaa', 'AKTIF', 1, 18, '2020-05-13 21:08:20', '2020-05-13 21:08:20', 1, 1, 280),
(19, 'AFTER INSERT', 14, 5, 'zzzz', 666666, 'zzzzz', 'AKTIF', 1, 29, '2020-05-13 21:08:20', '2020-05-13 21:08:20', 1, 1, 282),
(20, 'AFTER INSERT', 15, 1, 'addbrgeditbbbb', 222222, 'bbbbb', 'AKTIF', 1, 28, '2020-05-13 21:08:49', '2020-05-13 21:08:49', 1, 1, 284),
(21, 'AFTER INSERT', 16, 4, 'aaaaa', 11111, 'aaaaa', 'AKTIF', 1, 18, '2020-05-13 21:08:49', '2020-05-13 21:08:49', 1, 1, 285),
(22, 'AFTER INSERT', 17, 5, 'zzzz', 666666, 'zzzzz', 'AKTIF', 1, 29, '2020-05-13 21:08:49', '2020-05-13 21:08:49', 1, 1, 286),
(23, 'AFTER UPDATE', 12, 1, 'addbrgeditbbbb', 222222, 'bbbbb', 'AKTIF', NULL, 28, '2020-05-13 21:08:20', '2020-05-13 21:12:38', 1, 1, 288),
(24, 'AFTER UPDATE', 13, 4, 'aaaaa', 11111, 'aaaaa', 'AKTIF', NULL, 18, '2020-05-13 21:08:20', '2020-05-13 21:12:38', 1, 1, 289),
(25, 'AFTER UPDATE', 14, 5, 'zzzz', 666666, 'zzzzz', 'AKTIF', NULL, 29, '2020-05-13 21:08:20', '2020-05-13 21:12:38', 1, 1, 290),
(26, 'AFTER UPDATE', 15, 1, 'addbrgeditbbbb', 222222, 'bbbbb', 'AKTIF', NULL, 28, '2020-05-13 21:08:49', '2020-05-13 21:12:38', 1, 1, 291),
(27, 'AFTER UPDATE', 16, 4, 'aaaaa', 11111, 'aaaaa', 'AKTIF', NULL, 18, '2020-05-13 21:08:49', '2020-05-13 21:12:38', 1, 1, 292),
(28, 'AFTER UPDATE', 17, 5, 'zzzz', 666666, 'zzzzz', 'AKTIF', NULL, 29, '2020-05-13 21:08:49', '2020-05-13 21:12:38', 1, 1, 293),
(29, 'AFTER INSERT', 18, 12, 'test', 123, 'test', 'AKTIF', 1, 30, '2020-05-13 21:12:38', '2020-05-13 21:12:38', 1, 1, 295),
(30, 'AFTER UPDATE', 18, 15, 'bbb', 15555, 'bbbb', 'AKTIF', NULL, 31, '2020-05-13 21:12:38', '2020-05-13 21:16:39', 1, 1, 298),
(31, 'AFTER INSERT', 19, 13, 'aaa', 13333, 'aaaa', 'AKTIF', 1, 4, '2020-05-13 21:16:39', '2020-05-13 21:16:39', 1, 1, 299),
(32, 'AFTER UPDATE', 18, 15, 'bbb', 15555, 'bbbb', 'AKTIF', NULL, 31, '2020-05-13 21:12:38', '2020-05-13 21:17:14', 1, 1, 301),
(33, 'AFTER INSERT', 20, 13, 'aaa', 13333, 'aaaa', 'AKTIF', 1, 4, '2020-05-13 21:17:14', '2020-05-13 21:17:14', 1, 1, 302),
(34, 'AFTER UPDATE', 19, 13, 'aaa', 13333, 'aaaa', 'AKTIF', NULL, 4, '2020-05-13 21:16:39', '2020-05-13 21:18:26', 1, 1, 304),
(35, 'AFTER UPDATE', 20, 13, 'aaa', 13333, 'aaaa', 'AKTIF', NULL, 4, '2020-05-13 21:17:14', '2020-05-13 21:18:26', 1, 1, 305),
(36, 'AFTER INSERT', 21, 13, 'aaa', 13333, 'aaaa', 'AKTIF', 1, 4, '2020-05-13 21:18:26', '2020-05-13 21:18:26', 1, 1, 306),
(37, 'AFTER INSERT', 22, 66, 'bbb', 5555, '5555', 'AKTIF', 1, 31, '2020-05-13 21:18:26', '2020-05-13 21:18:26', 1, 1, 307),
(38, 'AFTER UPDATE', 21, 13, 'uuu', 6666, 'uuuu', 'AKTIF', NULL, 32, '2020-05-13 21:18:26', '2020-05-13 21:18:46', 1, 1, 310),
(39, 'AFTER UPDATE', 22, 66, 'bbb', 5555, '5555', 'AKTIF', NULL, 31, '2020-05-13 21:18:26', '2020-05-13 21:18:46', 1, 1, 311),
(40, 'AFTER INSERT', 23, 13, 'aaa', 13333, 'aaaa', 'AKTIF', 1, 4, '2020-05-13 21:18:46', '2020-05-13 21:18:46', 1, 1, 312),
(41, 'AFTER INSERT', 24, 66, 'bbb', 5555, '5555', 'AKTIF', 1, 31, '2020-05-13 21:18:46', '2020-05-13 21:18:46', 1, 1, 313),
(42, 'AFTER UPDATE', 23, 13, 'aaa', 13333, 'aaaa', 'AKTIF', NULL, 4, '2020-05-13 21:18:46', '2020-05-13 21:20:04', 1, 1, 315),
(43, 'AFTER UPDATE', 24, 66, 'bbb', 5555, '5555', 'AKTIF', NULL, 31, '2020-05-13 21:18:46', '2020-05-13 21:20:04', 1, 1, 316),
(44, 'AFTER INSERT', 25, 44, 'ccc', 44444, 'cccc', 'AKTIF', 1, 33, '2020-05-13 21:20:04', '2020-05-13 21:20:04', 1, 1, 318),
(45, 'AFTER UPDATE', 25, 44, 'ccc', 44444, 'cccc', 'AKTIF', 1, 33, '2020-05-13 21:20:04', '2020-05-13 21:22:06', 1, 1, 320),
(46, 'AFTER INSERT', 26, 55, 'ddd', 55555, 'dddd', 'AKTIF', 1, 34, '2020-05-13 21:22:06', '2020-05-13 21:22:06', 1, 1, 322),
(47, 'AFTER UPDATE', 25, 44, 'ccc', 44444, 'cccc', 'AKTIF', 1, 33, '2020-05-13 21:20:04', '2020-05-13 21:22:36', 1, 1, 324),
(48, 'AFTER UPDATE', 26, 33, 'ffff', 33333, 'fffff', 'AKTIF', 1, 35, '2020-05-13 21:22:06', '2020-05-13 21:22:36', 1, 1, 326),
(49, 'AFTER INSERT', 27, 66, 'eeee', 66666, 'eeeee', 'AKTIF', 1, 36, '2020-05-13 21:22:36', '2020-05-13 21:22:36', 1, 1, 328),
(50, 'AFTER UPDATE', 25, 44, 'ghgh', 66667, 'ghgh', 'AKTIF', 1, 37, '2020-05-13 21:20:04', '2020-05-13 21:23:10', 1, 1, 331),
(51, 'AFTER UPDATE', 26, 33, 'hhhh', 7777, 'hhhh', 'AKTIF', 1, 38, '2020-05-13 21:22:06', '2020-05-13 21:23:10', 1, 1, 333),
(52, 'AFTER UPDATE', 27, 66, 'eeee', 66666, 'eeeee', 'AKTIF', 1, 36, '2020-05-13 21:22:36', '2020-05-13 21:23:10', 1, 1, 334),
(53, 'AFTER INSERT', 28, 333, 'abac', 123123, 'abc', 'AKTIF', 1, 39, '2020-05-13 21:23:10', '2020-05-13 21:23:10', 1, 1, 336),
(54, 'AFTER UPDATE', 25, 44, 'ghgh', 66667, 'ghgh', 'AKTIF', 1, 37, '2020-05-13 21:20:04', '2020-05-13 21:23:23', 1, 1, 338),
(55, 'AFTER UPDATE', 26, 33, 'hhhh', 7777, 'hhhh', 'AKTIF', 1, 38, '2020-05-13 21:22:06', '2020-05-13 21:23:23', 1, 1, 339),
(56, 'AFTER UPDATE', 27, 66, 'eeee', 66666, 'eeeee', 'AKTIF', 1, 36, '2020-05-13 21:22:36', '2020-05-13 21:23:23', 1, 1, 340),
(57, 'AFTER UPDATE', 28, 333, 'abac', 123123, 'abc', 'AKTIF', 1, 39, '2020-05-13 21:23:10', '2020-05-13 21:23:23', 1, 1, 341),
(58, 'AFTER UPDATE', 25, 44, 'ghgh', 66667, 'ghgh', 'AKTIF', 1, 37, '2020-05-13 21:20:04', '2020-05-13 21:23:51', 1, 1, 343),
(59, 'AFTER UPDATE', 26, 33, 'hhhh', 7777, 'hhhh', 'AKTIF', 1, 38, '2020-05-13 21:22:06', '2020-05-13 21:23:51', 1, 1, 344),
(60, 'AFTER UPDATE', 27, 66, 'eeee', 66666, 'eeeee', 'AKTIF', 1, 36, '2020-05-13 21:22:36', '2020-05-13 21:23:51', 1, 1, 345),
(61, 'AFTER UPDATE', 28, 333, 'abac', 123123, 'abc', 'AKTIF', 1, 39, '2020-05-13 21:23:10', '2020-05-13 21:23:51', 1, 1, 346),
(62, 'AFTER UPDATE', 25, 44, 'ghgh', 66667, 'ghgh', 'AKTIF', 1, 37, '2020-05-13 21:20:04', '2020-05-13 21:24:49', 1, 1, 349),
(63, 'AFTER UPDATE', 26, 33, 'hhhh', 7777, 'hhhh', 'AKTIF', 1, 38, '2020-05-13 21:22:06', '2020-05-13 21:24:49', 1, 1, 350),
(64, 'AFTER UPDATE', 27, 66, 'eeee', 66666, 'eeeee', 'AKTIF', 1, 36, '2020-05-13 21:22:36', '2020-05-13 21:24:49', 1, 1, 351),
(65, 'AFTER UPDATE', 28, 333, 'abac', 123123, 'abc', 'AKTIF', 1, 39, '2020-05-13 21:23:10', '2020-05-13 21:24:49', 1, 1, 352),
(66, 'AFTER UPDATE', 25, 44, 'ghgh', 66667, 'ghgh', 'AKTIF', 1, 37, '2020-05-13 21:20:04', '2020-05-13 21:25:31', 1, 1, 354),
(67, 'AFTER UPDATE', 26, 33, 'hhhh', 7777, 'hhhh', 'AKTIF', 1, 38, '2020-05-13 21:22:06', '2020-05-13 21:25:31', 1, 1, 355),
(68, 'AFTER UPDATE', 27, 66, 'eeee', 66666, 'eeeee', 'AKTIF', 1, 36, '2020-05-13 21:22:36', '2020-05-13 21:25:31', 1, 1, 356),
(69, 'AFTER UPDATE', 28, 333, 'abac', 123123, 'abc', 'AKTIF', 1, 39, '2020-05-13 21:23:10', '2020-05-13 21:25:31', 1, 1, 357),
(70, 'AFTER UPDATE', 25, 44, 'ghgh', 66667, 'ghgh', 'AKTIF', 1, 37, '2020-05-13 21:20:04', '2020-05-13 21:27:03', 1, 1, 359),
(71, 'AFTER UPDATE', 26, 33, 'hhhh', 7777, 'hhhh', 'AKTIF', 1, 38, '2020-05-13 21:22:06', '2020-05-13 21:27:03', 1, 1, 360),
(72, 'AFTER UPDATE', 27, 66, 'eeee', 66666, 'eeeee', 'AKTIF', 1, 36, '2020-05-13 21:22:36', '2020-05-13 21:27:03', 1, 1, 361),
(73, 'AFTER UPDATE', 28, 333, 'abac', 123123, 'abc', 'AKTIF', 1, 39, '2020-05-13 21:23:10', '2020-05-13 21:27:03', 1, 1, 362),
(74, 'AFTER UPDATE', 25, 44, 'ghgh', 66667, 'ghgh', 'AKTIF', 1, 37, '2020-05-13 21:20:04', '2020-05-13 21:28:15', 1, 1, 364),
(75, 'AFTER UPDATE', 26, 33, 'hhhh', 7777, 'hhhh', 'AKTIF', 1, 38, '2020-05-13 21:22:06', '2020-05-13 21:28:15', 1, 1, 365),
(76, 'AFTER UPDATE', 27, 66, 'eeee', 66666, 'eeeee', 'AKTIF', 1, 36, '2020-05-13 21:22:36', '2020-05-13 21:28:15', 1, 1, 366),
(77, 'AFTER UPDATE', 28, 333, 'abac', 123123, 'abc', 'AKTIF', 1, 39, '2020-05-13 21:23:10', '2020-05-13 21:28:15', 1, 1, 367),
(78, 'AFTER UPDATE', 25, 44, 'ghgh', 66667, 'ghgh', 'AKTIF', 1, 37, '2020-05-13 21:20:04', '2020-05-13 21:28:46', 1, 1, 369),
(79, 'AFTER UPDATE', 26, 33, 'hhhh', 7777, 'hhhh', 'AKTIF', 1, 38, '2020-05-13 21:22:06', '2020-05-13 21:28:46', 1, 1, 370),
(80, 'AFTER UPDATE', 27, 66, 'eeee', 66666, 'eeeee', 'AKTIF', 1, 36, '2020-05-13 21:22:36', '2020-05-13 21:28:46', 1, 1, 371),
(81, 'AFTER UPDATE', 28, 333, 'abac', 123123, 'abc', 'AKTIF', 1, 39, '2020-05-13 21:23:10', '2020-05-13 21:28:46', 1, 1, 372),
(82, 'AFTER UPDATE', 25, 44, 'ghgh', 66667, 'ghgh', 'AKTIF', 1, 37, '2020-05-13 21:20:04', '2020-05-13 21:29:52', 1, 1, 374),
(83, 'AFTER UPDATE', 26, 33, 'hhhh', 7777, 'hhhh', 'AKTIF', 1, 38, '2020-05-13 21:22:06', '2020-05-13 21:29:52', 1, 1, 375),
(84, 'AFTER UPDATE', 27, 66, 'eeee', 66666, 'eeeee', 'AKTIF', 1, 36, '2020-05-13 21:22:36', '2020-05-13 21:29:52', 1, 1, 376),
(85, 'AFTER UPDATE', 28, 333, 'abac', 123123, 'abc', 'AKTIF', 1, 39, '2020-05-13 21:23:10', '2020-05-13 21:29:52', 1, 1, 377),
(86, 'AFTER UPDATE', 25, 44, 'ghgh', 66667, 'ghgh', 'AKTIF', 1, 37, '2020-05-13 21:20:04', '2020-05-13 21:30:13', 1, 1, 379),
(87, 'AFTER UPDATE', 26, 33, 'hhhh', 7777, 'hhhh', 'AKTIF', 1, 38, '2020-05-13 21:22:06', '2020-05-13 21:30:13', 1, 1, 380),
(88, 'AFTER UPDATE', 27, 66, 'eeee', 66666, 'eeeee', 'AKTIF', 1, 36, '2020-05-13 21:22:36', '2020-05-13 21:30:13', 1, 1, 381),
(89, 'AFTER UPDATE', 28, 333, 'abac', 123123, 'abc', 'AKTIF', 1, 39, '2020-05-13 21:23:10', '2020-05-13 21:30:13', 1, 1, 382),
(90, 'AFTER UPDATE', 25, 44, 'ghgh', 66667, 'ghgh', 'AKTIF', 1, 37, '2020-05-13 21:20:04', '2020-05-13 21:30:32', 1, 1, 384),
(91, 'AFTER UPDATE', 26, 33, 'hhhh', 7777, 'hhhh', 'AKTIF', 1, 38, '2020-05-13 21:22:06', '2020-05-13 21:30:32', 1, 1, 385),
(92, 'AFTER UPDATE', 27, 66, 'eeee', 66666, 'eeeee', 'AKTIF', 1, 36, '2020-05-13 21:22:36', '2020-05-13 21:30:32', 1, 1, 386),
(93, 'AFTER UPDATE', 28, 333, 'abac', 123123, 'abc', 'AKTIF', 1, 39, '2020-05-13 21:23:10', '2020-05-13 21:30:32', 1, 1, 387),
(94, 'AFTER UPDATE', 25, 44, 'ghgh', 66667, 'ghgh', 'AKTIF', 1, 37, '2020-05-13 21:20:04', '2020-05-13 21:30:43', 1, 1, 389),
(95, 'AFTER UPDATE', 26, 33, 'hhhh', 7777, 'hhhh', 'AKTIF', 1, 38, '2020-05-13 21:22:06', '2020-05-13 21:30:43', 1, 1, 390),
(96, 'AFTER UPDATE', 27, 66, 'eeee', 66666, 'eeeee', 'AKTIF', 1, 36, '2020-05-13 21:22:36', '2020-05-13 21:30:43', 1, 1, 391),
(97, 'AFTER UPDATE', 28, 333, 'abac', 123123, 'abc', 'AKTIF', 1, 39, '2020-05-13 21:23:10', '2020-05-13 21:30:43', 1, 1, 392),
(98, 'AFTER UPDATE', 25, 44, 'ghgh', 66667, 'ghgh', 'AKTIF', 1, 37, '2020-05-13 21:20:04', '2020-05-13 21:31:16', 1, 1, 394),
(99, 'AFTER UPDATE', 26, 33, 'hhhh', 7777, 'hhhh', 'AKTIF', 1, 38, '2020-05-13 21:22:06', '2020-05-13 21:31:16', 1, 1, 395),
(100, 'AFTER UPDATE', 27, 66, 'eeee', 66666, 'eeeee', 'AKTIF', 1, 36, '2020-05-13 21:22:36', '2020-05-13 21:31:16', 1, 1, 396),
(101, 'AFTER UPDATE', 28, 333, 'abac', 123123, 'abc', 'AKTIF', 1, 39, '2020-05-13 21:23:10', '2020-05-13 21:31:16', 1, 1, 397),
(102, 'AFTER UPDATE', 25, 44, 'ghgh', 66667, 'ghgh', 'AKTIF', 1, 37, '2020-05-13 21:20:04', '2020-05-13 21:34:19', 1, 1, 399),
(103, 'AFTER UPDATE', 26, 33, 'hhhh', 7777, 'hhhh', 'AKTIF', 1, 38, '2020-05-13 21:22:06', '2020-05-13 21:34:19', 1, 1, 400),
(104, 'AFTER UPDATE', 27, 66, 'eeee', 66666, 'eeeee', 'AKTIF', 1, 36, '2020-05-13 21:22:36', '2020-05-13 21:34:19', 1, 1, 401),
(105, 'AFTER UPDATE', 28, 333, 'abac', 123123, 'abc', 'AKTIF', 1, 39, '2020-05-13 21:23:10', '2020-05-13 21:34:19', 1, 1, 402),
(106, 'AFTER UPDATE', 25, 44, 'ghgh', 66667, 'ghgh', 'AKTIF', 1, 37, '2020-05-13 21:20:04', '2020-05-13 21:36:14', 1, 1, 404),
(107, 'AFTER UPDATE', 26, 33, 'hhhh', 7777, 'hhhh', 'AKTIF', 1, 38, '2020-05-13 21:22:06', '2020-05-13 21:36:14', 1, 1, 405),
(108, 'AFTER UPDATE', 27, 66, 'eeee', 66666, 'eeeee', 'AKTIF', 1, 36, '2020-05-13 21:22:36', '2020-05-13 21:36:14', 1, 1, 406),
(109, 'AFTER UPDATE', 28, 333, 'abac', 123123, 'abc', 'AKTIF', 1, 39, '2020-05-13 21:23:10', '2020-05-13 21:36:14', 1, 1, 407),
(110, 'AFTER UPDATE', 25, 44, 'ghgh', 66667, 'ghgh', 'AKTIF', 1, 37, '2020-05-13 21:20:04', '2020-05-13 21:39:09', 1, 1, 409),
(111, 'AFTER UPDATE', 26, 33, 'hhhh', 7777, 'hhhh', 'AKTIF', 1, 38, '2020-05-13 21:22:06', '2020-05-13 21:39:09', 1, 1, 410),
(112, 'AFTER UPDATE', 27, 66, 'eeee', 66666, 'eeeee', 'AKTIF', 1, 36, '2020-05-13 21:22:36', '2020-05-13 21:39:09', 1, 1, 411),
(113, 'AFTER UPDATE', 28, 333, 'abac', 123123, 'abc', 'AKTIF', 1, 39, '2020-05-13 21:23:10', '2020-05-13 21:39:09', 1, 1, 412),
(114, 'AFTER UPDATE', 25, 44, 'ghgh', 66667, 'ghgh', 'AKTIF', 1, 37, '2020-05-13 21:20:04', '2020-05-13 21:40:14', 1, 1, 415),
(115, 'AFTER UPDATE', 26, 33, 'hhhh', 7777, 'hhhh', 'AKTIF', 1, 38, '2020-05-13 21:22:06', '2020-05-13 21:40:14', 1, 1, 416),
(116, 'AFTER UPDATE', 27, 66, 'eeee', 66666, 'eeeee', 'AKTIF', 1, 36, '2020-05-13 21:22:36', '2020-05-13 21:40:14', 1, 1, 417),
(117, 'AFTER UPDATE', 28, 333, 'abac', 123123, 'abc', 'AKTIF', 1, 39, '2020-05-13 21:23:10', '2020-05-13 21:40:14', 1, 1, 418),
(118, 'AFTER UPDATE', 25, 44, 'ghgh', 66667, 'ghgh', 'AKTIF', 1, 37, '2020-05-13 21:20:04', '2020-05-13 21:40:24', 1, 1, 422),
(119, 'AFTER UPDATE', 26, 33, 'hhhh', 7777, 'hhhh', 'AKTIF', 1, 38, '2020-05-13 21:22:06', '2020-05-13 21:40:24', 1, 1, 423),
(120, 'AFTER UPDATE', 27, 66, 'eeee', 66666, 'eeeee', 'AKTIF', 1, 36, '2020-05-13 21:22:36', '2020-05-13 21:40:24', 1, 1, 424),
(121, 'AFTER UPDATE', 28, 333, 'abac', 123123, 'abc', 'AKTIF', 1, 39, '2020-05-13 21:23:10', '2020-05-13 21:40:24', 1, 1, 425),
(122, 'AFTER UPDATE', 25, 44, 'ghgh', 66667, 'ghgh', 'AKTIF', 1, 37, '2020-05-13 21:20:04', '2020-05-13 21:46:46', 1, 1, 427),
(123, 'AFTER UPDATE', 26, 33, 'hhhh', 7777, 'hhhh', 'AKTIF', 1, 38, '2020-05-13 21:22:06', '2020-05-13 21:46:46', 1, 1, 428),
(124, 'AFTER UPDATE', 27, 66, 'eeee', 66666, 'eeeee', 'AKTIF', 1, 36, '2020-05-13 21:22:36', '2020-05-13 21:46:46', 1, 1, 429),
(125, 'AFTER UPDATE', 28, 333, 'abac', 123123, 'abc', 'AKTIF', 1, 39, '2020-05-13 21:23:10', '2020-05-13 21:46:46', 1, 1, 430),
(126, 'AFTER UPDATE', 25, 44, 'ghgh', 66667, 'ghgh', 'AKTIF', 1, 37, '2020-05-13 21:20:04', '2020-05-13 21:47:34', 1, 1, 432),
(127, 'AFTER UPDATE', 26, 33, 'hhhh', 7777, 'hhhh', 'AKTIF', 1, 38, '2020-05-13 21:22:06', '2020-05-13 21:47:34', 1, 1, 433),
(128, 'AFTER UPDATE', 27, 66, 'eeee', 66666, 'eeeee', 'AKTIF', 1, 36, '2020-05-13 21:22:36', '2020-05-13 21:47:34', 1, 1, 434),
(129, 'AFTER UPDATE', 28, 333, 'abac', 123123, 'abc', 'AKTIF', 1, 39, '2020-05-13 21:23:10', '2020-05-13 21:47:34', 1, 1, 435),
(130, 'AFTER UPDATE', 25, 44, 'ghgh', 66667, 'ghgh', 'AKTIF', 1, 37, '2020-05-13 21:20:04', '2020-05-13 21:47:45', 1, 1, 437),
(131, 'AFTER UPDATE', 26, 33, 'hhhh', 7777, 'hhhh', 'AKTIF', 1, 38, '2020-05-13 21:22:06', '2020-05-13 21:47:45', 1, 1, 438),
(132, 'AFTER UPDATE', 27, 66, 'eeee', 66666, 'eeeee', 'AKTIF', 1, 36, '2020-05-13 21:22:36', '2020-05-13 21:47:45', 1, 1, 439),
(133, 'AFTER UPDATE', 28, 333, 'abac', 123123, 'abc', 'AKTIF', 1, 39, '2020-05-13 21:23:10', '2020-05-13 21:47:45', 1, 1, 440),
(134, 'AFTER UPDATE', 25, 44, 'ghgh', 66667, 'ghgh', 'AKTIF', 1, 37, '2020-05-13 21:20:04', '2020-05-13 21:48:10', 1, 1, 442),
(135, 'AFTER UPDATE', 26, 33, 'hhhh', 7777, 'hhhh', 'AKTIF', 1, 38, '2020-05-13 21:22:06', '2020-05-13 21:48:10', 1, 1, 443),
(136, 'AFTER UPDATE', 27, 66, 'eeee', 66666, 'eeeee', 'AKTIF', 1, 36, '2020-05-13 21:22:36', '2020-05-13 21:48:10', 1, 1, 444),
(137, 'AFTER UPDATE', 28, 333, 'abac', 123123, 'abc', 'AKTIF', 1, 39, '2020-05-13 21:23:10', '2020-05-13 21:48:10', 1, 1, 445),
(138, 'AFTER UPDATE', 25, 44, 'ghgh', 66667, 'ghgh', 'AKTIF', 1, 37, '2020-05-13 21:20:04', '2020-05-13 21:48:36', 1, 1, 447),
(139, 'AFTER UPDATE', 26, 33, 'hhhh', 7777, 'hhhh', 'AKTIF', 1, 38, '2020-05-13 21:22:06', '2020-05-13 21:48:36', 1, 1, 448),
(140, 'AFTER UPDATE', 27, 66, 'eeee', 66666, 'eeeee', 'AKTIF', 1, 36, '2020-05-13 21:22:36', '2020-05-13 21:48:36', 1, 1, 449),
(141, 'AFTER UPDATE', 28, 333, 'abac', 123123, 'abc', 'AKTIF', 1, 39, '2020-05-13 21:23:10', '2020-05-13 21:48:36', 1, 1, 450),
(142, 'AFTER UPDATE', 25, 44, 'ghgh', 66667, 'ghgh', 'AKTIF', 1, 37, '2020-05-13 21:20:04', '2020-05-13 21:49:52', 1, 1, 452),
(143, 'AFTER UPDATE', 26, 33, 'hhhh', 7777, 'hhhh', 'AKTIF', 1, 38, '2020-05-13 21:22:06', '2020-05-13 21:49:52', 1, 1, 453),
(144, 'AFTER UPDATE', 27, 66, 'eeee', 66666, 'eeeee', 'AKTIF', 1, 36, '2020-05-13 21:22:36', '2020-05-13 21:49:52', 1, 1, 454),
(145, 'AFTER UPDATE', 28, 333, 'abac', 123123, 'abc', 'AKTIF', 1, 39, '2020-05-13 21:23:10', '2020-05-13 21:49:52', 1, 1, 455),
(146, 'AFTER UPDATE', 25, 44, 'ghgh', 66667, 'ghgh', 'AKTIF', 1, 37, '2020-05-13 21:20:04', '2020-05-13 21:50:33', 1, 1, 457),
(147, 'AFTER UPDATE', 26, 33, 'hhhh', 7777, 'hhhh', 'AKTIF', 1, 38, '2020-05-13 21:22:06', '2020-05-13 21:50:33', 1, 1, 458),
(148, 'AFTER UPDATE', 27, 66, 'eeee', 66666, 'eeeee', 'AKTIF', 1, 36, '2020-05-13 21:22:36', '2020-05-13 21:50:33', 1, 1, 459),
(149, 'AFTER UPDATE', 28, 333, 'abac', 123123, 'abc', 'AKTIF', 1, 39, '2020-05-13 21:23:10', '2020-05-13 21:50:33', 1, 1, 460),
(150, 'AFTER UPDATE', 25, 44, 'ghgh', 66667, 'ghgh', 'AKTIF', 1, 37, '2020-05-13 21:20:04', '2020-05-13 21:51:39', 1, 1, 482),
(151, 'AFTER UPDATE', 26, 33, 'hhhh', 7777, 'hhhh', 'AKTIF', 1, 38, '2020-05-13 21:22:06', '2020-05-13 21:51:39', 1, 1, 483),
(152, 'AFTER UPDATE', 27, 66, 'eeee', 66666, 'eeeee', 'AKTIF', 1, 36, '2020-05-13 21:22:36', '2020-05-13 21:51:39', 1, 1, 484),
(153, 'AFTER UPDATE', 28, 333, 'abac', 123123, 'abc', 'AKTIF', 1, 39, '2020-05-13 21:23:10', '2020-05-13 21:51:39', 1, 1, 485),
(154, 'AFTER UPDATE', 28, 333, 'abac', 123123, 'abc', 'NONAKTIF', 1, 39, '2020-05-13 21:23:10', '2020-05-13 21:51:58', 1, 1, 513),
(155, 'AFTER UPDATE', 27, 66, 'eeee', 66666, 'eeeee', 'NONAKTIF', 1, 36, '2020-05-13 21:22:36', '2020-05-13 21:51:58', 1, 1, 514),
(156, 'AFTER UPDATE', 26, 33, 'hhhh', 7777, 'hhhh', 'NONAKTIF', 1, 38, '2020-05-13 21:22:06', '2020-05-13 21:51:58', 1, 1, 515),
(157, 'AFTER UPDATE', 25, 44, 'ghgh', 66667, 'ghgh', 'AKTIF', 1, 37, '2020-05-13 21:20:04', '2020-05-13 21:52:19', 1, 1, 517),
(158, 'AFTER INSERT', 29, 55, 'ccc', 3333, 'cccc', 'AKTIF', 1, 33, '2020-05-13 21:52:19', '2020-05-13 21:52:19', 1, 1, 518),
(159, 'AFTER UPDATE', 25, 44, 'ghghee', 6666722, 'ghghee', 'AKTIF', 1, 40, '2020-05-13 21:20:04', '2020-05-13 21:52:34', 1, 1, 524),
(160, 'AFTER UPDATE', 29, 55, 'ccc', 3333, 'cccc', 'AKTIF', 1, 33, '2020-05-13 21:52:19', '2020-05-13 21:52:34', 1, 1, 525),
(161, 'AFTER UPDATE', 4, 1, 'addbrgedit', 222, 'editaddbrgnotes', 'NONAKTIF', 2, 27, '2020-05-13 21:05:23', '2020-05-13 21:53:01', 1, 1, 529),
(162, 'AFTER UPDATE', 5, 1, 'addbrgedit', 222, 'editaddbrgnotes', 'NONAKTIF', 2, 27, '2020-05-13 21:05:38', '2020-05-13 21:53:02', 1, 1, 530),
(163, 'AFTER UPDATE', 5, 1, 'addbrgedit', 222, 'editaddbrgnotes', 'NONAKTIF', 2, 27, '2020-05-13 21:05:38', '2020-05-13 21:53:02', 1, 1, 531),
(164, 'AFTER UPDATE', 6, 1, 'addbrgedit', 222, 'editaddbrgnotes', 'NONAKTIF', 2, 27, '2020-05-13 21:05:44', '2020-05-13 21:53:02', 1, 1, 532),
(165, 'AFTER UPDATE', 7, 1, 'addbrgedit', 222, 'editaddbrgnotes', 'NONAKTIF', 2, 27, '2020-05-13 21:05:49', '2020-05-13 21:53:03', 1, 1, 533),
(166, 'AFTER UPDATE', 8, 1, 'addbrgedit', 222, 'editaddbrgnotes', 'NONAKTIF', 2, 27, '2020-05-13 21:05:55', '2020-05-13 21:53:03', 1, 1, 534),
(167, 'AFTER UPDATE', 9, 1, 'addbrgedit', 222, 'editaddbrgnotes', 'NONAKTIF', 2, 27, '2020-05-13 21:06:12', '2020-05-13 21:53:04', 1, 1, 535),
(168, 'AFTER UPDATE', 10, 1, 'addbrgedit', 222, 'editaddbrgnotes', 'NONAKTIF', 2, 27, '2020-05-13 21:06:41', '2020-05-13 21:53:05', 1, 1, 536),
(169, 'AFTER UPDATE', 11, 1, 'addbrgedit', 222, 'editaddbrgnotes', 'NONAKTIF', 2, 27, '2020-05-13 21:07:06', '2020-05-13 21:53:05', 1, 1, 537),
(170, 'AFTER UPDATE', 3, 1, 'addbrgedit', 222, 'editaddbrgnotes', 'AKTIF', 2, 27, '2020-05-13 21:03:41', '2020-05-13 21:53:13', 1, 1, 540),
(171, 'AFTER INSERT', 30, 111, 'sdf', 111, 'sdafa', 'AKTIF', 3, 41, '2020-05-13 22:01:03', '2020-05-13 22:01:03', 1, 1, 544),
(172, 'AFTER INSERT', 31, 123, 'afwe', 123, 'aewf', 'AKTIF', 4, 42, '2020-05-13 22:02:09', '2020-05-13 22:02:09', 1, 1, 549),
(173, 'AFTER INSERT', 32, 11, 'pcs', 123, 'nnotes', 'AKTIF', 1, 1, '2020-05-21 22:52:49', '2020-05-21 22:52:49', 1, 1, 888),
(174, 'AFTER INSERT', 33, 100, 'pcs', 10000, 'notes1', 'AKTIF', 2, 12, '2020-05-26 08:44:15', '2020-05-26 08:44:15', 1, 1, 1514),
(175, 'AFTER INSERT', 34, 20, 'Box', 10000, 'notes2', 'AKTIF', 2, 15, '2020-05-26 08:44:15', '2020-05-26 08:44:15', 1, 1, 1515),
(176, 'AFTER INSERT', 35, 1, 'pcs', 10000, 'notes1', 'AKTIF', 3, 6, '2020-05-26 08:44:35', '2020-05-26 08:44:35', 1, 1, 1517),
(177, 'AFTER INSERT', 36, 123, 'pcs', 123, '123', 'AKTIF', 4, 1, '2020-05-27 01:10:10', '2020-05-27 01:10:10', 1, 1, 1537),
(178, 'AFTER INSERT', 37, 124, 'cs', 123, '1233', 'AKTIF', 4, 7, '2020-05-27 01:10:10', '2020-05-27 01:10:10', 1, 1, 1538),
(179, 'AFTER UPDATE', 36, 123, 'pcs', 123, '123', 'AKTIF', 4, 1, '2020-05-27 01:10:10', '2020-06-03 10:13:29', 1, 1, 2245),
(180, 'AFTER UPDATE', 36, 123, 'pcs', 123, '123', 'AKTIF', 4, 1, '2020-05-27 01:10:10', '2020-06-03 10:15:24', 1, 1, 2252),
(181, 'AFTER UPDATE', 36, 123, 'pcs', 123, '123', 'AKTIF', 4, 1, '2020-05-27 01:10:10', '2020-06-03 10:15:42', 1, 1, 2257),
(182, 'AFTER UPDATE', 36, 123, 'pcs', 123, '123', 'AKTIF', 4, 1, '2020-05-27 01:10:10', '2020-06-03 10:16:46', 1, 1, 2262),
(183, 'AFTER INSERT', 38, 122, 'pcs', 150, 'notes', 'AKTIF', 4, 2, '2020-06-03 10:16:46', '2020-06-03 10:16:46', 1, 1, 2263),
(184, 'AFTER INSERT', 39, 2, 'pcs', 0, 'notes2', 'AKTIF', 6, 2, '2020-06-03 02:10:22', '2020-06-03 02:10:22', 1, 1, 2329),
(185, 'AFTER UPDATE', 39, 25, 'pcs', 0, 'notes2', 'AKTIF', 6, 2, '2020-06-03 02:10:22', '2020-06-03 02:10:35', 1, 1, 2332),
(186, 'AFTER UPDATE', 39, 25, 'pcs', 0, 'notes2', 'AKTIF', 6, 2, '2020-06-03 02:10:22', '2020-06-03 02:10:41', 1, 1, 2335),
(187, 'AFTER UPDATE', 39, 25, 'pcs', 1234, 'notes2', 'AKTIF', 6, 2, '2020-06-03 02:10:22', '2020-06-03 02:10:48', 1, 1, 2338),
(188, 'AFTER INSERT', 40, 100, 'pcs', 123, 'notes', 'AKTIF', 5, 2, '2020-06-04 12:36:36', '2020-06-04 12:36:36', 1, 1, 2341);

-- --------------------------------------------------------

--
-- 表的结构 `tbl_brg_pemenuhan`
--

CREATE TABLE `tbl_brg_pemenuhan` (
  `ID_PK_BRG_PEMENUHAN` int(11) NOT NULL,
  `BRG_PEMENUHAN_QTY` int(11) DEFAULT NULL,
  `BRG_PEMENUHAN_TIPE` varchar(9) DEFAULT NULL COMMENT 'WAREHOUSE/CABANG',
  `BRG_PEMENUHAN_STATUS` varchar(8) DEFAULT NULL COMMENT 'AKTIF/NONAKTIF',
  `ID_FK_BRG_PERMINTAAN` int(11) DEFAULT NULL,
  `ID_FK_CABANG` int(11) DEFAULT NULL,
  `ID_FK_WAREHOUSE` int(11) DEFAULT NULL,
  `BRG_PEMENUHAN_CREATE_DATE` datetime DEFAULT NULL,
  `BRG_PEMENUHAN_LAST_MODIFIED` datetime DEFAULT NULL,
  `ID_CREATE_DATA` int(11) DEFAULT NULL,
  `ID_LAST_MODIFIED` int(11) DEFAULT NULL
) ENGINE=InnoDB DEFAULT CHARSET=utf8mb4;

--
-- 触发器 `tbl_brg_pemenuhan`
--
DELIMITER $$
CREATE TRIGGER `TRG_AFTER_INSERT_BRG_PEMENUHAN` AFTER INSERT ON `tbl_brg_pemenuhan` FOR EACH ROW BEGIN
            SET @ID_USER = NEW.ID_LAST_MODIFIED;
            SET @TGL_ACTION = NEW.BRG_PEMENUHAN_LAST_MODIFIED;
            SET @LOG_TEXT = CONCAT(NEW.ID_LAST_MODIFIED,' ','INSERT DATA AT ' , NEW.BRG_PEMENUHAN_LAST_MODIFIED);
            CALL INSERT_LOG_ALL(@ID_USER,@TGL_ACTION,@LOG_TEXT,@ID_LOG_ALL);
            
            INSERT INTO TBL_BRG_PEMENUHAN_LOG(EXECUTED_FUNCTION,
            ID_PK_BRG_PEMENUHAN,
            BRG_PEMENUHAN_QTY,
            BRG_PEMENUHAN_TIPE,
            BRG_PEMENUHAN_STATUS,
            ID_FK_BRG_PERMINTAAN,
            ID_FK_CABANG,
            ID_FK_WAREHOUSE,
            BRG_PEMENUHAN_CREATE_DATE,
            BRG_PEMENUHAN_LAST_MODIFIED,
            ID_CREATE_DATA,
            ID_LAST_MODIFIED,
            ID_LOG_ALL) VALUES ('AFTER INSERT',
            NEW.ID_PK_BRG_PEMENUHAN,
            NEW.BRG_PEMENUHAN_QTY,
            NEW.BRG_PEMENUHAN_TIPE,
            BRG_PEMENUHAN_STATUS,
            NEW.ID_FK_BRG_PERMINTAAN,
            NEW.ID_FK_CABANG,
            NEW.ID_FK_WAREHOUSE,
            NEW.BRG_PEMENUHAN_CREATE_DATE,
            NEW.BRG_PEMENUHAN_LAST_MODIFIED,
            NEW.ID_CREATE_DATA,
            NEW.ID_LAST_MODIFIED
            ,@ID_LOG_ALL);
        END
$$
DELIMITER ;
DELIMITER $$
CREATE TRIGGER `TRG_AFTER_UPDATE_BRG_PEMENUHAN` AFTER UPDATE ON `tbl_brg_pemenuhan` FOR EACH ROW BEGIN
            SET @ID_USER = NEW.ID_LAST_MODIFIED;
            SET @TGL_ACTION = NEW.BRG_PEMENUHAN_LAST_MODIFIED;
            SET @LOG_TEXT = CONCAT(NEW.ID_LAST_MODIFIED,' ','UPDATE DATA AT ' , NEW.BRG_PEMENUHAN_LAST_MODIFIED);
            CALL INSERT_LOG_ALL(@ID_USER,@TGL_ACTION,@LOG_TEXT,@ID_LOG_ALL);
            
            INSERT INTO TBL_BRG_PEMENUHAN_LOG(EXECUTED_FUNCTION,
            ID_PK_BRG_PEMENUHAN,
            BRG_PEMENUHAN_QTY,
            BRG_PEMENUHAN_TIPE,
            BRG_PEMENUHAN_STATUS,
            ID_FK_BRG_PERMINTAAN,
            ID_FK_CABANG,
            ID_FK_WAREHOUSE,
            BRG_PEMENUHAN_CREATE_DATE,
            BRG_PEMENUHAN_LAST_MODIFIED,
            ID_CREATE_DATA,
            ID_LAST_MODIFIED,
            ID_LOG_ALL) VALUES ('AFTER INSERT',
            NEW.ID_PK_BRG_PEMENUHAN,
            NEW.BRG_PEMENUHAN_QTY,
            NEW.BRG_PEMENUHAN_TIPE,
            BRG_PEMENUHAN_STATUS,
            NEW.ID_FK_BRG_PERMINTAAN,
            NEW.ID_FK_CABANG,
            NEW.ID_FK_WAREHOUSE,
            NEW.BRG_PEMENUHAN_CREATE_DATE,
            NEW.BRG_PEMENUHAN_LAST_MODIFIED,
            NEW.ID_CREATE_DATA,
            NEW.ID_LAST_MODIFIED
            ,@ID_LOG_ALL);
        END
$$
DELIMITER ;

-- --------------------------------------------------------

--
-- 表的结构 `tbl_brg_pemenuhan_log`
--

CREATE TABLE `tbl_brg_pemenuhan_log` (
  `ID_PK_BRG_PEMENUHAN_LOG` int(11) NOT NULL,
  `EXECUTED_FUNCTION` varchar(30) DEFAULT NULL,
  `ID_PK_BRG_PEMENUHAN` int(11) DEFAULT NULL,
  `BRG_PEMENUHAN_QTY` int(11) DEFAULT NULL,
  `BRG_PEMENUHAN_TIPE` varchar(9) DEFAULT NULL COMMENT 'WAREHOUSE/CABANG',
  `BRG_PEMENUHAN_STATUS` varchar(8) DEFAULT NULL COMMENT 'AKTIF/NONAKTIF',
  `ID_FK_BRG_PERMINTAAN` int(11) DEFAULT NULL,
  `ID_FK_CABANG` int(11) DEFAULT NULL,
  `ID_FK_WAREHOUSE` int(11) DEFAULT NULL,
  `BRG_PEMENUHAN_CREATE_DATE` datetime DEFAULT NULL,
  `BRG_PEMENUHAN_LAST_MODIFIED` datetime DEFAULT NULL,
  `ID_CREATE_DATA` int(11) DEFAULT NULL,
  `ID_LAST_MODIFIED` int(11) DEFAULT NULL,
  `ID_LOG_ALL` int(11) DEFAULT NULL
) ENGINE=InnoDB DEFAULT CHARSET=utf8mb4;

-- --------------------------------------------------------

--
-- 表的结构 `tbl_brg_penerimaan`
--

CREATE TABLE `tbl_brg_penerimaan` (
  `id_pk_brg_penerimaan` int(11) NOT NULL,
  `brg_penerimaan_qty` double DEFAULT NULL,
  `brg_penerimaan_note` varchar(200) DEFAULT NULL,
  `id_fk_penerimaan` int(11) DEFAULT NULL,
  `id_fk_brg_pembelian` int(11) DEFAULT NULL,
  `id_fk_satuan` int(11) DEFAULT NULL,
  `brg_penerimaan_create_date` datetime DEFAULT NULL,
  `brg_penerimaan_last_modified` datetime DEFAULT NULL,
  `id_create_data` int(11) DEFAULT NULL,
  `id_last_modified` int(11) DEFAULT NULL
) ENGINE=InnoDB DEFAULT CHARSET=utf8mb4;

--
-- 转存表中的数据 `tbl_brg_penerimaan`
--

INSERT INTO `tbl_brg_penerimaan` (`id_pk_brg_penerimaan`, `brg_penerimaan_qty`, `brg_penerimaan_note`, `id_fk_penerimaan`, `id_fk_brg_pembelian`, `id_fk_satuan`, `brg_penerimaan_create_date`, `brg_penerimaan_last_modified`, `id_create_data`, `id_last_modified`) VALUES
(1, 0, 'notes3', 32, 40, 2, '2020-06-04 03:17:00', '2020-06-04 03:19:32', 1, 1);

--
-- 触发器 `tbl_brg_penerimaan`
--
DELIMITER $$
CREATE TRIGGER `trg_after_insert_brg_penerimaan` AFTER INSERT ON `tbl_brg_penerimaan` FOR EACH ROW begin
            set @id_user = new.id_last_modified;
            set @tgl_action = new.brg_penerimaan_last_modified;
            set @log_text = concat(new.id_last_modified,' ','insert data at' , new.brg_penerimaan_last_modified);
            call insert_log_all(@id_user,@tgl_action,@log_text,@id_log_all);
            
            insert into tbl_brg_penerimaan_log(executed_function,id_pk_brg_penerimaan,brg_penerimaan_qty,brg_penerimaan_note,id_fk_penerimaan,id_fk_brg_pembelian,id_fk_satuan,brg_penerimaan_create_date,brg_penerimaan_last_modified,id_create_data,id_last_modified,id_log_all) values ('after insert',new.id_pk_brg_penerimaan,new.brg_penerimaan_qty,new.brg_penerimaan_note,new.id_fk_penerimaan,new.id_fk_brg_pembelian,new.id_fk_satuan,new.brg_penerimaan_create_date,new.brg_penerimaan_last_modified,new.id_create_data,new.id_last_modified,@id_log_all);

            set @id_cabang = 0;
            set @id_barang = 0;
            set @id_warehouse = 0;
            set @brg_penerimaan_qty = new.brg_penerimaan_qty;
            set @id_satuan_terima = new.id_fk_satuan;
            select id_fk_cabang, id_fk_barang, id_fk_warehouse into @id_cabang,@id_barang,@id_warehouse from tbl_brg_penerimaan
            inner join tbl_brg_pembelian on tbl_brg_pembelian.id_pk_brg_pembelian = tbl_brg_penerimaan.ID_FK_BRG_PEMBELIAN
            inner join mstr_penerimaan on mstr_penerimaan.id_pk_penerimaan = tbl_brg_penerimaan.id_fk_penerimaan
            where id_pk_brg_penerimaan = new.id_pk_brg_penerimaan;

            if @id_warehouse is not null then
            call update_stok_barang_warehouse(@id_barang,@id_warehouse,@brg_penerimaan_qty,@id_satuan_terima,0,0);
            elseif @id_cabang is not null then 
            call update_stok_barang_cabang(@id_barang,@id_cabang,@brg_penerimaan_qty,@id_satuan_terima,0,0);
            end if;

        end
$$
DELIMITER ;
DELIMITER $$
CREATE TRIGGER `trg_after_update_brg_penerimaan` AFTER UPDATE ON `tbl_brg_penerimaan` FOR EACH ROW begin
            set @id_user = new.id_last_modified;
            set @tgl_action = new.brg_penerimaan_last_modified;
            set @log_text = concat(new.id_last_modified,' ','update data at' , new.brg_penerimaan_last_modified);
            call insert_log_all(@id_user,@tgl_action,@log_text,@id_log_all);
            
            insert into tbl_brg_penerimaan_log(executed_function,id_pk_brg_penerimaan,brg_penerimaan_qty,brg_penerimaan_note,id_fk_penerimaan,id_fk_brg_pembelian,id_fk_satuan,brg_penerimaan_create_date,brg_penerimaan_last_modified,id_create_data,id_last_modified,id_log_all) values ('after update',new.id_pk_brg_penerimaan,new.brg_penerimaan_qty,new.brg_penerimaan_note,new.id_fk_penerimaan,new.id_fk_brg_pembelian,new.id_fk_satuan,new.brg_penerimaan_create_date,new.brg_penerimaan_last_modified,new.id_create_data,new.id_last_modified,@id_log_all);

            set @id_cabang = 0;
            set @id_barang = 0;
            set @id_warehouse = 0;
            set @brg_penerimaan_qty = new.brg_penerimaan_qty;
            set @id_satuan_terima = new.id_fk_satuan;
            set @brg_keluar_qty = old.brg_penerimaan_qty;
            set @id_satuan_keluar = old.id_fk_satuan;

            select id_fk_cabang, id_fk_barang,id_fk_warehouse into @id_cabang, @id_barang,@id_warehouse from tbl_brg_penerimaan
            inner join tbl_brg_pembelian on tbl_brg_pembelian.id_pk_brg_pembelian = tbl_brg_penerimaan.ID_FK_BRG_PEMBELIAN
            inner join mstr_penerimaan on mstr_penerimaan.id_pk_penerimaan = tbl_brg_penerimaan.id_fk_penerimaan
            where id_pk_brg_penerimaan = new.id_pk_brg_penerimaan;
            
            if @id_warehouse is not null then
            call update_stok_barang_warehouse(@id_barang,@id_warehouse,@brg_penerimaan_qty,@id_satuan_terima,@brg_keluar_qty,@id_satuan_keluar);
            elseif @id_cabang is not null then 
            call update_stok_barang_cabang(@id_barang,@id_cabang,@brg_penerimaan_qty,@id_satuan_terima,@brg_keluar_qty,@id_satuan_keluar);
            end if;

        end
$$
DELIMITER ;

-- --------------------------------------------------------

--
-- 表的结构 `tbl_brg_penerimaan_log`
--

CREATE TABLE `tbl_brg_penerimaan_log` (
  `id_pk_brg_penerimaan_log` int(11) NOT NULL,
  `executed_function` varchar(30) DEFAULT NULL,
  `id_pk_brg_penerimaan` int(11) DEFAULT NULL,
  `brg_penerimaan_qty` double DEFAULT NULL,
  `brg_penerimaan_note` varchar(200) DEFAULT NULL,
  `id_fk_penerimaan` int(11) DEFAULT NULL,
  `id_fk_brg_pembelian` int(11) DEFAULT NULL,
  `id_fk_satuan` int(11) DEFAULT NULL,
  `brg_penerimaan_create_date` datetime DEFAULT NULL,
  `brg_penerimaan_last_modified` datetime DEFAULT NULL,
  `id_create_data` int(11) DEFAULT NULL,
  `id_last_modified` int(11) DEFAULT NULL,
  `id_log_all` int(11) DEFAULT NULL
) ENGINE=InnoDB DEFAULT CHARSET=utf8mb4;

--
-- 转存表中的数据 `tbl_brg_penerimaan_log`
--

INSERT INTO `tbl_brg_penerimaan_log` (`id_pk_brg_penerimaan_log`, `executed_function`, `id_pk_brg_penerimaan`, `brg_penerimaan_qty`, `brg_penerimaan_note`, `id_fk_penerimaan`, `id_fk_brg_pembelian`, `id_fk_satuan`, `brg_penerimaan_create_date`, `brg_penerimaan_last_modified`, `id_create_data`, `id_last_modified`, `id_log_all`) VALUES
(1, 'after insert', 1, 80, 'notes3', 32, 40, 2, '2020-06-04 03:17:00', '2020-06-04 03:17:00', 1, 1, 2391),
(3, 'after update', 1, 0, 'notes3', 32, 40, 2, '2020-06-04 03:17:00', '2020-06-04 03:19:32', 1, 1, 2396);

-- --------------------------------------------------------

--
-- 表的结构 `tbl_brg_pengiriman`
--

CREATE TABLE `tbl_brg_pengiriman` (
  `id_pk_brg_pengiriman` int(11) NOT NULL,
  `brg_pengiriman_qty` double DEFAULT NULL,
  `brg_pengiriman_note` varchar(200) DEFAULT NULL,
  `id_fk_pengiriman` int(11) DEFAULT NULL,
  `id_fk_brg_penjualan` int(11) DEFAULT NULL,
  `id_fk_satuan` int(11) DEFAULT NULL,
  `brg_pengiriman_create_date` datetime DEFAULT NULL,
  `brg_pengiriman_last_modified` datetime DEFAULT NULL,
  `id_create_data` int(11) DEFAULT NULL,
  `id_last_modified` int(11) DEFAULT NULL
) ENGINE=InnoDB DEFAULT CHARSET=utf8mb4;

--
-- 转存表中的数据 `tbl_brg_pengiriman`
--

INSERT INTO `tbl_brg_pengiriman` (`id_pk_brg_pengiriman`, `brg_pengiriman_qty`, `brg_pengiriman_note`, `id_fk_pengiriman`, `id_fk_brg_penjualan`, `id_fk_satuan`, `brg_pengiriman_create_date`, `brg_pengiriman_last_modified`, `id_create_data`, `id_last_modified`) VALUES
(1, 12, '-', 2, 11, 3, '2020-06-03 10:10:57', '2020-06-03 10:10:57', 1, 1),
(2, 15, '-', 2, 12, 3, '2020-06-03 10:10:57', '2020-06-03 10:10:57', 1, 1),
(3, 0, '', 2, 14, 3, '2020-06-03 10:10:57', '2020-06-03 10:10:57', 1, 1),
(4, 0, '', 2, 15, 3, '2020-06-03 10:10:57', '2020-06-03 10:10:57', 1, 1),
(5, 0, '', 2, 16, 3, '2020-06-03 10:10:57', '2020-06-03 10:10:57', 1, 1),
(6, 0, '', 2, 17, 3, '2020-06-03 10:10:57', '2020-06-03 10:10:57', 1, 1),
(7, 0, '', 2, 18, 3, '2020-06-03 10:10:57', '2020-06-03 10:10:57', 1, 1),
(8, 0, '', 2, 20, 3, '2020-06-03 10:10:57', '2020-06-03 10:10:57', 1, 1),
(9, 0, '', 2, 21, 3, '2020-06-03 10:10:57', '2020-06-03 10:10:57', 1, 1),
(10, 0, '', 2, 22, 3, '2020-06-03 10:10:57', '2020-06-03 10:10:57', 1, 1),
(11, 0, '', 2, 23, 3, '2020-06-03 10:10:57', '2020-06-03 10:10:57', 1, 1),
(12, 0, '', 2, 24, 3, '2020-06-03 10:10:57', '2020-06-03 10:10:57', 1, 1),
(13, 0, '', 2, 26, 3, '2020-06-03 10:10:57', '2020-06-03 10:10:57', 1, 1),
(14, 0, '', 2, 27, 3, '2020-06-03 10:10:57', '2020-06-03 10:10:57', 1, 1),
(15, 0, '', 2, 28, 3, '2020-06-03 10:10:57', '2020-06-03 10:10:57', 1, 1),
(16, 0, '', 2, 29, 3, '2020-06-03 10:10:57', '2020-06-03 10:10:57', 1, 1),
(17, 0, '', 2, 30, 3, '2020-06-03 10:10:57', '2020-06-03 10:10:57', 1, 1),
(18, 0, '', 2, 32, 3, '2020-06-03 10:10:57', '2020-06-03 10:10:57', 1, 1),
(19, 0, '', 2, 33, 3, '2020-06-03 10:10:57', '2020-06-03 10:10:57', 1, 1),
(20, 0, '', 2, 34, 3, '2020-06-03 10:10:57', '2020-06-03 10:10:57', 1, 1),
(21, 0, '', 2, 35, 3, '2020-06-03 10:10:57', '2020-06-03 10:10:57', 1, 1),
(22, 0, '', 2, 36, 3, '2020-06-03 10:10:57', '2020-06-03 10:10:57', 1, 1),
(23, 12, '-', 3, 37, 3, '2020-06-03 10:24:59', '2020-06-03 10:24:59', 1, 1),
(24, 102, 'notes12', 4, 7, 2, '2020-06-03 10:26:35', '2020-06-03 01:48:53', 1, 1),
(25, 152, 'notes22', 4, 37, 3, '2020-06-03 10:26:35', '2020-06-03 01:48:53', 1, 1),
(26, 1, '-', 5, 7, 3, '2020-06-04 02:49:11', '2020-06-04 02:49:51', 1, 1);

--
-- 触发器 `tbl_brg_pengiriman`
--
DELIMITER $$
CREATE TRIGGER `trg_after_insert_brg_pengiriman` AFTER INSERT ON `tbl_brg_pengiriman` FOR EACH ROW begin
            set @id_user = new.id_last_modified;
            set @tgl_action = new.brg_pengiriman_last_modified;
            set @log_text = concat(new.id_last_modified,' ','insert data at' , new.brg_pengiriman_last_modified);
            call insert_log_all(@id_user,@tgl_action,@log_text,@id_log_all);
            
            insert into tbl_brg_pengiriman_log(executed_function,id_pk_brg_pengiriman,brg_pengiriman_qty,brg_pengiriman_note,id_fk_pengiriman,id_fk_brg_penjualan,id_fk_satuan,brg_pengiriman_create_date,brg_pengiriman_last_modified,id_create_data,id_last_modified,id_log_all) values ('after insert',new.id_pk_brg_pengiriman,new.brg_pengiriman_qty,new.brg_pengiriman_note,new.id_fk_pengiriman,new.id_fk_brg_penjualan,new.id_fk_satuan,new.brg_pengiriman_create_date,new.brg_pengiriman_last_modified,new.id_create_data,new.id_last_modified,@id_log_all);
            
            set @id_cabang = 0;
            set @id_barang = 0;
            set @brg_pengiriman_qty = new.brg_pengiriman_qty;
            set @id_satuan_kirim = new.id_fk_satuan;
            
            select id_fk_cabang, id_fk_barang into @id_cabang, @id_barang 
            from tbl_brg_pengiriman
            inner join tbl_brg_penjualan on tbl_brg_penjualan.id_pk_brg_penjualan = tbl_brg_pengiriman.id_fk_brg_penjualan
            inner join mstr_penjualan on mstr_penjualan.id_pk_penjualan = tbl_brg_penjualan.id_fk_penjualan
            where id_pk_brg_pengiriman = new.id_pk_brg_pengiriman;
            call update_stok_barang_cabang(@id_barang,@id_cabang,0,0,@brg_pengiriman_qty,@id_satuan_kirim);
        end
$$
DELIMITER ;
DELIMITER $$
CREATE TRIGGER `trg_after_update_brg_pengiriman` AFTER UPDATE ON `tbl_brg_pengiriman` FOR EACH ROW begin
            set @id_user = new.id_last_modified;
            set @tgl_action = new.brg_pengiriman_last_modified;
            set @log_text = concat(new.id_last_modified,' ','update data at' , new.brg_pengiriman_last_modified);
            call insert_log_all(@id_user,@tgl_action,@log_text,@id_log_all);
            
            insert into tbl_brg_pengiriman_log(executed_function,id_pk_brg_pengiriman,brg_pengiriman_qty,brg_pengiriman_note,id_fk_pengiriman,id_fk_brg_penjualan,id_fk_satuan,brg_pengiriman_create_date,brg_pengiriman_last_modified,id_create_data,id_last_modified,id_log_all) values ('after update',new.id_pk_brg_pengiriman,new.brg_pengiriman_qty,new.brg_pengiriman_note,new.id_fk_pengiriman,new.id_fk_brg_penjualan,new.id_fk_satuan,new.brg_pengiriman_create_date,new.brg_pengiriman_last_modified,new.id_create_data,new.id_last_modified,@id_log_all);
            
            set @id_cabang = 0;
            set @id_barang = 0;
            set @brg_keluar_qty = new.brg_pengiriman_qty;
            set @id_satuan_keluar = new.id_fk_satuan;
            set @brg_penerimaan_qty = old.brg_pengiriman_qty;
            set @id_satuan_terima = old.id_fk_satuan;

            select id_fk_cabang, id_fk_barang into @id_cabang, @id_barang 
            from tbl_brg_pengiriman
            inner join tbl_brg_penjualan on tbl_brg_penjualan.id_pk_brg_penjualan = tbl_brg_pengiriman.id_fk_brg_penjualan
            inner join mstr_penjualan on mstr_penjualan.id_pk_penjualan = tbl_brg_penjualan.id_fk_penjualan
            where id_pk_brg_pengiriman = new.id_pk_brg_pengiriman;
            call update_stok_barang_cabang(@id_barang,@id_cabang,@brg_penerimaan_qty,@id_satuan_terima,@brg_keluar_qty,@id_satuan_keluar);
        end
$$
DELIMITER ;

-- --------------------------------------------------------

--
-- 表的结构 `tbl_brg_pengiriman_log`
--

CREATE TABLE `tbl_brg_pengiriman_log` (
  `id_pk_brg_pengiriman_log` int(11) NOT NULL,
  `executed_function` varchar(30) DEFAULT NULL,
  `id_pk_brg_pengiriman` int(11) DEFAULT NULL,
  `brg_pengiriman_qty` double DEFAULT NULL,
  `brg_pengiriman_note` varchar(200) DEFAULT NULL,
  `id_fk_pengiriman` int(11) DEFAULT NULL,
  `id_fk_brg_penjualan` int(11) DEFAULT NULL,
  `id_fk_satuan` int(11) DEFAULT NULL,
  `brg_pengiriman_create_date` datetime DEFAULT NULL,
  `brg_pengiriman_last_modified` datetime DEFAULT NULL,
  `id_create_data` int(11) DEFAULT NULL,
  `id_last_modified` int(11) DEFAULT NULL,
  `id_log_all` int(11) DEFAULT NULL
) ENGINE=InnoDB DEFAULT CHARSET=utf8mb4;

--
-- 转存表中的数据 `tbl_brg_pengiriman_log`
--

INSERT INTO `tbl_brg_pengiriman_log` (`id_pk_brg_pengiriman_log`, `executed_function`, `id_pk_brg_pengiriman`, `brg_pengiriman_qty`, `brg_pengiriman_note`, `id_fk_pengiriman`, `id_fk_brg_penjualan`, `id_fk_satuan`, `brg_pengiriman_create_date`, `brg_pengiriman_last_modified`, `id_create_data`, `id_last_modified`, `id_log_all`) VALUES
(1, 'after insert', 1, 12, '-', 2, 11, 2, '2020-06-03 10:10:57', '2020-06-03 10:10:57', 1, 1, 2222),
(2, 'after insert', 2, 15, '-', 2, 12, 3, '2020-06-03 10:10:57', '2020-06-03 10:10:57', 1, 1, 2223),
(3, 'after insert', 3, 0, '', 2, 14, 2, '2020-06-03 10:10:57', '2020-06-03 10:10:57', 1, 1, 2224),
(4, 'after insert', 4, 0, '', 2, 15, 2, '2020-06-03 10:10:57', '2020-06-03 10:10:57', 1, 1, 2225),
(5, 'after insert', 5, 0, '', 2, 16, 2, '2020-06-03 10:10:57', '2020-06-03 10:10:57', 1, 1, 2226),
(6, 'after insert', 6, 0, '', 2, 17, 2, '2020-06-03 10:10:57', '2020-06-03 10:10:57', 1, 1, 2227),
(7, 'after insert', 7, 0, '', 2, 18, 2, '2020-06-03 10:10:57', '2020-06-03 10:10:57', 1, 1, 2228),
(8, 'after insert', 8, 0, '', 2, 20, 2, '2020-06-03 10:10:57', '2020-06-03 10:10:57', 1, 1, 2229),
(9, 'after insert', 9, 0, '', 2, 21, 2, '2020-06-03 10:10:57', '2020-06-03 10:10:57', 1, 1, 2230),
(10, 'after insert', 10, 0, '', 2, 22, 2, '2020-06-03 10:10:57', '2020-06-03 10:10:57', 1, 1, 2231),
(11, 'after insert', 11, 0, '', 2, 23, 2, '2020-06-03 10:10:57', '2020-06-03 10:10:57', 1, 1, 2232),
(12, 'after insert', 12, 0, '', 2, 24, 2, '2020-06-03 10:10:57', '2020-06-03 10:10:57', 1, 1, 2233),
(13, 'after insert', 13, 0, '', 2, 26, 2, '2020-06-03 10:10:57', '2020-06-03 10:10:57', 1, 1, 2234),
(14, 'after insert', 14, 0, '', 2, 27, 2, '2020-06-03 10:10:57', '2020-06-03 10:10:57', 1, 1, 2235),
(15, 'after insert', 15, 0, '', 2, 28, 2, '2020-06-03 10:10:57', '2020-06-03 10:10:57', 1, 1, 2236),
(16, 'after insert', 16, 0, '', 2, 29, 2, '2020-06-03 10:10:57', '2020-06-03 10:10:57', 1, 1, 2237),
(17, 'after insert', 17, 0, '', 2, 30, 2, '2020-06-03 10:10:57', '2020-06-03 10:10:57', 1, 1, 2238),
(18, 'after insert', 18, 0, '', 2, 32, 2, '2020-06-03 10:10:57', '2020-06-03 10:10:57', 1, 1, 2239),
(19, 'after insert', 19, 0, '', 2, 33, 2, '2020-06-03 10:10:57', '2020-06-03 10:10:57', 1, 1, 2240),
(20, 'after insert', 20, 0, '', 2, 34, 2, '2020-06-03 10:10:57', '2020-06-03 10:10:57', 1, 1, 2241),
(21, 'after insert', 21, 0, '', 2, 35, 2, '2020-06-03 10:10:57', '2020-06-03 10:10:57', 1, 1, 2242),
(22, 'after insert', 22, 0, '', 2, 36, 2, '2020-06-03 10:10:57', '2020-06-03 10:10:57', 1, 1, 2243),
(23, 'after insert', 23, 12, '-', 3, 37, 3, '2020-06-03 10:24:59', '2020-06-03 10:24:59', 1, 1, 2280),
(24, 'after insert', 24, 10, 'notes1', 4, 7, 2, '2020-06-03 10:26:35', '2020-06-03 10:26:35', 1, 1, 2282),
(25, 'after insert', 25, 15, 'notes2', 4, 37, 3, '2020-06-03 10:26:35', '2020-06-03 10:26:35', 1, 1, 2283),
(26, 'after update', 24, 102, 'notes12', 4, 7, 3, '2020-06-03 10:26:35', '2020-06-03 01:14:32', 1, 1, 2285),
(27, 'after update', 25, 152, 'notes22', 4, 37, 3, '2020-06-03 10:26:35', '2020-06-03 01:14:32', 1, 1, 2286),
(28, 'after update', 24, 102, 'notes12', 4, 7, 3, '2020-06-03 10:26:35', '2020-06-03 01:30:48', 1, 1, 2288),
(29, 'after update', 25, 152, 'notes22', 4, 37, 3, '2020-06-03 10:26:35', '2020-06-03 01:30:48', 1, 1, 2289),
(30, 'after update', 24, 102, 'notes12', 4, 7, 0, '2020-06-03 10:26:35', '2020-06-03 01:43:56', 1, 1, 2291),
(31, 'after update', 25, 152, 'notes22', 4, 37, 0, '2020-06-03 10:26:35', '2020-06-03 01:43:56', 1, 1, 2292),
(32, 'after update', 1, 12, '-', 2, 11, 3, '2020-06-03 10:10:57', '2020-06-03 10:10:57', 1, 1, 2293),
(33, 'after update', 2, 15, '-', 2, 12, 3, '2020-06-03 10:10:57', '2020-06-03 10:10:57', 1, 1, 2294),
(34, 'after update', 3, 0, '', 2, 14, 3, '2020-06-03 10:10:57', '2020-06-03 10:10:57', 1, 1, 2295),
(35, 'after update', 4, 0, '', 2, 15, 3, '2020-06-03 10:10:57', '2020-06-03 10:10:57', 1, 1, 2296),
(36, 'after update', 5, 0, '', 2, 16, 3, '2020-06-03 10:10:57', '2020-06-03 10:10:57', 1, 1, 2297),
(37, 'after update', 6, 0, '', 2, 17, 3, '2020-06-03 10:10:57', '2020-06-03 10:10:57', 1, 1, 2298),
(38, 'after update', 7, 0, '', 2, 18, 3, '2020-06-03 10:10:57', '2020-06-03 10:10:57', 1, 1, 2299),
(39, 'after update', 8, 0, '', 2, 20, 3, '2020-06-03 10:10:57', '2020-06-03 10:10:57', 1, 1, 2300),
(40, 'after update', 9, 0, '', 2, 21, 3, '2020-06-03 10:10:57', '2020-06-03 10:10:57', 1, 1, 2301),
(41, 'after update', 10, 0, '', 2, 22, 3, '2020-06-03 10:10:57', '2020-06-03 10:10:57', 1, 1, 2302),
(42, 'after update', 11, 0, '', 2, 23, 3, '2020-06-03 10:10:57', '2020-06-03 10:10:57', 1, 1, 2303),
(43, 'after update', 12, 0, '', 2, 24, 3, '2020-06-03 10:10:57', '2020-06-03 10:10:57', 1, 1, 2304),
(44, 'after update', 13, 0, '', 2, 26, 3, '2020-06-03 10:10:57', '2020-06-03 10:10:57', 1, 1, 2305),
(45, 'after update', 14, 0, '', 2, 27, 3, '2020-06-03 10:10:57', '2020-06-03 10:10:57', 1, 1, 2306),
(46, 'after update', 15, 0, '', 2, 28, 3, '2020-06-03 10:10:57', '2020-06-03 10:10:57', 1, 1, 2307),
(47, 'after update', 16, 0, '', 2, 29, 3, '2020-06-03 10:10:57', '2020-06-03 10:10:57', 1, 1, 2308),
(48, 'after update', 17, 0, '', 2, 30, 3, '2020-06-03 10:10:57', '2020-06-03 10:10:57', 1, 1, 2309),
(49, 'after update', 18, 0, '', 2, 32, 3, '2020-06-03 10:10:57', '2020-06-03 10:10:57', 1, 1, 2310),
(50, 'after update', 19, 0, '', 2, 33, 3, '2020-06-03 10:10:57', '2020-06-03 10:10:57', 1, 1, 2311),
(51, 'after update', 20, 0, '', 2, 34, 3, '2020-06-03 10:10:57', '2020-06-03 10:10:57', 1, 1, 2312),
(52, 'after update', 21, 0, '', 2, 35, 3, '2020-06-03 10:10:57', '2020-06-03 10:10:57', 1, 1, 2313),
(53, 'after update', 22, 0, '', 2, 36, 3, '2020-06-03 10:10:57', '2020-06-03 10:10:57', 1, 1, 2314),
(54, 'after update', 23, 12, '-', 3, 37, 3, '2020-06-03 10:24:59', '2020-06-03 10:24:59', 1, 1, 2315),
(55, 'after update', 24, 102, 'notes12', 4, 7, 3, '2020-06-03 10:26:35', '2020-06-03 01:43:56', 1, 1, 2316),
(56, 'after update', 25, 152, 'notes22', 4, 37, 3, '2020-06-03 10:26:35', '2020-06-03 01:43:56', 1, 1, 2317),
(57, 'after update', 24, 102, 'notes12', 4, 7, 2, '2020-06-03 10:26:35', '2020-06-03 01:48:47', 1, 1, 2319),
(58, 'after update', 25, 152, 'notes22', 4, 37, 2, '2020-06-03 10:26:35', '2020-06-03 01:48:47', 1, 1, 2320),
(59, 'after update', 24, 102, 'notes12', 4, 7, 2, '2020-06-03 10:26:35', '2020-06-03 01:48:53', 1, 1, 2322),
(60, 'after update', 25, 152, 'notes22', 4, 37, 3, '2020-06-03 10:26:35', '2020-06-03 01:48:53', 1, 1, 2323),
(61, 'after insert', 26, 1, '-', 5, 7, 3, '2020-06-04 02:49:11', '2020-06-04 02:49:11', 1, 1, 2359),
(62, 'after update', 26, 2, '-', 5, 7, 3, '2020-06-04 02:49:11', '2020-06-04 02:49:44', 1, 1, 2362),
(63, 'after update', 26, 1, '-', 5, 7, 3, '2020-06-04 02:49:11', '2020-06-04 02:49:51', 1, 1, 2365);

-- --------------------------------------------------------

--
-- 表的结构 `tbl_brg_penjualan`
--

CREATE TABLE `tbl_brg_penjualan` (
  `ID_PK_BRG_PENJUALAN` int(11) NOT NULL,
  `BRG_PENJUALAN_QTY` double DEFAULT NULL,
  `BRG_PENJUALAN_SATUAN` varchar(20) DEFAULT NULL,
  `BRG_PENJUALAN_HARGA` int(11) DEFAULT NULL,
  `BRG_PENJUALAN_NOTE` varchar(150) DEFAULT NULL,
  `BRG_PENJUALAN_STATUS` varchar(15) DEFAULT NULL,
  `ID_FK_PENJUALAN` int(11) DEFAULT NULL,
  `ID_FK_BARANG` int(11) DEFAULT NULL,
  `BRG_PENJUALAN_CREATE_DATE` datetime DEFAULT NULL,
  `BRG_PENJUALAN_LAST_MODIFIED` datetime DEFAULT NULL,
  `ID_CREATE_DATA` int(11) DEFAULT NULL,
  `ID_LAST_MODIFIED` int(11) DEFAULT NULL
) ENGINE=InnoDB DEFAULT CHARSET=utf8mb4;

--
-- 转存表中的数据 `tbl_brg_penjualan`
--

INSERT INTO `tbl_brg_penjualan` (`ID_PK_BRG_PENJUALAN`, `BRG_PENJUALAN_QTY`, `BRG_PENJUALAN_SATUAN`, `BRG_PENJUALAN_HARGA`, `BRG_PENJUALAN_NOTE`, `BRG_PENJUALAN_STATUS`, `ID_FK_PENJUALAN`, `ID_FK_BARANG`, `BRG_PENJUALAN_CREATE_DATE`, `BRG_PENJUALAN_LAST_MODIFIED`, `ID_CREATE_DATA`, `ID_LAST_MODIFIED`) VALUES
(1, 12, 'Pcs', 123, 'note1', 'AKTIF', 3, 15, '2020-05-26 15:03:01', '2020-05-26 15:03:01', 1, 1),
(2, 1, 'pcs', 123, 'notes2', 'AKTIF', 4, 9, '2020-05-26 15:03:23', '2020-05-26 15:03:23', 1, 1),
(3, 1, 'pcs', 123, 'notes', 'AKTIF', 9, 9, '2020-05-26 16:29:50', '2020-05-26 16:30:49', 1, 1),
(4, 2, 'pcs', 122, 'notes2', 'NONAKTIF', 9, 1, '2020-05-26 16:30:16', '2020-05-26 16:30:23', 1, 1),
(5, 4, 'pcs', 111, 'notes4', 'NONAKTIF', 9, 6, '2020-05-26 16:30:16', '2020-05-26 16:30:22', 1, 1),
(6, 1, 'PCS', 20000, 'NOTES 1', 'AKTIF', 11, 4, '2020-05-29 03:46:05', '2020-05-29 03:46:05', 1, 1),
(7, 3, 'PCS', 20000, 'NOTES 2', 'AKTIF', 11, 2, '2020-05-29 03:46:05', '2020-06-03 10:24:33', 1, 1),
(8, 5, 'PCS', 20000, 'NOTES 4', 'AKTIF', 11, 3, '2020-05-29 03:46:05', '2020-05-29 03:46:05', 1, 1),
(9, 1, 'Pcs', 150, 'notes1', 'AKTIF', 21, 3, '2020-05-30 04:08:47', '2020-05-30 04:08:47', 1, 1),
(10, 1, 'pcs', 250, 'notes1', 'AKTIF', 22, 3, '2020-05-30 04:13:20', '2020-05-30 04:13:20', 1, 1),
(11, 120, 'pcs2', 200002, 'notes2', 'AKTIF', 24, 2, '2020-05-31 07:49:16', '2020-06-01 10:24:44', 1, 1),
(12, 152, 'pcs2', 400002, 'notes22', 'AKTIF', 24, 2, '2020-05-31 07:49:16', '2020-06-01 10:24:44', 1, 1),
(13, 112, 'pcs2', 300002, '-2', 'nonaktif', 24, 2, '2020-06-01 10:06:33', '2020-06-01 11:00:13', 1, 1),
(14, 11, 'pcs1', 200001, 'notes1', 'AKTIF', 24, 1, '2020-06-01 10:06:33', '2020-06-01 10:24:44', 1, 1),
(15, 15, 'pcs', 40000, 'notes2', 'AKTIF', 24, 2, '2020-06-01 10:06:33', '2020-06-01 10:24:44', 1, 1),
(16, 10, 'pcs', 123, 'notes3', 'AKTIF', 24, 1, '2020-06-01 10:07:12', '2020-06-01 10:24:44', 1, 1),
(17, 10, 'pcs', 20000, 'notes', 'AKTIF', 24, 1, '2020-06-01 10:07:12', '2020-06-01 10:24:44', 1, 1),
(18, 15, 'pcs', 40000, 'notes2', 'AKTIF', 24, 2, '2020-06-01 10:07:12', '2020-06-01 10:24:44', 1, 1),
(19, 11, 'pcs', 30000, '-', 'nonaktif', 24, 1, '2020-06-01 10:07:12', '2020-06-01 11:00:12', 1, 1),
(20, 11, 'pcs1', 200001, 'notes1', 'AKTIF', 24, 1, '2020-06-01 10:07:12', '2020-06-01 10:24:44', 1, 1),
(21, 15, 'pcs', 40000, 'notes2', 'AKTIF', 24, 2, '2020-06-01 10:07:12', '2020-06-01 10:24:44', 1, 1),
(22, 10, 'pcs', 123, 'notes4', 'AKTIF', 24, 1, '2020-06-01 10:07:57', '2020-06-01 10:24:44', 1, 1),
(23, 10, 'pcs', 20000, 'notes', 'AKTIF', 24, 1, '2020-06-01 10:07:57', '2020-06-01 10:24:44', 1, 1),
(24, 15, 'pcs', 40000, 'notes2', 'AKTIF', 24, 2, '2020-06-01 10:07:57', '2020-06-01 10:24:44', 1, 1),
(25, 11, 'pcs', 30000, '-', 'nonaktif', 24, 1, '2020-06-01 10:07:57', '2020-06-01 11:00:11', 1, 1),
(26, 11, 'pcs1', 200001, 'notes1', 'AKTIF', 24, 1, '2020-06-01 10:07:57', '2020-06-01 10:24:44', 1, 1),
(27, 15, 'pcs', 40000, 'notes2', 'AKTIF', 24, 2, '2020-06-01 10:07:57', '2020-06-01 10:24:44', 1, 1),
(28, 10, 'pcs', 123, 'notes3', 'AKTIF', 24, 1, '2020-06-01 10:07:57', '2020-06-01 10:24:44', 1, 1),
(29, 10, 'pcs', 20000, 'notes', 'AKTIF', 24, 1, '2020-06-01 10:07:57', '2020-06-01 10:24:44', 1, 1),
(30, 15, 'pcs', 40000, 'notes2', 'AKTIF', 24, 2, '2020-06-01 10:07:57', '2020-06-01 10:24:44', 1, 1),
(31, 11, 'pcs', 30000, '-', 'nonaktif', 24, 1, '2020-06-01 10:07:57', '2020-06-01 11:00:07', 1, 1),
(32, 11, 'pcs1', 200001, 'notes1', 'AKTIF', 24, 1, '2020-06-01 10:07:57', '2020-06-01 10:24:44', 1, 1),
(33, 15, 'pcs', 40000, 'notes2', 'AKTIF', 24, 2, '2020-06-01 10:07:57', '2020-06-01 10:24:44', 1, 1),
(34, 11, 'pcs', 1111, '1111', 'AKTIF', 24, 1, '2020-06-01 10:12:00', '2020-06-01 10:24:44', 1, 1),
(35, 22, 'pcs', 123, '123', 'AKTIF', 24, 1, '2020-06-01 10:12:27', '2020-06-01 10:24:44', 1, 1),
(36, 44, 'pcs', 124, '124', 'AKTIF', 24, 2, '2020-06-01 10:12:27', '2020-06-01 10:24:44', 1, 1),
(37, 2, 'PCS', 30000, 'NOTES 4', 'AKTIF', 11, 2, '2020-06-03 10:24:33', '2020-06-03 10:24:33', 1, 1);

--
-- 触发器 `tbl_brg_penjualan`
--
DELIMITER $$
CREATE TRIGGER `TRG_AFTER_INSERT_BRG_PENJUALAN` AFTER INSERT ON `tbl_brg_penjualan` FOR EACH ROW BEGIN
            SET @ID_USER = NEW.ID_LAST_MODIFIED;
            SET @TGL_ACTION = NEW.BRG_PENJUALAN_LAST_MODIFIED;
            SET @LOG_TEXT = CONCAT(NEW.ID_LAST_MODIFIED,' ','INSERT DATA AT' , NEW.BRG_PENJUALAN_LAST_MODIFIED);
            CALL INSERT_LOG_ALL(@ID_USER,@TGL_ACTION,@LOG_TEXT,@ID_LOG_ALL);
            
            INSERT INTO TBL_BRG_PENJUALAN_LOG(EXECUTED_FUNCTION,ID_PK_BRG_PENJUALAN,BRG_PENJUALAN_QTY,BRG_PENJUALAN_SATUAN,BRG_PENJUALAN_HARGA,BRG_PENJUALAN_NOTE,BRG_PENJUALAN_STATUS,ID_FK_PENJUALAN,ID_FK_BARANG,BRG_PENJUALAN_CREATE_DATE,BRG_PENJUALAN_LAST_MODIFIED,ID_CREATE_DATA,ID_LAST_MODIFIED,ID_LOG_ALL) VALUES ('AFTER INSERT',NEW.ID_PK_BRG_PENJUALAN,NEW.BRG_PENJUALAN_QTY,NEW.BRG_PENJUALAN_SATUAN,NEW.BRG_PENJUALAN_HARGA,NEW.BRG_PENJUALAN_NOTE,NEW.BRG_PENJUALAN_STATUS,NEW.ID_FK_PENJUALAN,NEW.ID_FK_BARANG,NEW.BRG_PENJUALAN_CREATE_DATE,NEW.BRG_PENJUALAN_LAST_MODIFIED,NEW.ID_CREATE_DATA,NEW.ID_LAST_MODIFIED,@ID_LOG_ALL);
        END
$$
DELIMITER ;
DELIMITER $$
CREATE TRIGGER `TRG_AFTER_UPDATE_BRG_PENJUALAN` AFTER UPDATE ON `tbl_brg_penjualan` FOR EACH ROW BEGIN
            SET @ID_USER = NEW.ID_LAST_MODIFIED;
            SET @TGL_ACTION = NEW.BRG_PENJUALAN_LAST_MODIFIED;
            SET @LOG_TEXT = CONCAT(NEW.ID_LAST_MODIFIED,' ','UPDATE DATA AT' , NEW.BRG_PENJUALAN_LAST_MODIFIED);
            CALL INSERT_LOG_ALL(@ID_USER,@TGL_ACTION,@LOG_TEXT,@ID_LOG_ALL);
            
            INSERT INTO TBL_BRG_PENJUALAN_LOG(EXECUTED_FUNCTION,ID_PK_BRG_PENJUALAN,BRG_PENJUALAN_QTY,BRG_PENJUALAN_SATUAN,BRG_PENJUALAN_HARGA,BRG_PENJUALAN_NOTE,BRG_PENJUALAN_STATUS,ID_FK_PENJUALAN,ID_FK_BARANG,BRG_PENJUALAN_CREATE_DATE,BRG_PENJUALAN_LAST_MODIFIED,ID_CREATE_DATA,ID_LAST_MODIFIED,ID_LOG_ALL) VALUES ('AFTER UPDATE',NEW.ID_PK_BRG_PENJUALAN,NEW.BRG_PENJUALAN_QTY,NEW.BRG_PENJUALAN_SATUAN,NEW.BRG_PENJUALAN_HARGA,NEW.BRG_PENJUALAN_NOTE,NEW.BRG_PENJUALAN_STATUS,NEW.ID_FK_PENJUALAN,NEW.ID_FK_BARANG,NEW.BRG_PENJUALAN_CREATE_DATE,NEW.BRG_PENJUALAN_LAST_MODIFIED,NEW.ID_CREATE_DATA,NEW.ID_LAST_MODIFIED,@ID_LOG_ALL);
        END
$$
DELIMITER ;

-- --------------------------------------------------------

--
-- 表的结构 `tbl_brg_penjualan_log`
--

CREATE TABLE `tbl_brg_penjualan_log` (
  `ID_PK_BRG_PENJUALAN_LOG` int(11) NOT NULL,
  `EXECUTED_FUNCTION` varchar(30) DEFAULT NULL,
  `ID_PK_BRG_PENJUALAN` int(11) DEFAULT NULL,
  `BRG_PENJUALAN_QTY` double DEFAULT NULL,
  `BRG_PENJUALAN_SATUAN` varchar(20) DEFAULT NULL,
  `BRG_PENJUALAN_HARGA` int(11) DEFAULT NULL,
  `BRG_PENJUALAN_NOTE` varchar(150) DEFAULT NULL,
  `BRG_PENJUALAN_STATUS` varchar(15) DEFAULT NULL,
  `ID_FK_PENJUALAN` int(11) DEFAULT NULL,
  `ID_FK_BARANG` int(11) DEFAULT NULL,
  `BRG_PENJUALAN_CREATE_DATE` datetime DEFAULT NULL,
  `BRG_PENJUALAN_LAST_MODIFIED` datetime DEFAULT NULL,
  `ID_CREATE_DATA` int(11) DEFAULT NULL,
  `ID_LAST_MODIFIED` int(11) DEFAULT NULL,
  `ID_LOG_ALL` int(11) DEFAULT NULL
) ENGINE=InnoDB DEFAULT CHARSET=utf8mb4;

--
-- 转存表中的数据 `tbl_brg_penjualan_log`
--

INSERT INTO `tbl_brg_penjualan_log` (`ID_PK_BRG_PENJUALAN_LOG`, `EXECUTED_FUNCTION`, `ID_PK_BRG_PENJUALAN`, `BRG_PENJUALAN_QTY`, `BRG_PENJUALAN_SATUAN`, `BRG_PENJUALAN_HARGA`, `BRG_PENJUALAN_NOTE`, `BRG_PENJUALAN_STATUS`, `ID_FK_PENJUALAN`, `ID_FK_BARANG`, `BRG_PENJUALAN_CREATE_DATE`, `BRG_PENJUALAN_LAST_MODIFIED`, `ID_CREATE_DATA`, `ID_LAST_MODIFIED`, `ID_LOG_ALL`) VALUES
(1, 'AFTER INSERT', 1, 12, 'Pcs', 123, 'note1', 'AKTIF', 3, 15, '2020-05-26 15:03:01', '2020-05-26 15:03:01', 1, 1, 1269),
(2, 'AFTER INSERT', 2, 1, 'pcs', 123, 'notes2', 'AKTIF', 4, 9, '2020-05-26 15:03:23', '2020-05-26 15:03:23', 1, 1, 1271),
(3, 'AFTER INSERT', 3, 1, 'pcs', 123, 'notes', 'AKTIF', 9, 9, '2020-05-26 16:29:50', '2020-05-26 16:29:50', 1, 1, 1304),
(4, 'AFTER UPDATE', 3, 1, 'pcs', 123, 'notes', 'AKTIF', 9, 9, '2020-05-26 16:29:50', '2020-05-26 16:30:16', 1, 1, 1307),
(5, 'AFTER INSERT', 4, 2, 'pcs', 122, 'notes2', 'AKTIF', 9, 1, '2020-05-26 16:30:16', '2020-05-26 16:30:16', 1, 1, 1308),
(6, 'AFTER INSERT', 5, 4, 'pcs', 111, 'notes4', 'AKTIF', 9, 6, '2020-05-26 16:30:16', '2020-05-26 16:30:16', 1, 1, 1309),
(7, 'AFTER UPDATE', 5, 4, 'pcs', 111, 'notes4', 'NONAKTIF', 9, 6, '2020-05-26 16:30:16', '2020-05-26 16:30:22', 1, 1, 1311),
(8, 'AFTER UPDATE', 4, 2, 'pcs', 122, 'notes2', 'NONAKTIF', 9, 1, '2020-05-26 16:30:16', '2020-05-26 16:30:23', 1, 1, 1312),
(9, 'AFTER UPDATE', 3, 1, 'pcs', 123, 'notes', 'AKTIF', 9, 9, '2020-05-26 16:29:50', '2020-05-26 16:30:49', 1, 1, 1314),
(10, 'AFTER INSERT', 6, 1, 'PCS', 20000, 'NOTES 1', 'AKTIF', 11, 4, '2020-05-29 03:46:05', '2020-05-29 03:46:05', 1, 1, 1586),
(11, 'AFTER INSERT', 7, 3, 'PCS', 20000, 'NOTES 2', 'AKTIF', 11, 2, '2020-05-29 03:46:05', '2020-05-29 03:46:05', 1, 1, 1587),
(12, 'AFTER INSERT', 8, 5, 'PCS', 20000, 'NOTES 4', 'AKTIF', 11, 3, '2020-05-29 03:46:05', '2020-05-29 03:46:05', 1, 1, 1588),
(13, 'AFTER INSERT', 9, 1, 'Pcs', 150, 'notes1', 'AKTIF', 21, 3, '2020-05-30 04:08:47', '2020-05-30 04:08:47', 1, 1, 1607),
(14, 'AFTER INSERT', 10, 1, 'pcs', 250, 'notes1', 'AKTIF', 22, 3, '2020-05-30 04:13:20', '2020-05-30 04:13:20', 1, 1, 1614),
(15, 'AFTER INSERT', 11, 10, 'pcs', 20000, 'notes', 'AKTIF', 24, 1, '2020-05-31 07:49:16', '2020-05-31 07:49:16', 1, 1, 1639),
(16, 'AFTER INSERT', 12, 15, 'pcs', 40000, 'notes2', 'AKTIF', 24, 2, '2020-05-31 07:49:16', '2020-05-31 07:49:16', 1, 1, 1640),
(17, 'AFTER INSERT', 13, 11, 'pcs', 30000, '-', 'AKTIF', 24, 1, '2020-06-01 10:06:33', '2020-06-01 10:06:33', 1, 1, 1697),
(18, 'AFTER INSERT', 14, 11, 'pcs1', 200001, 'notes1', 'AKTIF', 24, 1, '2020-06-01 10:06:33', '2020-06-01 10:06:33', 1, 1, 1698),
(19, 'AFTER INSERT', 15, 15, 'pcs', 40000, 'notes2', 'AKTIF', 24, 2, '2020-06-01 10:06:33', '2020-06-01 10:06:33', 1, 1, 1699),
(20, 'AFTER INSERT', 16, 10, 'pcs', 123, 'notes3', 'AKTIF', 24, 1, '2020-06-01 10:07:12', '2020-06-01 10:07:12', 1, 1, 1704),
(21, 'AFTER INSERT', 17, 10, 'pcs', 20000, 'notes', 'AKTIF', 24, 1, '2020-06-01 10:07:12', '2020-06-01 10:07:12', 1, 1, 1705),
(22, 'AFTER INSERT', 18, 15, 'pcs', 40000, 'notes2', 'AKTIF', 24, 2, '2020-06-01 10:07:12', '2020-06-01 10:07:12', 1, 1, 1706),
(23, 'AFTER INSERT', 19, 11, 'pcs', 30000, '-', 'AKTIF', 24, 1, '2020-06-01 10:07:12', '2020-06-01 10:07:12', 1, 1, 1707),
(24, 'AFTER INSERT', 20, 11, 'pcs1', 200001, 'notes1', 'AKTIF', 24, 1, '2020-06-01 10:07:12', '2020-06-01 10:07:12', 1, 1, 1708),
(25, 'AFTER INSERT', 21, 15, 'pcs', 40000, 'notes2', 'AKTIF', 24, 2, '2020-06-01 10:07:12', '2020-06-01 10:07:12', 1, 1, 1709),
(26, 'AFTER INSERT', 22, 10, 'pcs', 123, 'notes4', 'AKTIF', 24, 1, '2020-06-01 10:07:57', '2020-06-01 10:07:57', 1, 1, 1714),
(27, 'AFTER INSERT', 23, 10, 'pcs', 20000, 'notes', 'AKTIF', 24, 1, '2020-06-01 10:07:57', '2020-06-01 10:07:57', 1, 1, 1715),
(28, 'AFTER INSERT', 24, 15, 'pcs', 40000, 'notes2', 'AKTIF', 24, 2, '2020-06-01 10:07:57', '2020-06-01 10:07:57', 1, 1, 1716),
(29, 'AFTER INSERT', 25, 11, 'pcs', 30000, '-', 'AKTIF', 24, 1, '2020-06-01 10:07:57', '2020-06-01 10:07:57', 1, 1, 1717),
(30, 'AFTER INSERT', 26, 11, 'pcs1', 200001, 'notes1', 'AKTIF', 24, 1, '2020-06-01 10:07:57', '2020-06-01 10:07:57', 1, 1, 1718),
(31, 'AFTER INSERT', 27, 15, 'pcs', 40000, 'notes2', 'AKTIF', 24, 2, '2020-06-01 10:07:57', '2020-06-01 10:07:57', 1, 1, 1719),
(32, 'AFTER INSERT', 28, 10, 'pcs', 123, 'notes3', 'AKTIF', 24, 1, '2020-06-01 10:07:57', '2020-06-01 10:07:57', 1, 1, 1720),
(33, 'AFTER INSERT', 29, 10, 'pcs', 20000, 'notes', 'AKTIF', 24, 1, '2020-06-01 10:07:57', '2020-06-01 10:07:57', 1, 1, 1721),
(34, 'AFTER INSERT', 30, 15, 'pcs', 40000, 'notes2', 'AKTIF', 24, 2, '2020-06-01 10:07:57', '2020-06-01 10:07:57', 1, 1, 1722),
(35, 'AFTER INSERT', 31, 11, 'pcs', 30000, '-', 'AKTIF', 24, 1, '2020-06-01 10:07:57', '2020-06-01 10:07:57', 1, 1, 1723),
(36, 'AFTER INSERT', 32, 11, 'pcs1', 200001, 'notes1', 'AKTIF', 24, 1, '2020-06-01 10:07:57', '2020-06-01 10:07:57', 1, 1, 1724),
(37, 'AFTER INSERT', 33, 15, 'pcs', 40000, 'notes2', 'AKTIF', 24, 2, '2020-06-01 10:07:57', '2020-06-01 10:07:57', 1, 1, 1725),
(38, 'AFTER UPDATE', 11, 120, 'pcs2', 200002, 'notes2', 'AKTIF', 24, 2, '2020-05-31 07:49:16', '2020-06-01 10:11:03', 1, 1, 1744),
(39, 'AFTER UPDATE', 12, 15, 'pcs', 40000, 'notes2', 'AKTIF', 24, 2, '2020-05-31 07:49:16', '2020-06-01 10:11:03', 1, 1, 1745),
(40, 'AFTER UPDATE', 13, 11, 'pcs', 30000, '-', 'AKTIF', 24, 1, '2020-06-01 10:06:33', '2020-06-01 10:11:03', 1, 1, 1746),
(41, 'AFTER UPDATE', 14, 11, 'pcs1', 200001, 'notes1', 'AKTIF', 24, 1, '2020-06-01 10:06:33', '2020-06-01 10:11:03', 1, 1, 1747),
(42, 'AFTER UPDATE', 15, 15, 'pcs', 40000, 'notes2', 'AKTIF', 24, 2, '2020-06-01 10:06:33', '2020-06-01 10:11:03', 1, 1, 1748),
(43, 'AFTER UPDATE', 16, 10, 'pcs', 123, 'notes3', 'AKTIF', 24, 1, '2020-06-01 10:07:12', '2020-06-01 10:11:03', 1, 1, 1749),
(44, 'AFTER UPDATE', 17, 10, 'pcs', 20000, 'notes', 'AKTIF', 24, 1, '2020-06-01 10:07:12', '2020-06-01 10:11:03', 1, 1, 1750),
(45, 'AFTER UPDATE', 18, 15, 'pcs', 40000, 'notes2', 'AKTIF', 24, 2, '2020-06-01 10:07:12', '2020-06-01 10:11:03', 1, 1, 1751),
(46, 'AFTER UPDATE', 19, 11, 'pcs', 30000, '-', 'AKTIF', 24, 1, '2020-06-01 10:07:12', '2020-06-01 10:11:03', 1, 1, 1752),
(47, 'AFTER UPDATE', 20, 11, 'pcs1', 200001, 'notes1', 'AKTIF', 24, 1, '2020-06-01 10:07:12', '2020-06-01 10:11:03', 1, 1, 1753),
(48, 'AFTER UPDATE', 21, 15, 'pcs', 40000, 'notes2', 'AKTIF', 24, 2, '2020-06-01 10:07:12', '2020-06-01 10:11:03', 1, 1, 1754),
(49, 'AFTER UPDATE', 22, 10, 'pcs', 123, 'notes4', 'AKTIF', 24, 1, '2020-06-01 10:07:57', '2020-06-01 10:11:03', 1, 1, 1755),
(50, 'AFTER UPDATE', 23, 10, 'pcs', 20000, 'notes', 'AKTIF', 24, 1, '2020-06-01 10:07:57', '2020-06-01 10:11:03', 1, 1, 1756),
(51, 'AFTER UPDATE', 24, 15, 'pcs', 40000, 'notes2', 'AKTIF', 24, 2, '2020-06-01 10:07:57', '2020-06-01 10:11:03', 1, 1, 1757),
(52, 'AFTER UPDATE', 25, 11, 'pcs', 30000, '-', 'AKTIF', 24, 1, '2020-06-01 10:07:57', '2020-06-01 10:11:03', 1, 1, 1758),
(53, 'AFTER UPDATE', 26, 11, 'pcs1', 200001, 'notes1', 'AKTIF', 24, 1, '2020-06-01 10:07:57', '2020-06-01 10:11:03', 1, 1, 1759),
(54, 'AFTER UPDATE', 27, 15, 'pcs', 40000, 'notes2', 'AKTIF', 24, 2, '2020-06-01 10:07:57', '2020-06-01 10:11:03', 1, 1, 1760),
(55, 'AFTER UPDATE', 28, 10, 'pcs', 123, 'notes3', 'AKTIF', 24, 1, '2020-06-01 10:07:57', '2020-06-01 10:11:03', 1, 1, 1761),
(56, 'AFTER UPDATE', 29, 10, 'pcs', 20000, 'notes', 'AKTIF', 24, 1, '2020-06-01 10:07:57', '2020-06-01 10:11:03', 1, 1, 1762),
(57, 'AFTER UPDATE', 30, 15, 'pcs', 40000, 'notes2', 'AKTIF', 24, 2, '2020-06-01 10:07:57', '2020-06-01 10:11:03', 1, 1, 1763),
(58, 'AFTER UPDATE', 31, 11, 'pcs', 30000, '-', 'AKTIF', 24, 1, '2020-06-01 10:07:57', '2020-06-01 10:11:03', 1, 1, 1764),
(59, 'AFTER UPDATE', 32, 11, 'pcs1', 200001, 'notes1', 'AKTIF', 24, 1, '2020-06-01 10:07:57', '2020-06-01 10:11:03', 1, 1, 1765),
(60, 'AFTER UPDATE', 33, 15, 'pcs', 40000, 'notes2', 'AKTIF', 24, 2, '2020-06-01 10:07:57', '2020-06-01 10:11:03', 1, 1, 1766),
(61, 'AFTER UPDATE', 11, 120, 'pcs2', 200002, 'notes2', 'AKTIF', 24, 2, '2020-05-31 07:49:16', '2020-06-01 10:11:32', 1, 1, 1771),
(62, 'AFTER UPDATE', 12, 152, 'pcs2', 400002, 'notes22', 'AKTIF', 24, 2, '2020-05-31 07:49:16', '2020-06-01 10:11:32', 1, 1, 1772),
(63, 'AFTER UPDATE', 13, 112, 'pcs2', 300002, '-2', 'AKTIF', 24, 2, '2020-06-01 10:06:33', '2020-06-01 10:11:32', 1, 1, 1773),
(64, 'AFTER UPDATE', 14, 11, 'pcs1', 200001, 'notes1', 'AKTIF', 24, 1, '2020-06-01 10:06:33', '2020-06-01 10:11:32', 1, 1, 1774),
(65, 'AFTER UPDATE', 15, 15, 'pcs', 40000, 'notes2', 'AKTIF', 24, 2, '2020-06-01 10:06:33', '2020-06-01 10:11:32', 1, 1, 1775),
(66, 'AFTER UPDATE', 16, 10, 'pcs', 123, 'notes3', 'AKTIF', 24, 1, '2020-06-01 10:07:12', '2020-06-01 10:11:32', 1, 1, 1776),
(67, 'AFTER UPDATE', 17, 10, 'pcs', 20000, 'notes', 'AKTIF', 24, 1, '2020-06-01 10:07:12', '2020-06-01 10:11:32', 1, 1, 1777),
(68, 'AFTER UPDATE', 18, 15, 'pcs', 40000, 'notes2', 'AKTIF', 24, 2, '2020-06-01 10:07:12', '2020-06-01 10:11:32', 1, 1, 1778),
(69, 'AFTER UPDATE', 19, 11, 'pcs', 30000, '-', 'AKTIF', 24, 1, '2020-06-01 10:07:12', '2020-06-01 10:11:32', 1, 1, 1779),
(70, 'AFTER UPDATE', 20, 11, 'pcs1', 200001, 'notes1', 'AKTIF', 24, 1, '2020-06-01 10:07:12', '2020-06-01 10:11:32', 1, 1, 1780),
(71, 'AFTER UPDATE', 21, 15, 'pcs', 40000, 'notes2', 'AKTIF', 24, 2, '2020-06-01 10:07:12', '2020-06-01 10:11:32', 1, 1, 1781),
(72, 'AFTER UPDATE', 22, 10, 'pcs', 123, 'notes4', 'AKTIF', 24, 1, '2020-06-01 10:07:57', '2020-06-01 10:11:32', 1, 1, 1782),
(73, 'AFTER UPDATE', 23, 10, 'pcs', 20000, 'notes', 'AKTIF', 24, 1, '2020-06-01 10:07:57', '2020-06-01 10:11:32', 1, 1, 1783),
(74, 'AFTER UPDATE', 24, 15, 'pcs', 40000, 'notes2', 'AKTIF', 24, 2, '2020-06-01 10:07:57', '2020-06-01 10:11:32', 1, 1, 1784),
(75, 'AFTER UPDATE', 25, 11, 'pcs', 30000, '-', 'AKTIF', 24, 1, '2020-06-01 10:07:57', '2020-06-01 10:11:32', 1, 1, 1785),
(76, 'AFTER UPDATE', 26, 11, 'pcs1', 200001, 'notes1', 'AKTIF', 24, 1, '2020-06-01 10:07:57', '2020-06-01 10:11:32', 1, 1, 1786),
(77, 'AFTER UPDATE', 27, 15, 'pcs', 40000, 'notes2', 'AKTIF', 24, 2, '2020-06-01 10:07:57', '2020-06-01 10:11:32', 1, 1, 1787),
(78, 'AFTER UPDATE', 28, 10, 'pcs', 123, 'notes3', 'AKTIF', 24, 1, '2020-06-01 10:07:57', '2020-06-01 10:11:32', 1, 1, 1788),
(79, 'AFTER UPDATE', 29, 10, 'pcs', 20000, 'notes', 'AKTIF', 24, 1, '2020-06-01 10:07:57', '2020-06-01 10:11:32', 1, 1, 1789),
(80, 'AFTER UPDATE', 30, 15, 'pcs', 40000, 'notes2', 'AKTIF', 24, 2, '2020-06-01 10:07:57', '2020-06-01 10:11:32', 1, 1, 1790),
(81, 'AFTER UPDATE', 31, 11, 'pcs', 30000, '-', 'AKTIF', 24, 1, '2020-06-01 10:07:57', '2020-06-01 10:11:32', 1, 1, 1791),
(82, 'AFTER UPDATE', 32, 11, 'pcs1', 200001, 'notes1', 'AKTIF', 24, 1, '2020-06-01 10:07:57', '2020-06-01 10:11:32', 1, 1, 1792),
(83, 'AFTER UPDATE', 33, 15, 'pcs', 40000, 'notes2', 'AKTIF', 24, 2, '2020-06-01 10:07:57', '2020-06-01 10:11:32', 1, 1, 1793),
(84, 'AFTER INSERT', 34, 11, 'pcs', 1111, '1111', 'AKTIF', 24, 1, '2020-06-01 10:12:00', '2020-06-01 10:12:00', 1, 1, 1798),
(85, 'AFTER UPDATE', 11, 120, 'pcs2', 200002, 'notes2', 'AKTIF', 24, 2, '2020-05-31 07:49:16', '2020-06-01 10:12:00', 1, 1, 1799),
(86, 'AFTER UPDATE', 12, 152, 'pcs2', 400002, 'notes22', 'AKTIF', 24, 2, '2020-05-31 07:49:16', '2020-06-01 10:12:00', 1, 1, 1800),
(87, 'AFTER UPDATE', 13, 112, 'pcs2', 300002, '-2', 'AKTIF', 24, 2, '2020-06-01 10:06:33', '2020-06-01 10:12:00', 1, 1, 1801),
(88, 'AFTER UPDATE', 14, 11, 'pcs1', 200001, 'notes1', 'AKTIF', 24, 1, '2020-06-01 10:06:33', '2020-06-01 10:12:00', 1, 1, 1802),
(89, 'AFTER UPDATE', 15, 15, 'pcs', 40000, 'notes2', 'AKTIF', 24, 2, '2020-06-01 10:06:33', '2020-06-01 10:12:00', 1, 1, 1803),
(90, 'AFTER UPDATE', 16, 10, 'pcs', 123, 'notes3', 'AKTIF', 24, 1, '2020-06-01 10:07:12', '2020-06-01 10:12:00', 1, 1, 1804),
(91, 'AFTER UPDATE', 17, 10, 'pcs', 20000, 'notes', 'AKTIF', 24, 1, '2020-06-01 10:07:12', '2020-06-01 10:12:00', 1, 1, 1805),
(92, 'AFTER UPDATE', 18, 15, 'pcs', 40000, 'notes2', 'AKTIF', 24, 2, '2020-06-01 10:07:12', '2020-06-01 10:12:00', 1, 1, 1806),
(93, 'AFTER UPDATE', 19, 11, 'pcs', 30000, '-', 'AKTIF', 24, 1, '2020-06-01 10:07:12', '2020-06-01 10:12:00', 1, 1, 1807),
(94, 'AFTER UPDATE', 20, 11, 'pcs1', 200001, 'notes1', 'AKTIF', 24, 1, '2020-06-01 10:07:12', '2020-06-01 10:12:00', 1, 1, 1808),
(95, 'AFTER UPDATE', 21, 15, 'pcs', 40000, 'notes2', 'AKTIF', 24, 2, '2020-06-01 10:07:12', '2020-06-01 10:12:00', 1, 1, 1809),
(96, 'AFTER UPDATE', 22, 10, 'pcs', 123, 'notes4', 'AKTIF', 24, 1, '2020-06-01 10:07:57', '2020-06-01 10:12:00', 1, 1, 1810),
(97, 'AFTER UPDATE', 23, 10, 'pcs', 20000, 'notes', 'AKTIF', 24, 1, '2020-06-01 10:07:57', '2020-06-01 10:12:00', 1, 1, 1811),
(98, 'AFTER UPDATE', 24, 15, 'pcs', 40000, 'notes2', 'AKTIF', 24, 2, '2020-06-01 10:07:57', '2020-06-01 10:12:00', 1, 1, 1812),
(99, 'AFTER UPDATE', 25, 11, 'pcs', 30000, '-', 'AKTIF', 24, 1, '2020-06-01 10:07:57', '2020-06-01 10:12:00', 1, 1, 1813),
(100, 'AFTER UPDATE', 26, 11, 'pcs1', 200001, 'notes1', 'AKTIF', 24, 1, '2020-06-01 10:07:57', '2020-06-01 10:12:00', 1, 1, 1814),
(101, 'AFTER UPDATE', 27, 15, 'pcs', 40000, 'notes2', 'AKTIF', 24, 2, '2020-06-01 10:07:57', '2020-06-01 10:12:00', 1, 1, 1815),
(102, 'AFTER UPDATE', 28, 10, 'pcs', 123, 'notes3', 'AKTIF', 24, 1, '2020-06-01 10:07:57', '2020-06-01 10:12:00', 1, 1, 1816),
(103, 'AFTER UPDATE', 29, 10, 'pcs', 20000, 'notes', 'AKTIF', 24, 1, '2020-06-01 10:07:57', '2020-06-01 10:12:00', 1, 1, 1817),
(104, 'AFTER UPDATE', 30, 15, 'pcs', 40000, 'notes2', 'AKTIF', 24, 2, '2020-06-01 10:07:57', '2020-06-01 10:12:00', 1, 1, 1818),
(105, 'AFTER UPDATE', 31, 11, 'pcs', 30000, '-', 'AKTIF', 24, 1, '2020-06-01 10:07:57', '2020-06-01 10:12:00', 1, 1, 1819),
(106, 'AFTER UPDATE', 32, 11, 'pcs1', 200001, 'notes1', 'AKTIF', 24, 1, '2020-06-01 10:07:57', '2020-06-01 10:12:00', 1, 1, 1820),
(107, 'AFTER UPDATE', 33, 15, 'pcs', 40000, 'notes2', 'AKTIF', 24, 2, '2020-06-01 10:07:57', '2020-06-01 10:12:00', 1, 1, 1821),
(108, 'AFTER INSERT', 35, 22, 'pcs', 123, '123', 'AKTIF', 24, 1, '2020-06-01 10:12:27', '2020-06-01 10:12:27', 1, 1, 1826),
(109, 'AFTER INSERT', 36, 44, 'pcs', 124, '124', 'AKTIF', 24, 2, '2020-06-01 10:12:27', '2020-06-01 10:12:27', 1, 1, 1827),
(110, 'AFTER UPDATE', 11, 120, 'pcs2', 200002, 'notes2', 'AKTIF', 24, 2, '2020-05-31 07:49:16', '2020-06-01 10:12:27', 1, 1, 1828),
(111, 'AFTER UPDATE', 12, 152, 'pcs2', 400002, 'notes22', 'AKTIF', 24, 2, '2020-05-31 07:49:16', '2020-06-01 10:12:27', 1, 1, 1829),
(112, 'AFTER UPDATE', 13, 112, 'pcs2', 300002, '-2', 'AKTIF', 24, 2, '2020-06-01 10:06:33', '2020-06-01 10:12:27', 1, 1, 1830),
(113, 'AFTER UPDATE', 14, 11, 'pcs1', 200001, 'notes1', 'AKTIF', 24, 1, '2020-06-01 10:06:33', '2020-06-01 10:12:27', 1, 1, 1831),
(114, 'AFTER UPDATE', 15, 15, 'pcs', 40000, 'notes2', 'AKTIF', 24, 2, '2020-06-01 10:06:33', '2020-06-01 10:12:27', 1, 1, 1832),
(115, 'AFTER UPDATE', 16, 10, 'pcs', 123, 'notes3', 'AKTIF', 24, 1, '2020-06-01 10:07:12', '2020-06-01 10:12:27', 1, 1, 1833),
(116, 'AFTER UPDATE', 17, 10, 'pcs', 20000, 'notes', 'AKTIF', 24, 1, '2020-06-01 10:07:12', '2020-06-01 10:12:27', 1, 1, 1834),
(117, 'AFTER UPDATE', 18, 15, 'pcs', 40000, 'notes2', 'AKTIF', 24, 2, '2020-06-01 10:07:12', '2020-06-01 10:12:27', 1, 1, 1835),
(118, 'AFTER UPDATE', 19, 11, 'pcs', 30000, '-', 'AKTIF', 24, 1, '2020-06-01 10:07:12', '2020-06-01 10:12:27', 1, 1, 1836),
(119, 'AFTER UPDATE', 20, 11, 'pcs1', 200001, 'notes1', 'AKTIF', 24, 1, '2020-06-01 10:07:12', '2020-06-01 10:12:27', 1, 1, 1837),
(120, 'AFTER UPDATE', 21, 15, 'pcs', 40000, 'notes2', 'AKTIF', 24, 2, '2020-06-01 10:07:12', '2020-06-01 10:12:27', 1, 1, 1838),
(121, 'AFTER UPDATE', 22, 10, 'pcs', 123, 'notes4', 'AKTIF', 24, 1, '2020-06-01 10:07:57', '2020-06-01 10:12:27', 1, 1, 1839),
(122, 'AFTER UPDATE', 23, 10, 'pcs', 20000, 'notes', 'AKTIF', 24, 1, '2020-06-01 10:07:57', '2020-06-01 10:12:27', 1, 1, 1840),
(123, 'AFTER UPDATE', 24, 15, 'pcs', 40000, 'notes2', 'AKTIF', 24, 2, '2020-06-01 10:07:57', '2020-06-01 10:12:27', 1, 1, 1841),
(124, 'AFTER UPDATE', 25, 11, 'pcs', 30000, '-', 'AKTIF', 24, 1, '2020-06-01 10:07:57', '2020-06-01 10:12:27', 1, 1, 1842),
(125, 'AFTER UPDATE', 26, 11, 'pcs1', 200001, 'notes1', 'AKTIF', 24, 1, '2020-06-01 10:07:57', '2020-06-01 10:12:27', 1, 1, 1843),
(126, 'AFTER UPDATE', 27, 15, 'pcs', 40000, 'notes2', 'AKTIF', 24, 2, '2020-06-01 10:07:57', '2020-06-01 10:12:27', 1, 1, 1844),
(127, 'AFTER UPDATE', 28, 10, 'pcs', 123, 'notes3', 'AKTIF', 24, 1, '2020-06-01 10:07:57', '2020-06-01 10:12:27', 1, 1, 1845),
(128, 'AFTER UPDATE', 29, 10, 'pcs', 20000, 'notes', 'AKTIF', 24, 1, '2020-06-01 10:07:57', '2020-06-01 10:12:27', 1, 1, 1846),
(129, 'AFTER UPDATE', 30, 15, 'pcs', 40000, 'notes2', 'AKTIF', 24, 2, '2020-06-01 10:07:57', '2020-06-01 10:12:27', 1, 1, 1847),
(130, 'AFTER UPDATE', 31, 11, 'pcs', 30000, '-', 'AKTIF', 24, 1, '2020-06-01 10:07:57', '2020-06-01 10:12:27', 1, 1, 1848),
(131, 'AFTER UPDATE', 32, 11, 'pcs1', 200001, 'notes1', 'AKTIF', 24, 1, '2020-06-01 10:07:57', '2020-06-01 10:12:27', 1, 1, 1849),
(132, 'AFTER UPDATE', 33, 15, 'pcs', 40000, 'notes2', 'AKTIF', 24, 2, '2020-06-01 10:07:57', '2020-06-01 10:12:27', 1, 1, 1850),
(133, 'AFTER UPDATE', 34, 11, 'pcs', 1111, '1111', 'AKTIF', 24, 1, '2020-06-01 10:12:00', '2020-06-01 10:12:27', 1, 1, 1851),
(134, 'AFTER UPDATE', 11, 120, 'pcs2', 200002, 'notes2', 'AKTIF', 24, 2, '2020-05-31 07:49:16', '2020-06-01 10:12:56', 1, 1, 1856),
(135, 'AFTER UPDATE', 12, 152, 'pcs2', 400002, 'notes22', 'AKTIF', 24, 2, '2020-05-31 07:49:16', '2020-06-01 10:12:56', 1, 1, 1857),
(136, 'AFTER UPDATE', 13, 112, 'pcs2', 300002, '-2', 'AKTIF', 24, 2, '2020-06-01 10:06:33', '2020-06-01 10:12:56', 1, 1, 1858),
(137, 'AFTER UPDATE', 14, 11, 'pcs1', 200001, 'notes1', 'AKTIF', 24, 1, '2020-06-01 10:06:33', '2020-06-01 10:12:56', 1, 1, 1859),
(138, 'AFTER UPDATE', 15, 15, 'pcs', 40000, 'notes2', 'AKTIF', 24, 2, '2020-06-01 10:06:33', '2020-06-01 10:12:56', 1, 1, 1860),
(139, 'AFTER UPDATE', 16, 10, 'pcs', 123, 'notes3', 'AKTIF', 24, 1, '2020-06-01 10:07:12', '2020-06-01 10:12:56', 1, 1, 1861),
(140, 'AFTER UPDATE', 17, 10, 'pcs', 20000, 'notes', 'AKTIF', 24, 1, '2020-06-01 10:07:12', '2020-06-01 10:12:56', 1, 1, 1862),
(141, 'AFTER UPDATE', 18, 15, 'pcs', 40000, 'notes2', 'AKTIF', 24, 2, '2020-06-01 10:07:12', '2020-06-01 10:12:56', 1, 1, 1863),
(142, 'AFTER UPDATE', 19, 11, 'pcs', 30000, '-', 'AKTIF', 24, 1, '2020-06-01 10:07:12', '2020-06-01 10:12:56', 1, 1, 1864),
(143, 'AFTER UPDATE', 20, 11, 'pcs1', 200001, 'notes1', 'AKTIF', 24, 1, '2020-06-01 10:07:12', '2020-06-01 10:12:56', 1, 1, 1865),
(144, 'AFTER UPDATE', 21, 15, 'pcs', 40000, 'notes2', 'AKTIF', 24, 2, '2020-06-01 10:07:12', '2020-06-01 10:12:56', 1, 1, 1866),
(145, 'AFTER UPDATE', 22, 10, 'pcs', 123, 'notes4', 'AKTIF', 24, 1, '2020-06-01 10:07:57', '2020-06-01 10:12:56', 1, 1, 1867),
(146, 'AFTER UPDATE', 23, 10, 'pcs', 20000, 'notes', 'AKTIF', 24, 1, '2020-06-01 10:07:57', '2020-06-01 10:12:56', 1, 1, 1868),
(147, 'AFTER UPDATE', 24, 15, 'pcs', 40000, 'notes2', 'AKTIF', 24, 2, '2020-06-01 10:07:57', '2020-06-01 10:12:56', 1, 1, 1869),
(148, 'AFTER UPDATE', 25, 11, 'pcs', 30000, '-', 'AKTIF', 24, 1, '2020-06-01 10:07:57', '2020-06-01 10:12:56', 1, 1, 1870),
(149, 'AFTER UPDATE', 26, 11, 'pcs1', 200001, 'notes1', 'AKTIF', 24, 1, '2020-06-01 10:07:57', '2020-06-01 10:12:56', 1, 1, 1871),
(150, 'AFTER UPDATE', 27, 15, 'pcs', 40000, 'notes2', 'AKTIF', 24, 2, '2020-06-01 10:07:57', '2020-06-01 10:12:56', 1, 1, 1872),
(151, 'AFTER UPDATE', 28, 10, 'pcs', 123, 'notes3', 'AKTIF', 24, 1, '2020-06-01 10:07:57', '2020-06-01 10:12:56', 1, 1, 1873),
(152, 'AFTER UPDATE', 29, 10, 'pcs', 20000, 'notes', 'AKTIF', 24, 1, '2020-06-01 10:07:57', '2020-06-01 10:12:56', 1, 1, 1874),
(153, 'AFTER UPDATE', 30, 15, 'pcs', 40000, 'notes2', 'AKTIF', 24, 2, '2020-06-01 10:07:57', '2020-06-01 10:12:56', 1, 1, 1875),
(154, 'AFTER UPDATE', 31, 11, 'pcs', 30000, '-', 'AKTIF', 24, 1, '2020-06-01 10:07:57', '2020-06-01 10:12:56', 1, 1, 1876),
(155, 'AFTER UPDATE', 32, 11, 'pcs1', 200001, 'notes1', 'AKTIF', 24, 1, '2020-06-01 10:07:57', '2020-06-01 10:12:56', 1, 1, 1877),
(156, 'AFTER UPDATE', 33, 15, 'pcs', 40000, 'notes2', 'AKTIF', 24, 2, '2020-06-01 10:07:57', '2020-06-01 10:12:56', 1, 1, 1878),
(157, 'AFTER UPDATE', 34, 11, 'pcs', 1111, '1111', 'AKTIF', 24, 1, '2020-06-01 10:12:00', '2020-06-01 10:12:56', 1, 1, 1879),
(158, 'AFTER UPDATE', 35, 22, 'pcs', 123, '123', 'AKTIF', 24, 1, '2020-06-01 10:12:27', '2020-06-01 10:12:56', 1, 1, 1880),
(159, 'AFTER UPDATE', 36, 44, 'pcs', 124, '124', 'AKTIF', 24, 2, '2020-06-01 10:12:27', '2020-06-01 10:12:56', 1, 1, 1881),
(160, 'AFTER UPDATE', 11, 120, 'pcs2', 200002, 'notes2', 'AKTIF', 24, 2, '2020-05-31 07:49:16', '2020-06-01 10:13:21', 1, 1, 1886),
(161, 'AFTER UPDATE', 12, 152, 'pcs2', 400002, 'notes22', 'AKTIF', 24, 2, '2020-05-31 07:49:16', '2020-06-01 10:13:21', 1, 1, 1887),
(162, 'AFTER UPDATE', 13, 112, 'pcs2', 300002, '-2', 'AKTIF', 24, 2, '2020-06-01 10:06:33', '2020-06-01 10:13:21', 1, 1, 1888),
(163, 'AFTER UPDATE', 14, 11, 'pcs1', 200001, 'notes1', 'AKTIF', 24, 1, '2020-06-01 10:06:33', '2020-06-01 10:13:21', 1, 1, 1889),
(164, 'AFTER UPDATE', 15, 15, 'pcs', 40000, 'notes2', 'AKTIF', 24, 2, '2020-06-01 10:06:33', '2020-06-01 10:13:21', 1, 1, 1890),
(165, 'AFTER UPDATE', 16, 10, 'pcs', 123, 'notes3', 'AKTIF', 24, 1, '2020-06-01 10:07:12', '2020-06-01 10:13:21', 1, 1, 1891),
(166, 'AFTER UPDATE', 17, 10, 'pcs', 20000, 'notes', 'AKTIF', 24, 1, '2020-06-01 10:07:12', '2020-06-01 10:13:21', 1, 1, 1892),
(167, 'AFTER UPDATE', 18, 15, 'pcs', 40000, 'notes2', 'AKTIF', 24, 2, '2020-06-01 10:07:12', '2020-06-01 10:13:21', 1, 1, 1893),
(168, 'AFTER UPDATE', 19, 11, 'pcs', 30000, '-', 'AKTIF', 24, 1, '2020-06-01 10:07:12', '2020-06-01 10:13:21', 1, 1, 1894),
(169, 'AFTER UPDATE', 20, 11, 'pcs1', 200001, 'notes1', 'AKTIF', 24, 1, '2020-06-01 10:07:12', '2020-06-01 10:13:21', 1, 1, 1895),
(170, 'AFTER UPDATE', 21, 15, 'pcs', 40000, 'notes2', 'AKTIF', 24, 2, '2020-06-01 10:07:12', '2020-06-01 10:13:21', 1, 1, 1896),
(171, 'AFTER UPDATE', 22, 10, 'pcs', 123, 'notes4', 'AKTIF', 24, 1, '2020-06-01 10:07:57', '2020-06-01 10:13:21', 1, 1, 1897),
(172, 'AFTER UPDATE', 23, 10, 'pcs', 20000, 'notes', 'AKTIF', 24, 1, '2020-06-01 10:07:57', '2020-06-01 10:13:21', 1, 1, 1898),
(173, 'AFTER UPDATE', 24, 15, 'pcs', 40000, 'notes2', 'AKTIF', 24, 2, '2020-06-01 10:07:57', '2020-06-01 10:13:21', 1, 1, 1899),
(174, 'AFTER UPDATE', 25, 11, 'pcs', 30000, '-', 'AKTIF', 24, 1, '2020-06-01 10:07:57', '2020-06-01 10:13:21', 1, 1, 1900),
(175, 'AFTER UPDATE', 26, 11, 'pcs1', 200001, 'notes1', 'AKTIF', 24, 1, '2020-06-01 10:07:57', '2020-06-01 10:13:21', 1, 1, 1901),
(176, 'AFTER UPDATE', 27, 15, 'pcs', 40000, 'notes2', 'AKTIF', 24, 2, '2020-06-01 10:07:57', '2020-06-01 10:13:21', 1, 1, 1902),
(177, 'AFTER UPDATE', 28, 10, 'pcs', 123, 'notes3', 'AKTIF', 24, 1, '2020-06-01 10:07:57', '2020-06-01 10:13:21', 1, 1, 1903),
(178, 'AFTER UPDATE', 29, 10, 'pcs', 20000, 'notes', 'AKTIF', 24, 1, '2020-06-01 10:07:57', '2020-06-01 10:13:21', 1, 1, 1904),
(179, 'AFTER UPDATE', 30, 15, 'pcs', 40000, 'notes2', 'AKTIF', 24, 2, '2020-06-01 10:07:57', '2020-06-01 10:13:21', 1, 1, 1905),
(180, 'AFTER UPDATE', 31, 11, 'pcs', 30000, '-', 'AKTIF', 24, 1, '2020-06-01 10:07:57', '2020-06-01 10:13:21', 1, 1, 1906),
(181, 'AFTER UPDATE', 32, 11, 'pcs1', 200001, 'notes1', 'AKTIF', 24, 1, '2020-06-01 10:07:57', '2020-06-01 10:13:21', 1, 1, 1907),
(182, 'AFTER UPDATE', 33, 15, 'pcs', 40000, 'notes2', 'AKTIF', 24, 2, '2020-06-01 10:07:57', '2020-06-01 10:13:21', 1, 1, 1908),
(183, 'AFTER UPDATE', 34, 11, 'pcs', 1111, '1111', 'AKTIF', 24, 1, '2020-06-01 10:12:00', '2020-06-01 10:13:21', 1, 1, 1909),
(184, 'AFTER UPDATE', 35, 22, 'pcs', 123, '123', 'AKTIF', 24, 1, '2020-06-01 10:12:27', '2020-06-01 10:13:21', 1, 1, 1910),
(185, 'AFTER UPDATE', 36, 44, 'pcs', 124, '124', 'AKTIF', 24, 2, '2020-06-01 10:12:27', '2020-06-01 10:13:21', 1, 1, 1911),
(186, 'AFTER UPDATE', 11, 120, 'pcs2', 200002, 'notes2', 'AKTIF', 24, 2, '2020-05-31 07:49:16', '2020-06-01 10:16:17', 1, 1, 1918),
(187, 'AFTER UPDATE', 12, 152, 'pcs2', 400002, 'notes22', 'AKTIF', 24, 2, '2020-05-31 07:49:16', '2020-06-01 10:16:17', 1, 1, 1919),
(188, 'AFTER UPDATE', 13, 112, 'pcs2', 300002, '-2', 'AKTIF', 24, 2, '2020-06-01 10:06:33', '2020-06-01 10:16:17', 1, 1, 1920),
(189, 'AFTER UPDATE', 14, 11, 'pcs1', 200001, 'notes1', 'AKTIF', 24, 1, '2020-06-01 10:06:33', '2020-06-01 10:16:17', 1, 1, 1921),
(190, 'AFTER UPDATE', 15, 15, 'pcs', 40000, 'notes2', 'AKTIF', 24, 2, '2020-06-01 10:06:33', '2020-06-01 10:16:17', 1, 1, 1922),
(191, 'AFTER UPDATE', 16, 10, 'pcs', 123, 'notes3', 'AKTIF', 24, 1, '2020-06-01 10:07:12', '2020-06-01 10:16:17', 1, 1, 1923),
(192, 'AFTER UPDATE', 17, 10, 'pcs', 20000, 'notes', 'AKTIF', 24, 1, '2020-06-01 10:07:12', '2020-06-01 10:16:17', 1, 1, 1924),
(193, 'AFTER UPDATE', 18, 15, 'pcs', 40000, 'notes2', 'AKTIF', 24, 2, '2020-06-01 10:07:12', '2020-06-01 10:16:17', 1, 1, 1925),
(194, 'AFTER UPDATE', 19, 11, 'pcs', 30000, '-', 'AKTIF', 24, 1, '2020-06-01 10:07:12', '2020-06-01 10:16:17', 1, 1, 1926),
(195, 'AFTER UPDATE', 20, 11, 'pcs1', 200001, 'notes1', 'AKTIF', 24, 1, '2020-06-01 10:07:12', '2020-06-01 10:16:17', 1, 1, 1927),
(196, 'AFTER UPDATE', 21, 15, 'pcs', 40000, 'notes2', 'AKTIF', 24, 2, '2020-06-01 10:07:12', '2020-06-01 10:16:17', 1, 1, 1928),
(197, 'AFTER UPDATE', 22, 10, 'pcs', 123, 'notes4', 'AKTIF', 24, 1, '2020-06-01 10:07:57', '2020-06-01 10:16:17', 1, 1, 1929),
(198, 'AFTER UPDATE', 23, 10, 'pcs', 20000, 'notes', 'AKTIF', 24, 1, '2020-06-01 10:07:57', '2020-06-01 10:16:17', 1, 1, 1930),
(199, 'AFTER UPDATE', 24, 15, 'pcs', 40000, 'notes2', 'AKTIF', 24, 2, '2020-06-01 10:07:57', '2020-06-01 10:16:17', 1, 1, 1931),
(200, 'AFTER UPDATE', 25, 11, 'pcs', 30000, '-', 'AKTIF', 24, 1, '2020-06-01 10:07:57', '2020-06-01 10:16:17', 1, 1, 1932),
(201, 'AFTER UPDATE', 26, 11, 'pcs1', 200001, 'notes1', 'AKTIF', 24, 1, '2020-06-01 10:07:57', '2020-06-01 10:16:17', 1, 1, 1933),
(202, 'AFTER UPDATE', 27, 15, 'pcs', 40000, 'notes2', 'AKTIF', 24, 2, '2020-06-01 10:07:57', '2020-06-01 10:16:17', 1, 1, 1934),
(203, 'AFTER UPDATE', 28, 10, 'pcs', 123, 'notes3', 'AKTIF', 24, 1, '2020-06-01 10:07:57', '2020-06-01 10:16:17', 1, 1, 1935),
(204, 'AFTER UPDATE', 29, 10, 'pcs', 20000, 'notes', 'AKTIF', 24, 1, '2020-06-01 10:07:57', '2020-06-01 10:16:17', 1, 1, 1936),
(205, 'AFTER UPDATE', 30, 15, 'pcs', 40000, 'notes2', 'AKTIF', 24, 2, '2020-06-01 10:07:57', '2020-06-01 10:16:17', 1, 1, 1937),
(206, 'AFTER UPDATE', 31, 11, 'pcs', 30000, '-', 'AKTIF', 24, 1, '2020-06-01 10:07:57', '2020-06-01 10:16:17', 1, 1, 1938),
(207, 'AFTER UPDATE', 32, 11, 'pcs1', 200001, 'notes1', 'AKTIF', 24, 1, '2020-06-01 10:07:57', '2020-06-01 10:16:17', 1, 1, 1939),
(208, 'AFTER UPDATE', 33, 15, 'pcs', 40000, 'notes2', 'AKTIF', 24, 2, '2020-06-01 10:07:57', '2020-06-01 10:16:17', 1, 1, 1940),
(209, 'AFTER UPDATE', 34, 11, 'pcs', 1111, '1111', 'AKTIF', 24, 1, '2020-06-01 10:12:00', '2020-06-01 10:16:17', 1, 1, 1941),
(210, 'AFTER UPDATE', 35, 22, 'pcs', 123, '123', 'AKTIF', 24, 1, '2020-06-01 10:12:27', '2020-06-01 10:16:17', 1, 1, 1942),
(211, 'AFTER UPDATE', 36, 44, 'pcs', 124, '124', 'AKTIF', 24, 2, '2020-06-01 10:12:27', '2020-06-01 10:16:17', 1, 1, 1943),
(212, 'AFTER UPDATE', 11, 120, 'pcs2', 200002, 'notes2', 'AKTIF', 24, 2, '2020-05-31 07:49:16', '2020-06-01 10:20:07', 1, 1, 1950),
(213, 'AFTER UPDATE', 12, 152, 'pcs2', 400002, 'notes22', 'AKTIF', 24, 2, '2020-05-31 07:49:16', '2020-06-01 10:20:07', 1, 1, 1951),
(214, 'AFTER UPDATE', 13, 112, 'pcs2', 300002, '-2', 'AKTIF', 24, 2, '2020-06-01 10:06:33', '2020-06-01 10:20:07', 1, 1, 1952),
(215, 'AFTER UPDATE', 14, 11, 'pcs1', 200001, 'notes1', 'AKTIF', 24, 1, '2020-06-01 10:06:33', '2020-06-01 10:20:07', 1, 1, 1953),
(216, 'AFTER UPDATE', 15, 15, 'pcs', 40000, 'notes2', 'AKTIF', 24, 2, '2020-06-01 10:06:33', '2020-06-01 10:20:07', 1, 1, 1954),
(217, 'AFTER UPDATE', 16, 10, 'pcs', 123, 'notes3', 'AKTIF', 24, 1, '2020-06-01 10:07:12', '2020-06-01 10:20:07', 1, 1, 1955),
(218, 'AFTER UPDATE', 17, 10, 'pcs', 20000, 'notes', 'AKTIF', 24, 1, '2020-06-01 10:07:12', '2020-06-01 10:20:07', 1, 1, 1956),
(219, 'AFTER UPDATE', 18, 15, 'pcs', 40000, 'notes2', 'AKTIF', 24, 2, '2020-06-01 10:07:12', '2020-06-01 10:20:07', 1, 1, 1957),
(220, 'AFTER UPDATE', 19, 11, 'pcs', 30000, '-', 'AKTIF', 24, 1, '2020-06-01 10:07:12', '2020-06-01 10:20:07', 1, 1, 1958),
(221, 'AFTER UPDATE', 20, 11, 'pcs1', 200001, 'notes1', 'AKTIF', 24, 1, '2020-06-01 10:07:12', '2020-06-01 10:20:07', 1, 1, 1959),
(222, 'AFTER UPDATE', 21, 15, 'pcs', 40000, 'notes2', 'AKTIF', 24, 2, '2020-06-01 10:07:12', '2020-06-01 10:20:07', 1, 1, 1960),
(223, 'AFTER UPDATE', 22, 10, 'pcs', 123, 'notes4', 'AKTIF', 24, 1, '2020-06-01 10:07:57', '2020-06-01 10:20:07', 1, 1, 1961),
(224, 'AFTER UPDATE', 23, 10, 'pcs', 20000, 'notes', 'AKTIF', 24, 1, '2020-06-01 10:07:57', '2020-06-01 10:20:07', 1, 1, 1962),
(225, 'AFTER UPDATE', 24, 15, 'pcs', 40000, 'notes2', 'AKTIF', 24, 2, '2020-06-01 10:07:57', '2020-06-01 10:20:07', 1, 1, 1963),
(226, 'AFTER UPDATE', 25, 11, 'pcs', 30000, '-', 'AKTIF', 24, 1, '2020-06-01 10:07:57', '2020-06-01 10:20:07', 1, 1, 1964),
(227, 'AFTER UPDATE', 26, 11, 'pcs1', 200001, 'notes1', 'AKTIF', 24, 1, '2020-06-01 10:07:57', '2020-06-01 10:20:07', 1, 1, 1965),
(228, 'AFTER UPDATE', 27, 15, 'pcs', 40000, 'notes2', 'AKTIF', 24, 2, '2020-06-01 10:07:57', '2020-06-01 10:20:07', 1, 1, 1966),
(229, 'AFTER UPDATE', 28, 10, 'pcs', 123, 'notes3', 'AKTIF', 24, 1, '2020-06-01 10:07:57', '2020-06-01 10:20:07', 1, 1, 1967),
(230, 'AFTER UPDATE', 29, 10, 'pcs', 20000, 'notes', 'AKTIF', 24, 1, '2020-06-01 10:07:57', '2020-06-01 10:20:07', 1, 1, 1968),
(231, 'AFTER UPDATE', 30, 15, 'pcs', 40000, 'notes2', 'AKTIF', 24, 2, '2020-06-01 10:07:57', '2020-06-01 10:20:07', 1, 1, 1969),
(232, 'AFTER UPDATE', 31, 11, 'pcs', 30000, '-', 'AKTIF', 24, 1, '2020-06-01 10:07:57', '2020-06-01 10:20:07', 1, 1, 1970),
(233, 'AFTER UPDATE', 32, 11, 'pcs1', 200001, 'notes1', 'AKTIF', 24, 1, '2020-06-01 10:07:57', '2020-06-01 10:20:07', 1, 1, 1971),
(234, 'AFTER UPDATE', 33, 15, 'pcs', 40000, 'notes2', 'AKTIF', 24, 2, '2020-06-01 10:07:57', '2020-06-01 10:20:07', 1, 1, 1972),
(235, 'AFTER UPDATE', 34, 11, 'pcs', 1111, '1111', 'AKTIF', 24, 1, '2020-06-01 10:12:00', '2020-06-01 10:20:07', 1, 1, 1973),
(236, 'AFTER UPDATE', 35, 22, 'pcs', 123, '123', 'AKTIF', 24, 1, '2020-06-01 10:12:27', '2020-06-01 10:20:07', 1, 1, 1974),
(237, 'AFTER UPDATE', 36, 44, 'pcs', 124, '124', 'AKTIF', 24, 2, '2020-06-01 10:12:27', '2020-06-01 10:20:07', 1, 1, 1975),
(238, 'AFTER UPDATE', 11, 120, 'pcs2', 200002, 'notes2', 'AKTIF', 24, 2, '2020-05-31 07:49:16', '2020-06-01 10:23:46', 1, 1, 1982),
(239, 'AFTER UPDATE', 12, 152, 'pcs2', 400002, 'notes22', 'AKTIF', 24, 2, '2020-05-31 07:49:16', '2020-06-01 10:23:46', 1, 1, 1983),
(240, 'AFTER UPDATE', 13, 112, 'pcs2', 300002, '-2', 'AKTIF', 24, 2, '2020-06-01 10:06:33', '2020-06-01 10:23:46', 1, 1, 1984),
(241, 'AFTER UPDATE', 14, 11, 'pcs1', 200001, 'notes1', 'AKTIF', 24, 1, '2020-06-01 10:06:33', '2020-06-01 10:23:46', 1, 1, 1985),
(242, 'AFTER UPDATE', 15, 15, 'pcs', 40000, 'notes2', 'AKTIF', 24, 2, '2020-06-01 10:06:33', '2020-06-01 10:23:46', 1, 1, 1986),
(243, 'AFTER UPDATE', 16, 10, 'pcs', 123, 'notes3', 'AKTIF', 24, 1, '2020-06-01 10:07:12', '2020-06-01 10:23:46', 1, 1, 1987),
(244, 'AFTER UPDATE', 17, 10, 'pcs', 20000, 'notes', 'AKTIF', 24, 1, '2020-06-01 10:07:12', '2020-06-01 10:23:46', 1, 1, 1988),
(245, 'AFTER UPDATE', 18, 15, 'pcs', 40000, 'notes2', 'AKTIF', 24, 2, '2020-06-01 10:07:12', '2020-06-01 10:23:46', 1, 1, 1989),
(246, 'AFTER UPDATE', 19, 11, 'pcs', 30000, '-', 'AKTIF', 24, 1, '2020-06-01 10:07:12', '2020-06-01 10:23:46', 1, 1, 1990),
(247, 'AFTER UPDATE', 20, 11, 'pcs1', 200001, 'notes1', 'AKTIF', 24, 1, '2020-06-01 10:07:12', '2020-06-01 10:23:46', 1, 1, 1991),
(248, 'AFTER UPDATE', 21, 15, 'pcs', 40000, 'notes2', 'AKTIF', 24, 2, '2020-06-01 10:07:12', '2020-06-01 10:23:46', 1, 1, 1992),
(249, 'AFTER UPDATE', 22, 10, 'pcs', 123, 'notes4', 'AKTIF', 24, 1, '2020-06-01 10:07:57', '2020-06-01 10:23:46', 1, 1, 1993),
(250, 'AFTER UPDATE', 23, 10, 'pcs', 20000, 'notes', 'AKTIF', 24, 1, '2020-06-01 10:07:57', '2020-06-01 10:23:46', 1, 1, 1994),
(251, 'AFTER UPDATE', 24, 15, 'pcs', 40000, 'notes2', 'AKTIF', 24, 2, '2020-06-01 10:07:57', '2020-06-01 10:23:46', 1, 1, 1995),
(252, 'AFTER UPDATE', 25, 11, 'pcs', 30000, '-', 'AKTIF', 24, 1, '2020-06-01 10:07:57', '2020-06-01 10:23:46', 1, 1, 1996),
(253, 'AFTER UPDATE', 26, 11, 'pcs1', 200001, 'notes1', 'AKTIF', 24, 1, '2020-06-01 10:07:57', '2020-06-01 10:23:46', 1, 1, 1997),
(254, 'AFTER UPDATE', 27, 15, 'pcs', 40000, 'notes2', 'AKTIF', 24, 2, '2020-06-01 10:07:57', '2020-06-01 10:23:46', 1, 1, 1998),
(255, 'AFTER UPDATE', 28, 10, 'pcs', 123, 'notes3', 'AKTIF', 24, 1, '2020-06-01 10:07:57', '2020-06-01 10:23:46', 1, 1, 1999),
(256, 'AFTER UPDATE', 29, 10, 'pcs', 20000, 'notes', 'AKTIF', 24, 1, '2020-06-01 10:07:57', '2020-06-01 10:23:46', 1, 1, 2000),
(257, 'AFTER UPDATE', 30, 15, 'pcs', 40000, 'notes2', 'AKTIF', 24, 2, '2020-06-01 10:07:57', '2020-06-01 10:23:46', 1, 1, 2001),
(258, 'AFTER UPDATE', 31, 11, 'pcs', 30000, '-', 'AKTIF', 24, 1, '2020-06-01 10:07:57', '2020-06-01 10:23:46', 1, 1, 2002),
(259, 'AFTER UPDATE', 32, 11, 'pcs1', 200001, 'notes1', 'AKTIF', 24, 1, '2020-06-01 10:07:57', '2020-06-01 10:23:46', 1, 1, 2003),
(260, 'AFTER UPDATE', 33, 15, 'pcs', 40000, 'notes2', 'AKTIF', 24, 2, '2020-06-01 10:07:57', '2020-06-01 10:23:46', 1, 1, 2004),
(261, 'AFTER UPDATE', 34, 11, 'pcs', 1111, '1111', 'AKTIF', 24, 1, '2020-06-01 10:12:00', '2020-06-01 10:23:46', 1, 1, 2005),
(262, 'AFTER UPDATE', 35, 22, 'pcs', 123, '123', 'AKTIF', 24, 1, '2020-06-01 10:12:27', '2020-06-01 10:23:46', 1, 1, 2006),
(263, 'AFTER UPDATE', 36, 44, 'pcs', 124, '124', 'AKTIF', 24, 2, '2020-06-01 10:12:27', '2020-06-01 10:23:46', 1, 1, 2007),
(264, 'AFTER UPDATE', 11, 120, 'pcs2', 200002, 'notes2', 'AKTIF', 24, 2, '2020-05-31 07:49:16', '2020-06-01 10:24:16', 1, 1, 2016),
(265, 'AFTER UPDATE', 12, 152, 'pcs2', 400002, 'notes22', 'AKTIF', 24, 2, '2020-05-31 07:49:16', '2020-06-01 10:24:16', 1, 1, 2017),
(266, 'AFTER UPDATE', 13, 112, 'pcs2', 300002, '-2', 'AKTIF', 24, 2, '2020-06-01 10:06:33', '2020-06-01 10:24:16', 1, 1, 2018),
(267, 'AFTER UPDATE', 14, 11, 'pcs1', 200001, 'notes1', 'AKTIF', 24, 1, '2020-06-01 10:06:33', '2020-06-01 10:24:16', 1, 1, 2019),
(268, 'AFTER UPDATE', 15, 15, 'pcs', 40000, 'notes2', 'AKTIF', 24, 2, '2020-06-01 10:06:33', '2020-06-01 10:24:16', 1, 1, 2020),
(269, 'AFTER UPDATE', 16, 10, 'pcs', 123, 'notes3', 'AKTIF', 24, 1, '2020-06-01 10:07:12', '2020-06-01 10:24:16', 1, 1, 2021),
(270, 'AFTER UPDATE', 17, 10, 'pcs', 20000, 'notes', 'AKTIF', 24, 1, '2020-06-01 10:07:12', '2020-06-01 10:24:16', 1, 1, 2022),
(271, 'AFTER UPDATE', 18, 15, 'pcs', 40000, 'notes2', 'AKTIF', 24, 2, '2020-06-01 10:07:12', '2020-06-01 10:24:16', 1, 1, 2023),
(272, 'AFTER UPDATE', 19, 11, 'pcs', 30000, '-', 'AKTIF', 24, 1, '2020-06-01 10:07:12', '2020-06-01 10:24:16', 1, 1, 2024),
(273, 'AFTER UPDATE', 20, 11, 'pcs1', 200001, 'notes1', 'AKTIF', 24, 1, '2020-06-01 10:07:12', '2020-06-01 10:24:16', 1, 1, 2025),
(274, 'AFTER UPDATE', 21, 15, 'pcs', 40000, 'notes2', 'AKTIF', 24, 2, '2020-06-01 10:07:12', '2020-06-01 10:24:16', 1, 1, 2026),
(275, 'AFTER UPDATE', 22, 10, 'pcs', 123, 'notes4', 'AKTIF', 24, 1, '2020-06-01 10:07:57', '2020-06-01 10:24:16', 1, 1, 2027),
(276, 'AFTER UPDATE', 23, 10, 'pcs', 20000, 'notes', 'AKTIF', 24, 1, '2020-06-01 10:07:57', '2020-06-01 10:24:16', 1, 1, 2028),
(277, 'AFTER UPDATE', 24, 15, 'pcs', 40000, 'notes2', 'AKTIF', 24, 2, '2020-06-01 10:07:57', '2020-06-01 10:24:16', 1, 1, 2029),
(278, 'AFTER UPDATE', 25, 11, 'pcs', 30000, '-', 'AKTIF', 24, 1, '2020-06-01 10:07:57', '2020-06-01 10:24:16', 1, 1, 2030),
(279, 'AFTER UPDATE', 26, 11, 'pcs1', 200001, 'notes1', 'AKTIF', 24, 1, '2020-06-01 10:07:57', '2020-06-01 10:24:16', 1, 1, 2031),
(280, 'AFTER UPDATE', 27, 15, 'pcs', 40000, 'notes2', 'AKTIF', 24, 2, '2020-06-01 10:07:57', '2020-06-01 10:24:16', 1, 1, 2032),
(281, 'AFTER UPDATE', 28, 10, 'pcs', 123, 'notes3', 'AKTIF', 24, 1, '2020-06-01 10:07:57', '2020-06-01 10:24:16', 1, 1, 2033),
(282, 'AFTER UPDATE', 29, 10, 'pcs', 20000, 'notes', 'AKTIF', 24, 1, '2020-06-01 10:07:57', '2020-06-01 10:24:16', 1, 1, 2034),
(283, 'AFTER UPDATE', 30, 15, 'pcs', 40000, 'notes2', 'AKTIF', 24, 2, '2020-06-01 10:07:57', '2020-06-01 10:24:16', 1, 1, 2035),
(284, 'AFTER UPDATE', 31, 11, 'pcs', 30000, '-', 'AKTIF', 24, 1, '2020-06-01 10:07:57', '2020-06-01 10:24:16', 1, 1, 2036),
(285, 'AFTER UPDATE', 32, 11, 'pcs1', 200001, 'notes1', 'AKTIF', 24, 1, '2020-06-01 10:07:57', '2020-06-01 10:24:16', 1, 1, 2037),
(286, 'AFTER UPDATE', 33, 15, 'pcs', 40000, 'notes2', 'AKTIF', 24, 2, '2020-06-01 10:07:57', '2020-06-01 10:24:16', 1, 1, 2038),
(287, 'AFTER UPDATE', 34, 11, 'pcs', 1111, '1111', 'AKTIF', 24, 1, '2020-06-01 10:12:00', '2020-06-01 10:24:16', 1, 1, 2039),
(288, 'AFTER UPDATE', 35, 22, 'pcs', 123, '123', 'AKTIF', 24, 1, '2020-06-01 10:12:27', '2020-06-01 10:24:16', 1, 1, 2040),
(289, 'AFTER UPDATE', 36, 44, 'pcs', 124, '124', 'AKTIF', 24, 2, '2020-06-01 10:12:27', '2020-06-01 10:24:16', 1, 1, 2041),
(290, 'AFTER UPDATE', 11, 120, 'pcs2', 200002, 'notes2', 'AKTIF', 24, 2, '2020-05-31 07:49:16', '2020-06-01 10:24:44', 1, 1, 2051),
(291, 'AFTER UPDATE', 12, 152, 'pcs2', 400002, 'notes22', 'AKTIF', 24, 2, '2020-05-31 07:49:16', '2020-06-01 10:24:44', 1, 1, 2052),
(292, 'AFTER UPDATE', 13, 112, 'pcs2', 300002, '-2', 'AKTIF', 24, 2, '2020-06-01 10:06:33', '2020-06-01 10:24:44', 1, 1, 2053),
(293, 'AFTER UPDATE', 14, 11, 'pcs1', 200001, 'notes1', 'AKTIF', 24, 1, '2020-06-01 10:06:33', '2020-06-01 10:24:44', 1, 1, 2054),
(294, 'AFTER UPDATE', 15, 15, 'pcs', 40000, 'notes2', 'AKTIF', 24, 2, '2020-06-01 10:06:33', '2020-06-01 10:24:44', 1, 1, 2055),
(295, 'AFTER UPDATE', 16, 10, 'pcs', 123, 'notes3', 'AKTIF', 24, 1, '2020-06-01 10:07:12', '2020-06-01 10:24:44', 1, 1, 2056),
(296, 'AFTER UPDATE', 17, 10, 'pcs', 20000, 'notes', 'AKTIF', 24, 1, '2020-06-01 10:07:12', '2020-06-01 10:24:44', 1, 1, 2057),
(297, 'AFTER UPDATE', 18, 15, 'pcs', 40000, 'notes2', 'AKTIF', 24, 2, '2020-06-01 10:07:12', '2020-06-01 10:24:44', 1, 1, 2058),
(298, 'AFTER UPDATE', 19, 11, 'pcs', 30000, '-', 'AKTIF', 24, 1, '2020-06-01 10:07:12', '2020-06-01 10:24:44', 1, 1, 2059),
(299, 'AFTER UPDATE', 20, 11, 'pcs1', 200001, 'notes1', 'AKTIF', 24, 1, '2020-06-01 10:07:12', '2020-06-01 10:24:44', 1, 1, 2060),
(300, 'AFTER UPDATE', 21, 15, 'pcs', 40000, 'notes2', 'AKTIF', 24, 2, '2020-06-01 10:07:12', '2020-06-01 10:24:44', 1, 1, 2061),
(301, 'AFTER UPDATE', 22, 10, 'pcs', 123, 'notes4', 'AKTIF', 24, 1, '2020-06-01 10:07:57', '2020-06-01 10:24:44', 1, 1, 2062),
(302, 'AFTER UPDATE', 23, 10, 'pcs', 20000, 'notes', 'AKTIF', 24, 1, '2020-06-01 10:07:57', '2020-06-01 10:24:44', 1, 1, 2063),
(303, 'AFTER UPDATE', 24, 15, 'pcs', 40000, 'notes2', 'AKTIF', 24, 2, '2020-06-01 10:07:57', '2020-06-01 10:24:44', 1, 1, 2064),
(304, 'AFTER UPDATE', 25, 11, 'pcs', 30000, '-', 'AKTIF', 24, 1, '2020-06-01 10:07:57', '2020-06-01 10:24:44', 1, 1, 2065),
(305, 'AFTER UPDATE', 26, 11, 'pcs1', 200001, 'notes1', 'AKTIF', 24, 1, '2020-06-01 10:07:57', '2020-06-01 10:24:44', 1, 1, 2066),
(306, 'AFTER UPDATE', 27, 15, 'pcs', 40000, 'notes2', 'AKTIF', 24, 2, '2020-06-01 10:07:57', '2020-06-01 10:24:44', 1, 1, 2067),
(307, 'AFTER UPDATE', 28, 10, 'pcs', 123, 'notes3', 'AKTIF', 24, 1, '2020-06-01 10:07:57', '2020-06-01 10:24:44', 1, 1, 2068),
(308, 'AFTER UPDATE', 29, 10, 'pcs', 20000, 'notes', 'AKTIF', 24, 1, '2020-06-01 10:07:57', '2020-06-01 10:24:44', 1, 1, 2069),
(309, 'AFTER UPDATE', 30, 15, 'pcs', 40000, 'notes2', 'AKTIF', 24, 2, '2020-06-01 10:07:57', '2020-06-01 10:24:44', 1, 1, 2070),
(310, 'AFTER UPDATE', 31, 11, 'pcs', 30000, '-', 'AKTIF', 24, 1, '2020-06-01 10:07:57', '2020-06-01 10:24:44', 1, 1, 2071),
(311, 'AFTER UPDATE', 32, 11, 'pcs1', 200001, 'notes1', 'AKTIF', 24, 1, '2020-06-01 10:07:57', '2020-06-01 10:24:44', 1, 1, 2072),
(312, 'AFTER UPDATE', 33, 15, 'pcs', 40000, 'notes2', 'AKTIF', 24, 2, '2020-06-01 10:07:57', '2020-06-01 10:24:44', 1, 1, 2073),
(313, 'AFTER UPDATE', 34, 11, 'pcs', 1111, '1111', 'AKTIF', 24, 1, '2020-06-01 10:12:00', '2020-06-01 10:24:44', 1, 1, 2074),
(314, 'AFTER UPDATE', 35, 22, 'pcs', 123, '123', 'AKTIF', 24, 1, '2020-06-01 10:12:27', '2020-06-01 10:24:44', 1, 1, 2075),
(315, 'AFTER UPDATE', 36, 44, 'pcs', 124, '124', 'AKTIF', 24, 2, '2020-06-01 10:12:27', '2020-06-01 10:24:44', 1, 1, 2076),
(316, 'AFTER UPDATE', 31, 11, 'pcs', 30000, '-', 'nonaktif', 24, 1, '2020-06-01 10:07:57', '2020-06-01 11:00:07', 1, 1, 2088),
(317, 'AFTER UPDATE', 25, 11, 'pcs', 30000, '-', 'nonaktif', 24, 1, '2020-06-01 10:07:57', '2020-06-01 11:00:11', 1, 1, 2089),
(318, 'AFTER UPDATE', 19, 11, 'pcs', 30000, '-', 'nonaktif', 24, 1, '2020-06-01 10:07:12', '2020-06-01 11:00:12', 1, 1, 2090),
(319, 'AFTER UPDATE', 13, 112, 'pcs2', 300002, '-2', 'nonaktif', 24, 2, '2020-06-01 10:06:33', '2020-06-01 11:00:13', 1, 1, 2091),
(320, 'AFTER UPDATE', 7, 3, 'PCS', 20000, 'NOTES 2', 'AKTIF', 11, 2, '2020-05-29 03:46:05', '2020-06-03 10:23:16', 1, 1, 2271),
(321, 'AFTER INSERT', 37, 2, 'PCS', 30000, 'NOTES 4', 'AKTIF', 11, 2, '2020-06-03 10:24:33', '2020-06-03 10:24:33', 1, 1, 2275),
(322, 'AFTER UPDATE', 7, 3, 'PCS', 20000, 'NOTES 2', 'AKTIF', 11, 2, '2020-05-29 03:46:05', '2020-06-03 10:24:33', 1, 1, 2276);

-- --------------------------------------------------------

--
-- 表的结构 `tbl_brg_permintaan`
--

CREATE TABLE `tbl_brg_permintaan` (
  `ID_PK_BRG_PERMINTAAN` int(11) NOT NULL,
  `BRG_PERMINTAAN_QTY` int(11) DEFAULT NULL,
  `BRG_PERMINTAAN_NOTES` text DEFAULT NULL,
  `BRG_PERMINTAAN_DEADLINE` date DEFAULT NULL,
  `BRG_PERMINTAAN_STATUS` varchar(6) DEFAULT NULL,
  `ID_FK_BRG` int(11) DEFAULT NULL,
  `ID_FK_CABANG` int(11) DEFAULT NULL,
  `BRG_PERMINTAAN_CREATE_DATE` datetime DEFAULT NULL,
  `BRG_PERMINTAAN_LAST_MODIFIED` datetime DEFAULT NULL,
  `ID_CREATE_DATA` int(11) DEFAULT NULL,
  `ID_LAST_MODIFIED` int(11) DEFAULT NULL
) ENGINE=InnoDB DEFAULT CHARSET=utf8mb4;

--
-- 转存表中的数据 `tbl_brg_permintaan`
--

INSERT INTO `tbl_brg_permintaan` (`ID_PK_BRG_PERMINTAAN`, `BRG_PERMINTAAN_QTY`, `BRG_PERMINTAAN_NOTES`, `BRG_PERMINTAAN_DEADLINE`, `BRG_PERMINTAAN_STATUS`, `ID_FK_BRG`, `ID_FK_CABANG`, `BRG_PERMINTAAN_CREATE_DATE`, `BRG_PERMINTAAN_LAST_MODIFIED`, `ID_CREATE_DATA`, `ID_LAST_MODIFIED`) VALUES
(1, 1, 'NOTES', '2020-05-29', 'BELUM', 13, 19, '2020-05-26 18:23:21', '2020-05-26 18:23:21', 1, 1);

--
-- 触发器 `tbl_brg_permintaan`
--
DELIMITER $$
CREATE TRIGGER `TRG_AFTER_INSERT_BRG_PERMINTAAN` AFTER INSERT ON `tbl_brg_permintaan` FOR EACH ROW BEGIN
            SET @ID_USER = NEW.ID_LAST_MODIFIED;
            SET @TGL_ACTION = NEW.BRG_PERMINTAAN_LAST_MODIFIED;
            SET @LOG_TEXT = CONCAT(NEW.ID_LAST_MODIFIED,' ','INSERT DATA AT ' , NEW.BRG_PERMINTAAN_LAST_MODIFIED);
            CALL INSERT_LOG_ALL(@ID_USER,@TGL_ACTION,@LOG_TEXT,@ID_LOG_ALL);
            
            INSERT INTO TBL_BRG_PERMINTAAN_LOG(EXECUTED_FUNCTION,
            ID_PK_BRG_PERMINTAAN,
            BRG_PERMINTAAN_QTY,
            BRG_PERMINTAAN_NOTES,
            BRG_PERMINTAAN_DEADLINE,
            BRG_PERMINTAAN_STATUS,
            ID_FK_BRG,
            ID_FK_CABANG,
            BRG_PERMINTAAN_CREATE_DATE,
            BRG_PERMINTAAN_LAST_MODIFIED,
            ID_CREATE_DATA,
            ID_LAST_MODIFIED,
            ID_LOG_ALL) VALUES ('AFTER INSERT',
            NEW.ID_PK_BRG_PERMINTAAN,
            NEW.BRG_PERMINTAAN_QTY,
            NEW.BRG_PERMINTAAN_NOTES,
            NEW.BRG_PERMINTAAN_DEADLINE,
            NEW.BRG_PERMINTAAN_STATUS,
            NEW.ID_FK_BRG,
            NEW.ID_FK_CABANG,
            NEW.BRG_PERMINTAAN_CREATE_DATE,
            NEW.BRG_PERMINTAAN_LAST_MODIFIED,
            NEW.ID_CREATE_DATA,
            NEW.ID_LAST_MODIFIED,@ID_LOG_ALL);
        END
$$
DELIMITER ;
DELIMITER $$
CREATE TRIGGER `TRG_AFTER_UPDATE_BRG_PERMINTAAN` AFTER UPDATE ON `tbl_brg_permintaan` FOR EACH ROW BEGIN
            SET @ID_USER = NEW.ID_LAST_MODIFIED;
            SET @TGL_ACTION = NEW.BRG_PERMINTAAN_LAST_MODIFIED;
            SET @LOG_TEXT = CONCAT(NEW.ID_LAST_MODIFIED,' ','UPDATE DATA AT ' , NEW.BRG_PERMINTAAN_LAST_MODIFIED);
            CALL INSERT_LOG_ALL(@ID_USER,@TGL_ACTION,@LOG_TEXT,@ID_LOG_ALL);
            
            INSERT INTO TBL_BRG_PERMINTAAN_LOG(EXECUTED_FUNCTION,
            ID_PK_BRG_PERMINTAAN,
            BRG_PERMINTAAN_QTY,
            BRG_PERMINTAAN_NOTES,
            BRG_PERMINTAAN_DEADLINE,
            BRG_PERMINTAAN_STATUS,
            ID_FK_BRG,
            ID_FK_CABANG,
            BRG_PERMINTAAN_CREATE_DATE,
            BRG_PERMINTAAN_LAST_MODIFIED,
            ID_CREATE_DATA,
            ID_LAST_MODIFIED,
            ID_LOG_ALL) VALUES ('AFTER INSERT',
            NEW.ID_PK_BRG_PERMINTAAN,
            NEW.BRG_PERMINTAAN_QTY,
            NEW.BRG_PERMINTAAN_NOTES,
            NEW.BRG_PERMINTAAN_DEADLINE,
            NEW.BRG_PERMINTAAN_STATUS,
            NEW.ID_FK_BRG,
            NEW.ID_FK_CABANG,
            NEW.BRG_PERMINTAAN_CREATE_DATE,
            NEW.BRG_PERMINTAAN_LAST_MODIFIED,
            NEW.ID_CREATE_DATA,
            NEW.ID_LAST_MODIFIED,@ID_LOG_ALL);
        END
$$
DELIMITER ;

-- --------------------------------------------------------

--
-- 表的结构 `tbl_brg_permintaan_log`
--

CREATE TABLE `tbl_brg_permintaan_log` (
  `ID_PK_PENERIMAAN_LOG` int(11) NOT NULL,
  `EXECUTED_FUNCTION` varchar(30) DEFAULT NULL,
  `ID_PK_BRG_PERMINTAAN` int(11) DEFAULT NULL,
  `BRG_PERMINTAAN_QTY` int(11) DEFAULT NULL,
  `BRG_PERMINTAAN_NOTES` text DEFAULT NULL,
  `BRG_PERMINTAAN_DEADLINE` date DEFAULT NULL,
  `BRG_PERMINTAAN_STATUS` varchar(6) DEFAULT NULL,
  `ID_FK_BRG` int(11) DEFAULT NULL,
  `ID_FK_CABANG` int(11) DEFAULT NULL,
  `BRG_PERMINTAAN_CREATE_DATE` datetime DEFAULT NULL,
  `BRG_PERMINTAAN_LAST_MODIFIED` datetime DEFAULT NULL,
  `ID_CREATE_DATA` int(11) DEFAULT NULL,
  `ID_LAST_MODIFIED` int(11) DEFAULT NULL,
  `ID_LOG_ALL` int(11) DEFAULT NULL
) ENGINE=InnoDB DEFAULT CHARSET=utf8mb4;

--
-- 转存表中的数据 `tbl_brg_permintaan_log`
--

INSERT INTO `tbl_brg_permintaan_log` (`ID_PK_PENERIMAAN_LOG`, `EXECUTED_FUNCTION`, `ID_PK_BRG_PERMINTAAN`, `BRG_PERMINTAAN_QTY`, `BRG_PERMINTAAN_NOTES`, `BRG_PERMINTAAN_DEADLINE`, `BRG_PERMINTAAN_STATUS`, `ID_FK_BRG`, `ID_FK_CABANG`, `BRG_PERMINTAAN_CREATE_DATE`, `BRG_PERMINTAAN_LAST_MODIFIED`, `ID_CREATE_DATA`, `ID_LAST_MODIFIED`, `ID_LOG_ALL`) VALUES
(1, 'AFTER INSERT', 1, 1, 'NOTES', '2020-05-29', 'BELUM', 13, 19, '2020-05-26 18:23:21', '2020-05-26 18:23:21', 1, 1, 1389);

-- --------------------------------------------------------

--
-- 表的结构 `tbl_brg_pindah`
--

CREATE TABLE `tbl_brg_pindah` (
  `id_pk_brg_pindah` int(11) NOT NULL,
  `brg_pindah_sumber` varchar(50) DEFAULT NULL COMMENT 'warehouse/penjualan/...',
  `id_fk_refrensi_sumber` int(11) DEFAULT NULL COMMENT 'id_warehouse/id_penjualan/...',
  `id_brg_awal` int(11) DEFAULT NULL,
  `id_brg_tujuan` int(11) DEFAULT NULL,
  `brg_pindah_qty` double DEFAULT NULL,
  `brg_pindah_status` varchar(15) DEFAULT NULL,
  `brg_pindah_create_date` datetime DEFAULT NULL,
  `brg_pindah_last_modified` datetime DEFAULT NULL,
  `id_create_data` int(11) DEFAULT NULL,
  `id_last_modified` int(11) DEFAULT NULL
) ENGINE=InnoDB DEFAULT CHARSET=utf8mb4;

--
-- 转存表中的数据 `tbl_brg_pindah`
--

INSERT INTO `tbl_brg_pindah` (`id_pk_brg_pindah`, `brg_pindah_sumber`, `id_fk_refrensi_sumber`, `id_brg_awal`, `id_brg_tujuan`, `brg_pindah_qty`, `brg_pindah_status`, `brg_pindah_create_date`, `brg_pindah_last_modified`, `id_create_data`, `id_last_modified`) VALUES
(1, 'penjualan', 0, 3, 3, 5, 'AKTIF', '2020-05-30 21:03:43', '2020-05-30 21:03:43', 1, 1),
(2, 'penjualan', 0, 3, 3, 10, 'AKTIF', '2020-05-31 09:46:08', '2020-05-31 09:46:08', 1, 1),
(3, 'penjualan', 0, 3, 3, 10, 'AKTIF', '2020-05-31 09:55:11', '2020-05-31 09:55:11', 1, 1),
(4, 'penjualan', 0, 3, 3, 10, 'AKTIF', '2020-05-31 09:56:00', '2020-05-31 09:56:00', 1, 1),
(5, 'penjualan', 23, 3, 3, 100, 'AKTIF', '2020-05-31 10:30:01', '2020-05-31 10:30:01', 1, 1),
(6, 'penjualan', 24, 1, 2, 10, 'AKTIF', '2020-05-31 19:47:41', '2020-05-31 19:47:41', 1, 1),
(7, 'penjualan', 0, 2, 1, 16, 'AKTIF', '2020-06-01 08:19:25', '2020-06-01 08:19:25', 1, 1),
(8, 'penjualan', 0, 2, 1, 16, 'AKTIF', '2020-06-01 08:19:27', '2020-06-01 08:19:27', 1, 1),
(9, 'penjualan', 0, 2, 1, 10, 'AKTIF', '2020-06-01 08:20:03', '2020-06-01 08:20:03', 1, 1),
(10, 'penjualan', 0, 2, 1, 10, 'AKTIF', '2020-06-01 08:25:22', '2020-06-01 08:25:22', 1, 1),
(11, 'penjualan', 24, 2, 1, 15, 'AKTIF', '2020-06-01 08:25:58', '2020-06-01 08:25:58', 1, 1);

--
-- 触发器 `tbl_brg_pindah`
--
DELIMITER $$
CREATE TRIGGER `trg_after_insert_brg_pindah` AFTER INSERT ON `tbl_brg_pindah` FOR EACH ROW begin
            set @id_user = new.id_last_modified;
            set @tgl_action = new.brg_pindah_last_modified;
            set @log_text = concat(new.id_last_modified,' ','insert data at' , new.brg_pindah_last_modified);
            call insert_log_all(@id_user,@tgl_action,@log_text,@id_log_all);
            
            insert into tbl_brg_pindah_log(executed_function,id_pk_brg_pindah,brg_pindah_sumber,id_fk_refrensi_sumber,id_brg_awal,id_brg_tujuan,brg_pindah_qty,brg_pindah_status,brg_pindah_create_date,brg_pindah_last_modified,id_create_data,id_last_modified,id_log_all) values ('after insert',new.id_pk_brg_pindah,new.brg_pindah_sumber,new.id_fk_refrensi_sumber,new.id_brg_awal,new.id_brg_tujuan,new.brg_pindah_qty,new.brg_pindah_status,new.brg_pindah_create_date,new.brg_pindah_last_modified,new.id_create_data,new.id_last_modified,@id_log_all);
        end
$$
DELIMITER ;
DELIMITER $$
CREATE TRIGGER `trg_after_update_brg_pindah` AFTER UPDATE ON `tbl_brg_pindah` FOR EACH ROW begin
            set @id_user = new.id_last_modified;
            set @tgl_action = new.brg_pindah_last_modified;
            set @log_text = concat(new.id_last_modified,' ','update data at' , new.brg_pindah_last_modified);
            call insert_log_all(@id_user,@tgl_action,@log_text,@id_log_all);
            
            insert into tbl_brg_pindah_log(executed_function,id_pk_brg_pindah,brg_pindah_sumber,id_fk_refrensi_sumber,id_brg_awal,id_brg_tujuan,brg_pindah_qty,brg_pindah_status,brg_pindah_create_date,brg_pindah_last_modified,id_create_data,id_last_modified,id_log_all) values ('after update',new.id_pk_brg_pindah,new.brg_pindah_sumber,new.id_fk_refrensi_sumber,new.id_brg_awal,new.id_brg_tujuan,new.brg_pindah_qty,new.brg_pindah_status,new.brg_pindah_create_date,new.brg_pindah_last_modified,new.id_create_data,new.id_last_modified,@id_log_all);
        end
$$
DELIMITER ;

-- --------------------------------------------------------

--
-- 表的结构 `tbl_brg_pindah_log`
--

CREATE TABLE `tbl_brg_pindah_log` (
  `id_pk_brg_pindah_log` int(11) NOT NULL,
  `executed_function` varchar(30) DEFAULT NULL,
  `id_pk_brg_pindah` int(11) DEFAULT NULL,
  `brg_pindah_sumber` varchar(50) DEFAULT NULL COMMENT 'warehouse/penjualan/...',
  `id_fk_refrensi_sumber` int(11) DEFAULT NULL COMMENT 'id_warehouse/id_penjualan/...',
  `id_brg_awal` int(11) DEFAULT NULL,
  `id_brg_tujuan` int(11) DEFAULT NULL,
  `brg_pindah_qty` double DEFAULT NULL,
  `brg_pindah_status` varchar(15) DEFAULT NULL,
  `brg_pindah_create_date` datetime DEFAULT NULL,
  `brg_pindah_last_modified` datetime DEFAULT NULL,
  `id_create_data` int(11) DEFAULT NULL,
  `id_last_modified` int(11) DEFAULT NULL,
  `id_log_all` int(11) DEFAULT NULL
) ENGINE=InnoDB DEFAULT CHARSET=utf8mb4;

--
-- 转存表中的数据 `tbl_brg_pindah_log`
--

INSERT INTO `tbl_brg_pindah_log` (`id_pk_brg_pindah_log`, `executed_function`, `id_pk_brg_pindah`, `brg_pindah_sumber`, `id_fk_refrensi_sumber`, `id_brg_awal`, `id_brg_tujuan`, `brg_pindah_qty`, `brg_pindah_status`, `brg_pindah_create_date`, `brg_pindah_last_modified`, `id_create_data`, `id_last_modified`, `id_log_all`) VALUES
(1, 'after insert', 1, 'penjualan', 0, 3, 3, 5, 'AKTIF', '2020-05-30 21:03:43', '2020-05-30 21:03:43', 1, 1, 1619),
(2, 'after insert', 2, 'penjualan', 0, 3, 3, 10, 'AKTIF', '2020-05-31 09:46:08', '2020-05-31 09:46:08', 1, 1, 1620),
(3, 'after insert', 3, 'penjualan', 0, 3, 3, 10, 'AKTIF', '2020-05-31 09:55:11', '2020-05-31 09:55:11', 1, 1, 1621),
(4, 'after insert', 4, 'penjualan', 0, 3, 3, 10, 'AKTIF', '2020-05-31 09:56:00', '2020-05-31 09:56:00', 1, 1, 1622),
(5, 'after insert', 5, 'penjualan', 0, 3, 3, 100, 'AKTIF', '2020-05-31 10:30:01', '2020-05-31 10:30:01', 1, 1, 1623),
(6, 'after update', 5, 'penjualan', 23, 3, 3, 100, 'AKTIF', '2020-05-31 10:30:01', '2020-05-31 10:30:01', 1, 1, 1625),
(7, 'after insert', 6, 'penjualan', 0, 1, 2, 10, 'AKTIF', '2020-05-31 19:47:41', '2020-05-31 19:47:41', 1, 1, 1636),
(8, 'after update', 6, 'penjualan', 24, 1, 2, 10, 'AKTIF', '2020-05-31 19:47:41', '2020-05-31 19:47:41', 1, 1, 1645),
(9, 'after insert', 7, 'penjualan', 0, 2, 1, 16, 'AKTIF', '2020-06-01 08:19:25', '2020-06-01 08:19:25', 1, 1, 1646),
(10, 'after insert', 8, 'penjualan', 0, 2, 1, 16, 'AKTIF', '2020-06-01 08:19:27', '2020-06-01 08:19:27', 1, 1, 1647),
(11, 'after insert', 9, 'penjualan', 0, 2, 1, 10, 'AKTIF', '2020-06-01 08:20:03', '2020-06-01 08:20:03', 1, 1, 1648),
(12, 'after insert', 10, 'penjualan', 0, 2, 1, 10, 'AKTIF', '2020-06-01 08:25:22', '2020-06-01 08:25:22', 1, 1, 1649),
(13, 'after insert', 11, 'penjualan', 24, 2, 1, 15, 'AKTIF', '2020-06-01 08:25:58', '2020-06-01 08:25:58', 1, 1, 1650);

-- --------------------------------------------------------

--
-- 表的结构 `tbl_brg_so`
--

CREATE TABLE `tbl_brg_so` (
  `ID_PK_SO_BRG` int(11) NOT NULL,
  `BRG_SO_RESULT` double DEFAULT NULL,
  `BRG_SO_NOTES` varchar(200) DEFAULT NULL,
  `ID_FK_STOCK_OPNAME` int(11) DEFAULT NULL,
  `ID_FK_BRG` int(11) DEFAULT NULL,
  `BRG_SO_CREATE_DATE` datetime DEFAULT NULL,
  `BRG_SO_LAST_MODIFIED` datetime DEFAULT NULL,
  `ID_CREATE_DATA` int(11) DEFAULT NULL,
  `ID_LAST_MODIFIED` int(11) DEFAULT NULL
) ENGINE=InnoDB DEFAULT CHARSET=utf8mb4;

--
-- 触发器 `tbl_brg_so`
--
DELIMITER $$
CREATE TRIGGER `TRG_AFTER_INSERT_BRG_SO` AFTER INSERT ON `tbl_brg_so` FOR EACH ROW BEGIN
    SET @ID_USER = NEW.ID_LAST_MODIFIED;
    SET @TGL_ACTION = NEW.BRG_SO_LAST_MODIFIED;
    SET @LOG_TEXT = CONCAT(NEW.ID_LAST_MODIFIED,' ','INSERT DATA AT' , NEW.BRG_SO_LAST_MODIFIED);
    CALL INSERT_LOG_ALL(@ID_USER,@TGL_ACTION,@LOG_TEXT,@ID_LOG_ALL);
    
    INSERT INTO TBL_BRG_SO_LOG(EXECUTED_FUNCTION,ID_PK_SO_BRG,BRG_SO_RESULT,BRG_SO_NOTES,ID_FK_STOCK_OPNAME,ID_FK_BRG,BRG_SO_CREATE_DATE,BRG_SO_LAST_MODIFIED,ID_CREATE_DATA,ID_LAST_MODIFIED,ID_LOG_ALL) VALUES ('AFTER INSERT',NEW.ID_PK_SO_BRG,NEW.BRG_SO_RESULT,NEW.BRG_SO_NOTES,NEW.ID_FK_STOCK_OPNAME,NEW.ID_FK_BRG,NEW.BRG_SO_CREATE_DATE,NEW.BRG_SO_LAST_MODIFIED,NEW.ID_CREATE_DATA,NEW.ID_LAST_MODIFIED,@ID_LOG_ALL);
END
$$
DELIMITER ;
DELIMITER $$
CREATE TRIGGER `TRG_AFTER_UPDATE_BRG_SO` AFTER UPDATE ON `tbl_brg_so` FOR EACH ROW BEGIN
    SET @ID_USER = NEW.ID_LAST_MODIFIED;
    SET @TGL_ACTION = NEW.BRG_SO_LAST_MODIFIED;
    SET @LOG_TEXT = CONCAT(NEW.ID_LAST_MODIFIED,' ','UPDATE DATA AT' , NEW.BRG_SO_LAST_MODIFIED);
    CALL INSERT_LOG_ALL(@ID_USER,@TGL_ACTION,@LOG_TEXT,@ID_LOG_ALL);
    
    INSERT INTO TBL_BRG_SO_LOG(EXECUTED_FUNCTION,ID_PK_SO_BRG,BRG_SO_RESULT,BRG_SO_NOTES,ID_FK_STOCK_OPNAME,ID_FK_BRG,BRG_SO_CREATE_DATE,BRG_SO_LAST_MODIFIED,ID_CREATE_DATA,ID_LAST_MODIFIED,ID_LOG_ALL) VALUES ('AFTER UPDATE',NEW.ID_PK_SO_BRG,NEW.BRG_SO_RESULT,NEW.BRG_SO_NOTES,NEW.ID_FK_STOCK_OPNAME,NEW.ID_FK_BRG,NEW.BRG_SO_CREATE_DATE,NEW.BRG_SO_LAST_MODIFIED,NEW.ID_CREATE_DATA,NEW.ID_LAST_MODIFIED,@ID_LOG_ALL);
END
$$
DELIMITER ;

-- --------------------------------------------------------

--
-- 表的结构 `tbl_brg_so_log`
--

CREATE TABLE `tbl_brg_so_log` (
  `ID_PK_SO_BRG_LOG` int(11) NOT NULL,
  `EXECUTED_FUNCTION` varchar(30) DEFAULT NULL,
  `ID_PK_SO_BRG` int(11) DEFAULT NULL,
  `BRG_SO_RESULT` double DEFAULT NULL,
  `BRG_SO_NOTES` varchar(200) DEFAULT NULL,
  `ID_FK_STOCK_OPNAME` int(11) DEFAULT NULL,
  `ID_FK_BRG` int(11) DEFAULT NULL,
  `BRG_SO_CREATE_DATE` datetime DEFAULT NULL,
  `BRG_SO_LAST_MODIFIED` datetime DEFAULT NULL,
  `ID_CREATE_DATA` int(11) DEFAULT NULL,
  `ID_LAST_MODIFIED` int(11) DEFAULT NULL,
  `ID_LOG_ALL` int(11) DEFAULT NULL
) ENGINE=InnoDB DEFAULT CHARSET=utf8mb4;

-- --------------------------------------------------------

--
-- 表的结构 `tbl_brg_warehouse`
--

CREATE TABLE `tbl_brg_warehouse` (
  `ID_PK_BRG_WAREHOUSE` int(11) NOT NULL,
  `BRG_WAREHOUSE_QTY` int(11) DEFAULT NULL,
  `BRG_WAREHOUSE_NOTES` varchar(200) DEFAULT NULL,
  `BRG_WAREHOUSE_STATUS` varchar(15) DEFAULT NULL,
  `ID_FK_BRG` int(11) DEFAULT NULL,
  `ID_FK_WAREHOUSE` int(11) DEFAULT NULL,
  `BRG_WAREHOUSE_CREATE_DATE` datetime DEFAULT NULL,
  `BRG_WAREHOUSE_LAST_MODIFIED` datetime DEFAULT NULL,
  `ID_CREATE_DATA` int(11) DEFAULT NULL,
  `ID_LAST_MODIFIED` int(11) DEFAULT NULL
) ENGINE=InnoDB DEFAULT CHARSET=utf8mb4;

--
-- 转存表中的数据 `tbl_brg_warehouse`
--

INSERT INTO `tbl_brg_warehouse` (`ID_PK_BRG_WAREHOUSE`, `BRG_WAREHOUSE_QTY`, `BRG_WAREHOUSE_NOTES`, `BRG_WAREHOUSE_STATUS`, `ID_FK_BRG`, `ID_FK_WAREHOUSE`, `BRG_WAREHOUSE_CREATE_DATE`, `BRG_WAREHOUSE_LAST_MODIFIED`, `ID_CREATE_DATA`, `ID_LAST_MODIFIED`) VALUES
(1, 11, 'notes', 'AKTIF', 2, 3, '2020-05-22 11:18:27', '2020-05-22 11:18:27', 1, 1),
(2, 12, 'notes2', 'AKTIF', 9, 3, '2020-05-22 11:18:27', '2020-05-22 11:18:27', 1, 1),
(3, 15, 'notes', 'AKTIF', 6, 3, '2020-05-22 11:19:24', '2020-05-22 11:19:24', 1, 1),
(4, 15, 'notes', 'AKTIF', 6, 3, '2020-05-22 11:21:42', '2020-05-22 11:21:42', 1, 1),
(5, 12, 'notes3', 'AKTIF', 13, 3, '2020-05-22 11:21:42', '2020-05-22 11:21:42', 1, 1),
(6, 123, 'notes66', 'AKTIF', 7, 3, '2020-05-22 11:23:13', '2020-05-22 11:23:13', 1, 1),
(7, 15, 'notes', 'AKTIF', 7, 3, '2020-05-22 11:24:41', '2020-05-22 11:24:41', 1, 1),
(8, 11, 'notes', 'AKTIF', 15, 3, '2020-05-22 11:25:01', '2020-05-22 11:25:01', 1, 1),
(9, 12, 'notes4', 'AKTIF', 44, 3, '2020-05-22 11:25:01', '2020-05-22 11:25:01', 1, 1),
(10, 12, 'notes', 'AKTIF', 2, 3, '2020-05-22 11:26:25', '2020-05-22 11:26:25', 1, 1),
(11, 1244444, '12354444', 'AKTIF', 9, 3, '2020-05-22 11:26:59', '2020-05-22 11:27:50', 1, 1),
(12, 180, 'notes', 'AKTIF', 2, 2, '2020-06-04 03:06:43', '2020-06-04 03:06:43', 1, 1),
(13, 100, 'notes3', 'AKTIF', 1, 2, '2020-06-04 03:06:52', '2020-06-04 03:06:52', 1, 1);

--
-- 触发器 `tbl_brg_warehouse`
--
DELIMITER $$
CREATE TRIGGER `trg_after_insert_brg_warehouse` AFTER INSERT ON `tbl_brg_warehouse` FOR EACH ROW begin
            set @id_user = new.id_last_modified;
            set @tgl_action = new.brg_warehouse_last_modified;
            set @log_text = concat(new.id_last_modified,' ','insert data at ' , new.brg_warehouse_last_modified);
            call insert_log_all(@id_user,@tgl_action,@log_text,@id_log_all);
            
            insert into tbl_brg_warehouse_log(executed_function,id_pk_brg_warehouse,brg_warehouse_qty,brg_warehouse_notes,brg_warehouse_status,id_fk_brg,id_fk_warehouse,brg_warehouse_create_date,brg_warehouse_last_modified,id_create_data,id_last_modified,id_log_all) values ('after insert',new.id_pk_brg_warehouse,new.brg_warehouse_qty,new.brg_warehouse_notes,new.brg_warehouse_status,new.id_fk_brg,new.id_fk_warehouse,new.brg_warehouse_create_date,new.brg_warehouse_last_modified,new.id_create_data,new.id_last_modified,@id_log_all);
        end
$$
DELIMITER ;
DELIMITER $$
CREATE TRIGGER `trg_after_update_brg_warehouse` AFTER UPDATE ON `tbl_brg_warehouse` FOR EACH ROW begin
            set @id_user = new.id_last_modified;
            set @tgl_action = new.brg_warehouse_last_modified;
            set @log_text = concat(new.id_last_modified,' ','update data at ' , new.brg_warehouse_last_modified);
            call insert_log_all(@id_user,@tgl_action,@log_text,@id_log_all);
            
            insert into tbl_brg_warehouse_log(executed_function,id_pk_brg_warehouse,brg_warehouse_qty,brg_warehouse_notes,brg_warehouse_status,id_fk_brg,id_fk_warehouse,brg_warehouse_create_date,brg_warehouse_last_modified,id_create_data,id_last_modified,id_log_all) values ('after update',new.id_pk_brg_warehouse,new.brg_warehouse_qty,new.brg_warehouse_notes,new.brg_warehouse_status,new.id_fk_brg,new.id_fk_warehouse,new.brg_warehouse_create_date,new.brg_warehouse_last_modified,new.id_create_data,new.id_last_modified,@id_log_all);
        end
$$
DELIMITER ;

-- --------------------------------------------------------

--
-- 表的结构 `tbl_brg_warehouse_log`
--

CREATE TABLE `tbl_brg_warehouse_log` (
  `ID_PK_BRG_WAREHOUSE_LOG` int(11) NOT NULL,
  `EXECUTED_FUNCTION` varchar(30) DEFAULT NULL,
  `ID_PK_BRG_WAREHOUSE` int(11) DEFAULT NULL,
  `BRG_WAREHOUSE_QTY` int(11) DEFAULT NULL,
  `BRG_WAREHOUSE_NOTES` varchar(200) DEFAULT NULL,
  `BRG_WAREHOUSE_STATUS` varchar(15) DEFAULT NULL,
  `ID_FK_BRG` int(11) DEFAULT NULL,
  `ID_FK_WAREHOUSE` int(11) DEFAULT NULL,
  `BRG_WAREHOUSE_CREATE_DATE` datetime DEFAULT NULL,
  `BRG_WAREHOUSE_LAST_MODIFIED` datetime DEFAULT NULL,
  `ID_CREATE_DATA` int(11) DEFAULT NULL,
  `ID_LAST_MODIFIED` int(11) DEFAULT NULL,
  `ID_LOG_ALL` int(11) DEFAULT NULL
) ENGINE=InnoDB DEFAULT CHARSET=utf8mb4;

--
-- 转存表中的数据 `tbl_brg_warehouse_log`
--

INSERT INTO `tbl_brg_warehouse_log` (`ID_PK_BRG_WAREHOUSE_LOG`, `EXECUTED_FUNCTION`, `ID_PK_BRG_WAREHOUSE`, `BRG_WAREHOUSE_QTY`, `BRG_WAREHOUSE_NOTES`, `BRG_WAREHOUSE_STATUS`, `ID_FK_BRG`, `ID_FK_WAREHOUSE`, `BRG_WAREHOUSE_CREATE_DATE`, `BRG_WAREHOUSE_LAST_MODIFIED`, `ID_CREATE_DATA`, `ID_LAST_MODIFIED`, `ID_LOG_ALL`) VALUES
(1, 'AFTER INSERT', 1, 11, 'notes', 'AKTIF', 2, 3, '2020-05-22 11:18:27', '2020-05-22 11:18:27', 1, 1, 989),
(2, 'AFTER INSERT', 2, 12, 'notes2', 'AKTIF', 9, 3, '2020-05-22 11:18:27', '2020-05-22 11:18:27', 1, 1, 990),
(3, 'AFTER INSERT', 3, 15, 'notes', 'AKTIF', 6, 3, '2020-05-22 11:19:24', '2020-05-22 11:19:24', 1, 1, 991),
(4, 'AFTER INSERT', 4, 15, 'notes', 'AKTIF', 6, 3, '2020-05-22 11:21:42', '2020-05-22 11:21:42', 1, 1, 992),
(5, 'AFTER INSERT', 5, 12, 'notes3', 'AKTIF', 13, 3, '2020-05-22 11:21:42', '2020-05-22 11:21:42', 1, 1, 993),
(6, 'AFTER INSERT', 6, 123, 'notes66', 'AKTIF', 7, 3, '2020-05-22 11:23:13', '2020-05-22 11:23:13', 1, 1, 994),
(7, 'AFTER INSERT', 7, 15, 'notes', 'AKTIF', 7, 3, '2020-05-22 11:24:41', '2020-05-22 11:24:41', 1, 1, 995),
(8, 'AFTER INSERT', 8, 11, 'notes', 'AKTIF', 15, 3, '2020-05-22 11:25:01', '2020-05-22 11:25:01', 1, 1, 996),
(9, 'AFTER INSERT', 9, 12, 'notes4', 'AKTIF', 44, 3, '2020-05-22 11:25:01', '2020-05-22 11:25:01', 1, 1, 997),
(10, 'AFTER INSERT', 10, 12, 'notes', 'AKTIF', 2, 3, '2020-05-22 11:26:25', '2020-05-22 11:26:25', 1, 1, 998),
(11, 'AFTER INSERT', 11, 12, '1235', 'AKTIF', 9, 3, '2020-05-22 11:26:59', '2020-05-22 11:26:59', 1, 1, 999),
(12, 'AFTER UPDATE', 11, 1244444, '12354444', 'AKTIF', 9, 3, '2020-05-22 11:26:59', '2020-05-22 11:27:50', 1, 1, 1000),
(13, 'after insert', 12, 100, 'notes', 'AKTIF', 2, 2, '2020-06-04 03:06:43', '2020-06-04 03:06:43', 1, 1, 2373),
(14, 'after insert', 13, 100, 'notes3', 'AKTIF', 1, 2, '2020-06-04 03:06:52', '2020-06-04 03:06:52', 1, 1, 2374),
(15, 'after update', 12, 180, 'notes', 'AKTIF', 2, 2, '2020-06-04 03:06:43', '2020-06-04 03:06:43', 1, 1, 2377),
(16, 'after update', 12, 3380, 'notes', 'AKTIF', 2, 2, '2020-06-04 03:06:43', '2020-06-04 03:06:43', 1, 1, 2392),
(17, 'after update', 12, 180, 'notes', 'AKTIF', 2, 2, '2020-06-04 03:06:43', '2020-06-04 03:06:43', 1, 1, 2397);

-- --------------------------------------------------------

--
-- 表的结构 `tbl_cabang_admin`
--

CREATE TABLE `tbl_cabang_admin` (
  `ID_PK_CABANG_ADMIN` int(11) NOT NULL,
  `ID_FK_CABANG` int(11) DEFAULT NULL,
  `ID_FK_USER` int(11) DEFAULT NULL,
  `CABANG_ADMIN_STATUS` varchar(15) DEFAULT NULL,
  `CABANG_ADMIN_CREATE_DATE` datetime DEFAULT NULL,
  `CABANG_ADMIN_LAST_MODIFIED` datetime DEFAULT NULL,
  `ID_CREATE_DATA` int(11) DEFAULT NULL,
  `ID_LAST_MODIFIED` int(11) DEFAULT NULL
) ENGINE=InnoDB DEFAULT CHARSET=utf8mb4;

--
-- 转存表中的数据 `tbl_cabang_admin`
--

INSERT INTO `tbl_cabang_admin` (`ID_PK_CABANG_ADMIN`, `ID_FK_CABANG`, `ID_FK_USER`, `CABANG_ADMIN_STATUS`, `CABANG_ADMIN_CREATE_DATE`, `CABANG_ADMIN_LAST_MODIFIED`, `ID_CREATE_DATA`, `ID_LAST_MODIFIED`) VALUES
(1, 1, 1, 'AKTIF', '2020-05-20 00:22:55', '2020-05-20 00:22:55', 1, 1),
(2, 25, 1, 'NONAKTIF', '2020-05-20 00:25:45', '2020-05-21 10:44:24', 1, 1),
(3, 25, 4, 'NONAKTIF', '2020-05-20 00:26:40', '2020-05-20 00:26:43', 1, 1),
(4, 25, 1, 'NONAKTIF', '2020-05-21 11:49:54', '2020-05-25 11:10:21', 1, 1),
(5, 25, 1, 'NONAKTIF', '2020-05-21 22:55:44', '2020-05-25 11:10:19', 1, 1),
(6, 25, 1, 'NONAKTIF', '2020-05-21 22:56:07', '2020-05-25 11:10:23', 1, 1),
(7, 19, 1, 'AKTIF', '2020-05-21 22:58:37', '2020-05-21 22:58:37', 1, 1),
(8, 25, 1, 'nonaktif', '2020-05-26 18:30:24', '2020-05-28 01:46:12', 1, 1),
(9, 2, 1, 'AKTIF', '2020-05-28 01:58:47', '2020-05-28 01:58:47', 1, 1),
(10, 25, 1, 'AKTIF', '2020-05-28 01:59:19', '2020-05-28 01:59:19', 1, 1);

--
-- 触发器 `tbl_cabang_admin`
--
DELIMITER $$
CREATE TRIGGER `TRG_AFTER_INSERT_CABANG_ADMIN` AFTER INSERT ON `tbl_cabang_admin` FOR EACH ROW BEGIN
            SET @ID_USER = NEW.ID_LAST_MODIFIED;
            SET @TGL_ACTION = NEW.CABANG_ADMIN_LAST_MODIFIED;
            SET @LOG_TEXT = CONCAT(NEW.ID_LAST_MODIFIED,' ','INSERT DATA AT' , NEW.CABANG_ADMIN_LAST_MODIFIED);
            CALL INSERT_LOG_ALL(@ID_USER,@TGL_ACTION,@LOG_TEXT,@ID_LOG_ALL);
            
            INSERT INTO TBL_CABANG_ADMIN_LOG(EXECUTED_FUNCTION,ID_PK_CABANG_ADMIN,ID_FK_CABANG,ID_FK_USER,CABANG_ADMIN_STATUS,CABANG_ADMIN_CREATE_DATE,CABANG_ADMIN_LAST_MODIFIED,ID_CREATE_DATA,ID_LAST_MODIFIED,ID_LOG_ALL) VALUES ('AFTER INSERT',NEW.ID_PK_CABANG_ADMIN,NEW.ID_FK_CABANG,NEW.ID_FK_USER,NEW.CABANG_ADMIN_STATUS,NEW.CABANG_ADMIN_CREATE_DATE,NEW.CABANG_ADMIN_LAST_MODIFIED,NEW.ID_CREATE_DATA,NEW.ID_LAST_MODIFIED,@ID_LOG_ALL);
        END
$$
DELIMITER ;
DELIMITER $$
CREATE TRIGGER `TRG_AFTER_UPDATE_CABANG_ADMIN` AFTER UPDATE ON `tbl_cabang_admin` FOR EACH ROW BEGIN
            SET @ID_USER = NEW.ID_LAST_MODIFIED;
            SET @TGL_ACTION = NEW.CABANG_ADMIN_LAST_MODIFIED;
            SET @LOG_TEXT = CONCAT(NEW.ID_LAST_MODIFIED,' ','UPDATE DATA AT' , NEW.CABANG_ADMIN_LAST_MODIFIED);
            CALL INSERT_LOG_ALL(@ID_USER,@TGL_ACTION,@LOG_TEXT,@ID_LOG_ALL);
            
            INSERT INTO TBL_CABANG_ADMIN_LOG(EXECUTED_FUNCTION,ID_PK_CABANG_ADMIN,ID_FK_CABANG,ID_FK_USER,CABANG_ADMIN_STATUS,CABANG_ADMIN_CREATE_DATE,CABANG_ADMIN_LAST_MODIFIED,ID_CREATE_DATA,ID_LAST_MODIFIED,ID_LOG_ALL) VALUES ('AFTER UPDATE',NEW.ID_PK_CABANG_ADMIN,NEW.ID_FK_CABANG,NEW.ID_FK_USER,NEW.CABANG_ADMIN_STATUS,NEW.CABANG_ADMIN_CREATE_DATE,NEW.CABANG_ADMIN_LAST_MODIFIED,NEW.ID_CREATE_DATA,NEW.ID_LAST_MODIFIED,@ID_LOG_ALL);
        END
$$
DELIMITER ;

-- --------------------------------------------------------

--
-- 表的结构 `tbl_cabang_admin_log`
--

CREATE TABLE `tbl_cabang_admin_log` (
  `ID_PK_CABANG_ADMIN_LOG` int(11) NOT NULL,
  `EXECUTED_FUNCTION` varchar(30) DEFAULT NULL,
  `ID_PK_CABANG_ADMIN` int(11) DEFAULT NULL,
  `ID_FK_CABANG` int(11) DEFAULT NULL,
  `ID_FK_USER` int(11) DEFAULT NULL,
  `CABANG_ADMIN_STATUS` varchar(15) DEFAULT NULL,
  `CABANG_ADMIN_CREATE_DATE` datetime DEFAULT NULL,
  `CABANG_ADMIN_LAST_MODIFIED` datetime DEFAULT NULL,
  `ID_CREATE_DATA` int(11) DEFAULT NULL,
  `ID_LAST_MODIFIED` int(11) DEFAULT NULL,
  `ID_LOG_ALL` int(11) DEFAULT NULL
) ENGINE=InnoDB DEFAULT CHARSET=utf8mb4;

--
-- 转存表中的数据 `tbl_cabang_admin_log`
--

INSERT INTO `tbl_cabang_admin_log` (`ID_PK_CABANG_ADMIN_LOG`, `EXECUTED_FUNCTION`, `ID_PK_CABANG_ADMIN`, `ID_FK_CABANG`, `ID_FK_USER`, `CABANG_ADMIN_STATUS`, `CABANG_ADMIN_CREATE_DATE`, `CABANG_ADMIN_LAST_MODIFIED`, `ID_CREATE_DATA`, `ID_LAST_MODIFIED`, `ID_LOG_ALL`) VALUES
(1, 'AFTER INSERT', 1, 1, 1, 'AKTIF', '2020-05-20 00:22:55', '2020-05-20 00:22:55', 1, 1, 754),
(2, 'AFTER INSERT', 2, 25, 1, 'AKTIF', '2020-05-20 00:25:45', '2020-05-20 00:25:45', 1, 1, 755),
(3, 'AFTER INSERT', 3, 25, 4, 'AKTIF', '2020-05-20 00:26:40', '2020-05-20 00:26:40', 1, 1, 756),
(4, 'AFTER UPDATE', 3, 25, 4, 'NONAKTIF', '2020-05-20 00:26:40', '2020-05-20 00:26:43', 1, 1, 757),
(5, 'AFTER UPDATE', 2, 25, 1, 'NONAKTIF', '2020-05-20 00:25:45', '2020-05-21 10:44:21', 1, 1, 872),
(6, 'AFTER UPDATE', 2, 25, 1, 'NONAKTIF', '2020-05-20 00:25:45', '2020-05-21 10:44:22', 1, 1, 873),
(7, 'AFTER UPDATE', 2, 25, 1, 'NONAKTIF', '2020-05-20 00:25:45', '2020-05-21 10:44:24', 1, 1, 874),
(8, 'AFTER UPDATE', 2, 25, 1, 'NONAKTIF', '2020-05-20 00:25:45', '2020-05-21 10:44:24', 1, 1, 875),
(9, 'AFTER UPDATE', 2, 25, 1, 'NONAKTIF', '2020-05-20 00:25:45', '2020-05-21 10:44:24', 1, 1, 876),
(10, 'AFTER UPDATE', 2, 25, 1, 'NONAKTIF', '2020-05-20 00:25:45', '2020-05-21 10:44:24', 1, 1, 877),
(11, 'AFTER INSERT', 4, 25, 1, 'AKTIF', '2020-05-21 11:49:54', '2020-05-21 11:49:54', 1, 1, 878),
(12, 'AFTER INSERT', 5, 25, 1, 'AKTIF', '2020-05-21 22:55:44', '2020-05-21 22:55:44', 1, 1, 890),
(13, 'AFTER INSERT', 6, 25, 1, 'AKTIF', '2020-05-21 22:56:07', '2020-05-21 22:56:07', 1, 1, 891),
(14, 'AFTER INSERT', 7, 19, 1, 'AKTIF', '2020-05-21 22:58:37', '2020-05-21 22:58:37', 1, 1, 892),
(15, 'AFTER UPDATE', 5, 25, 1, 'NONAKTIF', '2020-05-21 22:55:44', '2020-05-25 11:10:19', 1, 1, 1171),
(16, 'AFTER UPDATE', 4, 25, 1, 'NONAKTIF', '2020-05-21 11:49:54', '2020-05-25 11:10:21', 1, 1, 1172),
(17, 'AFTER UPDATE', 6, 25, 1, 'NONAKTIF', '2020-05-21 22:56:07', '2020-05-25 11:10:23', 1, 1, 1173),
(18, 'AFTER INSERT', 8, 25, 1, 'AKTIF', '2020-05-26 18:30:24', '2020-05-26 18:30:24', 1, 1, 1421),
(19, 'AFTER UPDATE', 8, 25, 1, 'nonaktif', '2020-05-26 18:30:24', '2020-05-28 01:46:12', 1, 1, 1549),
(20, 'AFTER INSERT', 9, 2, 1, 'AKTIF', '2020-05-28 01:58:47', '2020-05-28 01:58:47', 1, 1, 1550),
(21, 'AFTER INSERT', 10, 25, 1, 'AKTIF', '2020-05-28 01:59:19', '2020-05-28 01:59:19', 1, 1, 1551);

-- --------------------------------------------------------

--
-- 表的结构 `tbl_hak_akses`
--

CREATE TABLE `tbl_hak_akses` (
  `ID_PK_HAK_AKSES` int(11) NOT NULL,
  `ID_FK_JABATAN` int(11) DEFAULT NULL,
  `ID_FK_MENU` int(11) DEFAULT NULL,
  `HAK_AKSES_STATUS` varchar(15) DEFAULT NULL,
  `HAK_AKSES_CREATE_DATE` datetime DEFAULT NULL,
  `HAK_AKSES_LAST_MODIFIED` datetime DEFAULT NULL,
  `ID_CREATE_DATA` int(11) DEFAULT NULL,
  `ID_LAST_MODIFIED` int(11) DEFAULT NULL
) ENGINE=InnoDB DEFAULT CHARSET=utf8mb4;

--
-- 转存表中的数据 `tbl_hak_akses`
--

INSERT INTO `tbl_hak_akses` (`ID_PK_HAK_AKSES`, `ID_FK_JABATAN`, `ID_FK_MENU`, `HAK_AKSES_STATUS`, `HAK_AKSES_CREATE_DATE`, `HAK_AKSES_LAST_MODIFIED`, `ID_CREATE_DATA`, `ID_LAST_MODIFIED`) VALUES
(1, 6, 1, 'aktif', '2020-05-18 13:35:55', '2020-05-18 13:35:55', 1, 1),
(2, 6, 2, 'aktif', '2020-05-18 13:35:55', '2020-05-18 13:35:55', 1, 1),
(3, 6, 3, 'aktif', '2020-05-18 13:35:55', '2020-05-18 13:35:55', 1, 1),
(4, 6, 4, 'aktif', '2020-05-18 13:35:55', '2020-05-18 13:35:55', 1, 1),
(8, 1, 5, 'NONAKTIF', '2020-05-18 20:22:36', '2020-05-18 20:22:36', 1, 1),
(9, 2, 5, 'NONAKTIF', '2020-05-18 20:22:36', '2020-05-18 20:22:36', 1, 1),
(10, 3, 5, 'NONAKTIF', '2020-05-18 20:22:36', '2020-05-18 20:22:36', 1, 1),
(11, 4, 5, 'NONAKTIF', '2020-05-18 20:22:36', '2020-05-18 20:22:36', 1, 1),
(12, 5, 5, 'NONAKTIF', '2020-05-18 20:22:36', '2020-05-18 20:22:36', 1, 1),
(13, 6, 5, 'aktif', '2020-05-18 20:22:36', '2020-05-18 20:22:36', 1, 1),
(15, 1, 6, 'NONAKTIF', '2020-05-18 20:22:49', '2020-05-18 20:22:49', 1, 1),
(16, 2, 6, 'NONAKTIF', '2020-05-18 20:22:49', '2020-05-18 20:22:49', 1, 1),
(17, 3, 6, 'NONAKTIF', '2020-05-18 20:22:49', '2020-05-18 20:22:49', 1, 1),
(18, 4, 6, 'NONAKTIF', '2020-05-18 20:22:49', '2020-05-18 20:22:49', 1, 1),
(19, 5, 6, 'NONAKTIF', '2020-05-18 20:22:49', '2020-05-18 20:22:49', 1, 1),
(20, 6, 6, 'aktif', '2020-05-18 20:22:49', '2020-05-18 20:22:49', 1, 1),
(22, 1, 7, 'NONAKTIF', '2020-05-18 20:23:18', '2020-05-18 20:23:18', 1, 1),
(23, 2, 7, 'NONAKTIF', '2020-05-18 20:23:18', '2020-05-18 20:23:18', 1, 1),
(24, 3, 7, 'NONAKTIF', '2020-05-18 20:23:18', '2020-05-18 20:23:18', 1, 1),
(25, 4, 7, 'NONAKTIF', '2020-05-18 20:23:18', '2020-05-18 20:23:18', 1, 1),
(26, 5, 7, 'NONAKTIF', '2020-05-18 20:23:18', '2020-05-18 20:23:18', 1, 1),
(27, 6, 7, 'aktif', '2020-05-18 20:23:18', '2020-05-18 20:23:18', 1, 1),
(28, 1, 8, 'NONAKTIF', '2020-05-20 12:18:10', '2020-05-20 12:18:10', 1, 1),
(29, 2, 8, 'NONAKTIF', '2020-05-20 12:18:10', '2020-05-20 12:18:10', 1, 1),
(30, 3, 8, 'NONAKTIF', '2020-05-20 12:18:10', '2020-05-20 12:18:10', 1, 1),
(31, 4, 8, 'NONAKTIF', '2020-05-20 12:18:10', '2020-05-20 12:18:10', 1, 1),
(32, 5, 8, 'NONAKTIF', '2020-05-20 12:18:10', '2020-05-20 12:18:10', 1, 1),
(33, 6, 8, 'aktif', '2020-05-20 12:18:10', '2020-05-20 12:18:10', 1, 1),
(35, 1, 9, 'NONAKTIF', '2020-05-20 12:19:09', '2020-05-20 12:19:09', 1, 1),
(36, 2, 9, 'NONAKTIF', '2020-05-20 12:19:09', '2020-05-20 12:19:09', 1, 1),
(37, 3, 9, 'NONAKTIF', '2020-05-20 12:19:09', '2020-05-20 12:19:09', 1, 1),
(38, 4, 9, 'NONAKTIF', '2020-05-20 12:19:09', '2020-05-20 12:19:09', 1, 1),
(39, 5, 9, 'NONAKTIF', '2020-05-20 12:19:09', '2020-05-20 12:19:09', 1, 1),
(40, 6, 9, 'aktif', '2020-05-20 12:19:09', '2020-05-20 12:19:09', 1, 1),
(42, 1, 10, 'NONAKTIF', '2020-05-20 12:19:24', '2020-05-20 12:19:24', 1, 1),
(43, 2, 10, 'NONAKTIF', '2020-05-20 12:19:24', '2020-05-20 12:19:24', 1, 1),
(44, 3, 10, 'NONAKTIF', '2020-05-20 12:19:24', '2020-05-20 12:19:24', 1, 1),
(45, 4, 10, 'NONAKTIF', '2020-05-20 12:19:24', '2020-05-20 12:19:24', 1, 1),
(46, 5, 10, 'NONAKTIF', '2020-05-20 12:19:24', '2020-05-20 12:19:24', 1, 1),
(47, 6, 10, 'aktif', '2020-05-20 12:19:24', '2020-05-20 12:19:24', 1, 1),
(49, 1, 11, 'NONAKTIF', '2020-05-20 12:19:47', '2020-05-20 12:19:47', 1, 1),
(50, 2, 11, 'NONAKTIF', '2020-05-20 12:19:47', '2020-05-20 12:19:47', 1, 1),
(51, 3, 11, 'NONAKTIF', '2020-05-20 12:19:47', '2020-05-20 12:19:47', 1, 1),
(52, 4, 11, 'NONAKTIF', '2020-05-20 12:19:47', '2020-05-20 12:19:47', 1, 1),
(53, 5, 11, 'NONAKTIF', '2020-05-20 12:19:47', '2020-05-20 12:19:47', 1, 1),
(54, 6, 11, 'aktif', '2020-05-20 12:19:47', '2020-05-20 12:19:47', 1, 1),
(56, 1, 12, 'NONAKTIF', '2020-05-20 12:20:08', '2020-05-20 12:20:08', 1, 1),
(57, 2, 12, 'NONAKTIF', '2020-05-20 12:20:08', '2020-05-20 12:20:08', 1, 1),
(58, 3, 12, 'NONAKTIF', '2020-05-20 12:20:08', '2020-05-20 12:20:08', 1, 1),
(59, 4, 12, 'NONAKTIF', '2020-05-20 12:20:08', '2020-05-20 12:20:08', 1, 1),
(60, 5, 12, 'NONAKTIF', '2020-05-20 12:20:08', '2020-05-20 12:20:08', 1, 1),
(61, 6, 12, 'aktif', '2020-05-20 12:20:08', '2020-05-20 12:20:08', 1, 1),
(63, 1, 13, 'NONAKTIF', '2020-05-20 12:20:46', '2020-05-20 12:20:46', 1, 1),
(64, 2, 13, 'NONAKTIF', '2020-05-20 12:20:46', '2020-05-20 12:20:46', 1, 1),
(65, 3, 13, 'NONAKTIF', '2020-05-20 12:20:46', '2020-05-20 12:20:46', 1, 1),
(66, 4, 13, 'NONAKTIF', '2020-05-20 12:20:46', '2020-05-20 12:20:46', 1, 1),
(67, 5, 13, 'NONAKTIF', '2020-05-20 12:20:46', '2020-05-20 12:20:46', 1, 1),
(68, 6, 13, 'aktif', '2020-05-20 12:20:46', '2020-05-20 12:20:46', 1, 1),
(70, 1, 14, 'NONAKTIF', '2020-05-20 12:21:04', '2020-05-20 12:21:04', 1, 1),
(71, 2, 14, 'NONAKTIF', '2020-05-20 12:21:04', '2020-05-20 12:21:04', 1, 1),
(72, 3, 14, 'NONAKTIF', '2020-05-20 12:21:04', '2020-05-20 12:21:04', 1, 1),
(73, 4, 14, 'NONAKTIF', '2020-05-20 12:21:04', '2020-05-20 12:21:04', 1, 1),
(74, 5, 14, 'NONAKTIF', '2020-05-20 12:21:04', '2020-05-20 12:21:04', 1, 1),
(75, 6, 14, 'aktif', '2020-05-20 12:21:04', '2020-05-20 12:21:04', 1, 1),
(77, 1, 15, 'NONAKTIF', '2020-05-20 12:21:56', '2020-05-20 12:21:56', 1, 1),
(78, 2, 15, 'NONAKTIF', '2020-05-20 12:21:56', '2020-05-20 12:21:56', 1, 1),
(79, 3, 15, 'NONAKTIF', '2020-05-20 12:21:56', '2020-05-20 12:21:56', 1, 1),
(80, 4, 15, 'NONAKTIF', '2020-05-20 12:21:56', '2020-05-20 12:21:56', 1, 1),
(81, 5, 15, 'NONAKTIF', '2020-05-20 12:21:56', '2020-05-20 12:21:56', 1, 1),
(82, 6, 15, 'aktif', '2020-05-20 12:21:56', '2020-05-20 12:21:56', 1, 1),
(84, 1, 16, 'NONAKTIF', '2020-05-20 12:22:44', '2020-05-20 12:22:44', 1, 1),
(85, 2, 16, 'NONAKTIF', '2020-05-20 12:22:44', '2020-05-20 12:22:44', 1, 1),
(86, 3, 16, 'NONAKTIF', '2020-05-20 12:22:44', '2020-05-20 12:22:44', 1, 1),
(87, 4, 16, 'NONAKTIF', '2020-05-20 12:22:44', '2020-05-20 12:22:44', 1, 1),
(88, 5, 16, 'NONAKTIF', '2020-05-20 12:22:44', '2020-05-20 12:22:44', 1, 1),
(89, 6, 16, 'aktif', '2020-05-20 12:22:44', '2020-05-20 12:22:44', 1, 1),
(91, 1, 17, 'NONAKTIF', '2020-05-20 12:23:45', '2020-05-20 12:23:45', 1, 1),
(92, 2, 17, 'NONAKTIF', '2020-05-20 12:23:45', '2020-05-20 12:23:45', 1, 1),
(93, 3, 17, 'NONAKTIF', '2020-05-20 12:23:45', '2020-05-20 12:23:45', 1, 1),
(94, 4, 17, 'NONAKTIF', '2020-05-20 12:23:45', '2020-05-20 12:23:45', 1, 1),
(95, 5, 17, 'NONAKTIF', '2020-05-20 12:23:45', '2020-05-20 12:23:45', 1, 1),
(96, 6, 17, 'aktif', '2020-05-20 12:23:45', '2020-05-20 12:23:45', 1, 1),
(97, 1, 18, 'NONAKTIF', '2020-05-22 10:48:43', '2020-05-22 10:48:43', 1, 1),
(98, 2, 18, 'NONAKTIF', '2020-05-22 10:48:43', '2020-05-22 10:48:43', 1, 1),
(99, 3, 18, 'NONAKTIF', '2020-05-22 10:48:43', '2020-05-22 10:48:43', 1, 1),
(100, 4, 18, 'NONAKTIF', '2020-05-22 10:48:43', '2020-05-22 10:48:43', 1, 1),
(101, 5, 18, 'NONAKTIF', '2020-05-22 10:48:43', '2020-05-22 10:48:43', 1, 1),
(102, 6, 18, 'aktif', '2020-05-22 10:48:43', '2020-05-22 10:48:43', 1, 1),
(104, 1, 19, 'NONAKTIF', '2020-05-22 10:48:57', '2020-05-22 10:48:57', 1, 1),
(105, 2, 19, 'NONAKTIF', '2020-05-22 10:48:57', '2020-05-22 10:48:57', 1, 1),
(106, 3, 19, 'NONAKTIF', '2020-05-22 10:48:57', '2020-05-22 10:48:57', 1, 1),
(107, 4, 19, 'NONAKTIF', '2020-05-22 10:48:57', '2020-05-22 10:48:57', 1, 1),
(108, 5, 19, 'NONAKTIF', '2020-05-22 10:48:57', '2020-05-22 10:48:57', 1, 1),
(109, 6, 19, 'aktif', '2020-05-22 10:48:57', '2020-05-22 10:48:57', 1, 1),
(111, 1, 20, 'NONAKTIF', '2020-05-22 13:32:43', '2020-05-22 13:32:43', 1, 1),
(112, 2, 20, 'NONAKTIF', '2020-05-22 13:32:43', '2020-05-22 13:32:43', 1, 1),
(113, 3, 20, 'NONAKTIF', '2020-05-22 13:32:43', '2020-05-22 13:32:43', 1, 1),
(114, 4, 20, 'NONAKTIF', '2020-05-22 13:32:43', '2020-05-22 13:32:43', 1, 1),
(115, 5, 20, 'NONAKTIF', '2020-05-22 13:32:43', '2020-05-22 13:32:43', 1, 1),
(116, 6, 20, 'aktif', '2020-05-22 13:32:43', '2020-05-22 13:32:43', 1, 1),
(117, 7, 1, 'AKTIF', '2020-05-26 10:21:13', '2020-05-26 10:21:13', 1, 1),
(118, 7, 2, 'AKTIF', '2020-05-26 10:21:13', '2020-05-26 10:21:13', 1, 1),
(119, 7, 3, 'AKTIF', '2020-05-26 10:21:13', '2020-05-26 10:21:13', 1, 1),
(120, 7, 4, 'AKTIF', '2020-05-26 10:21:13', '2020-05-26 10:21:13', 1, 1),
(121, 7, 5, 'AKTIF', '2020-05-26 10:21:13', '2020-05-26 10:21:13', 1, 1),
(122, 7, 6, 'AKTIF', '2020-05-26 10:21:13', '2020-05-26 10:21:13', 1, 1),
(123, 7, 7, 'NONAKTIF', '2020-05-26 10:21:13', '2020-05-26 10:21:13', 1, 1),
(124, 7, 8, 'NONAKTIF', '2020-05-26 10:21:13', '2020-05-26 10:21:13', 1, 1),
(125, 7, 9, 'AKTIF', '2020-05-26 10:21:13', '2020-05-26 10:21:13', 1, 1),
(126, 7, 10, 'AKTIF', '2020-05-26 10:21:13', '2020-05-26 10:21:13', 1, 1),
(127, 7, 11, 'NONAKTIF', '2020-05-26 10:21:13', '2020-05-26 10:21:13', 1, 1),
(128, 7, 12, 'AKTIF', '2020-05-26 10:21:13', '2020-05-26 10:21:13', 1, 1),
(129, 7, 13, 'NONAKTIF', '2020-05-26 10:21:13', '2020-05-26 10:21:13', 1, 1),
(130, 7, 14, 'NONAKTIF', '2020-05-26 10:21:13', '2020-05-26 10:21:13', 1, 1),
(131, 7, 15, 'AKTIF', '2020-05-26 10:21:13', '2020-05-26 10:21:13', 1, 1),
(132, 7, 16, 'NONAKTIF', '2020-05-26 10:21:13', '2020-05-26 10:21:13', 1, 1),
(133, 7, 17, 'NONAKTIF', '2020-05-26 10:21:13', '2020-05-26 10:21:13', 1, 1),
(134, 7, 18, 'AKTIF', '2020-05-26 10:21:13', '2020-05-26 10:21:13', 1, 1),
(135, 7, 19, 'NONAKTIF', '2020-05-26 10:21:13', '2020-05-26 10:21:13', 1, 1),
(136, 7, 20, 'AKTIF', '2020-05-26 10:21:13', '2020-05-26 10:21:13', 1, 1),
(137, 1, 21, 'NONAKTIF', '2020-05-26 18:21:35', '2020-05-26 18:21:35', 1, 1),
(138, 2, 21, 'NONAKTIF', '2020-05-26 18:21:35', '2020-05-26 18:21:35', 1, 1),
(139, 3, 21, 'NONAKTIF', '2020-05-26 18:21:35', '2020-05-26 18:21:35', 1, 1),
(140, 4, 21, 'NONAKTIF', '2020-05-26 18:21:35', '2020-05-26 18:21:35', 1, 1),
(141, 5, 21, 'NONAKTIF', '2020-05-26 18:21:35', '2020-05-26 18:21:35', 1, 1),
(142, 6, 21, 'aktif', '2020-05-26 18:21:35', '2020-05-26 18:21:35', 1, 1),
(143, 7, 21, 'NONAKTIF', '2020-05-26 18:21:35', '2020-05-26 18:21:35', 1, 1),
(144, 1, 22, 'NONAKTIF', '2020-05-26 18:22:12', '2020-05-26 18:22:12', 1, 1),
(145, 2, 22, 'NONAKTIF', '2020-05-26 18:22:12', '2020-05-26 18:22:12', 1, 1),
(146, 3, 22, 'NONAKTIF', '2020-05-26 18:22:12', '2020-05-26 18:22:12', 1, 1),
(147, 4, 22, 'NONAKTIF', '2020-05-26 18:22:12', '2020-05-26 18:22:12', 1, 1),
(148, 5, 22, 'NONAKTIF', '2020-05-26 18:22:12', '2020-05-26 18:22:12', 1, 1),
(149, 6, 22, 'aktif', '2020-05-26 18:22:12', '2020-05-26 18:22:12', 1, 1),
(150, 7, 22, 'NONAKTIF', '2020-05-26 18:22:12', '2020-05-26 18:22:12', 1, 1),
(151, 1, 23, 'NONAKTIF', '2020-05-26 18:22:24', '2020-05-26 18:22:24', 1, 1),
(152, 2, 23, 'NONAKTIF', '2020-05-26 18:22:24', '2020-05-26 18:22:24', 1, 1),
(153, 3, 23, 'NONAKTIF', '2020-05-26 18:22:24', '2020-05-26 18:22:24', 1, 1),
(154, 4, 23, 'NONAKTIF', '2020-05-26 18:22:24', '2020-05-26 18:22:24', 1, 1),
(155, 5, 23, 'NONAKTIF', '2020-05-26 18:22:24', '2020-05-26 18:22:24', 1, 1),
(156, 6, 23, 'aktif', '2020-05-26 18:22:24', '2020-05-26 18:22:24', 1, 1),
(157, 7, 23, 'NONAKTIF', '2020-05-26 18:22:24', '2020-05-26 18:22:24', 1, 1),
(158, 1, 24, 'NONAKTIF', '2020-05-26 07:43:11', '2020-05-26 07:43:11', 1, 1),
(159, 2, 24, 'NONAKTIF', '2020-05-26 07:43:11', '2020-05-26 07:43:11', 1, 1),
(160, 3, 24, 'NONAKTIF', '2020-05-26 07:43:11', '2020-05-26 07:43:11', 1, 1),
(161, 4, 24, 'NONAKTIF', '2020-05-26 07:43:11', '2020-05-26 07:43:11', 1, 1),
(162, 5, 24, 'NONAKTIF', '2020-05-26 07:43:11', '2020-05-26 07:43:11', 1, 1),
(163, 6, 24, 'aktif', '2020-05-26 07:43:11', '2020-05-26 07:43:11', 1, 1),
(164, 7, 24, 'NONAKTIF', '2020-05-26 07:43:11', '2020-05-26 07:43:11', 1, 1),
(165, 8, 1, 'NONAKTIF', '2020-05-26 07:47:49', '2020-05-26 07:47:49', 1, 1),
(166, 8, 2, 'NONAKTIF', '2020-05-26 07:47:49', '2020-05-26 07:47:49', 1, 1),
(167, 8, 3, 'NONAKTIF', '2020-05-26 07:47:49', '2020-05-26 07:47:49', 1, 1),
(168, 8, 4, 'NONAKTIF', '2020-05-26 07:47:49', '2020-05-26 07:47:49', 1, 1),
(169, 8, 5, 'NONAKTIF', '2020-05-26 07:47:49', '2020-05-26 07:47:49', 1, 1),
(170, 8, 6, 'NONAKTIF', '2020-05-26 07:47:49', '2020-05-26 07:47:49', 1, 1),
(171, 8, 7, 'NONAKTIF', '2020-05-26 07:47:49', '2020-05-26 07:47:49', 1, 1),
(172, 8, 8, 'NONAKTIF', '2020-05-26 07:47:49', '2020-05-26 07:47:49', 1, 1),
(173, 8, 9, 'NONAKTIF', '2020-05-26 07:47:49', '2020-05-26 07:47:49', 1, 1),
(174, 8, 10, 'NONAKTIF', '2020-05-26 07:47:49', '2020-05-26 07:47:49', 1, 1),
(175, 8, 11, 'NONAKTIF', '2020-05-26 07:47:49', '2020-05-26 07:47:49', 1, 1),
(176, 8, 12, 'NONAKTIF', '2020-05-26 07:47:49', '2020-05-26 07:47:49', 1, 1),
(177, 8, 13, 'NONAKTIF', '2020-05-26 07:47:49', '2020-05-26 07:47:49', 1, 1),
(178, 8, 14, 'NONAKTIF', '2020-05-26 07:47:49', '2020-05-26 07:47:49', 1, 1),
(179, 8, 15, 'NONAKTIF', '2020-05-26 07:47:49', '2020-05-26 07:47:49', 1, 1),
(180, 8, 16, 'NONAKTIF', '2020-05-26 07:47:49', '2020-05-26 07:47:49', 1, 1),
(181, 8, 17, 'NONAKTIF', '2020-05-26 07:47:49', '2020-05-26 07:47:49', 1, 1),
(182, 8, 18, 'NONAKTIF', '2020-05-26 07:47:49', '2020-05-26 07:47:49', 1, 1),
(183, 8, 19, 'NONAKTIF', '2020-05-26 07:47:49', '2020-05-26 07:47:49', 1, 1),
(184, 8, 20, 'NONAKTIF', '2020-05-26 07:47:49', '2020-05-26 07:47:49', 1, 1),
(185, 8, 21, 'NONAKTIF', '2020-05-26 07:47:49', '2020-05-26 07:47:49', 1, 1),
(186, 8, 22, 'NONAKTIF', '2020-05-26 07:47:49', '2020-05-26 07:47:49', 1, 1),
(187, 8, 23, 'NONAKTIF', '2020-05-26 07:47:49', '2020-05-26 07:47:49', 1, 1),
(188, 8, 24, 'NONAKTIF', '2020-05-26 07:47:49', '2020-05-26 07:47:49', 1, 1),
(189, 1, 25, 'NONAKTIF', '2020-06-01 12:49:44', '2020-06-01 12:49:44', 1, 1),
(190, 2, 25, 'NONAKTIF', '2020-06-01 12:49:44', '2020-06-01 12:49:44', 1, 1),
(191, 3, 25, 'NONAKTIF', '2020-06-01 12:49:44', '2020-06-01 12:49:44', 1, 1),
(192, 4, 25, 'NONAKTIF', '2020-06-01 12:49:44', '2020-06-01 12:49:44', 1, 1),
(193, 5, 25, 'NONAKTIF', '2020-06-01 12:49:44', '2020-06-01 12:49:44', 1, 1),
(194, 6, 25, 'aktif', '2020-06-01 12:49:44', '2020-06-01 12:49:44', 1, 1),
(195, 7, 25, 'NONAKTIF', '2020-06-01 12:49:44', '2020-06-01 12:49:44', 1, 1),
(196, 8, 25, 'NONAKTIF', '2020-06-01 12:49:44', '2020-06-01 12:49:44', 1, 1),
(197, 1, 26, 'NONAKTIF', '2020-06-03 10:00:37', '2020-06-03 10:00:37', 1, 1),
(198, 2, 26, 'NONAKTIF', '2020-06-03 10:00:37', '2020-06-03 10:00:37', 1, 1),
(199, 3, 26, 'NONAKTIF', '2020-06-03 10:00:37', '2020-06-03 10:00:37', 1, 1),
(200, 4, 26, 'NONAKTIF', '2020-06-03 10:00:37', '2020-06-03 10:00:37', 1, 1),
(201, 5, 26, 'NONAKTIF', '2020-06-03 10:00:37', '2020-06-03 10:00:37', 1, 1),
(202, 6, 26, 'aktif', '2020-06-03 10:00:37', '2020-06-03 10:00:37', 1, 1),
(203, 7, 26, 'NONAKTIF', '2020-06-03 10:00:37', '2020-06-03 10:00:37', 1, 1),
(204, 8, 26, 'NONAKTIF', '2020-06-03 10:00:37', '2020-06-03 10:00:37', 1, 1);

--
-- 触发器 `tbl_hak_akses`
--
DELIMITER $$
CREATE TRIGGER `TRG_AFTER_INSERT_HAK_AKSES` AFTER INSERT ON `tbl_hak_akses` FOR EACH ROW BEGIN
            SET @ID_USER = NEW.ID_LAST_MODIFIED;
            SET @TGL_ACTION = NEW.HAK_AKSES_LAST_MODIFIED;
            SET @LOG_TEXT = CONCAT(NEW.ID_LAST_MODIFIED,' ','INSERT DATA AT' , NEW.HAK_AKSES_LAST_MODIFIED);
            CALL INSERT_LOG_ALL(@ID_USER,@TGL_ACTION,@LOG_TEXT,@ID_LOG_ALL);
            
            INSERT INTO TBL_HAK_AKSES_LOG(EXECUTED_FUNCTION,ID_PK_HAK_AKSES,ID_FK_JABATAN,ID_FK_MENU,HAK_AKSES_STATUS,HAK_AKSES_CREATE_DATE,HAK_AKSES_LAST_MODIFIED,ID_CREATE_DATA,ID_LAST_MODIFIED,ID_LOG_ALL) VALUES ('AFTER INSERT',NEW.ID_PK_HAK_AKSES,NEW.ID_FK_JABATAN,NEW.ID_FK_MENU,NEW.HAK_AKSES_STATUS,NEW.HAK_AKSES_CREATE_DATE,NEW.HAK_AKSES_LAST_MODIFIED,NEW.ID_CREATE_DATA,NEW.ID_LAST_MODIFIED,@ID_LOG_ALL);
        END
$$
DELIMITER ;
DELIMITER $$
CREATE TRIGGER `TRG_AFTER_UPDATE_HAK_AKSES` AFTER UPDATE ON `tbl_hak_akses` FOR EACH ROW BEGIN
            SET @ID_USER = NEW.ID_LAST_MODIFIED;
            SET @TGL_ACTION = NEW.HAK_AKSES_LAST_MODIFIED;
            SET @LOG_TEXT = CONCAT(NEW.ID_LAST_MODIFIED,' ','UPDATE DATA AT' , NEW.HAK_AKSES_LAST_MODIFIED);
            CALL INSERT_LOG_ALL(@ID_USER,@TGL_ACTION,@LOG_TEXT,@ID_LOG_ALL);
            
            INSERT INTO TBL_HAK_AKSES_LOG(EXECUTED_FUNCTION,ID_PK_HAK_AKSES,ID_FK_JABATAN,ID_FK_MENU,HAK_AKSES_STATUS,HAK_AKSES_CREATE_DATE,HAK_AKSES_LAST_MODIFIED,ID_CREATE_DATA,ID_LAST_MODIFIED,ID_LOG_ALL) VALUES ('AFTER UPDATE',NEW.ID_PK_HAK_AKSES,NEW.ID_FK_JABATAN,NEW.ID_FK_MENU,NEW.HAK_AKSES_STATUS,NEW.HAK_AKSES_CREATE_DATE,NEW.HAK_AKSES_LAST_MODIFIED,NEW.ID_CREATE_DATA,NEW.ID_LAST_MODIFIED,@ID_LOG_ALL);
        END
$$
DELIMITER ;

-- --------------------------------------------------------

--
-- 表的结构 `tbl_hak_akses_log`
--

CREATE TABLE `tbl_hak_akses_log` (
  `ID_PK_HAK_AKSES_LOG` int(11) NOT NULL,
  `EXECUTED_FUNCTION` varchar(30) DEFAULT NULL,
  `ID_PK_HAK_AKSES` int(11) DEFAULT NULL,
  `ID_FK_JABATAN` int(11) DEFAULT NULL,
  `ID_FK_MENU` int(11) DEFAULT NULL,
  `HAK_AKSES_STATUS` varchar(15) DEFAULT NULL,
  `HAK_AKSES_CREATE_DATE` datetime DEFAULT NULL,
  `HAK_AKSES_LAST_MODIFIED` datetime DEFAULT NULL,
  `ID_CREATE_DATA` int(11) DEFAULT NULL,
  `ID_LAST_MODIFIED` int(11) DEFAULT NULL,
  `ID_LOG_ALL` int(11) DEFAULT NULL
) ENGINE=InnoDB DEFAULT CHARSET=utf8mb4;

--
-- 转存表中的数据 `tbl_hak_akses_log`
--

INSERT INTO `tbl_hak_akses_log` (`ID_PK_HAK_AKSES_LOG`, `EXECUTED_FUNCTION`, `ID_PK_HAK_AKSES`, `ID_FK_JABATAN`, `ID_FK_MENU`, `HAK_AKSES_STATUS`, `HAK_AKSES_CREATE_DATE`, `HAK_AKSES_LAST_MODIFIED`, `ID_CREATE_DATA`, `ID_LAST_MODIFIED`, `ID_LOG_ALL`) VALUES
(1, 'AFTER INSERT', 1, 1, 1, 'NONAKTIF', '2020-05-15 11:37:17', '2020-05-15 11:37:17', 1, 1, 586),
(2, 'AFTER INSERT', 2, 2, 1, 'NONAKTIF', '2020-05-15 11:37:17', '2020-05-15 11:37:17', 1, 1, 587),
(3, 'AFTER INSERT', 4, 3, 1, 'NONAKTIF', '2020-05-15 11:37:29', '2020-05-15 11:37:29', 1, 1, 589),
(4, 'AFTER INSERT', 5, 1, 2, 'NONAKTIF', '2020-05-15 11:37:37', '2020-05-15 11:37:37', 1, 1, 591),
(5, 'AFTER INSERT', 6, 2, 2, 'NONAKTIF', '2020-05-15 11:37:37', '2020-05-15 11:37:37', 1, 1, 592),
(6, 'AFTER INSERT', 7, 3, 2, 'NONAKTIF', '2020-05-15 11:37:37', '2020-05-15 11:37:37', 1, 1, 593),
(7, 'AFTER INSERT', 8, 1, 3, 'NONAKTIF', '2020-05-15 11:37:42', '2020-05-15 11:37:42', 1, 1, 595),
(8, 'AFTER INSERT', 9, 2, 3, 'NONAKTIF', '2020-05-15 11:37:42', '2020-05-15 11:37:42', 1, 1, 596),
(9, 'AFTER INSERT', 10, 3, 3, 'NONAKTIF', '2020-05-15 11:37:42', '2020-05-15 11:37:42', 1, 1, 597),
(10, 'AFTER INSERT', 11, 4, 1, 'NONAKTIF', '2020-05-15 11:38:01', '2020-05-15 11:38:01', 1, 1, 599),
(11, 'AFTER INSERT', 12, 4, 2, 'NONAKTIF', '2020-05-15 11:38:01', '2020-05-15 11:38:01', 1, 1, 600),
(12, 'AFTER INSERT', 13, 4, 3, 'NONAKTIF', '2020-05-15 11:38:01', '2020-05-15 11:38:01', 1, 1, 601),
(13, 'AFTER INSERT', 14, 5, 1, 'NONAKTIF', '2020-05-15 11:58:30', '2020-05-15 11:58:30', 1, 1, 603),
(14, 'AFTER INSERT', 15, 5, 2, 'NONAKTIF', '2020-05-15 11:58:30', '2020-05-15 11:58:30', 1, 1, 604),
(15, 'AFTER INSERT', 16, 5, 3, 'NONAKTIF', '2020-05-15 11:58:30', '2020-05-15 11:58:30', 1, 1, 605),
(16, 'AFTER UPDATE', 14, 5, 1, 'AKTIF', '2020-05-15 11:58:30', '2020-05-15 11:58:30', 1, 1, 606),
(17, 'AFTER UPDATE', 16, 5, 3, 'AKTIF', '2020-05-15 11:58:30', '2020-05-15 11:58:30', 1, 1, 607),
(18, 'AFTER UPDATE', 14, 5, 1, 'NONAKTIF', '2020-05-15 11:58:30', '2020-05-15 11:58:30', 1, 1, 611),
(19, 'AFTER UPDATE', 15, 5, 2, 'NONAKTIF', '2020-05-15 11:58:30', '2020-05-15 11:58:30', 1, 1, 612),
(20, 'AFTER UPDATE', 16, 5, 3, 'NONAKTIF', '2020-05-15 11:58:30', '2020-05-15 11:58:30', 1, 1, 613),
(21, 'AFTER UPDATE', 14, 5, 1, 'NONAKTIF', '2020-05-15 11:58:30', '2020-05-15 11:58:30', 1, 1, 615),
(22, 'AFTER UPDATE', 15, 5, 2, 'NONAKTIF', '2020-05-15 11:58:30', '2020-05-15 11:58:30', 1, 1, 616),
(23, 'AFTER UPDATE', 16, 5, 3, 'NONAKTIF', '2020-05-15 11:58:30', '2020-05-15 11:58:30', 1, 1, 617),
(24, 'AFTER UPDATE', 14, 5, 1, 'NONAKTIF', '2020-05-15 11:58:30', '2020-05-15 11:58:30', 1, 1, 619),
(25, 'AFTER UPDATE', 15, 5, 2, 'NONAKTIF', '2020-05-15 11:58:30', '2020-05-15 11:58:30', 1, 1, 620),
(26, 'AFTER UPDATE', 16, 5, 3, 'NONAKTIF', '2020-05-15 11:58:30', '2020-05-15 11:58:30', 1, 1, 621),
(27, 'AFTER UPDATE', 14, 5, 1, 'NONAKTIF', '2020-05-15 11:58:30', '2020-05-15 11:58:30', 1, 1, 623),
(28, 'AFTER UPDATE', 15, 5, 2, 'NONAKTIF', '2020-05-15 11:58:30', '2020-05-15 11:58:30', 1, 1, 624),
(29, 'AFTER UPDATE', 16, 5, 3, 'NONAKTIF', '2020-05-15 11:58:30', '2020-05-15 11:58:30', 1, 1, 625),
(30, 'AFTER UPDATE', 15, 5, 2, 'AKTIF', '2020-05-15 11:58:30', '2020-05-15 11:58:30', 1, 1, 626),
(31, 'AFTER UPDATE', 14, 5, 1, 'NONAKTIF', '2020-05-15 11:58:30', '2020-05-15 11:58:30', 1, 1, 628),
(32, 'AFTER UPDATE', 15, 5, 2, 'NONAKTIF', '2020-05-15 11:58:30', '2020-05-15 11:58:30', 1, 1, 629),
(33, 'AFTER UPDATE', 16, 5, 3, 'NONAKTIF', '2020-05-15 11:58:30', '2020-05-15 11:58:30', 1, 1, 630),
(34, 'AFTER UPDATE', 14, 5, 1, 'AKTIF', '2020-05-15 11:58:30', '2020-05-15 11:58:30', 1, 1, 631),
(35, 'AFTER UPDATE', 15, 5, 2, 'AKTIF', '2020-05-15 11:58:30', '2020-05-15 11:58:30', 1, 1, 632),
(36, 'AFTER UPDATE', 16, 5, 3, 'AKTIF', '2020-05-15 11:58:30', '2020-05-15 11:58:30', 1, 1, 633),
(37, 'AFTER UPDATE', 4, 3, 1, 'NONAKTIF', '2020-05-15 11:37:29', '2020-05-15 11:37:29', 1, 1, 635),
(38, 'AFTER UPDATE', 7, 3, 2, 'NONAKTIF', '2020-05-15 11:37:37', '2020-05-15 11:37:37', 1, 1, 636),
(39, 'AFTER UPDATE', 10, 3, 3, 'NONAKTIF', '2020-05-15 11:37:42', '2020-05-15 11:37:42', 1, 1, 637),
(40, 'AFTER UPDATE', 4, 3, 1, 'AKTIF', '2020-05-15 11:37:29', '2020-05-15 11:37:29', 1, 1, 638),
(41, 'AFTER UPDATE', 7, 3, 2, 'AKTIF', '2020-05-15 11:37:37', '2020-05-15 11:37:37', 1, 1, 639),
(42, 'AFTER INSERT', 17, 1, 1, 'NONAKTIF', '2020-05-18 11:06:26', '2020-05-18 11:06:26', 1, 1, 659),
(43, 'AFTER INSERT', 18, 2, 1, 'NONAKTIF', '2020-05-18 11:06:26', '2020-05-18 11:06:26', 1, 1, 660),
(44, 'AFTER INSERT', 19, 3, 1, 'NONAKTIF', '2020-05-18 11:06:26', '2020-05-18 11:06:26', 1, 1, 661),
(45, 'AFTER INSERT', 20, 4, 1, 'NONAKTIF', '2020-05-18 11:06:26', '2020-05-18 11:06:26', 1, 1, 662),
(46, 'AFTER INSERT', 21, 5, 1, 'NONAKTIF', '2020-05-18 11:06:26', '2020-05-18 11:06:26', 1, 1, 663),
(47, 'AFTER INSERT', 24, 1, 2, 'NONAKTIF', '2020-05-18 13:21:54', '2020-05-18 13:21:54', 1, 1, 669),
(48, 'AFTER INSERT', 25, 2, 2, 'NONAKTIF', '2020-05-18 13:21:54', '2020-05-18 13:21:54', 1, 1, 670),
(49, 'AFTER INSERT', 26, 3, 2, 'NONAKTIF', '2020-05-18 13:21:54', '2020-05-18 13:21:54', 1, 1, 671),
(50, 'AFTER INSERT', 27, 4, 2, 'NONAKTIF', '2020-05-18 13:21:54', '2020-05-18 13:21:54', 1, 1, 672),
(51, 'AFTER INSERT', 28, 5, 2, 'NONAKTIF', '2020-05-18 13:21:54', '2020-05-18 13:21:54', 1, 1, 673),
(52, 'AFTER INSERT', 31, 1, 3, 'NONAKTIF', '2020-05-18 13:25:00', '2020-05-18 13:25:00', 1, 1, 675),
(53, 'AFTER INSERT', 32, 2, 3, 'NONAKTIF', '2020-05-18 13:25:00', '2020-05-18 13:25:00', 1, 1, 676),
(54, 'AFTER INSERT', 33, 3, 3, 'NONAKTIF', '2020-05-18 13:25:00', '2020-05-18 13:25:00', 1, 1, 677),
(55, 'AFTER INSERT', 34, 4, 3, 'NONAKTIF', '2020-05-18 13:25:00', '2020-05-18 13:25:00', 1, 1, 678),
(56, 'AFTER INSERT', 35, 5, 3, 'NONAKTIF', '2020-05-18 13:25:00', '2020-05-18 13:25:00', 1, 1, 679),
(57, 'AFTER INSERT', 38, 1, 4, 'NONAKTIF', '2020-05-18 13:34:46', '2020-05-18 13:34:46', 1, 1, 683),
(58, 'AFTER INSERT', 39, 2, 4, 'NONAKTIF', '2020-05-18 13:34:46', '2020-05-18 13:34:46', 1, 1, 684),
(59, 'AFTER INSERT', 40, 3, 4, 'NONAKTIF', '2020-05-18 13:34:46', '2020-05-18 13:34:46', 1, 1, 685),
(60, 'AFTER INSERT', 41, 4, 4, 'NONAKTIF', '2020-05-18 13:34:46', '2020-05-18 13:34:46', 1, 1, 686),
(61, 'AFTER INSERT', 42, 5, 4, 'NONAKTIF', '2020-05-18 13:34:46', '2020-05-18 13:34:46', 1, 1, 687),
(62, 'AFTER INSERT', 1, 6, 1, 'NONAKTIF', '2020-05-18 13:35:55', '2020-05-18 13:35:55', 1, 1, 693),
(63, 'AFTER INSERT', 2, 6, 2, 'NONAKTIF', '2020-05-18 13:35:55', '2020-05-18 13:35:55', 1, 1, 694),
(64, 'AFTER INSERT', 3, 6, 3, 'NONAKTIF', '2020-05-18 13:35:55', '2020-05-18 13:35:55', 1, 1, 695),
(65, 'AFTER INSERT', 4, 6, 4, 'NONAKTIF', '2020-05-18 13:35:55', '2020-05-18 13:35:55', 1, 1, 696),
(66, 'AFTER UPDATE', 1, 6, 1, 'NONAKTIF', '2020-05-18 13:35:55', '2020-05-18 13:35:55', 1, 1, 698),
(67, 'AFTER UPDATE', 2, 6, 2, 'NONAKTIF', '2020-05-18 13:35:55', '2020-05-18 13:35:55', 1, 1, 699),
(68, 'AFTER UPDATE', 3, 6, 3, 'NONAKTIF', '2020-05-18 13:35:55', '2020-05-18 13:35:55', 1, 1, 700),
(69, 'AFTER UPDATE', 4, 6, 4, 'NONAKTIF', '2020-05-18 13:35:55', '2020-05-18 13:35:55', 1, 1, 701),
(70, 'AFTER UPDATE', 2, 6, 2, 'AKTIF', '2020-05-18 13:35:55', '2020-05-18 13:35:55', 1, 1, 702),
(71, 'AFTER UPDATE', 3, 6, 3, 'AKTIF', '2020-05-18 13:35:55', '2020-05-18 13:35:55', 1, 1, 703),
(72, 'AFTER INSERT', 8, 1, 5, 'NONAKTIF', '2020-05-18 20:22:36', '2020-05-18 20:22:36', 1, 1, 711),
(73, 'AFTER INSERT', 9, 2, 5, 'NONAKTIF', '2020-05-18 20:22:36', '2020-05-18 20:22:36', 1, 1, 712),
(74, 'AFTER INSERT', 10, 3, 5, 'NONAKTIF', '2020-05-18 20:22:36', '2020-05-18 20:22:36', 1, 1, 713),
(75, 'AFTER INSERT', 11, 4, 5, 'NONAKTIF', '2020-05-18 20:22:36', '2020-05-18 20:22:36', 1, 1, 714),
(76, 'AFTER INSERT', 12, 5, 5, 'NONAKTIF', '2020-05-18 20:22:36', '2020-05-18 20:22:36', 1, 1, 715),
(77, 'AFTER INSERT', 13, 6, 5, 'NONAKTIF', '2020-05-18 20:22:36', '2020-05-18 20:22:36', 1, 1, 716),
(78, 'AFTER INSERT', 15, 1, 6, 'NONAKTIF', '2020-05-18 20:22:49', '2020-05-18 20:22:49', 1, 1, 718),
(79, 'AFTER INSERT', 16, 2, 6, 'NONAKTIF', '2020-05-18 20:22:49', '2020-05-18 20:22:49', 1, 1, 719),
(80, 'AFTER INSERT', 17, 3, 6, 'NONAKTIF', '2020-05-18 20:22:49', '2020-05-18 20:22:49', 1, 1, 720),
(81, 'AFTER INSERT', 18, 4, 6, 'NONAKTIF', '2020-05-18 20:22:49', '2020-05-18 20:22:49', 1, 1, 721),
(82, 'AFTER INSERT', 19, 5, 6, 'NONAKTIF', '2020-05-18 20:22:49', '2020-05-18 20:22:49', 1, 1, 722),
(83, 'AFTER INSERT', 20, 6, 6, 'NONAKTIF', '2020-05-18 20:22:49', '2020-05-18 20:22:49', 1, 1, 723),
(84, 'AFTER INSERT', 22, 1, 7, 'NONAKTIF', '2020-05-18 20:23:18', '2020-05-18 20:23:18', 1, 1, 725),
(85, 'AFTER INSERT', 23, 2, 7, 'NONAKTIF', '2020-05-18 20:23:18', '2020-05-18 20:23:18', 1, 1, 726),
(86, 'AFTER INSERT', 24, 3, 7, 'NONAKTIF', '2020-05-18 20:23:18', '2020-05-18 20:23:18', 1, 1, 727),
(87, 'AFTER INSERT', 25, 4, 7, 'NONAKTIF', '2020-05-18 20:23:18', '2020-05-18 20:23:18', 1, 1, 728),
(88, 'AFTER INSERT', 26, 5, 7, 'NONAKTIF', '2020-05-18 20:23:18', '2020-05-18 20:23:18', 1, 1, 729),
(89, 'AFTER INSERT', 27, 6, 7, 'NONAKTIF', '2020-05-18 20:23:18', '2020-05-18 20:23:18', 1, 1, 730),
(90, 'AFTER UPDATE', 1, 6, 1, 'NONAKTIF', '2020-05-18 13:35:55', '2020-05-18 13:35:55', 1, 1, 732),
(91, 'AFTER UPDATE', 2, 6, 2, 'NONAKTIF', '2020-05-18 13:35:55', '2020-05-18 13:35:55', 1, 1, 733),
(92, 'AFTER UPDATE', 3, 6, 3, 'NONAKTIF', '2020-05-18 13:35:55', '2020-05-18 13:35:55', 1, 1, 734),
(93, 'AFTER UPDATE', 4, 6, 4, 'NONAKTIF', '2020-05-18 13:35:55', '2020-05-18 13:35:55', 1, 1, 735),
(94, 'AFTER UPDATE', 13, 6, 5, 'NONAKTIF', '2020-05-18 20:22:36', '2020-05-18 20:22:36', 1, 1, 736),
(95, 'AFTER UPDATE', 20, 6, 6, 'NONAKTIF', '2020-05-18 20:22:49', '2020-05-18 20:22:49', 1, 1, 737),
(96, 'AFTER UPDATE', 27, 6, 7, 'NONAKTIF', '2020-05-18 20:23:18', '2020-05-18 20:23:18', 1, 1, 738),
(97, 'AFTER UPDATE', 1, 6, 1, 'AKTIF', '2020-05-18 13:35:55', '2020-05-18 13:35:55', 1, 1, 739),
(98, 'AFTER UPDATE', 2, 6, 2, 'AKTIF', '2020-05-18 13:35:55', '2020-05-18 13:35:55', 1, 1, 740),
(99, 'AFTER UPDATE', 3, 6, 3, 'AKTIF', '2020-05-18 13:35:55', '2020-05-18 13:35:55', 1, 1, 741),
(100, 'AFTER UPDATE', 13, 6, 5, 'AKTIF', '2020-05-18 20:22:36', '2020-05-18 20:22:36', 1, 1, 742),
(101, 'AFTER UPDATE', 20, 6, 6, 'AKTIF', '2020-05-18 20:22:49', '2020-05-18 20:22:49', 1, 1, 743),
(102, 'AFTER UPDATE', 27, 6, 7, 'AKTIF', '2020-05-18 20:23:18', '2020-05-18 20:23:18', 1, 1, 744),
(103, 'AFTER INSERT', 28, 1, 8, 'NONAKTIF', '2020-05-20 12:18:10', '2020-05-20 12:18:10', 1, 1, 760),
(104, 'AFTER INSERT', 29, 2, 8, 'NONAKTIF', '2020-05-20 12:18:10', '2020-05-20 12:18:10', 1, 1, 761),
(105, 'AFTER INSERT', 30, 3, 8, 'NONAKTIF', '2020-05-20 12:18:10', '2020-05-20 12:18:10', 1, 1, 762),
(106, 'AFTER INSERT', 31, 4, 8, 'NONAKTIF', '2020-05-20 12:18:10', '2020-05-20 12:18:10', 1, 1, 763),
(107, 'AFTER INSERT', 32, 5, 8, 'NONAKTIF', '2020-05-20 12:18:10', '2020-05-20 12:18:10', 1, 1, 764),
(108, 'AFTER INSERT', 33, 6, 8, 'NONAKTIF', '2020-05-20 12:18:10', '2020-05-20 12:18:10', 1, 1, 765),
(109, 'AFTER INSERT', 35, 1, 9, 'NONAKTIF', '2020-05-20 12:19:09', '2020-05-20 12:19:09', 1, 1, 767),
(110, 'AFTER INSERT', 36, 2, 9, 'NONAKTIF', '2020-05-20 12:19:09', '2020-05-20 12:19:09', 1, 1, 768),
(111, 'AFTER INSERT', 37, 3, 9, 'NONAKTIF', '2020-05-20 12:19:09', '2020-05-20 12:19:09', 1, 1, 769),
(112, 'AFTER INSERT', 38, 4, 9, 'NONAKTIF', '2020-05-20 12:19:09', '2020-05-20 12:19:09', 1, 1, 770),
(113, 'AFTER INSERT', 39, 5, 9, 'NONAKTIF', '2020-05-20 12:19:09', '2020-05-20 12:19:09', 1, 1, 771),
(114, 'AFTER INSERT', 40, 6, 9, 'NONAKTIF', '2020-05-20 12:19:09', '2020-05-20 12:19:09', 1, 1, 772),
(115, 'AFTER INSERT', 42, 1, 10, 'NONAKTIF', '2020-05-20 12:19:24', '2020-05-20 12:19:24', 1, 1, 774),
(116, 'AFTER INSERT', 43, 2, 10, 'NONAKTIF', '2020-05-20 12:19:24', '2020-05-20 12:19:24', 1, 1, 775),
(117, 'AFTER INSERT', 44, 3, 10, 'NONAKTIF', '2020-05-20 12:19:24', '2020-05-20 12:19:24', 1, 1, 776),
(118, 'AFTER INSERT', 45, 4, 10, 'NONAKTIF', '2020-05-20 12:19:24', '2020-05-20 12:19:24', 1, 1, 777),
(119, 'AFTER INSERT', 46, 5, 10, 'NONAKTIF', '2020-05-20 12:19:24', '2020-05-20 12:19:24', 1, 1, 778),
(120, 'AFTER INSERT', 47, 6, 10, 'NONAKTIF', '2020-05-20 12:19:24', '2020-05-20 12:19:24', 1, 1, 779),
(121, 'AFTER INSERT', 49, 1, 11, 'NONAKTIF', '2020-05-20 12:19:47', '2020-05-20 12:19:47', 1, 1, 781),
(122, 'AFTER INSERT', 50, 2, 11, 'NONAKTIF', '2020-05-20 12:19:47', '2020-05-20 12:19:47', 1, 1, 782),
(123, 'AFTER INSERT', 51, 3, 11, 'NONAKTIF', '2020-05-20 12:19:47', '2020-05-20 12:19:47', 1, 1, 783),
(124, 'AFTER INSERT', 52, 4, 11, 'NONAKTIF', '2020-05-20 12:19:47', '2020-05-20 12:19:47', 1, 1, 784),
(125, 'AFTER INSERT', 53, 5, 11, 'NONAKTIF', '2020-05-20 12:19:47', '2020-05-20 12:19:47', 1, 1, 785),
(126, 'AFTER INSERT', 54, 6, 11, 'NONAKTIF', '2020-05-20 12:19:47', '2020-05-20 12:19:47', 1, 1, 786),
(127, 'AFTER INSERT', 56, 1, 12, 'NONAKTIF', '2020-05-20 12:20:08', '2020-05-20 12:20:08', 1, 1, 788),
(128, 'AFTER INSERT', 57, 2, 12, 'NONAKTIF', '2020-05-20 12:20:08', '2020-05-20 12:20:08', 1, 1, 789),
(129, 'AFTER INSERT', 58, 3, 12, 'NONAKTIF', '2020-05-20 12:20:08', '2020-05-20 12:20:08', 1, 1, 790),
(130, 'AFTER INSERT', 59, 4, 12, 'NONAKTIF', '2020-05-20 12:20:08', '2020-05-20 12:20:08', 1, 1, 791),
(131, 'AFTER INSERT', 60, 5, 12, 'NONAKTIF', '2020-05-20 12:20:08', '2020-05-20 12:20:08', 1, 1, 792),
(132, 'AFTER INSERT', 61, 6, 12, 'NONAKTIF', '2020-05-20 12:20:08', '2020-05-20 12:20:08', 1, 1, 793),
(133, 'AFTER INSERT', 63, 1, 13, 'NONAKTIF', '2020-05-20 12:20:46', '2020-05-20 12:20:46', 1, 1, 795),
(134, 'AFTER INSERT', 64, 2, 13, 'NONAKTIF', '2020-05-20 12:20:46', '2020-05-20 12:20:46', 1, 1, 796),
(135, 'AFTER INSERT', 65, 3, 13, 'NONAKTIF', '2020-05-20 12:20:46', '2020-05-20 12:20:46', 1, 1, 797),
(136, 'AFTER INSERT', 66, 4, 13, 'NONAKTIF', '2020-05-20 12:20:46', '2020-05-20 12:20:46', 1, 1, 798),
(137, 'AFTER INSERT', 67, 5, 13, 'NONAKTIF', '2020-05-20 12:20:46', '2020-05-20 12:20:46', 1, 1, 799),
(138, 'AFTER INSERT', 68, 6, 13, 'NONAKTIF', '2020-05-20 12:20:46', '2020-05-20 12:20:46', 1, 1, 800),
(139, 'AFTER INSERT', 70, 1, 14, 'NONAKTIF', '2020-05-20 12:21:04', '2020-05-20 12:21:04', 1, 1, 802),
(140, 'AFTER INSERT', 71, 2, 14, 'NONAKTIF', '2020-05-20 12:21:04', '2020-05-20 12:21:04', 1, 1, 803),
(141, 'AFTER INSERT', 72, 3, 14, 'NONAKTIF', '2020-05-20 12:21:04', '2020-05-20 12:21:04', 1, 1, 804),
(142, 'AFTER INSERT', 73, 4, 14, 'NONAKTIF', '2020-05-20 12:21:04', '2020-05-20 12:21:04', 1, 1, 805),
(143, 'AFTER INSERT', 74, 5, 14, 'NONAKTIF', '2020-05-20 12:21:04', '2020-05-20 12:21:04', 1, 1, 806),
(144, 'AFTER INSERT', 75, 6, 14, 'NONAKTIF', '2020-05-20 12:21:04', '2020-05-20 12:21:04', 1, 1, 807),
(145, 'AFTER INSERT', 77, 1, 15, 'NONAKTIF', '2020-05-20 12:21:56', '2020-05-20 12:21:56', 1, 1, 810),
(146, 'AFTER INSERT', 78, 2, 15, 'NONAKTIF', '2020-05-20 12:21:56', '2020-05-20 12:21:56', 1, 1, 811),
(147, 'AFTER INSERT', 79, 3, 15, 'NONAKTIF', '2020-05-20 12:21:56', '2020-05-20 12:21:56', 1, 1, 812),
(148, 'AFTER INSERT', 80, 4, 15, 'NONAKTIF', '2020-05-20 12:21:56', '2020-05-20 12:21:56', 1, 1, 813),
(149, 'AFTER INSERT', 81, 5, 15, 'NONAKTIF', '2020-05-20 12:21:56', '2020-05-20 12:21:56', 1, 1, 814),
(150, 'AFTER INSERT', 82, 6, 15, 'NONAKTIF', '2020-05-20 12:21:56', '2020-05-20 12:21:56', 1, 1, 815),
(151, 'AFTER INSERT', 84, 1, 16, 'NONAKTIF', '2020-05-20 12:22:44', '2020-05-20 12:22:44', 1, 1, 818),
(152, 'AFTER INSERT', 85, 2, 16, 'NONAKTIF', '2020-05-20 12:22:44', '2020-05-20 12:22:44', 1, 1, 819),
(153, 'AFTER INSERT', 86, 3, 16, 'NONAKTIF', '2020-05-20 12:22:44', '2020-05-20 12:22:44', 1, 1, 820),
(154, 'AFTER INSERT', 87, 4, 16, 'NONAKTIF', '2020-05-20 12:22:44', '2020-05-20 12:22:44', 1, 1, 821),
(155, 'AFTER INSERT', 88, 5, 16, 'NONAKTIF', '2020-05-20 12:22:44', '2020-05-20 12:22:44', 1, 1, 822),
(156, 'AFTER INSERT', 89, 6, 16, 'NONAKTIF', '2020-05-20 12:22:44', '2020-05-20 12:22:44', 1, 1, 823),
(157, 'AFTER INSERT', 91, 1, 17, 'NONAKTIF', '2020-05-20 12:23:45', '2020-05-20 12:23:45', 1, 1, 825),
(158, 'AFTER INSERT', 92, 2, 17, 'NONAKTIF', '2020-05-20 12:23:45', '2020-05-20 12:23:45', 1, 1, 826),
(159, 'AFTER INSERT', 93, 3, 17, 'NONAKTIF', '2020-05-20 12:23:45', '2020-05-20 12:23:45', 1, 1, 827),
(160, 'AFTER INSERT', 94, 4, 17, 'NONAKTIF', '2020-05-20 12:23:45', '2020-05-20 12:23:45', 1, 1, 828),
(161, 'AFTER INSERT', 95, 5, 17, 'NONAKTIF', '2020-05-20 12:23:45', '2020-05-20 12:23:45', 1, 1, 829),
(162, 'AFTER INSERT', 96, 6, 17, 'NONAKTIF', '2020-05-20 12:23:45', '2020-05-20 12:23:45', 1, 1, 830),
(163, 'AFTER UPDATE', 1, 6, 1, 'NONAKTIF', '2020-05-18 13:35:55', '2020-05-18 13:35:55', 1, 1, 833),
(164, 'AFTER UPDATE', 2, 6, 2, 'NONAKTIF', '2020-05-18 13:35:55', '2020-05-18 13:35:55', 1, 1, 834),
(165, 'AFTER UPDATE', 3, 6, 3, 'NONAKTIF', '2020-05-18 13:35:55', '2020-05-18 13:35:55', 1, 1, 835),
(166, 'AFTER UPDATE', 4, 6, 4, 'NONAKTIF', '2020-05-18 13:35:55', '2020-05-18 13:35:55', 1, 1, 836),
(167, 'AFTER UPDATE', 13, 6, 5, 'NONAKTIF', '2020-05-18 20:22:36', '2020-05-18 20:22:36', 1, 1, 837),
(168, 'AFTER UPDATE', 20, 6, 6, 'NONAKTIF', '2020-05-18 20:22:49', '2020-05-18 20:22:49', 1, 1, 838),
(169, 'AFTER UPDATE', 27, 6, 7, 'NONAKTIF', '2020-05-18 20:23:18', '2020-05-18 20:23:18', 1, 1, 839),
(170, 'AFTER UPDATE', 33, 6, 8, 'NONAKTIF', '2020-05-20 12:18:10', '2020-05-20 12:18:10', 1, 1, 840),
(171, 'AFTER UPDATE', 40, 6, 9, 'NONAKTIF', '2020-05-20 12:19:09', '2020-05-20 12:19:09', 1, 1, 841),
(172, 'AFTER UPDATE', 47, 6, 10, 'NONAKTIF', '2020-05-20 12:19:24', '2020-05-20 12:19:24', 1, 1, 842),
(173, 'AFTER UPDATE', 54, 6, 11, 'NONAKTIF', '2020-05-20 12:19:47', '2020-05-20 12:19:47', 1, 1, 843),
(174, 'AFTER UPDATE', 61, 6, 12, 'NONAKTIF', '2020-05-20 12:20:08', '2020-05-20 12:20:08', 1, 1, 844),
(175, 'AFTER UPDATE', 68, 6, 13, 'NONAKTIF', '2020-05-20 12:20:46', '2020-05-20 12:20:46', 1, 1, 845),
(176, 'AFTER UPDATE', 75, 6, 14, 'NONAKTIF', '2020-05-20 12:21:04', '2020-05-20 12:21:04', 1, 1, 846),
(177, 'AFTER UPDATE', 82, 6, 15, 'NONAKTIF', '2020-05-20 12:21:56', '2020-05-20 12:21:56', 1, 1, 847),
(178, 'AFTER UPDATE', 89, 6, 16, 'NONAKTIF', '2020-05-20 12:22:44', '2020-05-20 12:22:44', 1, 1, 848),
(179, 'AFTER UPDATE', 96, 6, 17, 'NONAKTIF', '2020-05-20 12:23:45', '2020-05-20 12:23:45', 1, 1, 849),
(180, 'AFTER UPDATE', 1, 6, 1, 'AKTIF', '2020-05-18 13:35:55', '2020-05-18 13:35:55', 1, 1, 850),
(181, 'AFTER UPDATE', 2, 6, 2, 'AKTIF', '2020-05-18 13:35:55', '2020-05-18 13:35:55', 1, 1, 851),
(182, 'AFTER UPDATE', 3, 6, 3, 'AKTIF', '2020-05-18 13:35:55', '2020-05-18 13:35:55', 1, 1, 852),
(183, 'AFTER UPDATE', 4, 6, 4, 'AKTIF', '2020-05-18 13:35:55', '2020-05-18 13:35:55', 1, 1, 853),
(184, 'AFTER UPDATE', 13, 6, 5, 'AKTIF', '2020-05-18 20:22:36', '2020-05-18 20:22:36', 1, 1, 854),
(185, 'AFTER UPDATE', 20, 6, 6, 'AKTIF', '2020-05-18 20:22:49', '2020-05-18 20:22:49', 1, 1, 855),
(186, 'AFTER UPDATE', 27, 6, 7, 'AKTIF', '2020-05-18 20:23:18', '2020-05-18 20:23:18', 1, 1, 856),
(187, 'AFTER UPDATE', 33, 6, 8, 'AKTIF', '2020-05-20 12:18:10', '2020-05-20 12:18:10', 1, 1, 857),
(188, 'AFTER UPDATE', 40, 6, 9, 'AKTIF', '2020-05-20 12:19:09', '2020-05-20 12:19:09', 1, 1, 858),
(189, 'AFTER UPDATE', 47, 6, 10, 'AKTIF', '2020-05-20 12:19:24', '2020-05-20 12:19:24', 1, 1, 859),
(190, 'AFTER UPDATE', 54, 6, 11, 'AKTIF', '2020-05-20 12:19:47', '2020-05-20 12:19:47', 1, 1, 860),
(191, 'AFTER UPDATE', 61, 6, 12, 'AKTIF', '2020-05-20 12:20:08', '2020-05-20 12:20:08', 1, 1, 861),
(192, 'AFTER UPDATE', 68, 6, 13, 'AKTIF', '2020-05-20 12:20:46', '2020-05-20 12:20:46', 1, 1, 862),
(193, 'AFTER UPDATE', 75, 6, 14, 'AKTIF', '2020-05-20 12:21:04', '2020-05-20 12:21:04', 1, 1, 863),
(194, 'AFTER UPDATE', 82, 6, 15, 'AKTIF', '2020-05-20 12:21:56', '2020-05-20 12:21:56', 1, 1, 864),
(195, 'AFTER UPDATE', 89, 6, 16, 'AKTIF', '2020-05-20 12:22:44', '2020-05-20 12:22:44', 1, 1, 865),
(196, 'AFTER UPDATE', 96, 6, 17, 'AKTIF', '2020-05-20 12:23:45', '2020-05-20 12:23:45', 1, 1, 866),
(197, 'AFTER INSERT', 97, 1, 18, 'NONAKTIF', '2020-05-22 10:48:43', '2020-05-22 10:48:43', 1, 1, 933),
(198, 'AFTER INSERT', 98, 2, 18, 'NONAKTIF', '2020-05-22 10:48:43', '2020-05-22 10:48:43', 1, 1, 934),
(199, 'AFTER INSERT', 99, 3, 18, 'NONAKTIF', '2020-05-22 10:48:43', '2020-05-22 10:48:43', 1, 1, 935),
(200, 'AFTER INSERT', 100, 4, 18, 'NONAKTIF', '2020-05-22 10:48:43', '2020-05-22 10:48:43', 1, 1, 936),
(201, 'AFTER INSERT', 101, 5, 18, 'NONAKTIF', '2020-05-22 10:48:43', '2020-05-22 10:48:43', 1, 1, 937),
(202, 'AFTER INSERT', 102, 6, 18, 'NONAKTIF', '2020-05-22 10:48:43', '2020-05-22 10:48:43', 1, 1, 938),
(203, 'AFTER INSERT', 104, 1, 19, 'NONAKTIF', '2020-05-22 10:48:57', '2020-05-22 10:48:57', 1, 1, 940),
(204, 'AFTER INSERT', 105, 2, 19, 'NONAKTIF', '2020-05-22 10:48:57', '2020-05-22 10:48:57', 1, 1, 941),
(205, 'AFTER INSERT', 106, 3, 19, 'NONAKTIF', '2020-05-22 10:48:57', '2020-05-22 10:48:57', 1, 1, 942),
(206, 'AFTER INSERT', 107, 4, 19, 'NONAKTIF', '2020-05-22 10:48:57', '2020-05-22 10:48:57', 1, 1, 943),
(207, 'AFTER INSERT', 108, 5, 19, 'NONAKTIF', '2020-05-22 10:48:57', '2020-05-22 10:48:57', 1, 1, 944),
(208, 'AFTER INSERT', 109, 6, 19, 'NONAKTIF', '2020-05-22 10:48:57', '2020-05-22 10:48:57', 1, 1, 945),
(209, 'AFTER UPDATE', 1, 6, 1, 'NONAKTIF', '2020-05-18 13:35:55', '2020-05-18 13:35:55', 1, 1, 949),
(210, 'AFTER UPDATE', 2, 6, 2, 'NONAKTIF', '2020-05-18 13:35:55', '2020-05-18 13:35:55', 1, 1, 950),
(211, 'AFTER UPDATE', 3, 6, 3, 'NONAKTIF', '2020-05-18 13:35:55', '2020-05-18 13:35:55', 1, 1, 951),
(212, 'AFTER UPDATE', 4, 6, 4, 'NONAKTIF', '2020-05-18 13:35:55', '2020-05-18 13:35:55', 1, 1, 952),
(213, 'AFTER UPDATE', 13, 6, 5, 'NONAKTIF', '2020-05-18 20:22:36', '2020-05-18 20:22:36', 1, 1, 953),
(214, 'AFTER UPDATE', 20, 6, 6, 'NONAKTIF', '2020-05-18 20:22:49', '2020-05-18 20:22:49', 1, 1, 954),
(215, 'AFTER UPDATE', 27, 6, 7, 'NONAKTIF', '2020-05-18 20:23:18', '2020-05-18 20:23:18', 1, 1, 955),
(216, 'AFTER UPDATE', 33, 6, 8, 'NONAKTIF', '2020-05-20 12:18:10', '2020-05-20 12:18:10', 1, 1, 956),
(217, 'AFTER UPDATE', 40, 6, 9, 'NONAKTIF', '2020-05-20 12:19:09', '2020-05-20 12:19:09', 1, 1, 957),
(218, 'AFTER UPDATE', 47, 6, 10, 'NONAKTIF', '2020-05-20 12:19:24', '2020-05-20 12:19:24', 1, 1, 958),
(219, 'AFTER UPDATE', 54, 6, 11, 'NONAKTIF', '2020-05-20 12:19:47', '2020-05-20 12:19:47', 1, 1, 959),
(220, 'AFTER UPDATE', 61, 6, 12, 'NONAKTIF', '2020-05-20 12:20:08', '2020-05-20 12:20:08', 1, 1, 960),
(221, 'AFTER UPDATE', 68, 6, 13, 'NONAKTIF', '2020-05-20 12:20:46', '2020-05-20 12:20:46', 1, 1, 961),
(222, 'AFTER UPDATE', 75, 6, 14, 'NONAKTIF', '2020-05-20 12:21:04', '2020-05-20 12:21:04', 1, 1, 962),
(223, 'AFTER UPDATE', 82, 6, 15, 'NONAKTIF', '2020-05-20 12:21:56', '2020-05-20 12:21:56', 1, 1, 963),
(224, 'AFTER UPDATE', 89, 6, 16, 'NONAKTIF', '2020-05-20 12:22:44', '2020-05-20 12:22:44', 1, 1, 964),
(225, 'AFTER UPDATE', 96, 6, 17, 'NONAKTIF', '2020-05-20 12:23:45', '2020-05-20 12:23:45', 1, 1, 965),
(226, 'AFTER UPDATE', 102, 6, 18, 'NONAKTIF', '2020-05-22 10:48:43', '2020-05-22 10:48:43', 1, 1, 966),
(227, 'AFTER UPDATE', 109, 6, 19, 'NONAKTIF', '2020-05-22 10:48:57', '2020-05-22 10:48:57', 1, 1, 967),
(228, 'AFTER UPDATE', 1, 6, 1, 'AKTIF', '2020-05-18 13:35:55', '2020-05-18 13:35:55', 1, 1, 968),
(229, 'AFTER UPDATE', 2, 6, 2, 'AKTIF', '2020-05-18 13:35:55', '2020-05-18 13:35:55', 1, 1, 969),
(230, 'AFTER UPDATE', 3, 6, 3, 'AKTIF', '2020-05-18 13:35:55', '2020-05-18 13:35:55', 1, 1, 970),
(231, 'AFTER UPDATE', 4, 6, 4, 'AKTIF', '2020-05-18 13:35:55', '2020-05-18 13:35:55', 1, 1, 971),
(232, 'AFTER UPDATE', 13, 6, 5, 'AKTIF', '2020-05-18 20:22:36', '2020-05-18 20:22:36', 1, 1, 972),
(233, 'AFTER UPDATE', 20, 6, 6, 'AKTIF', '2020-05-18 20:22:49', '2020-05-18 20:22:49', 1, 1, 973),
(234, 'AFTER UPDATE', 27, 6, 7, 'AKTIF', '2020-05-18 20:23:18', '2020-05-18 20:23:18', 1, 1, 974),
(235, 'AFTER UPDATE', 33, 6, 8, 'AKTIF', '2020-05-20 12:18:10', '2020-05-20 12:18:10', 1, 1, 975),
(236, 'AFTER UPDATE', 40, 6, 9, 'AKTIF', '2020-05-20 12:19:09', '2020-05-20 12:19:09', 1, 1, 976),
(237, 'AFTER UPDATE', 47, 6, 10, 'AKTIF', '2020-05-20 12:19:24', '2020-05-20 12:19:24', 1, 1, 977),
(238, 'AFTER UPDATE', 54, 6, 11, 'AKTIF', '2020-05-20 12:19:47', '2020-05-20 12:19:47', 1, 1, 978),
(239, 'AFTER UPDATE', 61, 6, 12, 'AKTIF', '2020-05-20 12:20:08', '2020-05-20 12:20:08', 1, 1, 979),
(240, 'AFTER UPDATE', 68, 6, 13, 'AKTIF', '2020-05-20 12:20:46', '2020-05-20 12:20:46', 1, 1, 980),
(241, 'AFTER UPDATE', 75, 6, 14, 'AKTIF', '2020-05-20 12:21:04', '2020-05-20 12:21:04', 1, 1, 981),
(242, 'AFTER UPDATE', 82, 6, 15, 'AKTIF', '2020-05-20 12:21:56', '2020-05-20 12:21:56', 1, 1, 982),
(243, 'AFTER UPDATE', 89, 6, 16, 'AKTIF', '2020-05-20 12:22:44', '2020-05-20 12:22:44', 1, 1, 983),
(244, 'AFTER UPDATE', 96, 6, 17, 'AKTIF', '2020-05-20 12:23:45', '2020-05-20 12:23:45', 1, 1, 984),
(245, 'AFTER UPDATE', 102, 6, 18, 'AKTIF', '2020-05-22 10:48:43', '2020-05-22 10:48:43', 1, 1, 985),
(246, 'AFTER UPDATE', 109, 6, 19, 'AKTIF', '2020-05-22 10:48:57', '2020-05-22 10:48:57', 1, 1, 986),
(247, 'AFTER INSERT', 111, 1, 20, 'NONAKTIF', '2020-05-22 13:32:43', '2020-05-22 13:32:43', 1, 1, 1006),
(248, 'AFTER INSERT', 112, 2, 20, 'NONAKTIF', '2020-05-22 13:32:43', '2020-05-22 13:32:43', 1, 1, 1007),
(249, 'AFTER INSERT', 113, 3, 20, 'NONAKTIF', '2020-05-22 13:32:43', '2020-05-22 13:32:43', 1, 1, 1008),
(250, 'AFTER INSERT', 114, 4, 20, 'NONAKTIF', '2020-05-22 13:32:43', '2020-05-22 13:32:43', 1, 1, 1009),
(251, 'AFTER INSERT', 115, 5, 20, 'NONAKTIF', '2020-05-22 13:32:43', '2020-05-22 13:32:43', 1, 1, 1010),
(252, 'AFTER INSERT', 116, 6, 20, 'NONAKTIF', '2020-05-22 13:32:43', '2020-05-22 13:32:43', 1, 1, 1011),
(253, 'AFTER UPDATE', 1, 6, 1, 'NONAKTIF', '2020-05-18 13:35:55', '2020-05-18 13:35:55', 1, 1, 1013),
(254, 'AFTER UPDATE', 2, 6, 2, 'NONAKTIF', '2020-05-18 13:35:55', '2020-05-18 13:35:55', 1, 1, 1014),
(255, 'AFTER UPDATE', 3, 6, 3, 'NONAKTIF', '2020-05-18 13:35:55', '2020-05-18 13:35:55', 1, 1, 1015),
(256, 'AFTER UPDATE', 4, 6, 4, 'NONAKTIF', '2020-05-18 13:35:55', '2020-05-18 13:35:55', 1, 1, 1016),
(257, 'AFTER UPDATE', 13, 6, 5, 'NONAKTIF', '2020-05-18 20:22:36', '2020-05-18 20:22:36', 1, 1, 1017),
(258, 'AFTER UPDATE', 20, 6, 6, 'NONAKTIF', '2020-05-18 20:22:49', '2020-05-18 20:22:49', 1, 1, 1018),
(259, 'AFTER UPDATE', 27, 6, 7, 'NONAKTIF', '2020-05-18 20:23:18', '2020-05-18 20:23:18', 1, 1, 1019),
(260, 'AFTER UPDATE', 33, 6, 8, 'NONAKTIF', '2020-05-20 12:18:10', '2020-05-20 12:18:10', 1, 1, 1020),
(261, 'AFTER UPDATE', 40, 6, 9, 'NONAKTIF', '2020-05-20 12:19:09', '2020-05-20 12:19:09', 1, 1, 1021),
(262, 'AFTER UPDATE', 47, 6, 10, 'NONAKTIF', '2020-05-20 12:19:24', '2020-05-20 12:19:24', 1, 1, 1022),
(263, 'AFTER UPDATE', 54, 6, 11, 'NONAKTIF', '2020-05-20 12:19:47', '2020-05-20 12:19:47', 1, 1, 1023),
(264, 'AFTER UPDATE', 61, 6, 12, 'NONAKTIF', '2020-05-20 12:20:08', '2020-05-20 12:20:08', 1, 1, 1024),
(265, 'AFTER UPDATE', 68, 6, 13, 'NONAKTIF', '2020-05-20 12:20:46', '2020-05-20 12:20:46', 1, 1, 1025),
(266, 'AFTER UPDATE', 75, 6, 14, 'NONAKTIF', '2020-05-20 12:21:04', '2020-05-20 12:21:04', 1, 1, 1026),
(267, 'AFTER UPDATE', 82, 6, 15, 'NONAKTIF', '2020-05-20 12:21:56', '2020-05-20 12:21:56', 1, 1, 1027),
(268, 'AFTER UPDATE', 89, 6, 16, 'NONAKTIF', '2020-05-20 12:22:44', '2020-05-20 12:22:44', 1, 1, 1028),
(269, 'AFTER UPDATE', 96, 6, 17, 'NONAKTIF', '2020-05-20 12:23:45', '2020-05-20 12:23:45', 1, 1, 1029),
(270, 'AFTER UPDATE', 102, 6, 18, 'NONAKTIF', '2020-05-22 10:48:43', '2020-05-22 10:48:43', 1, 1, 1030),
(271, 'AFTER UPDATE', 109, 6, 19, 'NONAKTIF', '2020-05-22 10:48:57', '2020-05-22 10:48:57', 1, 1, 1031),
(272, 'AFTER UPDATE', 116, 6, 20, 'NONAKTIF', '2020-05-22 13:32:43', '2020-05-22 13:32:43', 1, 1, 1032),
(273, 'AFTER UPDATE', 1, 6, 1, 'AKTIF', '2020-05-18 13:35:55', '2020-05-18 13:35:55', 1, 1, 1033),
(274, 'AFTER UPDATE', 2, 6, 2, 'AKTIF', '2020-05-18 13:35:55', '2020-05-18 13:35:55', 1, 1, 1034),
(275, 'AFTER UPDATE', 3, 6, 3, 'AKTIF', '2020-05-18 13:35:55', '2020-05-18 13:35:55', 1, 1, 1035),
(276, 'AFTER UPDATE', 4, 6, 4, 'AKTIF', '2020-05-18 13:35:55', '2020-05-18 13:35:55', 1, 1, 1036),
(277, 'AFTER UPDATE', 13, 6, 5, 'AKTIF', '2020-05-18 20:22:36', '2020-05-18 20:22:36', 1, 1, 1037),
(278, 'AFTER UPDATE', 20, 6, 6, 'AKTIF', '2020-05-18 20:22:49', '2020-05-18 20:22:49', 1, 1, 1038),
(279, 'AFTER UPDATE', 27, 6, 7, 'AKTIF', '2020-05-18 20:23:18', '2020-05-18 20:23:18', 1, 1, 1039),
(280, 'AFTER UPDATE', 33, 6, 8, 'AKTIF', '2020-05-20 12:18:10', '2020-05-20 12:18:10', 1, 1, 1040),
(281, 'AFTER UPDATE', 40, 6, 9, 'AKTIF', '2020-05-20 12:19:09', '2020-05-20 12:19:09', 1, 1, 1041),
(282, 'AFTER UPDATE', 47, 6, 10, 'AKTIF', '2020-05-20 12:19:24', '2020-05-20 12:19:24', 1, 1, 1042),
(283, 'AFTER UPDATE', 54, 6, 11, 'AKTIF', '2020-05-20 12:19:47', '2020-05-20 12:19:47', 1, 1, 1043),
(284, 'AFTER UPDATE', 61, 6, 12, 'AKTIF', '2020-05-20 12:20:08', '2020-05-20 12:20:08', 1, 1, 1044),
(285, 'AFTER UPDATE', 68, 6, 13, 'AKTIF', '2020-05-20 12:20:46', '2020-05-20 12:20:46', 1, 1, 1045),
(286, 'AFTER UPDATE', 75, 6, 14, 'AKTIF', '2020-05-20 12:21:04', '2020-05-20 12:21:04', 1, 1, 1046),
(287, 'AFTER UPDATE', 82, 6, 15, 'AKTIF', '2020-05-20 12:21:56', '2020-05-20 12:21:56', 1, 1, 1047),
(288, 'AFTER UPDATE', 89, 6, 16, 'AKTIF', '2020-05-20 12:22:44', '2020-05-20 12:22:44', 1, 1, 1048),
(289, 'AFTER UPDATE', 96, 6, 17, 'AKTIF', '2020-05-20 12:23:45', '2020-05-20 12:23:45', 1, 1, 1049),
(290, 'AFTER UPDATE', 102, 6, 18, 'AKTIF', '2020-05-22 10:48:43', '2020-05-22 10:48:43', 1, 1, 1050),
(291, 'AFTER UPDATE', 109, 6, 19, 'AKTIF', '2020-05-22 10:48:57', '2020-05-22 10:48:57', 1, 1, 1051),
(292, 'AFTER UPDATE', 116, 6, 20, 'AKTIF', '2020-05-22 13:32:43', '2020-05-22 13:32:43', 1, 1, 1052),
(293, 'AFTER UPDATE', 1, 6, 1, 'NONAKTIF', '2020-05-18 13:35:55', '2020-05-18 13:35:55', 1, 1, 1054),
(294, 'AFTER UPDATE', 2, 6, 2, 'NONAKTIF', '2020-05-18 13:35:55', '2020-05-18 13:35:55', 1, 1, 1055),
(295, 'AFTER UPDATE', 3, 6, 3, 'NONAKTIF', '2020-05-18 13:35:55', '2020-05-18 13:35:55', 1, 1, 1056),
(296, 'AFTER UPDATE', 4, 6, 4, 'NONAKTIF', '2020-05-18 13:35:55', '2020-05-18 13:35:55', 1, 1, 1057),
(297, 'AFTER UPDATE', 13, 6, 5, 'NONAKTIF', '2020-05-18 20:22:36', '2020-05-18 20:22:36', 1, 1, 1058),
(298, 'AFTER UPDATE', 20, 6, 6, 'NONAKTIF', '2020-05-18 20:22:49', '2020-05-18 20:22:49', 1, 1, 1059),
(299, 'AFTER UPDATE', 27, 6, 7, 'NONAKTIF', '2020-05-18 20:23:18', '2020-05-18 20:23:18', 1, 1, 1060),
(300, 'AFTER UPDATE', 33, 6, 8, 'NONAKTIF', '2020-05-20 12:18:10', '2020-05-20 12:18:10', 1, 1, 1061),
(301, 'AFTER UPDATE', 40, 6, 9, 'NONAKTIF', '2020-05-20 12:19:09', '2020-05-20 12:19:09', 1, 1, 1062),
(302, 'AFTER UPDATE', 47, 6, 10, 'NONAKTIF', '2020-05-20 12:19:24', '2020-05-20 12:19:24', 1, 1, 1063),
(303, 'AFTER UPDATE', 54, 6, 11, 'NONAKTIF', '2020-05-20 12:19:47', '2020-05-20 12:19:47', 1, 1, 1064),
(304, 'AFTER UPDATE', 61, 6, 12, 'NONAKTIF', '2020-05-20 12:20:08', '2020-05-20 12:20:08', 1, 1, 1065),
(305, 'AFTER UPDATE', 68, 6, 13, 'NONAKTIF', '2020-05-20 12:20:46', '2020-05-20 12:20:46', 1, 1, 1066),
(306, 'AFTER UPDATE', 75, 6, 14, 'NONAKTIF', '2020-05-20 12:21:04', '2020-05-20 12:21:04', 1, 1, 1067),
(307, 'AFTER UPDATE', 82, 6, 15, 'NONAKTIF', '2020-05-20 12:21:56', '2020-05-20 12:21:56', 1, 1, 1068),
(308, 'AFTER UPDATE', 89, 6, 16, 'NONAKTIF', '2020-05-20 12:22:44', '2020-05-20 12:22:44', 1, 1, 1069),
(309, 'AFTER UPDATE', 96, 6, 17, 'NONAKTIF', '2020-05-20 12:23:45', '2020-05-20 12:23:45', 1, 1, 1070),
(310, 'AFTER UPDATE', 102, 6, 18, 'NONAKTIF', '2020-05-22 10:48:43', '2020-05-22 10:48:43', 1, 1, 1071),
(311, 'AFTER UPDATE', 109, 6, 19, 'NONAKTIF', '2020-05-22 10:48:57', '2020-05-22 10:48:57', 1, 1, 1072),
(312, 'AFTER UPDATE', 116, 6, 20, 'NONAKTIF', '2020-05-22 13:32:43', '2020-05-22 13:32:43', 1, 1, 1073),
(313, 'AFTER UPDATE', 1, 6, 1, 'AKTIF', '2020-05-18 13:35:55', '2020-05-18 13:35:55', 1, 1, 1074),
(314, 'AFTER UPDATE', 2, 6, 2, 'AKTIF', '2020-05-18 13:35:55', '2020-05-18 13:35:55', 1, 1, 1075),
(315, 'AFTER UPDATE', 3, 6, 3, 'AKTIF', '2020-05-18 13:35:55', '2020-05-18 13:35:55', 1, 1, 1076),
(316, 'AFTER UPDATE', 4, 6, 4, 'AKTIF', '2020-05-18 13:35:55', '2020-05-18 13:35:55', 1, 1, 1077),
(317, 'AFTER UPDATE', 13, 6, 5, 'AKTIF', '2020-05-18 20:22:36', '2020-05-18 20:22:36', 1, 1, 1078),
(318, 'AFTER UPDATE', 20, 6, 6, 'AKTIF', '2020-05-18 20:22:49', '2020-05-18 20:22:49', 1, 1, 1079),
(319, 'AFTER UPDATE', 27, 6, 7, 'AKTIF', '2020-05-18 20:23:18', '2020-05-18 20:23:18', 1, 1, 1080),
(320, 'AFTER UPDATE', 33, 6, 8, 'AKTIF', '2020-05-20 12:18:10', '2020-05-20 12:18:10', 1, 1, 1081),
(321, 'AFTER UPDATE', 40, 6, 9, 'AKTIF', '2020-05-20 12:19:09', '2020-05-20 12:19:09', 1, 1, 1082),
(322, 'AFTER UPDATE', 47, 6, 10, 'AKTIF', '2020-05-20 12:19:24', '2020-05-20 12:19:24', 1, 1, 1083),
(323, 'AFTER UPDATE', 54, 6, 11, 'AKTIF', '2020-05-20 12:19:47', '2020-05-20 12:19:47', 1, 1, 1084),
(324, 'AFTER UPDATE', 61, 6, 12, 'AKTIF', '2020-05-20 12:20:08', '2020-05-20 12:20:08', 1, 1, 1085),
(325, 'AFTER UPDATE', 68, 6, 13, 'AKTIF', '2020-05-20 12:20:46', '2020-05-20 12:20:46', 1, 1, 1086),
(326, 'AFTER UPDATE', 75, 6, 14, 'AKTIF', '2020-05-20 12:21:04', '2020-05-20 12:21:04', 1, 1, 1087),
(327, 'AFTER UPDATE', 82, 6, 15, 'AKTIF', '2020-05-20 12:21:56', '2020-05-20 12:21:56', 1, 1, 1088),
(328, 'AFTER UPDATE', 89, 6, 16, 'AKTIF', '2020-05-20 12:22:44', '2020-05-20 12:22:44', 1, 1, 1089),
(329, 'AFTER UPDATE', 96, 6, 17, 'AKTIF', '2020-05-20 12:23:45', '2020-05-20 12:23:45', 1, 1, 1090),
(330, 'AFTER UPDATE', 102, 6, 18, 'AKTIF', '2020-05-22 10:48:43', '2020-05-22 10:48:43', 1, 1, 1091),
(331, 'AFTER UPDATE', 109, 6, 19, 'AKTIF', '2020-05-22 10:48:57', '2020-05-22 10:48:57', 1, 1, 1092),
(332, 'AFTER UPDATE', 116, 6, 20, 'AKTIF', '2020-05-22 13:32:43', '2020-05-22 13:32:43', 1, 1, 1093),
(333, 'AFTER INSERT', 117, 7, 1, 'NONAKTIF', '2020-05-26 10:21:13', '2020-05-26 10:21:13', 1, 1, 1177),
(334, 'AFTER INSERT', 118, 7, 2, 'NONAKTIF', '2020-05-26 10:21:13', '2020-05-26 10:21:13', 1, 1, 1178),
(335, 'AFTER INSERT', 119, 7, 3, 'NONAKTIF', '2020-05-26 10:21:13', '2020-05-26 10:21:13', 1, 1, 1179),
(336, 'AFTER INSERT', 120, 7, 4, 'NONAKTIF', '2020-05-26 10:21:13', '2020-05-26 10:21:13', 1, 1, 1180),
(337, 'AFTER INSERT', 121, 7, 5, 'NONAKTIF', '2020-05-26 10:21:13', '2020-05-26 10:21:13', 1, 1, 1181),
(338, 'AFTER INSERT', 122, 7, 6, 'NONAKTIF', '2020-05-26 10:21:13', '2020-05-26 10:21:13', 1, 1, 1182),
(339, 'AFTER INSERT', 123, 7, 7, 'NONAKTIF', '2020-05-26 10:21:13', '2020-05-26 10:21:13', 1, 1, 1183),
(340, 'AFTER INSERT', 124, 7, 8, 'NONAKTIF', '2020-05-26 10:21:13', '2020-05-26 10:21:13', 1, 1, 1184),
(341, 'AFTER INSERT', 125, 7, 9, 'NONAKTIF', '2020-05-26 10:21:13', '2020-05-26 10:21:13', 1, 1, 1185),
(342, 'AFTER INSERT', 126, 7, 10, 'NONAKTIF', '2020-05-26 10:21:13', '2020-05-26 10:21:13', 1, 1, 1186),
(343, 'AFTER INSERT', 127, 7, 11, 'NONAKTIF', '2020-05-26 10:21:13', '2020-05-26 10:21:13', 1, 1, 1187),
(344, 'AFTER INSERT', 128, 7, 12, 'NONAKTIF', '2020-05-26 10:21:13', '2020-05-26 10:21:13', 1, 1, 1188),
(345, 'AFTER INSERT', 129, 7, 13, 'NONAKTIF', '2020-05-26 10:21:13', '2020-05-26 10:21:13', 1, 1, 1189),
(346, 'AFTER INSERT', 130, 7, 14, 'NONAKTIF', '2020-05-26 10:21:13', '2020-05-26 10:21:13', 1, 1, 1190),
(347, 'AFTER INSERT', 131, 7, 15, 'NONAKTIF', '2020-05-26 10:21:13', '2020-05-26 10:21:13', 1, 1, 1191),
(348, 'AFTER INSERT', 132, 7, 16, 'NONAKTIF', '2020-05-26 10:21:13', '2020-05-26 10:21:13', 1, 1, 1192),
(349, 'AFTER INSERT', 133, 7, 17, 'NONAKTIF', '2020-05-26 10:21:13', '2020-05-26 10:21:13', 1, 1, 1193),
(350, 'AFTER INSERT', 134, 7, 18, 'NONAKTIF', '2020-05-26 10:21:13', '2020-05-26 10:21:13', 1, 1, 1194),
(351, 'AFTER INSERT', 135, 7, 19, 'NONAKTIF', '2020-05-26 10:21:13', '2020-05-26 10:21:13', 1, 1, 1195),
(352, 'AFTER INSERT', 136, 7, 20, 'NONAKTIF', '2020-05-26 10:21:13', '2020-05-26 10:21:13', 1, 1, 1196),
(353, 'AFTER UPDATE', 117, 7, 1, 'NONAKTIF', '2020-05-26 10:21:13', '2020-05-26 10:21:13', 1, 1, 1198),
(354, 'AFTER UPDATE', 118, 7, 2, 'NONAKTIF', '2020-05-26 10:21:13', '2020-05-26 10:21:13', 1, 1, 1199),
(355, 'AFTER UPDATE', 119, 7, 3, 'NONAKTIF', '2020-05-26 10:21:13', '2020-05-26 10:21:13', 1, 1, 1200),
(356, 'AFTER UPDATE', 120, 7, 4, 'NONAKTIF', '2020-05-26 10:21:13', '2020-05-26 10:21:13', 1, 1, 1201),
(357, 'AFTER UPDATE', 121, 7, 5, 'NONAKTIF', '2020-05-26 10:21:13', '2020-05-26 10:21:13', 1, 1, 1202),
(358, 'AFTER UPDATE', 122, 7, 6, 'NONAKTIF', '2020-05-26 10:21:13', '2020-05-26 10:21:13', 1, 1, 1203),
(359, 'AFTER UPDATE', 123, 7, 7, 'NONAKTIF', '2020-05-26 10:21:13', '2020-05-26 10:21:13', 1, 1, 1204),
(360, 'AFTER UPDATE', 124, 7, 8, 'NONAKTIF', '2020-05-26 10:21:13', '2020-05-26 10:21:13', 1, 1, 1205),
(361, 'AFTER UPDATE', 125, 7, 9, 'NONAKTIF', '2020-05-26 10:21:13', '2020-05-26 10:21:13', 1, 1, 1206),
(362, 'AFTER UPDATE', 126, 7, 10, 'NONAKTIF', '2020-05-26 10:21:13', '2020-05-26 10:21:13', 1, 1, 1207),
(363, 'AFTER UPDATE', 127, 7, 11, 'NONAKTIF', '2020-05-26 10:21:13', '2020-05-26 10:21:13', 1, 1, 1208),
(364, 'AFTER UPDATE', 128, 7, 12, 'NONAKTIF', '2020-05-26 10:21:13', '2020-05-26 10:21:13', 1, 1, 1209),
(365, 'AFTER UPDATE', 129, 7, 13, 'NONAKTIF', '2020-05-26 10:21:13', '2020-05-26 10:21:13', 1, 1, 1210),
(366, 'AFTER UPDATE', 130, 7, 14, 'NONAKTIF', '2020-05-26 10:21:13', '2020-05-26 10:21:13', 1, 1, 1211),
(367, 'AFTER UPDATE', 131, 7, 15, 'NONAKTIF', '2020-05-26 10:21:13', '2020-05-26 10:21:13', 1, 1, 1212),
(368, 'AFTER UPDATE', 132, 7, 16, 'NONAKTIF', '2020-05-26 10:21:13', '2020-05-26 10:21:13', 1, 1, 1213),
(369, 'AFTER UPDATE', 133, 7, 17, 'NONAKTIF', '2020-05-26 10:21:13', '2020-05-26 10:21:13', 1, 1, 1214),
(370, 'AFTER UPDATE', 134, 7, 18, 'NONAKTIF', '2020-05-26 10:21:13', '2020-05-26 10:21:13', 1, 1, 1215),
(371, 'AFTER UPDATE', 135, 7, 19, 'NONAKTIF', '2020-05-26 10:21:13', '2020-05-26 10:21:13', 1, 1, 1216),
(372, 'AFTER UPDATE', 136, 7, 20, 'NONAKTIF', '2020-05-26 10:21:13', '2020-05-26 10:21:13', 1, 1, 1217),
(373, 'AFTER UPDATE', 117, 7, 1, 'AKTIF', '2020-05-26 10:21:13', '2020-05-26 10:21:13', 1, 1, 1218),
(374, 'AFTER UPDATE', 118, 7, 2, 'AKTIF', '2020-05-26 10:21:13', '2020-05-26 10:21:13', 1, 1, 1219),
(375, 'AFTER UPDATE', 119, 7, 3, 'AKTIF', '2020-05-26 10:21:13', '2020-05-26 10:21:13', 1, 1, 1220),
(376, 'AFTER UPDATE', 120, 7, 4, 'AKTIF', '2020-05-26 10:21:13', '2020-05-26 10:21:13', 1, 1, 1221),
(377, 'AFTER UPDATE', 121, 7, 5, 'AKTIF', '2020-05-26 10:21:13', '2020-05-26 10:21:13', 1, 1, 1222),
(378, 'AFTER UPDATE', 122, 7, 6, 'AKTIF', '2020-05-26 10:21:13', '2020-05-26 10:21:13', 1, 1, 1223),
(379, 'AFTER UPDATE', 126, 7, 10, 'AKTIF', '2020-05-26 10:21:13', '2020-05-26 10:21:13', 1, 1, 1224),
(380, 'AFTER UPDATE', 128, 7, 12, 'AKTIF', '2020-05-26 10:21:13', '2020-05-26 10:21:13', 1, 1, 1225),
(381, 'AFTER UPDATE', 131, 7, 15, 'AKTIF', '2020-05-26 10:21:13', '2020-05-26 10:21:13', 1, 1, 1226),
(382, 'AFTER UPDATE', 134, 7, 18, 'AKTIF', '2020-05-26 10:21:13', '2020-05-26 10:21:13', 1, 1, 1227),
(383, 'AFTER UPDATE', 136, 7, 20, 'AKTIF', '2020-05-26 10:21:13', '2020-05-26 10:21:13', 1, 1, 1228),
(384, 'AFTER UPDATE', 117, 7, 1, 'NONAKTIF', '2020-05-26 10:21:13', '2020-05-26 10:21:13', 1, 1, 1230),
(385, 'AFTER UPDATE', 118, 7, 2, 'NONAKTIF', '2020-05-26 10:21:13', '2020-05-26 10:21:13', 1, 1, 1231),
(386, 'AFTER UPDATE', 119, 7, 3, 'NONAKTIF', '2020-05-26 10:21:13', '2020-05-26 10:21:13', 1, 1, 1232),
(387, 'AFTER UPDATE', 120, 7, 4, 'NONAKTIF', '2020-05-26 10:21:13', '2020-05-26 10:21:13', 1, 1, 1233),
(388, 'AFTER UPDATE', 121, 7, 5, 'NONAKTIF', '2020-05-26 10:21:13', '2020-05-26 10:21:13', 1, 1, 1234),
(389, 'AFTER UPDATE', 122, 7, 6, 'NONAKTIF', '2020-05-26 10:21:13', '2020-05-26 10:21:13', 1, 1, 1235),
(390, 'AFTER UPDATE', 123, 7, 7, 'NONAKTIF', '2020-05-26 10:21:13', '2020-05-26 10:21:13', 1, 1, 1236),
(391, 'AFTER UPDATE', 124, 7, 8, 'NONAKTIF', '2020-05-26 10:21:13', '2020-05-26 10:21:13', 1, 1, 1237),
(392, 'AFTER UPDATE', 125, 7, 9, 'NONAKTIF', '2020-05-26 10:21:13', '2020-05-26 10:21:13', 1, 1, 1238),
(393, 'AFTER UPDATE', 126, 7, 10, 'NONAKTIF', '2020-05-26 10:21:13', '2020-05-26 10:21:13', 1, 1, 1239),
(394, 'AFTER UPDATE', 127, 7, 11, 'NONAKTIF', '2020-05-26 10:21:13', '2020-05-26 10:21:13', 1, 1, 1240),
(395, 'AFTER UPDATE', 128, 7, 12, 'NONAKTIF', '2020-05-26 10:21:13', '2020-05-26 10:21:13', 1, 1, 1241),
(396, 'AFTER UPDATE', 129, 7, 13, 'NONAKTIF', '2020-05-26 10:21:13', '2020-05-26 10:21:13', 1, 1, 1242),
(397, 'AFTER UPDATE', 130, 7, 14, 'NONAKTIF', '2020-05-26 10:21:13', '2020-05-26 10:21:13', 1, 1, 1243),
(398, 'AFTER UPDATE', 131, 7, 15, 'NONAKTIF', '2020-05-26 10:21:13', '2020-05-26 10:21:13', 1, 1, 1244),
(399, 'AFTER UPDATE', 132, 7, 16, 'NONAKTIF', '2020-05-26 10:21:13', '2020-05-26 10:21:13', 1, 1, 1245),
(400, 'AFTER UPDATE', 133, 7, 17, 'NONAKTIF', '2020-05-26 10:21:13', '2020-05-26 10:21:13', 1, 1, 1246),
(401, 'AFTER UPDATE', 134, 7, 18, 'NONAKTIF', '2020-05-26 10:21:13', '2020-05-26 10:21:13', 1, 1, 1247),
(402, 'AFTER UPDATE', 135, 7, 19, 'NONAKTIF', '2020-05-26 10:21:13', '2020-05-26 10:21:13', 1, 1, 1248),
(403, 'AFTER UPDATE', 136, 7, 20, 'NONAKTIF', '2020-05-26 10:21:13', '2020-05-26 10:21:13', 1, 1, 1249),
(404, 'AFTER UPDATE', 117, 7, 1, 'AKTIF', '2020-05-26 10:21:13', '2020-05-26 10:21:13', 1, 1, 1250),
(405, 'AFTER UPDATE', 118, 7, 2, 'AKTIF', '2020-05-26 10:21:13', '2020-05-26 10:21:13', 1, 1, 1251),
(406, 'AFTER UPDATE', 119, 7, 3, 'AKTIF', '2020-05-26 10:21:13', '2020-05-26 10:21:13', 1, 1, 1252),
(407, 'AFTER UPDATE', 120, 7, 4, 'AKTIF', '2020-05-26 10:21:13', '2020-05-26 10:21:13', 1, 1, 1253),
(408, 'AFTER UPDATE', 121, 7, 5, 'AKTIF', '2020-05-26 10:21:13', '2020-05-26 10:21:13', 1, 1, 1254),
(409, 'AFTER UPDATE', 122, 7, 6, 'AKTIF', '2020-05-26 10:21:13', '2020-05-26 10:21:13', 1, 1, 1255),
(410, 'AFTER UPDATE', 125, 7, 9, 'AKTIF', '2020-05-26 10:21:13', '2020-05-26 10:21:13', 1, 1, 1256),
(411, 'AFTER UPDATE', 126, 7, 10, 'AKTIF', '2020-05-26 10:21:13', '2020-05-26 10:21:13', 1, 1, 1257),
(412, 'AFTER UPDATE', 128, 7, 12, 'AKTIF', '2020-05-26 10:21:13', '2020-05-26 10:21:13', 1, 1, 1258),
(413, 'AFTER UPDATE', 131, 7, 15, 'AKTIF', '2020-05-26 10:21:13', '2020-05-26 10:21:13', 1, 1, 1259),
(414, 'AFTER UPDATE', 134, 7, 18, 'AKTIF', '2020-05-26 10:21:13', '2020-05-26 10:21:13', 1, 1, 1260),
(415, 'AFTER UPDATE', 136, 7, 20, 'AKTIF', '2020-05-26 10:21:13', '2020-05-26 10:21:13', 1, 1, 1261),
(416, 'AFTER INSERT', 137, 1, 21, 'NONAKTIF', '2020-05-26 18:21:35', '2020-05-26 18:21:35', 1, 1, 1319),
(417, 'AFTER INSERT', 138, 2, 21, 'NONAKTIF', '2020-05-26 18:21:35', '2020-05-26 18:21:35', 1, 1, 1320),
(418, 'AFTER INSERT', 139, 3, 21, 'NONAKTIF', '2020-05-26 18:21:35', '2020-05-26 18:21:35', 1, 1, 1321),
(419, 'AFTER INSERT', 140, 4, 21, 'NONAKTIF', '2020-05-26 18:21:35', '2020-05-26 18:21:35', 1, 1, 1322),
(420, 'AFTER INSERT', 141, 5, 21, 'NONAKTIF', '2020-05-26 18:21:35', '2020-05-26 18:21:35', 1, 1, 1323),
(421, 'AFTER INSERT', 142, 6, 21, 'NONAKTIF', '2020-05-26 18:21:35', '2020-05-26 18:21:35', 1, 1, 1324),
(422, 'AFTER INSERT', 143, 7, 21, 'NONAKTIF', '2020-05-26 18:21:35', '2020-05-26 18:21:35', 1, 1, 1325),
(423, 'AFTER INSERT', 144, 1, 22, 'NONAKTIF', '2020-05-26 18:22:12', '2020-05-26 18:22:12', 1, 1, 1327),
(424, 'AFTER INSERT', 145, 2, 22, 'NONAKTIF', '2020-05-26 18:22:12', '2020-05-26 18:22:12', 1, 1, 1328),
(425, 'AFTER INSERT', 146, 3, 22, 'NONAKTIF', '2020-05-26 18:22:12', '2020-05-26 18:22:12', 1, 1, 1329),
(426, 'AFTER INSERT', 147, 4, 22, 'NONAKTIF', '2020-05-26 18:22:12', '2020-05-26 18:22:12', 1, 1, 1330),
(427, 'AFTER INSERT', 148, 5, 22, 'NONAKTIF', '2020-05-26 18:22:12', '2020-05-26 18:22:12', 1, 1, 1331),
(428, 'AFTER INSERT', 149, 6, 22, 'NONAKTIF', '2020-05-26 18:22:12', '2020-05-26 18:22:12', 1, 1, 1332),
(429, 'AFTER INSERT', 150, 7, 22, 'NONAKTIF', '2020-05-26 18:22:12', '2020-05-26 18:22:12', 1, 1, 1333),
(430, 'AFTER INSERT', 151, 1, 23, 'NONAKTIF', '2020-05-26 18:22:24', '2020-05-26 18:22:24', 1, 1, 1335),
(431, 'AFTER INSERT', 152, 2, 23, 'NONAKTIF', '2020-05-26 18:22:24', '2020-05-26 18:22:24', 1, 1, 1336),
(432, 'AFTER INSERT', 153, 3, 23, 'NONAKTIF', '2020-05-26 18:22:24', '2020-05-26 18:22:24', 1, 1, 1337),
(433, 'AFTER INSERT', 154, 4, 23, 'NONAKTIF', '2020-05-26 18:22:24', '2020-05-26 18:22:24', 1, 1, 1338),
(434, 'AFTER INSERT', 155, 5, 23, 'NONAKTIF', '2020-05-26 18:22:24', '2020-05-26 18:22:24', 1, 1, 1339),
(435, 'AFTER INSERT', 156, 6, 23, 'NONAKTIF', '2020-05-26 18:22:24', '2020-05-26 18:22:24', 1, 1, 1340),
(436, 'AFTER INSERT', 157, 7, 23, 'NONAKTIF', '2020-05-26 18:22:24', '2020-05-26 18:22:24', 1, 1, 1341),
(437, 'AFTER UPDATE', 1, 6, 1, 'NONAKTIF', '2020-05-18 13:35:55', '2020-05-18 13:35:55', 1, 1, 1343),
(438, 'AFTER UPDATE', 2, 6, 2, 'NONAKTIF', '2020-05-18 13:35:55', '2020-05-18 13:35:55', 1, 1, 1344),
(439, 'AFTER UPDATE', 3, 6, 3, 'NONAKTIF', '2020-05-18 13:35:55', '2020-05-18 13:35:55', 1, 1, 1345),
(440, 'AFTER UPDATE', 4, 6, 4, 'NONAKTIF', '2020-05-18 13:35:55', '2020-05-18 13:35:55', 1, 1, 1346),
(441, 'AFTER UPDATE', 13, 6, 5, 'NONAKTIF', '2020-05-18 20:22:36', '2020-05-18 20:22:36', 1, 1, 1347),
(442, 'AFTER UPDATE', 20, 6, 6, 'NONAKTIF', '2020-05-18 20:22:49', '2020-05-18 20:22:49', 1, 1, 1348),
(443, 'AFTER UPDATE', 27, 6, 7, 'NONAKTIF', '2020-05-18 20:23:18', '2020-05-18 20:23:18', 1, 1, 1349),
(444, 'AFTER UPDATE', 33, 6, 8, 'NONAKTIF', '2020-05-20 12:18:10', '2020-05-20 12:18:10', 1, 1, 1350),
(445, 'AFTER UPDATE', 40, 6, 9, 'NONAKTIF', '2020-05-20 12:19:09', '2020-05-20 12:19:09', 1, 1, 1351),
(446, 'AFTER UPDATE', 47, 6, 10, 'NONAKTIF', '2020-05-20 12:19:24', '2020-05-20 12:19:24', 1, 1, 1352),
(447, 'AFTER UPDATE', 54, 6, 11, 'NONAKTIF', '2020-05-20 12:19:47', '2020-05-20 12:19:47', 1, 1, 1353),
(448, 'AFTER UPDATE', 61, 6, 12, 'NONAKTIF', '2020-05-20 12:20:08', '2020-05-20 12:20:08', 1, 1, 1354),
(449, 'AFTER UPDATE', 68, 6, 13, 'NONAKTIF', '2020-05-20 12:20:46', '2020-05-20 12:20:46', 1, 1, 1355),
(450, 'AFTER UPDATE', 75, 6, 14, 'NONAKTIF', '2020-05-20 12:21:04', '2020-05-20 12:21:04', 1, 1, 1356),
(451, 'AFTER UPDATE', 82, 6, 15, 'NONAKTIF', '2020-05-20 12:21:56', '2020-05-20 12:21:56', 1, 1, 1357),
(452, 'AFTER UPDATE', 89, 6, 16, 'NONAKTIF', '2020-05-20 12:22:44', '2020-05-20 12:22:44', 1, 1, 1358),
(453, 'AFTER UPDATE', 96, 6, 17, 'NONAKTIF', '2020-05-20 12:23:45', '2020-05-20 12:23:45', 1, 1, 1359),
(454, 'AFTER UPDATE', 102, 6, 18, 'NONAKTIF', '2020-05-22 10:48:43', '2020-05-22 10:48:43', 1, 1, 1360),
(455, 'AFTER UPDATE', 109, 6, 19, 'NONAKTIF', '2020-05-22 10:48:57', '2020-05-22 10:48:57', 1, 1, 1361),
(456, 'AFTER UPDATE', 116, 6, 20, 'NONAKTIF', '2020-05-22 13:32:43', '2020-05-22 13:32:43', 1, 1, 1362),
(457, 'AFTER UPDATE', 142, 6, 21, 'NONAKTIF', '2020-05-26 18:21:35', '2020-05-26 18:21:35', 1, 1, 1363),
(458, 'AFTER UPDATE', 149, 6, 22, 'NONAKTIF', '2020-05-26 18:22:12', '2020-05-26 18:22:12', 1, 1, 1364),
(459, 'AFTER UPDATE', 156, 6, 23, 'NONAKTIF', '2020-05-26 18:22:24', '2020-05-26 18:22:24', 1, 1, 1365),
(460, 'AFTER UPDATE', 1, 6, 1, 'AKTIF', '2020-05-18 13:35:55', '2020-05-18 13:35:55', 1, 1, 1366),
(461, 'AFTER UPDATE', 2, 6, 2, 'AKTIF', '2020-05-18 13:35:55', '2020-05-18 13:35:55', 1, 1, 1367),
(462, 'AFTER UPDATE', 3, 6, 3, 'AKTIF', '2020-05-18 13:35:55', '2020-05-18 13:35:55', 1, 1, 1368),
(463, 'AFTER UPDATE', 4, 6, 4, 'AKTIF', '2020-05-18 13:35:55', '2020-05-18 13:35:55', 1, 1, 1369),
(464, 'AFTER UPDATE', 13, 6, 5, 'AKTIF', '2020-05-18 20:22:36', '2020-05-18 20:22:36', 1, 1, 1370),
(465, 'AFTER UPDATE', 20, 6, 6, 'AKTIF', '2020-05-18 20:22:49', '2020-05-18 20:22:49', 1, 1, 1371),
(466, 'AFTER UPDATE', 27, 6, 7, 'AKTIF', '2020-05-18 20:23:18', '2020-05-18 20:23:18', 1, 1, 1372),
(467, 'AFTER UPDATE', 33, 6, 8, 'AKTIF', '2020-05-20 12:18:10', '2020-05-20 12:18:10', 1, 1, 1373),
(468, 'AFTER UPDATE', 40, 6, 9, 'AKTIF', '2020-05-20 12:19:09', '2020-05-20 12:19:09', 1, 1, 1374),
(469, 'AFTER UPDATE', 47, 6, 10, 'AKTIF', '2020-05-20 12:19:24', '2020-05-20 12:19:24', 1, 1, 1375),
(470, 'AFTER UPDATE', 54, 6, 11, 'AKTIF', '2020-05-20 12:19:47', '2020-05-20 12:19:47', 1, 1, 1376),
(471, 'AFTER UPDATE', 61, 6, 12, 'AKTIF', '2020-05-20 12:20:08', '2020-05-20 12:20:08', 1, 1, 1377),
(472, 'AFTER UPDATE', 68, 6, 13, 'AKTIF', '2020-05-20 12:20:46', '2020-05-20 12:20:46', 1, 1, 1378),
(473, 'AFTER UPDATE', 75, 6, 14, 'AKTIF', '2020-05-20 12:21:04', '2020-05-20 12:21:04', 1, 1, 1379),
(474, 'AFTER UPDATE', 82, 6, 15, 'AKTIF', '2020-05-20 12:21:56', '2020-05-20 12:21:56', 1, 1, 1380),
(475, 'AFTER UPDATE', 89, 6, 16, 'AKTIF', '2020-05-20 12:22:44', '2020-05-20 12:22:44', 1, 1, 1381),
(476, 'AFTER UPDATE', 96, 6, 17, 'AKTIF', '2020-05-20 12:23:45', '2020-05-20 12:23:45', 1, 1, 1382),
(477, 'AFTER UPDATE', 102, 6, 18, 'AKTIF', '2020-05-22 10:48:43', '2020-05-22 10:48:43', 1, 1, 1383),
(478, 'AFTER UPDATE', 109, 6, 19, 'AKTIF', '2020-05-22 10:48:57', '2020-05-22 10:48:57', 1, 1, 1384),
(479, 'AFTER UPDATE', 116, 6, 20, 'AKTIF', '2020-05-22 13:32:43', '2020-05-22 13:32:43', 1, 1, 1385),
(480, 'AFTER UPDATE', 142, 6, 21, 'AKTIF', '2020-05-26 18:21:35', '2020-05-26 18:21:35', 1, 1, 1386),
(481, 'AFTER UPDATE', 149, 6, 22, 'AKTIF', '2020-05-26 18:22:12', '2020-05-26 18:22:12', 1, 1, 1387),
(482, 'AFTER UPDATE', 156, 6, 23, 'AKTIF', '2020-05-26 18:22:24', '2020-05-26 18:22:24', 1, 1, 1388),
(483, 'AFTER INSERT', 158, 1, 24, 'NONAKTIF', '2020-05-26 07:43:11', '2020-05-26 07:43:11', 1, 1, 1423),
(484, 'AFTER INSERT', 159, 2, 24, 'NONAKTIF', '2020-05-26 07:43:11', '2020-05-26 07:43:11', 1, 1, 1424),
(485, 'AFTER INSERT', 160, 3, 24, 'NONAKTIF', '2020-05-26 07:43:11', '2020-05-26 07:43:11', 1, 1, 1425),
(486, 'AFTER INSERT', 161, 4, 24, 'NONAKTIF', '2020-05-26 07:43:11', '2020-05-26 07:43:11', 1, 1, 1426),
(487, 'AFTER INSERT', 162, 5, 24, 'NONAKTIF', '2020-05-26 07:43:11', '2020-05-26 07:43:11', 1, 1, 1427),
(488, 'AFTER INSERT', 163, 6, 24, 'NONAKTIF', '2020-05-26 07:43:11', '2020-05-26 07:43:11', 1, 1, 1428),
(489, 'AFTER INSERT', 164, 7, 24, 'NONAKTIF', '2020-05-26 07:43:11', '2020-05-26 07:43:11', 1, 1, 1429),
(490, 'AFTER UPDATE', 1, 6, 1, 'nonaktif', '2020-05-18 13:35:55', '2020-05-18 13:35:55', 1, 1, 1431),
(491, 'AFTER UPDATE', 2, 6, 2, 'nonaktif', '2020-05-18 13:35:55', '2020-05-18 13:35:55', 1, 1, 1432),
(492, 'AFTER UPDATE', 3, 6, 3, 'nonaktif', '2020-05-18 13:35:55', '2020-05-18 13:35:55', 1, 1, 1433),
(493, 'AFTER UPDATE', 4, 6, 4, 'nonaktif', '2020-05-18 13:35:55', '2020-05-18 13:35:55', 1, 1, 1434),
(494, 'AFTER UPDATE', 13, 6, 5, 'nonaktif', '2020-05-18 20:22:36', '2020-05-18 20:22:36', 1, 1, 1435),
(495, 'AFTER UPDATE', 20, 6, 6, 'nonaktif', '2020-05-18 20:22:49', '2020-05-18 20:22:49', 1, 1, 1436),
(496, 'AFTER UPDATE', 27, 6, 7, 'nonaktif', '2020-05-18 20:23:18', '2020-05-18 20:23:18', 1, 1, 1437);
INSERT INTO `tbl_hak_akses_log` (`ID_PK_HAK_AKSES_LOG`, `EXECUTED_FUNCTION`, `ID_PK_HAK_AKSES`, `ID_FK_JABATAN`, `ID_FK_MENU`, `HAK_AKSES_STATUS`, `HAK_AKSES_CREATE_DATE`, `HAK_AKSES_LAST_MODIFIED`, `ID_CREATE_DATA`, `ID_LAST_MODIFIED`, `ID_LOG_ALL`) VALUES
(497, 'AFTER UPDATE', 33, 6, 8, 'nonaktif', '2020-05-20 12:18:10', '2020-05-20 12:18:10', 1, 1, 1438),
(498, 'AFTER UPDATE', 40, 6, 9, 'nonaktif', '2020-05-20 12:19:09', '2020-05-20 12:19:09', 1, 1, 1439),
(499, 'AFTER UPDATE', 47, 6, 10, 'nonaktif', '2020-05-20 12:19:24', '2020-05-20 12:19:24', 1, 1, 1440),
(500, 'AFTER UPDATE', 54, 6, 11, 'nonaktif', '2020-05-20 12:19:47', '2020-05-20 12:19:47', 1, 1, 1441),
(501, 'AFTER UPDATE', 61, 6, 12, 'nonaktif', '2020-05-20 12:20:08', '2020-05-20 12:20:08', 1, 1, 1442),
(502, 'AFTER UPDATE', 68, 6, 13, 'nonaktif', '2020-05-20 12:20:46', '2020-05-20 12:20:46', 1, 1, 1443),
(503, 'AFTER UPDATE', 75, 6, 14, 'nonaktif', '2020-05-20 12:21:04', '2020-05-20 12:21:04', 1, 1, 1444),
(504, 'AFTER UPDATE', 82, 6, 15, 'nonaktif', '2020-05-20 12:21:56', '2020-05-20 12:21:56', 1, 1, 1445),
(505, 'AFTER UPDATE', 89, 6, 16, 'nonaktif', '2020-05-20 12:22:44', '2020-05-20 12:22:44', 1, 1, 1446),
(506, 'AFTER UPDATE', 96, 6, 17, 'nonaktif', '2020-05-20 12:23:45', '2020-05-20 12:23:45', 1, 1, 1447),
(507, 'AFTER UPDATE', 102, 6, 18, 'nonaktif', '2020-05-22 10:48:43', '2020-05-22 10:48:43', 1, 1, 1448),
(508, 'AFTER UPDATE', 109, 6, 19, 'nonaktif', '2020-05-22 10:48:57', '2020-05-22 10:48:57', 1, 1, 1449),
(509, 'AFTER UPDATE', 116, 6, 20, 'nonaktif', '2020-05-22 13:32:43', '2020-05-22 13:32:43', 1, 1, 1450),
(510, 'AFTER UPDATE', 142, 6, 21, 'nonaktif', '2020-05-26 18:21:35', '2020-05-26 18:21:35', 1, 1, 1451),
(511, 'AFTER UPDATE', 149, 6, 22, 'nonaktif', '2020-05-26 18:22:12', '2020-05-26 18:22:12', 1, 1, 1452),
(512, 'AFTER UPDATE', 156, 6, 23, 'nonaktif', '2020-05-26 18:22:24', '2020-05-26 18:22:24', 1, 1, 1453),
(513, 'AFTER UPDATE', 163, 6, 24, 'nonaktif', '2020-05-26 07:43:11', '2020-05-26 07:43:11', 1, 1, 1454),
(514, 'AFTER UPDATE', 1, 6, 1, 'aktif', '2020-05-18 13:35:55', '2020-05-18 13:35:55', 1, 1, 1455),
(515, 'AFTER UPDATE', 2, 6, 2, 'aktif', '2020-05-18 13:35:55', '2020-05-18 13:35:55', 1, 1, 1456),
(516, 'AFTER UPDATE', 3, 6, 3, 'aktif', '2020-05-18 13:35:55', '2020-05-18 13:35:55', 1, 1, 1457),
(517, 'AFTER UPDATE', 4, 6, 4, 'aktif', '2020-05-18 13:35:55', '2020-05-18 13:35:55', 1, 1, 1458),
(518, 'AFTER UPDATE', 13, 6, 5, 'aktif', '2020-05-18 20:22:36', '2020-05-18 20:22:36', 1, 1, 1459),
(519, 'AFTER UPDATE', 20, 6, 6, 'aktif', '2020-05-18 20:22:49', '2020-05-18 20:22:49', 1, 1, 1460),
(520, 'AFTER UPDATE', 27, 6, 7, 'aktif', '2020-05-18 20:23:18', '2020-05-18 20:23:18', 1, 1, 1461),
(521, 'AFTER UPDATE', 33, 6, 8, 'aktif', '2020-05-20 12:18:10', '2020-05-20 12:18:10', 1, 1, 1462),
(522, 'AFTER UPDATE', 40, 6, 9, 'aktif', '2020-05-20 12:19:09', '2020-05-20 12:19:09', 1, 1, 1463),
(523, 'AFTER UPDATE', 47, 6, 10, 'aktif', '2020-05-20 12:19:24', '2020-05-20 12:19:24', 1, 1, 1464),
(524, 'AFTER UPDATE', 54, 6, 11, 'aktif', '2020-05-20 12:19:47', '2020-05-20 12:19:47', 1, 1, 1465),
(525, 'AFTER UPDATE', 61, 6, 12, 'aktif', '2020-05-20 12:20:08', '2020-05-20 12:20:08', 1, 1, 1466),
(526, 'AFTER UPDATE', 68, 6, 13, 'aktif', '2020-05-20 12:20:46', '2020-05-20 12:20:46', 1, 1, 1467),
(527, 'AFTER UPDATE', 75, 6, 14, 'aktif', '2020-05-20 12:21:04', '2020-05-20 12:21:04', 1, 1, 1468),
(528, 'AFTER UPDATE', 82, 6, 15, 'aktif', '2020-05-20 12:21:56', '2020-05-20 12:21:56', 1, 1, 1469),
(529, 'AFTER UPDATE', 89, 6, 16, 'aktif', '2020-05-20 12:22:44', '2020-05-20 12:22:44', 1, 1, 1470),
(530, 'AFTER UPDATE', 96, 6, 17, 'aktif', '2020-05-20 12:23:45', '2020-05-20 12:23:45', 1, 1, 1471),
(531, 'AFTER UPDATE', 102, 6, 18, 'aktif', '2020-05-22 10:48:43', '2020-05-22 10:48:43', 1, 1, 1472),
(532, 'AFTER UPDATE', 109, 6, 19, 'aktif', '2020-05-22 10:48:57', '2020-05-22 10:48:57', 1, 1, 1473),
(533, 'AFTER UPDATE', 116, 6, 20, 'aktif', '2020-05-22 13:32:43', '2020-05-22 13:32:43', 1, 1, 1474),
(534, 'AFTER UPDATE', 142, 6, 21, 'aktif', '2020-05-26 18:21:35', '2020-05-26 18:21:35', 1, 1, 1475),
(535, 'AFTER UPDATE', 149, 6, 22, 'aktif', '2020-05-26 18:22:12', '2020-05-26 18:22:12', 1, 1, 1476),
(536, 'AFTER UPDATE', 156, 6, 23, 'aktif', '2020-05-26 18:22:24', '2020-05-26 18:22:24', 1, 1, 1477),
(537, 'AFTER UPDATE', 163, 6, 24, 'aktif', '2020-05-26 07:43:11', '2020-05-26 07:43:11', 1, 1, 1478),
(538, 'AFTER INSERT', 165, 8, 1, 'NONAKTIF', '2020-05-26 07:47:49', '2020-05-26 07:47:49', 1, 1, 1483),
(539, 'AFTER INSERT', 166, 8, 2, 'NONAKTIF', '2020-05-26 07:47:49', '2020-05-26 07:47:49', 1, 1, 1484),
(540, 'AFTER INSERT', 167, 8, 3, 'NONAKTIF', '2020-05-26 07:47:49', '2020-05-26 07:47:49', 1, 1, 1485),
(541, 'AFTER INSERT', 168, 8, 4, 'NONAKTIF', '2020-05-26 07:47:49', '2020-05-26 07:47:49', 1, 1, 1486),
(542, 'AFTER INSERT', 169, 8, 5, 'NONAKTIF', '2020-05-26 07:47:49', '2020-05-26 07:47:49', 1, 1, 1487),
(543, 'AFTER INSERT', 170, 8, 6, 'NONAKTIF', '2020-05-26 07:47:49', '2020-05-26 07:47:49', 1, 1, 1488),
(544, 'AFTER INSERT', 171, 8, 7, 'NONAKTIF', '2020-05-26 07:47:49', '2020-05-26 07:47:49', 1, 1, 1489),
(545, 'AFTER INSERT', 172, 8, 8, 'NONAKTIF', '2020-05-26 07:47:49', '2020-05-26 07:47:49', 1, 1, 1490),
(546, 'AFTER INSERT', 173, 8, 9, 'NONAKTIF', '2020-05-26 07:47:49', '2020-05-26 07:47:49', 1, 1, 1491),
(547, 'AFTER INSERT', 174, 8, 10, 'NONAKTIF', '2020-05-26 07:47:49', '2020-05-26 07:47:49', 1, 1, 1492),
(548, 'AFTER INSERT', 175, 8, 11, 'NONAKTIF', '2020-05-26 07:47:49', '2020-05-26 07:47:49', 1, 1, 1493),
(549, 'AFTER INSERT', 176, 8, 12, 'NONAKTIF', '2020-05-26 07:47:49', '2020-05-26 07:47:49', 1, 1, 1494),
(550, 'AFTER INSERT', 177, 8, 13, 'NONAKTIF', '2020-05-26 07:47:49', '2020-05-26 07:47:49', 1, 1, 1495),
(551, 'AFTER INSERT', 178, 8, 14, 'NONAKTIF', '2020-05-26 07:47:49', '2020-05-26 07:47:49', 1, 1, 1496),
(552, 'AFTER INSERT', 179, 8, 15, 'NONAKTIF', '2020-05-26 07:47:49', '2020-05-26 07:47:49', 1, 1, 1497),
(553, 'AFTER INSERT', 180, 8, 16, 'NONAKTIF', '2020-05-26 07:47:49', '2020-05-26 07:47:49', 1, 1, 1498),
(554, 'AFTER INSERT', 181, 8, 17, 'NONAKTIF', '2020-05-26 07:47:49', '2020-05-26 07:47:49', 1, 1, 1499),
(555, 'AFTER INSERT', 182, 8, 18, 'NONAKTIF', '2020-05-26 07:47:49', '2020-05-26 07:47:49', 1, 1, 1500),
(556, 'AFTER INSERT', 183, 8, 19, 'NONAKTIF', '2020-05-26 07:47:49', '2020-05-26 07:47:49', 1, 1, 1501),
(557, 'AFTER INSERT', 184, 8, 20, 'NONAKTIF', '2020-05-26 07:47:49', '2020-05-26 07:47:49', 1, 1, 1502),
(558, 'AFTER INSERT', 185, 8, 21, 'NONAKTIF', '2020-05-26 07:47:49', '2020-05-26 07:47:49', 1, 1, 1503),
(559, 'AFTER INSERT', 186, 8, 22, 'NONAKTIF', '2020-05-26 07:47:49', '2020-05-26 07:47:49', 1, 1, 1504),
(560, 'AFTER INSERT', 187, 8, 23, 'NONAKTIF', '2020-05-26 07:47:49', '2020-05-26 07:47:49', 1, 1, 1505),
(561, 'AFTER INSERT', 188, 8, 24, 'NONAKTIF', '2020-05-26 07:47:49', '2020-05-26 07:47:49', 1, 1, 1506),
(562, 'AFTER INSERT', 189, 1, 25, 'NONAKTIF', '2020-06-01 12:49:44', '2020-06-01 12:49:44', 1, 1, 2097),
(563, 'AFTER INSERT', 190, 2, 25, 'NONAKTIF', '2020-06-01 12:49:44', '2020-06-01 12:49:44', 1, 1, 2098),
(564, 'AFTER INSERT', 191, 3, 25, 'NONAKTIF', '2020-06-01 12:49:44', '2020-06-01 12:49:44', 1, 1, 2099),
(565, 'AFTER INSERT', 192, 4, 25, 'NONAKTIF', '2020-06-01 12:49:44', '2020-06-01 12:49:44', 1, 1, 2100),
(566, 'AFTER INSERT', 193, 5, 25, 'NONAKTIF', '2020-06-01 12:49:44', '2020-06-01 12:49:44', 1, 1, 2101),
(567, 'AFTER INSERT', 194, 6, 25, 'NONAKTIF', '2020-06-01 12:49:44', '2020-06-01 12:49:44', 1, 1, 2102),
(568, 'AFTER INSERT', 195, 7, 25, 'NONAKTIF', '2020-06-01 12:49:44', '2020-06-01 12:49:44', 1, 1, 2103),
(569, 'AFTER INSERT', 196, 8, 25, 'NONAKTIF', '2020-06-01 12:49:44', '2020-06-01 12:49:44', 1, 1, 2104),
(570, 'AFTER UPDATE', 1, 6, 1, 'nonaktif', '2020-05-18 13:35:55', '2020-05-18 13:35:55', 1, 1, 2106),
(571, 'AFTER UPDATE', 2, 6, 2, 'nonaktif', '2020-05-18 13:35:55', '2020-05-18 13:35:55', 1, 1, 2107),
(572, 'AFTER UPDATE', 3, 6, 3, 'nonaktif', '2020-05-18 13:35:55', '2020-05-18 13:35:55', 1, 1, 2108),
(573, 'AFTER UPDATE', 4, 6, 4, 'nonaktif', '2020-05-18 13:35:55', '2020-05-18 13:35:55', 1, 1, 2109),
(574, 'AFTER UPDATE', 13, 6, 5, 'nonaktif', '2020-05-18 20:22:36', '2020-05-18 20:22:36', 1, 1, 2110),
(575, 'AFTER UPDATE', 20, 6, 6, 'nonaktif', '2020-05-18 20:22:49', '2020-05-18 20:22:49', 1, 1, 2111),
(576, 'AFTER UPDATE', 27, 6, 7, 'nonaktif', '2020-05-18 20:23:18', '2020-05-18 20:23:18', 1, 1, 2112),
(577, 'AFTER UPDATE', 33, 6, 8, 'nonaktif', '2020-05-20 12:18:10', '2020-05-20 12:18:10', 1, 1, 2113),
(578, 'AFTER UPDATE', 40, 6, 9, 'nonaktif', '2020-05-20 12:19:09', '2020-05-20 12:19:09', 1, 1, 2114),
(579, 'AFTER UPDATE', 47, 6, 10, 'nonaktif', '2020-05-20 12:19:24', '2020-05-20 12:19:24', 1, 1, 2115),
(580, 'AFTER UPDATE', 54, 6, 11, 'nonaktif', '2020-05-20 12:19:47', '2020-05-20 12:19:47', 1, 1, 2116),
(581, 'AFTER UPDATE', 61, 6, 12, 'nonaktif', '2020-05-20 12:20:08', '2020-05-20 12:20:08', 1, 1, 2117),
(582, 'AFTER UPDATE', 68, 6, 13, 'nonaktif', '2020-05-20 12:20:46', '2020-05-20 12:20:46', 1, 1, 2118),
(583, 'AFTER UPDATE', 75, 6, 14, 'nonaktif', '2020-05-20 12:21:04', '2020-05-20 12:21:04', 1, 1, 2119),
(584, 'AFTER UPDATE', 82, 6, 15, 'nonaktif', '2020-05-20 12:21:56', '2020-05-20 12:21:56', 1, 1, 2120),
(585, 'AFTER UPDATE', 89, 6, 16, 'nonaktif', '2020-05-20 12:22:44', '2020-05-20 12:22:44', 1, 1, 2121),
(586, 'AFTER UPDATE', 96, 6, 17, 'nonaktif', '2020-05-20 12:23:45', '2020-05-20 12:23:45', 1, 1, 2122),
(587, 'AFTER UPDATE', 102, 6, 18, 'nonaktif', '2020-05-22 10:48:43', '2020-05-22 10:48:43', 1, 1, 2123),
(588, 'AFTER UPDATE', 109, 6, 19, 'nonaktif', '2020-05-22 10:48:57', '2020-05-22 10:48:57', 1, 1, 2124),
(589, 'AFTER UPDATE', 116, 6, 20, 'nonaktif', '2020-05-22 13:32:43', '2020-05-22 13:32:43', 1, 1, 2125),
(590, 'AFTER UPDATE', 142, 6, 21, 'nonaktif', '2020-05-26 18:21:35', '2020-05-26 18:21:35', 1, 1, 2126),
(591, 'AFTER UPDATE', 149, 6, 22, 'nonaktif', '2020-05-26 18:22:12', '2020-05-26 18:22:12', 1, 1, 2127),
(592, 'AFTER UPDATE', 156, 6, 23, 'nonaktif', '2020-05-26 18:22:24', '2020-05-26 18:22:24', 1, 1, 2128),
(593, 'AFTER UPDATE', 163, 6, 24, 'nonaktif', '2020-05-26 07:43:11', '2020-05-26 07:43:11', 1, 1, 2129),
(594, 'AFTER UPDATE', 194, 6, 25, 'nonaktif', '2020-06-01 12:49:44', '2020-06-01 12:49:44', 1, 1, 2130),
(595, 'AFTER UPDATE', 1, 6, 1, 'aktif', '2020-05-18 13:35:55', '2020-05-18 13:35:55', 1, 1, 2131),
(596, 'AFTER UPDATE', 2, 6, 2, 'aktif', '2020-05-18 13:35:55', '2020-05-18 13:35:55', 1, 1, 2132),
(597, 'AFTER UPDATE', 3, 6, 3, 'aktif', '2020-05-18 13:35:55', '2020-05-18 13:35:55', 1, 1, 2133),
(598, 'AFTER UPDATE', 4, 6, 4, 'aktif', '2020-05-18 13:35:55', '2020-05-18 13:35:55', 1, 1, 2134),
(599, 'AFTER UPDATE', 13, 6, 5, 'aktif', '2020-05-18 20:22:36', '2020-05-18 20:22:36', 1, 1, 2135),
(600, 'AFTER UPDATE', 20, 6, 6, 'aktif', '2020-05-18 20:22:49', '2020-05-18 20:22:49', 1, 1, 2136),
(601, 'AFTER UPDATE', 27, 6, 7, 'aktif', '2020-05-18 20:23:18', '2020-05-18 20:23:18', 1, 1, 2137),
(602, 'AFTER UPDATE', 33, 6, 8, 'aktif', '2020-05-20 12:18:10', '2020-05-20 12:18:10', 1, 1, 2138),
(603, 'AFTER UPDATE', 40, 6, 9, 'aktif', '2020-05-20 12:19:09', '2020-05-20 12:19:09', 1, 1, 2139),
(604, 'AFTER UPDATE', 47, 6, 10, 'aktif', '2020-05-20 12:19:24', '2020-05-20 12:19:24', 1, 1, 2140),
(605, 'AFTER UPDATE', 54, 6, 11, 'aktif', '2020-05-20 12:19:47', '2020-05-20 12:19:47', 1, 1, 2141),
(606, 'AFTER UPDATE', 61, 6, 12, 'aktif', '2020-05-20 12:20:08', '2020-05-20 12:20:08', 1, 1, 2142),
(607, 'AFTER UPDATE', 68, 6, 13, 'aktif', '2020-05-20 12:20:46', '2020-05-20 12:20:46', 1, 1, 2143),
(608, 'AFTER UPDATE', 75, 6, 14, 'aktif', '2020-05-20 12:21:04', '2020-05-20 12:21:04', 1, 1, 2144),
(609, 'AFTER UPDATE', 82, 6, 15, 'aktif', '2020-05-20 12:21:56', '2020-05-20 12:21:56', 1, 1, 2145),
(610, 'AFTER UPDATE', 89, 6, 16, 'aktif', '2020-05-20 12:22:44', '2020-05-20 12:22:44', 1, 1, 2146),
(611, 'AFTER UPDATE', 96, 6, 17, 'aktif', '2020-05-20 12:23:45', '2020-05-20 12:23:45', 1, 1, 2147),
(612, 'AFTER UPDATE', 102, 6, 18, 'aktif', '2020-05-22 10:48:43', '2020-05-22 10:48:43', 1, 1, 2148),
(613, 'AFTER UPDATE', 109, 6, 19, 'aktif', '2020-05-22 10:48:57', '2020-05-22 10:48:57', 1, 1, 2149),
(614, 'AFTER UPDATE', 116, 6, 20, 'aktif', '2020-05-22 13:32:43', '2020-05-22 13:32:43', 1, 1, 2150),
(615, 'AFTER UPDATE', 142, 6, 21, 'aktif', '2020-05-26 18:21:35', '2020-05-26 18:21:35', 1, 1, 2151),
(616, 'AFTER UPDATE', 149, 6, 22, 'aktif', '2020-05-26 18:22:12', '2020-05-26 18:22:12', 1, 1, 2152),
(617, 'AFTER UPDATE', 156, 6, 23, 'aktif', '2020-05-26 18:22:24', '2020-05-26 18:22:24', 1, 1, 2153),
(618, 'AFTER UPDATE', 163, 6, 24, 'aktif', '2020-05-26 07:43:11', '2020-05-26 07:43:11', 1, 1, 2154),
(619, 'AFTER UPDATE', 194, 6, 25, 'aktif', '2020-06-01 12:49:44', '2020-06-01 12:49:44', 1, 1, 2155),
(620, 'AFTER INSERT', 197, 1, 26, 'NONAKTIF', '2020-06-03 10:00:37', '2020-06-03 10:00:37', 1, 1, 2159),
(621, 'AFTER INSERT', 198, 2, 26, 'NONAKTIF', '2020-06-03 10:00:37', '2020-06-03 10:00:37', 1, 1, 2160),
(622, 'AFTER INSERT', 199, 3, 26, 'NONAKTIF', '2020-06-03 10:00:37', '2020-06-03 10:00:37', 1, 1, 2161),
(623, 'AFTER INSERT', 200, 4, 26, 'NONAKTIF', '2020-06-03 10:00:37', '2020-06-03 10:00:37', 1, 1, 2162),
(624, 'AFTER INSERT', 201, 5, 26, 'NONAKTIF', '2020-06-03 10:00:37', '2020-06-03 10:00:37', 1, 1, 2163),
(625, 'AFTER INSERT', 202, 6, 26, 'NONAKTIF', '2020-06-03 10:00:37', '2020-06-03 10:00:37', 1, 1, 2164),
(626, 'AFTER INSERT', 203, 7, 26, 'NONAKTIF', '2020-06-03 10:00:37', '2020-06-03 10:00:37', 1, 1, 2165),
(627, 'AFTER INSERT', 204, 8, 26, 'NONAKTIF', '2020-06-03 10:00:37', '2020-06-03 10:00:37', 1, 1, 2166),
(628, 'AFTER UPDATE', 1, 6, 1, 'nonaktif', '2020-05-18 13:35:55', '2020-05-18 13:35:55', 1, 1, 2168),
(629, 'AFTER UPDATE', 2, 6, 2, 'nonaktif', '2020-05-18 13:35:55', '2020-05-18 13:35:55', 1, 1, 2169),
(630, 'AFTER UPDATE', 3, 6, 3, 'nonaktif', '2020-05-18 13:35:55', '2020-05-18 13:35:55', 1, 1, 2170),
(631, 'AFTER UPDATE', 4, 6, 4, 'nonaktif', '2020-05-18 13:35:55', '2020-05-18 13:35:55', 1, 1, 2171),
(632, 'AFTER UPDATE', 13, 6, 5, 'nonaktif', '2020-05-18 20:22:36', '2020-05-18 20:22:36', 1, 1, 2172),
(633, 'AFTER UPDATE', 20, 6, 6, 'nonaktif', '2020-05-18 20:22:49', '2020-05-18 20:22:49', 1, 1, 2173),
(634, 'AFTER UPDATE', 27, 6, 7, 'nonaktif', '2020-05-18 20:23:18', '2020-05-18 20:23:18', 1, 1, 2174),
(635, 'AFTER UPDATE', 33, 6, 8, 'nonaktif', '2020-05-20 12:18:10', '2020-05-20 12:18:10', 1, 1, 2175),
(636, 'AFTER UPDATE', 40, 6, 9, 'nonaktif', '2020-05-20 12:19:09', '2020-05-20 12:19:09', 1, 1, 2176),
(637, 'AFTER UPDATE', 47, 6, 10, 'nonaktif', '2020-05-20 12:19:24', '2020-05-20 12:19:24', 1, 1, 2177),
(638, 'AFTER UPDATE', 54, 6, 11, 'nonaktif', '2020-05-20 12:19:47', '2020-05-20 12:19:47', 1, 1, 2178),
(639, 'AFTER UPDATE', 61, 6, 12, 'nonaktif', '2020-05-20 12:20:08', '2020-05-20 12:20:08', 1, 1, 2179),
(640, 'AFTER UPDATE', 68, 6, 13, 'nonaktif', '2020-05-20 12:20:46', '2020-05-20 12:20:46', 1, 1, 2180),
(641, 'AFTER UPDATE', 75, 6, 14, 'nonaktif', '2020-05-20 12:21:04', '2020-05-20 12:21:04', 1, 1, 2181),
(642, 'AFTER UPDATE', 82, 6, 15, 'nonaktif', '2020-05-20 12:21:56', '2020-05-20 12:21:56', 1, 1, 2182),
(643, 'AFTER UPDATE', 89, 6, 16, 'nonaktif', '2020-05-20 12:22:44', '2020-05-20 12:22:44', 1, 1, 2183),
(644, 'AFTER UPDATE', 96, 6, 17, 'nonaktif', '2020-05-20 12:23:45', '2020-05-20 12:23:45', 1, 1, 2184),
(645, 'AFTER UPDATE', 102, 6, 18, 'nonaktif', '2020-05-22 10:48:43', '2020-05-22 10:48:43', 1, 1, 2185),
(646, 'AFTER UPDATE', 109, 6, 19, 'nonaktif', '2020-05-22 10:48:57', '2020-05-22 10:48:57', 1, 1, 2186),
(647, 'AFTER UPDATE', 116, 6, 20, 'nonaktif', '2020-05-22 13:32:43', '2020-05-22 13:32:43', 1, 1, 2187),
(648, 'AFTER UPDATE', 142, 6, 21, 'nonaktif', '2020-05-26 18:21:35', '2020-05-26 18:21:35', 1, 1, 2188),
(649, 'AFTER UPDATE', 149, 6, 22, 'nonaktif', '2020-05-26 18:22:12', '2020-05-26 18:22:12', 1, 1, 2189),
(650, 'AFTER UPDATE', 156, 6, 23, 'nonaktif', '2020-05-26 18:22:24', '2020-05-26 18:22:24', 1, 1, 2190),
(651, 'AFTER UPDATE', 163, 6, 24, 'nonaktif', '2020-05-26 07:43:11', '2020-05-26 07:43:11', 1, 1, 2191),
(652, 'AFTER UPDATE', 194, 6, 25, 'nonaktif', '2020-06-01 12:49:44', '2020-06-01 12:49:44', 1, 1, 2192),
(653, 'AFTER UPDATE', 202, 6, 26, 'nonaktif', '2020-06-03 10:00:37', '2020-06-03 10:00:37', 1, 1, 2193),
(654, 'AFTER UPDATE', 1, 6, 1, 'aktif', '2020-05-18 13:35:55', '2020-05-18 13:35:55', 1, 1, 2194),
(655, 'AFTER UPDATE', 2, 6, 2, 'aktif', '2020-05-18 13:35:55', '2020-05-18 13:35:55', 1, 1, 2195),
(656, 'AFTER UPDATE', 3, 6, 3, 'aktif', '2020-05-18 13:35:55', '2020-05-18 13:35:55', 1, 1, 2196),
(657, 'AFTER UPDATE', 4, 6, 4, 'aktif', '2020-05-18 13:35:55', '2020-05-18 13:35:55', 1, 1, 2197),
(658, 'AFTER UPDATE', 13, 6, 5, 'aktif', '2020-05-18 20:22:36', '2020-05-18 20:22:36', 1, 1, 2198),
(659, 'AFTER UPDATE', 20, 6, 6, 'aktif', '2020-05-18 20:22:49', '2020-05-18 20:22:49', 1, 1, 2199),
(660, 'AFTER UPDATE', 27, 6, 7, 'aktif', '2020-05-18 20:23:18', '2020-05-18 20:23:18', 1, 1, 2200),
(661, 'AFTER UPDATE', 33, 6, 8, 'aktif', '2020-05-20 12:18:10', '2020-05-20 12:18:10', 1, 1, 2201),
(662, 'AFTER UPDATE', 40, 6, 9, 'aktif', '2020-05-20 12:19:09', '2020-05-20 12:19:09', 1, 1, 2202),
(663, 'AFTER UPDATE', 47, 6, 10, 'aktif', '2020-05-20 12:19:24', '2020-05-20 12:19:24', 1, 1, 2203),
(664, 'AFTER UPDATE', 54, 6, 11, 'aktif', '2020-05-20 12:19:47', '2020-05-20 12:19:47', 1, 1, 2204),
(665, 'AFTER UPDATE', 61, 6, 12, 'aktif', '2020-05-20 12:20:08', '2020-05-20 12:20:08', 1, 1, 2205),
(666, 'AFTER UPDATE', 68, 6, 13, 'aktif', '2020-05-20 12:20:46', '2020-05-20 12:20:46', 1, 1, 2206),
(667, 'AFTER UPDATE', 75, 6, 14, 'aktif', '2020-05-20 12:21:04', '2020-05-20 12:21:04', 1, 1, 2207),
(668, 'AFTER UPDATE', 82, 6, 15, 'aktif', '2020-05-20 12:21:56', '2020-05-20 12:21:56', 1, 1, 2208),
(669, 'AFTER UPDATE', 89, 6, 16, 'aktif', '2020-05-20 12:22:44', '2020-05-20 12:22:44', 1, 1, 2209),
(670, 'AFTER UPDATE', 96, 6, 17, 'aktif', '2020-05-20 12:23:45', '2020-05-20 12:23:45', 1, 1, 2210),
(671, 'AFTER UPDATE', 102, 6, 18, 'aktif', '2020-05-22 10:48:43', '2020-05-22 10:48:43', 1, 1, 2211),
(672, 'AFTER UPDATE', 109, 6, 19, 'aktif', '2020-05-22 10:48:57', '2020-05-22 10:48:57', 1, 1, 2212),
(673, 'AFTER UPDATE', 116, 6, 20, 'aktif', '2020-05-22 13:32:43', '2020-05-22 13:32:43', 1, 1, 2213),
(674, 'AFTER UPDATE', 142, 6, 21, 'aktif', '2020-05-26 18:21:35', '2020-05-26 18:21:35', 1, 1, 2214),
(675, 'AFTER UPDATE', 149, 6, 22, 'aktif', '2020-05-26 18:22:12', '2020-05-26 18:22:12', 1, 1, 2215),
(676, 'AFTER UPDATE', 156, 6, 23, 'aktif', '2020-05-26 18:22:24', '2020-05-26 18:22:24', 1, 1, 2216),
(677, 'AFTER UPDATE', 163, 6, 24, 'aktif', '2020-05-26 07:43:11', '2020-05-26 07:43:11', 1, 1, 2217),
(678, 'AFTER UPDATE', 194, 6, 25, 'aktif', '2020-06-01 12:49:44', '2020-06-01 12:49:44', 1, 1, 2218),
(679, 'AFTER UPDATE', 202, 6, 26, 'aktif', '2020-06-03 10:00:37', '2020-06-03 10:00:37', 1, 1, 2219);

-- --------------------------------------------------------

--
-- 表的结构 `tbl_penjualan_online`
--

CREATE TABLE `tbl_penjualan_online` (
  `id_pk_penjualan_online` int(11) NOT NULL,
  `penj_on_marketplace` varchar(40) DEFAULT NULL,
  `penj_on_no_resi` varchar(40) DEFAULT NULL,
  `penj_on_kurir` varchar(40) DEFAULT NULL,
  `penj_on_status` varchar(15) DEFAULT NULL,
  `id_fk_penjualan` int(11) DEFAULT NULL,
  `penj_on_create_date` datetime DEFAULT NULL,
  `penj_on_last_modified` datetime DEFAULT NULL,
  `id_create_data` int(11) DEFAULT NULL,
  `id_last_modified` int(11) DEFAULT NULL
) ENGINE=InnoDB DEFAULT CHARSET=utf8mb4;

--
-- 转存表中的数据 `tbl_penjualan_online`
--

INSERT INTO `tbl_penjualan_online` (`id_pk_penjualan_online`, `penj_on_marketplace`, `penj_on_no_resi`, `penj_on_kurir`, `penj_on_status`, `id_fk_penjualan`, `penj_on_create_date`, `penj_on_last_modified`, `id_create_data`, `id_last_modified`) VALUES
(1, 'marketplace', 'kurir', 'noresi', 'AKTIF', 20, '2020-05-30 04:00:08', '2020-05-30 04:00:08', 1, 1),
(2, 'marketplace', 'kurir1', 'noresi1', 'AKTIF', 21, '2020-05-30 04:08:47', '2020-05-30 04:08:47', 1, 1),
(3, 'marketplace1', 'kurir1', 'noresi', 'AKTIF', 22, '2020-05-30 04:13:20', '2020-05-30 04:13:20', 1, 1),
(4, 'marketplace1', 'noresi1', 'kurir1', 'AKTIF', 24, '2020-05-31 07:49:14', '2020-06-01 10:24:44', 1, 1);

--
-- 触发器 `tbl_penjualan_online`
--
DELIMITER $$
CREATE TRIGGER `trg_after_insert_penjualan_online` AFTER INSERT ON `tbl_penjualan_online` FOR EACH ROW begin
            set @id_user = new.id_last_modified;
            set @tgl_action = new.penj_on_last_modified;
            set @log_text = concat(new.id_last_modified,' ','insert data at' , new.penj_on_last_modified);
            call insert_log_all(@id_user,@tgl_action,@log_text,@id_log_all);
            
            insert into tbl_penjualan_online_log(executed_function,id_pk_penjualan_online,penj_on_marketplace,penj_on_no_resi,penj_on_kurir,penj_on_status,id_fk_penjualan,penj_on_create_date,penj_on_last_modified,id_create_data,id_last_modified,id_log_all) values ('after insert',new.id_pk_penjualan_online,new.penj_on_marketplace,new.penj_on_no_resi,new.penj_on_kurir,new.penj_on_status,new.id_fk_penjualan,new.penj_on_create_date,new.penj_on_last_modified,new.id_create_data,new.id_last_modified,@id_log_all);
        end
$$
DELIMITER ;
DELIMITER $$
CREATE TRIGGER `trg_after_update_penjualan_online` AFTER UPDATE ON `tbl_penjualan_online` FOR EACH ROW begin
            set @id_user = new.id_last_modified;
            set @tgl_action = new.penj_on_last_modified;
            set @log_text = concat(new.id_last_modified,' ','update data at' , new.penj_on_last_modified);
            call insert_log_all(@id_user,@tgl_action,@log_text,@id_log_all);
            
            insert into tbl_penjualan_online_log(executed_function,id_pk_penjualan_online,penj_on_marketplace,penj_on_no_resi,penj_on_kurir,penj_on_status,id_fk_penjualan,penj_on_create_date,penj_on_last_modified,id_create_data,id_last_modified,id_log_all) values ('after update',new.id_pk_penjualan_online,new.penj_on_marketplace,new.penj_on_no_resi,new.penj_on_kurir,new.penj_on_status,new.id_fk_penjualan,new.penj_on_create_date,new.penj_on_last_modified,new.id_create_data,new.id_last_modified,@id_log_all);
        end
$$
DELIMITER ;

-- --------------------------------------------------------

--
-- 表的结构 `tbl_penjualan_online_log`
--

CREATE TABLE `tbl_penjualan_online_log` (
  `id_pk_penjualan_online_log` int(11) NOT NULL,
  `executed_function` varchar(30) DEFAULT NULL,
  `id_pk_penjualan_online` int(11) DEFAULT NULL,
  `penj_on_marketplace` varchar(40) DEFAULT NULL,
  `penj_on_no_resi` varchar(40) DEFAULT NULL,
  `penj_on_kurir` varchar(40) DEFAULT NULL,
  `penj_on_status` varchar(15) DEFAULT NULL,
  `id_fk_penjualan` int(11) DEFAULT NULL,
  `penj_on_create_date` datetime DEFAULT NULL,
  `penj_on_last_modified` datetime DEFAULT NULL,
  `id_create_data` int(11) DEFAULT NULL,
  `id_last_modified` int(11) DEFAULT NULL,
  `id_log_all` int(11) DEFAULT NULL
) ENGINE=InnoDB DEFAULT CHARSET=utf8mb4;

--
-- 转存表中的数据 `tbl_penjualan_online_log`
--

INSERT INTO `tbl_penjualan_online_log` (`id_pk_penjualan_online_log`, `executed_function`, `id_pk_penjualan_online`, `penj_on_marketplace`, `penj_on_no_resi`, `penj_on_kurir`, `penj_on_status`, `id_fk_penjualan`, `penj_on_create_date`, `penj_on_last_modified`, `id_create_data`, `id_last_modified`, `id_log_all`) VALUES
(1, 'after insert', 1, 'marketplace', 'kurir', 'noresi', 'AKTIF', 20, '2020-05-30 04:00:08', '2020-05-30 04:00:08', 1, 1, 1604),
(2, 'after insert', 2, 'marketplace', 'kurir1', 'noresi1', 'AKTIF', 21, '2020-05-30 04:08:47', '2020-05-30 04:08:47', 1, 1, 1606),
(3, 'after insert', 3, 'marketplace1', 'kurir1', 'noresi', 'AKTIF', 22, '2020-05-30 04:13:20', '2020-05-30 04:13:20', 1, 1, 1613),
(4, 'after insert', 4, 'marketplace', 'kurir', 'noresi', 'AKTIF', 24, '2020-05-31 07:49:14', '2020-05-31 07:49:14', 1, 1, 1638),
(5, 'after update', 4, 'marketplace1', 'noresi1', 'kurir1', 'AKTIF', 24, '2020-05-31 07:49:14', '2020-06-01 09:59:17', 1, 1, 1692),
(6, 'after update', 4, 'marketplace1', 'kurir1', 'noresi1', 'AKTIF', 24, '2020-05-31 07:49:14', '2020-06-01 10:06:33', 1, 1, 1696),
(7, 'after update', 4, 'marketplace1', 'noresi1', 'kurir1', 'AKTIF', 24, '2020-05-31 07:49:14', '2020-06-01 10:07:12', 1, 1, 1703),
(8, 'after update', 4, 'marketplace1', 'kurir1', 'noresi1', 'AKTIF', 24, '2020-05-31 07:49:14', '2020-06-01 10:07:57', 1, 1, 1713),
(9, 'after update', 4, 'marketplace1', 'noresi1', 'kurir1', 'AKTIF', 24, '2020-05-31 07:49:14', '2020-06-01 10:08:25', 1, 1, 1729),
(10, 'after update', 4, 'marketplace1', 'kurir1', 'noresi1', 'AKTIF', 24, '2020-05-31 07:49:14', '2020-06-01 10:08:36', 1, 1, 1733),
(11, 'after update', 4, 'marketplace1', 'noresi1', 'kurir1', 'AKTIF', 24, '2020-05-31 07:49:14', '2020-06-01 10:08:55', 1, 1, 1737),
(12, 'after update', 4, 'marketplace1', 'kurir1', 'noresi1', 'AKTIF', 24, '2020-05-31 07:49:14', '2020-06-01 10:10:04', 1, 1, 1741),
(13, 'after update', 4, 'marketplace1', 'noresi1', 'kurir1', 'AKTIF', 24, '2020-05-31 07:49:14', '2020-06-01 10:11:03', 1, 1, 1743),
(14, 'after update', 4, 'marketplace1', 'kurir1', 'noresi1', 'AKTIF', 24, '2020-05-31 07:49:14', '2020-06-01 10:11:32', 1, 1, 1770),
(15, 'after update', 4, 'marketplace1', 'noresi1', 'kurir1', 'AKTIF', 24, '2020-05-31 07:49:14', '2020-06-01 10:11:59', 1, 1, 1797),
(16, 'after update', 4, 'marketplace1', 'kurir1', 'noresi1', 'AKTIF', 24, '2020-05-31 07:49:14', '2020-06-01 10:12:27', 1, 1, 1825),
(17, 'after update', 4, 'marketplace1', 'noresi1', 'kurir1', 'AKTIF', 24, '2020-05-31 07:49:14', '2020-06-01 10:12:56', 1, 1, 1855),
(18, 'after update', 4, 'marketplace1', 'kurir1', 'noresi1', 'AKTIF', 24, '2020-05-31 07:49:14', '2020-06-01 10:13:20', 1, 1, 1885),
(19, 'after update', 4, 'marketplace1', 'noresi1', 'kurir1', 'AKTIF', 24, '2020-05-31 07:49:14', '2020-06-01 10:16:17', 1, 1, 1917),
(20, 'after update', 4, 'marketplace1', 'kurir1', 'noresi1', 'AKTIF', 24, '2020-05-31 07:49:14', '2020-06-01 10:20:07', 1, 1, 1949),
(21, 'after update', 4, 'marketplace1', 'noresi1', 'kurir1', 'AKTIF', 24, '2020-05-31 07:49:14', '2020-06-01 10:23:46', 1, 1, 1981),
(22, 'after update', 4, 'marketplace1', 'kurir1', 'noresi1', 'AKTIF', 24, '2020-05-31 07:49:14', '2020-06-01 10:24:16', 1, 1, 2015),
(23, 'after update', 4, 'marketplace1', 'noresi1', 'kurir1', 'AKTIF', 24, '2020-05-31 07:49:14', '2020-06-01 10:24:44', 1, 1, 2050);

-- --------------------------------------------------------

--
-- 表的结构 `tbl_penjualan_pembayaran`
--

CREATE TABLE `tbl_penjualan_pembayaran` (
  `id_pk_penjualan_pembayaran` int(11) NOT NULL,
  `id_fk_penjualan` int(11) DEFAULT NULL,
  `penjualan_pmbyrn_nama` varchar(100) DEFAULT NULL,
  `penjualan_pmbyrn_persen` double DEFAULT NULL,
  `penjualan_pmbyrn_nominal` int(11) DEFAULT NULL,
  `penjualan_pmbyrn_notes` varchar(200) DEFAULT NULL,
  `penjualan_pmbyrn_dateline` datetime DEFAULT NULL,
  `penjualan_pmbyrn_status` varchar(15) DEFAULT NULL,
  `penjualan_pmbyrn_create_date` datetime DEFAULT NULL,
  `penjualan_pmbyrn_last_modified` datetime DEFAULT NULL,
  `id_create_data` int(11) DEFAULT NULL,
  `id_last_modified` int(11) DEFAULT NULL
) ENGINE=InnoDB DEFAULT CHARSET=utf8mb4;

--
-- 转存表中的数据 `tbl_penjualan_pembayaran`
--

INSERT INTO `tbl_penjualan_pembayaran` (`id_pk_penjualan_pembayaran`, `id_fk_penjualan`, `penjualan_pmbyrn_nama`, `penjualan_pmbyrn_persen`, `penjualan_pmbyrn_nominal`, `penjualan_pmbyrn_notes`, `penjualan_pmbyrn_dateline`, `penjualan_pmbyrn_status`, `penjualan_pmbyrn_create_date`, `penjualan_pmbyrn_last_modified`, `id_create_data`, `id_last_modified`) VALUES
(1, 14, 'pembayaran1', 50, 123, '1111-11-11', '2011-12-03 00:00:00', 'AKTIF', '2020-05-30 03:04:39', '2020-05-30 03:04:39', 1, 1),
(2, 14, 'pembayaran2', 50, 125, '5555-05-05', '0000-00-00 00:00:00', 'AKTIF', '2020-05-30 03:04:39', '2020-05-30 03:04:39', 1, 1),
(3, 17, 'pembayaran1', 50, 2222222, 'notes4', '1111-11-11 00:00:00', 'AKTIF', '2020-05-30 03:11:48', '2020-05-30 03:11:48', 1, 1),
(4, 17, 'pembayaran2', 50, 11111111, 'notes5', '2222-02-22 00:00:00', 'AKTIF', '2020-05-30 03:11:48', '2020-05-30 03:11:48', 1, 1),
(5, 21, 'pembayaran1', 50, 150, 'notes2', '1111-11-11 00:00:00', 'AKTIF', '2020-05-30 04:08:48', '2020-05-30 04:08:48', 1, 1),
(6, 21, 'pembayaran2', 50, 200, 'notes2', '2222-02-22 00:00:00', 'AKTIF', '2020-05-30 04:08:48', '2020-05-30 04:08:48', 1, 1),
(7, 22, 'pembayaran1', 50, 300, 'notes', '2222-02-22 00:00:00', 'AKTIF', '2020-05-30 04:13:20', '2020-05-30 04:13:20', 1, 1),
(8, 22, 'pembyaran2', 50, 500, 'notes', '0001-01-01 00:00:00', 'AKTIF', '2020-05-30 04:13:20', '2020-05-30 04:13:20', 1, 1),
(9, 24, 'pembayaran DP1', 501, 1001, 'notes1', '2222-02-22 00:00:00', 'AKTIF', '2020-05-31 07:49:18', '2020-06-01 10:24:46', 1, 1),
(10, 24, 'pelunasan1', 501, 1201, 'notes21', '3333-03-31 00:00:00', 'AKTIF', '2020-05-31 07:49:18', '2020-06-01 10:24:46', 1, 1),
(11, 24, 'pelunasan3', 22, 1111, 'notes5', '1111-11-11 00:00:00', 'AKTIF', '2020-06-01 10:24:17', '2020-06-01 10:24:46', 1, 1),
(12, 24, 'peluanasan5', 111, 2222, 'notes5', '1111-11-11 00:00:00', 'nonaktif', '2020-06-01 10:24:46', '2020-06-01 11:08:47', 1, 1),
(13, 24, 'pelunasan6', 111, 2222, 'notes6', '4423-02-24 00:00:00', 'nonaktif', '2020-06-01 10:24:46', '2020-06-01 11:08:42', 1, 1);

--
-- 触发器 `tbl_penjualan_pembayaran`
--
DELIMITER $$
CREATE TRIGGER `trg_after_insert_penjualan_pembayaran` AFTER INSERT ON `tbl_penjualan_pembayaran` FOR EACH ROW begin
            set @id_user = new.id_last_modified;
            set @tgl_action = new.penjualan_pmbyrn_last_modified;
            set @log_text = concat(new.id_last_modified,' ','insert data at' , new.penjualan_pmbyrn_last_modified);
            call insert_log_all(@id_user,@tgl_action,@log_text,@id_log_all);
            
            insert into tbl_penjualan_pembayaran_log(executed_function,id_pk_penjualan_pembayaran,id_fk_penjualan,penjualan_pmbyrn_nama,penjualan_pmbyrn_persen,penjualan_pmbyrn_nominal,penjualan_pmbyrn_notes,penjualan_pmbyrn_dateline,penjualan_pmbyrn_status,penjualan_pmbyrn_create_date,penjualan_pmbyrn_last_modified,id_create_data,id_last_modified,id_log_all) values ('after insert',new.id_pk_penjualan_pembayaran,new.id_fk_penjualan,new.penjualan_pmbyrn_nama,new.penjualan_pmbyrn_persen,new.penjualan_pmbyrn_nominal,new.penjualan_pmbyrn_notes,new.penjualan_pmbyrn_dateline,new.penjualan_pmbyrn_status,new.penjualan_pmbyrn_create_date,new.penjualan_pmbyrn_last_modified,new.id_create_data,new.id_last_modified,@id_log_all);
        end
$$
DELIMITER ;
DELIMITER $$
CREATE TRIGGER `trg_after_update_penjualan_pembayaran` AFTER UPDATE ON `tbl_penjualan_pembayaran` FOR EACH ROW begin
            set @id_user = new.id_last_modified;
            set @tgl_action = new.penjualan_pmbyrn_last_modified;
            set @log_text = concat(new.id_last_modified,' ','update data at' , new.penjualan_pmbyrn_last_modified);
            call insert_log_all(@id_user,@tgl_action,@log_text,@id_log_all);
            
            insert into tbl_penjualan_pembayaran_log(executed_function,id_pk_penjualan_pembayaran,id_fk_penjualan,penjualan_pmbyrn_nama,penjualan_pmbyrn_persen,penjualan_pmbyrn_nominal,penjualan_pmbyrn_notes,penjualan_pmbyrn_dateline,penjualan_pmbyrn_status,penjualan_pmbyrn_create_date,penjualan_pmbyrn_last_modified,id_create_data,id_last_modified,id_log_all) values ('after update',new.id_pk_penjualan_pembayaran,new.id_fk_penjualan,new.penjualan_pmbyrn_nama,new.penjualan_pmbyrn_persen,new.penjualan_pmbyrn_nominal,new.penjualan_pmbyrn_notes,new.penjualan_pmbyrn_dateline,new.penjualan_pmbyrn_status,new.penjualan_pmbyrn_create_date,new.penjualan_pmbyrn_last_modified,new.id_create_data,new.id_last_modified,@id_log_all);
        end
$$
DELIMITER ;

-- --------------------------------------------------------

--
-- 表的结构 `tbl_penjualan_pembayaran_log`
--

CREATE TABLE `tbl_penjualan_pembayaran_log` (
  `id_pk_penjualan_pembayaran_log` int(11) NOT NULL,
  `executed_function` varchar(30) DEFAULT NULL,
  `id_pk_penjualan_pembayaran` int(11) DEFAULT NULL,
  `id_fk_penjualan` int(11) DEFAULT NULL,
  `penjualan_pmbyrn_nama` varchar(100) DEFAULT NULL,
  `penjualan_pmbyrn_persen` double DEFAULT NULL,
  `penjualan_pmbyrn_nominal` int(11) DEFAULT NULL,
  `penjualan_pmbyrn_notes` varchar(200) DEFAULT NULL,
  `penjualan_pmbyrn_dateline` datetime DEFAULT NULL,
  `penjualan_pmbyrn_status` varchar(15) DEFAULT NULL,
  `penjualan_pmbyrn_create_date` datetime DEFAULT NULL,
  `penjualan_pmbyrn_last_modified` datetime DEFAULT NULL,
  `id_create_data` int(11) DEFAULT NULL,
  `id_last_modified` int(11) DEFAULT NULL,
  `id_log_all` int(11) DEFAULT NULL
) ENGINE=InnoDB DEFAULT CHARSET=utf8mb4;

--
-- 转存表中的数据 `tbl_penjualan_pembayaran_log`
--

INSERT INTO `tbl_penjualan_pembayaran_log` (`id_pk_penjualan_pembayaran_log`, `executed_function`, `id_pk_penjualan_pembayaran`, `id_fk_penjualan`, `penjualan_pmbyrn_nama`, `penjualan_pmbyrn_persen`, `penjualan_pmbyrn_nominal`, `penjualan_pmbyrn_notes`, `penjualan_pmbyrn_dateline`, `penjualan_pmbyrn_status`, `penjualan_pmbyrn_create_date`, `penjualan_pmbyrn_last_modified`, `id_create_data`, `id_last_modified`, `id_log_all`) VALUES
(1, 'after insert', 1, 14, 'pembayaran1', 50, 123, '1111-11-11', '2011-12-03 00:00:00', 'AKTIF', '2020-05-30 03:04:39', '2020-05-30 03:04:39', 1, 1, 1594),
(2, 'after insert', 2, 14, 'pembayaran2', 50, 125, '5555-05-05', '0000-00-00 00:00:00', 'AKTIF', '2020-05-30 03:04:39', '2020-05-30 03:04:39', 1, 1, 1595),
(3, 'after insert', 3, 17, 'pembayaran1', 50, 2222222, 'notes4', '1111-11-11 00:00:00', 'AKTIF', '2020-05-30 03:11:48', '2020-05-30 03:11:48', 1, 1, 1599),
(4, 'after insert', 4, 17, 'pembayaran2', 50, 11111111, 'notes5', '2222-02-22 00:00:00', 'AKTIF', '2020-05-30 03:11:48', '2020-05-30 03:11:48', 1, 1, 1600),
(5, 'after insert', 5, 21, 'pembayaran1', 50, 150, 'notes2', '1111-11-11 00:00:00', 'AKTIF', '2020-05-30 04:08:48', '2020-05-30 04:08:48', 1, 1, 1610),
(6, 'after insert', 6, 21, 'pembayaran2', 50, 200, 'notes2', '2222-02-22 00:00:00', 'AKTIF', '2020-05-30 04:08:48', '2020-05-30 04:08:48', 1, 1, 1611),
(7, 'after insert', 7, 22, 'pembayaran1', 50, 300, 'notes', '2222-02-22 00:00:00', 'AKTIF', '2020-05-30 04:13:20', '2020-05-30 04:13:20', 1, 1, 1617),
(8, 'after insert', 8, 22, 'pembyaran2', 50, 500, 'notes', '0001-01-01 00:00:00', 'AKTIF', '2020-05-30 04:13:20', '2020-05-30 04:13:20', 1, 1, 1618),
(9, 'after insert', 9, 24, 'pembayaran DP', 50, 100, 'notes', '1111-11-11 00:00:00', 'AKTIF', '2020-05-31 07:49:18', '2020-05-31 07:49:18', 1, 1, 1643),
(10, 'after insert', 10, 24, 'pelunasan', 50, 120, 'notes2', '2222-02-22 00:00:00', 'AKTIF', '2020-05-31 07:49:18', '2020-05-31 07:49:18', 1, 1, 1644),
(11, 'after update', 9, 24, 'pembayaran DP1', 501, 1001, 'notes1', '2222-02-22 00:00:00', 'AKTIF', '2020-05-31 07:49:18', '2020-06-01 10:23:48', 1, 1, 2012),
(12, 'after update', 10, 24, 'pelunasan1', 501, 1201, 'notes21', '3333-03-31 00:00:00', 'AKTIF', '2020-05-31 07:49:18', '2020-06-01 10:23:48', 1, 1, 2013),
(13, 'after insert', 11, 24, 'pelunasan3', 22, 1111, 'notes5', '1111-11-11 00:00:00', 'AKTIF', '2020-06-01 10:24:17', '2020-06-01 10:24:17', 1, 1, 2046),
(14, 'after update', 9, 24, 'pembayaran DP1', 501, 1001, 'notes1', '2222-02-22 00:00:00', 'AKTIF', '2020-05-31 07:49:18', '2020-06-01 10:24:17', 1, 1, 2047),
(15, 'after update', 10, 24, 'pelunasan1', 501, 1201, 'notes21', '3333-03-31 00:00:00', 'AKTIF', '2020-05-31 07:49:18', '2020-06-01 10:24:17', 1, 1, 2048),
(16, 'after insert', 12, 24, 'peluanasan5', 111, 2222, 'notes5', '1111-11-11 00:00:00', 'AKTIF', '2020-06-01 10:24:46', '2020-06-01 10:24:46', 1, 1, 2081),
(17, 'after insert', 13, 24, 'pelunasan6', 111, 2222, 'notes6', '4423-02-24 00:00:00', 'AKTIF', '2020-06-01 10:24:46', '2020-06-01 10:24:46', 1, 1, 2082),
(18, 'after update', 9, 24, 'pembayaran DP1', 501, 1001, 'notes1', '2222-02-22 00:00:00', 'AKTIF', '2020-05-31 07:49:18', '2020-06-01 10:24:46', 1, 1, 2083),
(19, 'after update', 10, 24, 'pelunasan1', 501, 1201, 'notes21', '3333-03-31 00:00:00', 'AKTIF', '2020-05-31 07:49:18', '2020-06-01 10:24:46', 1, 1, 2084),
(20, 'after update', 11, 24, 'pelunasan3', 22, 1111, 'notes5', '1111-11-11 00:00:00', 'AKTIF', '2020-06-01 10:24:17', '2020-06-01 10:24:46', 1, 1, 2085),
(21, 'after update', 13, 24, 'pelunasan6', 111, 2222, 'notes6', '4423-02-24 00:00:00', 'nonaktif', '2020-06-01 10:24:46', '2020-06-01 11:08:42', 1, 1, 2094),
(22, 'after update', 12, 24, 'peluanasan5', 111, 2222, 'notes5', '1111-11-11 00:00:00', 'nonaktif', '2020-06-01 10:24:46', '2020-06-01 11:08:47', 1, 1, 2095);

-- --------------------------------------------------------

--
-- 表的结构 `tbl_sj_item`
--

CREATE TABLE `tbl_sj_item` (
  `ID_PK_SJ_ITEM` int(11) NOT NULL,
  `SJ_ITEM_QTY` double DEFAULT NULL,
  `SJ_ITEM_NOTE` varchar(150) DEFAULT NULL,
  `SJ_ITEM_STATUS` varchar(15) DEFAULT NULL,
  `ID_FK_SATUAN` int(11) DEFAULT NULL,
  `ID_FK_SURAT_JALAN` int(11) DEFAULT NULL,
  `ID_FK_BRG_PENJUALAN` int(11) DEFAULT NULL,
  `SJ_ITEM_CREATE_DATE` datetime DEFAULT NULL,
  `SJ_ITEM_LAST_MODIFIED` datetime DEFAULT NULL,
  `ID_CREATE_DATA` int(11) DEFAULT NULL,
  `ID_LAST_MODIFIED` int(11) DEFAULT NULL
) ENGINE=InnoDB DEFAULT CHARSET=utf8mb4;

--
-- 触发器 `tbl_sj_item`
--
DELIMITER $$
CREATE TRIGGER `TRG_AFTER_INSERT_SJ_ITEM` AFTER INSERT ON `tbl_sj_item` FOR EACH ROW BEGIN
    SET @ID_USER = NEW.ID_LAST_MODIFIED;
    SET @TGL_ACTION = NEW.SJ_ITEM_LAST_MODIFIED;
    SET @LOG_TEXT = CONCAT(NEW.ID_LAST_MODIFIED,' ','INSERT DATA AT' , NEW.SJ_ITEM_LAST_MODIFIED);
    CALL INSERT_LOG_ALL(@ID_USER,@TGL_ACTION,@LOG_TEXT,@ID_LOG_ALL);
    
    INSERT INTO TBL_SJ_ITEM_LOG(EXECUTED_FUNCTION,ID_PK_SJ_ITEM,SJ_ITEM_QTY,SJ_ITEM_NOTE,SJ_ITEM_STATUS,ID_FK_SATUAN,ID_FK_SURAT_JALAN,ID_FK_BRG_PENJUALAN,SJ_ITEM_CREATE_DATE,SJ_ITEM_LAST_MODIFIED,ID_CREATE_DATA,ID_LAST_MODIFIED,ID_LOG_ALL) VALUES ('AFTER INSERT',NEW.ID_PK_SJ_ITEM,NEW.SJ_ITEM_QTY,NEW.SJ_ITEM_NOTE,NEW.SJ_ITEM_STATUS,NEW.ID_FK_SATUAN,NEW.ID_FK_SURAT_JALAN,NEW.ID_FK_BRG_PENJUALAN,NEW.SJ_ITEM_CREATE_DATE,NEW.SJ_ITEM_LAST_MODIFIED,NEW.ID_CREATE_DATA,NEW.ID_LAST_MODIFIED,@ID_LOG_ALL);
END
$$
DELIMITER ;
DELIMITER $$
CREATE TRIGGER `TRG_AFTER_UPDATE_SJ_ITEM` AFTER UPDATE ON `tbl_sj_item` FOR EACH ROW BEGIN
    SET @ID_USER = NEW.ID_LAST_MODIFIED;
    SET @TGL_ACTION = NEW.SJ_ITEM_LAST_MODIFIED;
    SET @LOG_TEXT = CONCAT(NEW.ID_LAST_MODIFIED,' ','UPDATE DATA AT' , NEW.SJ_ITEM_LAST_MODIFIED);
    CALL INSERT_LOG_ALL(@ID_USER,@TGL_ACTION,@LOG_TEXT,@ID_LOG_ALL);
    
    INSERT INTO TBL_SJ_ITEM_LOG(EXECUTED_FUNCTION,ID_PK_SJ_ITEM,SJ_ITEM_QTY,SJ_ITEM_NOTE,SJ_ITEM_STATUS,ID_FK_SATUAN,ID_FK_SURAT_JALAN,ID_FK_BRG_PENJUALAN,SJ_ITEM_CREATE_DATE,SJ_ITEM_LAST_MODIFIED,ID_CREATE_DATA,ID_LAST_MODIFIED,ID_LOG_ALL) VALUES ('AFTER UPDATE',NEW.ID_PK_SJ_ITEM,NEW.SJ_ITEM_QTY,NEW.SJ_ITEM_NOTE,NEW.SJ_ITEM_STATUS,NEW.ID_FK_SATUAN,NEW.ID_FK_SURAT_JALAN,NEW.ID_FK_BRG_PENJUALAN,NEW.SJ_ITEM_CREATE_DATE,NEW.SJ_ITEM_LAST_MODIFIED,NEW.ID_CREATE_DATA,NEW.ID_LAST_MODIFIED,@ID_LOG_ALL);
END
$$
DELIMITER ;

-- --------------------------------------------------------

--
-- 表的结构 `tbl_sj_item_log`
--

CREATE TABLE `tbl_sj_item_log` (
  `ID_PK_SJ_ITEM_LOG` int(11) NOT NULL,
  `EXECUTED_FUNCTION` varchar(30) DEFAULT NULL,
  `ID_PK_SJ_ITEM` int(11) DEFAULT NULL,
  `SJ_ITEM_QTY` double DEFAULT NULL,
  `SJ_ITEM_NOTE` varchar(150) DEFAULT NULL,
  `SJ_ITEM_STATUS` varchar(15) DEFAULT NULL,
  `ID_FK_SATUAN` int(11) DEFAULT NULL,
  `ID_FK_SURAT_JALAN` int(11) DEFAULT NULL,
  `ID_FK_BRG_PENJUALAN` int(11) DEFAULT NULL,
  `SJ_ITEM_CREATE_DATE` datetime DEFAULT NULL,
  `SJ_ITEM_LAST_MODIFIED` datetime DEFAULT NULL,
  `ID_CREATE_DATA` int(11) DEFAULT NULL,
  `ID_LAST_MODIFIED` int(11) DEFAULT NULL,
  `ID_LOG_ALL` int(11) DEFAULT NULL
) ENGINE=InnoDB DEFAULT CHARSET=utf8mb4;

-- --------------------------------------------------------

--
-- 表的结构 `tbl_so_pj`
--

CREATE TABLE `tbl_so_pj` (
  `ID_PK_SO_PJ` int(11) NOT NULL,
  `ID_FK_STOCK_OPNAME` int(11) DEFAULT NULL,
  `ID_FK_EMP` int(11) DEFAULT NULL,
  `SO_PJ_CREATE_DATE` datetime DEFAULT NULL,
  `SO_PJ_LAST_MODIFIED` datetime DEFAULT NULL,
  `ID_CREATE_DATA` int(11) DEFAULT NULL,
  `ID_LAST_MODIFIED` int(11) DEFAULT NULL
) ENGINE=InnoDB DEFAULT CHARSET=utf8mb4;

--
-- 触发器 `tbl_so_pj`
--
DELIMITER $$
CREATE TRIGGER `TRG_AFTER_INSERT_SO_PJ` AFTER INSERT ON `tbl_so_pj` FOR EACH ROW BEGIN
    SET @ID_USER = NEW.ID_LAST_MODIFIED;
    SET @TGL_ACTION = NEW.SO_PJ_LAST_MODIFIED;
    SET @LOG_TEXT = CONCAT(NEW.ID_LAST_MODIFIED,' ','INSERT DATA AT' , NEW.SO_PJ_LAST_MODIFIED);
    CALL INSERT_LOG_ALL(@ID_USER,@TGL_ACTION,@LOG_TEXT,@ID_LOG_ALL);
    
    INSERT INTO TBL_SO_PJ_LOG(EXECUTED_FUNCTION,ID_PK_SO_PJ,ID_FK_STOCK_OPNAME,ID_FK_EMP,SO_PJ_CREATE_DATE,SO_PJ_LAST_MODIFIED,ID_CREATE_DATA,ID_LAST_MODIFIED,ID_LOG_ALL) VALUES ('AFTER INSERT',NEW.ID_PK_SO_PJ,NEW.ID_FK_STOCK_OPNAME,NEW.ID_FK_EMP,NEW.SO_PJ_CREATE_DATE,NEW.SO_PJ_LAST_MODIFIED,NEW.ID_CREATE_DATA,NEW.ID_LAST_MODIFIED,@ID_LOG_ALL);
END
$$
DELIMITER ;
DELIMITER $$
CREATE TRIGGER `TRG_AFTER_UPDATE_SO_PJ` AFTER UPDATE ON `tbl_so_pj` FOR EACH ROW BEGIN
    SET @ID_USER = NEW.ID_LAST_MODIFIED;
    SET @TGL_ACTION = NEW.SO_PJ_LAST_MODIFIED;
    SET @LOG_TEXT = CONCAT(NEW.ID_LAST_MODIFIED,' ','UPDATE DATA AT' , NEW.SO_PJ_LAST_MODIFIED);
    CALL INSERT_LOG_ALL(@ID_USER,@TGL_ACTION,@LOG_TEXT,@ID_LOG_ALL);
    
    INSERT INTO TBL_SO_PJ_LOG(EXECUTED_FUNCTION,ID_PK_SO_PJ,ID_FK_STOCK_OPNAME,ID_FK_EMP,SO_PJ_CREATE_DATE,SO_PJ_LAST_MODIFIED,ID_CREATE_DATA,ID_LAST_MODIFIED,ID_LOG_ALL) VALUES ('AFTER UPDATE',NEW.ID_PK_SO_PJ,NEW.ID_FK_STOCK_OPNAME,NEW.ID_FK_EMP,NEW.SO_PJ_CREATE_DATE,NEW.SO_PJ_LAST_MODIFIED,NEW.ID_CREATE_DATA,NEW.ID_LAST_MODIFIED,@ID_LOG_ALL);
END
$$
DELIMITER ;

-- --------------------------------------------------------

--
-- 表的结构 `tbl_so_pj_log`
--

CREATE TABLE `tbl_so_pj_log` (
  `ID_PK_SO_PJ_LOG` int(11) NOT NULL,
  `EXECUTED_FUNCTION` varchar(30) DEFAULT NULL,
  `ID_PK_SO_PJ` int(11) DEFAULT NULL,
  `ID_FK_STOCK_OPNAME` int(11) DEFAULT NULL,
  `ID_FK_EMP` int(11) DEFAULT NULL,
  `SO_PJ_CREATE_DATE` datetime DEFAULT NULL,
  `SO_PJ_LAST_MODIFIED` datetime DEFAULT NULL,
  `ID_CREATE_DATA` int(11) DEFAULT NULL,
  `ID_LAST_MODIFIED` int(11) DEFAULT NULL,
  `ID_LOG_ALL` int(11) DEFAULT NULL
) ENGINE=InnoDB DEFAULT CHARSET=utf8mb4;

-- --------------------------------------------------------

--
-- 表的结构 `tbl_tambahan_pembelian`
--

CREATE TABLE `tbl_tambahan_pembelian` (
  `ID_PK_TMBHN` int(11) NOT NULL,
  `TMBHN` varchar(100) DEFAULT NULL,
  `TMBHN_JUMLAH` double DEFAULT NULL,
  `TMBHN_SATUAN` varchar(20) DEFAULT NULL,
  `TMBHN_HARGA` int(11) DEFAULT NULL,
  `TMBHN_NOTES` varchar(200) DEFAULT NULL,
  `TMBHN_STATUS` varchar(15) DEFAULT NULL,
  `ID_FK_PEMBELIAN` int(11) DEFAULT NULL,
  `TMBHN_CREATE_DATE` datetime DEFAULT NULL,
  `TMBHN_LAST_MODIFIED` datetime DEFAULT NULL,
  `ID_CREATE_DATA` int(11) DEFAULT NULL,
  `ID_LAST_MODIFIED` int(11) DEFAULT NULL
) ENGINE=InnoDB DEFAULT CHARSET=utf8mb4;

--
-- 转存表中的数据 `tbl_tambahan_pembelian`
--

INSERT INTO `tbl_tambahan_pembelian` (`ID_PK_TMBHN`, `TMBHN`, `TMBHN_JUMLAH`, `TMBHN_SATUAN`, `TMBHN_HARGA`, `TMBHN_NOTES`, `TMBHN_STATUS`, `ID_FK_PEMBELIAN`, `TMBHN_CREATE_DATE`, `TMBHN_LAST_MODIFIED`, `ID_CREATE_DATA`, `ID_LAST_MODIFIED`) VALUES
(1, 'tambahan1', 1, 'pcs', 123, 'notes1', 'AKTIF', 1, '2020-05-13 12:13:23', '0000-00-00 00:00:00', 2020, 1),
(2, 'tambahan2', 2, 'pcs', 123, 'notse2', 'NONAKTIF', 1, '2020-05-13 12:13:23', '0000-00-00 00:00:00', 2020, 1),
(3, 'tmbheditadd44', 2, 'tmbhedit44', 555544, 'notestmbhed44it', 'NONAKTIF', 1, '2020-05-13 21:03:41', '0000-00-00 00:00:00', 2020, 1),
(4, 'tmbheditadd', 2, 'tmbhedit', 5555, 'notestmbhedit', 'NONAKTIF', 1, '2020-05-13 21:05:23', '0000-00-00 00:00:00', 2020, 1),
(5, 'tmbheditadd', 2, 'tmbhedit', 5555, 'notestmbhedit', 'NONAKTIF', 1, '2020-05-13 21:05:38', '0000-00-00 00:00:00', 2020, 1),
(6, 'tmbheditadd', 2, 'tmbhedit', 5555, 'notestmbhedit', 'NONAKTIF', 1, '2020-05-13 21:05:44', '0000-00-00 00:00:00', 2020, 1),
(7, 'tmbheditadd', 2, 'tmbhedit', 5555, 'notestmbhedit', 'NONAKTIF', 1, '2020-05-13 21:05:49', '0000-00-00 00:00:00', 2020, 1),
(8, 'tmbheditadd', 2, 'tmbhedit', 5555, 'notestmbhedit', 'NONAKTIF', 1, '2020-05-13 21:05:55', '0000-00-00 00:00:00', 2020, 1),
(9, 'tmbheditadd', 2, 'tmbhedit', 5555, 'notestmbhedit', 'NONAKTIF', 1, '2020-05-13 21:06:12', '0000-00-00 00:00:00', 2020, 1),
(10, 'tmbheditadd', 2, 'tmbhedit', 5555, 'notestmbhedit', 'NONAKTIF', 1, '2020-05-13 21:06:41', '0000-00-00 00:00:00', 2020, 1),
(11, 'tmbheditadd', 2, 'tmbhedit', 5555, 'notestmbhedit', 'NONAKTIF', 1, '2020-05-13 21:07:06', '0000-00-00 00:00:00', 2020, 1),
(12, 'tmbhn1', 1, 'jmlh', 5555, 'notest6', 'NONAKTIF', 1, '2020-05-13 21:23:51', '0000-00-00 00:00:00', 2020, 1),
(13, 'huehue', 3, 'hue', 123, 'huehue', 'NONAKTIF', 1, '2020-05-13 21:39:09', '0000-00-00 00:00:00', 2020, 1),
(14, 'huehue2', 4, 'huehue2', 123, 'huehue2', 'NONAKTIF', 1, '2020-05-13 21:40:14', '0000-00-00 00:00:00', 2020, 1),
(15, 'huehu3', 5, 'hue3', 444, 'hue3', 'NONAKTIF', 1, '2020-05-13 21:40:14', '0000-00-00 00:00:00', 2020, 1),
(16, 'aaa', 1, 'aaaa', 1111, 'aaaa', 'AKTIF', 1, '2020-05-13 21:52:19', '0000-00-00 00:00:00', 2020, 1),
(17, 'bbb', 2, 'bbb', 2222, 'bbbb', 'AKTIF', 1, '2020-05-13 21:52:19', '0000-00-00 00:00:00', 2020, 1),
(18, '1112', 1212, 'sdf', 11221, '12121', 'AKTIF', 3, '2020-05-13 22:01:03', '0000-00-00 00:00:00', 2020, 1),
(19, 'fff', 12, 'ff', 2123, 'afewfaw', 'AKTIF', 4, '2020-05-13 22:02:09', '0000-00-00 00:00:00', 2020, 1),
(20, 'barang3', 11, 'pcs', 11211, 'notes', 'AKTIF', 1, '2020-05-21 22:52:49', '0000-00-00 00:00:00', 2020, 1),
(21, 'tambahan1', 1, 'pcs', 12000, 'notes2', 'AKTIF', 3, '2020-05-26 08:44:35', '0000-00-00 00:00:00', 20, 1),
(22, 'asdf', 121, 'pcs', 1233, '221321', 'AKTIF', 4, '2020-05-27 01:10:10', '0000-00-00 00:00:00', 20, 1),
(23, 'asdf 4', 55, 'pcs', 122, '1111', 'AKTIF', 4, '2020-05-27 01:10:10', '0000-00-00 00:00:00', 20, 1),
(24, 'tambahan1', 1, 'pcs', 123, 'notes', 'AKTIF', 5, '2020-06-03 02:09:10', '0000-00-00 00:00:00', 20, 1),
(25, 'tambahan2', 2, 'pcs', 125, 'notes2', 'AKTIF', 5, '2020-06-03 02:09:10', '0000-00-00 00:00:00', 20, 1),
(26, 'tambahan2', 15, 'pcs', 123, 'notes', 'AKTIF', 6, '2020-06-03 02:10:22', '0000-00-00 00:00:00', 20, 1);

--
-- 触发器 `tbl_tambahan_pembelian`
--
DELIMITER $$
CREATE TRIGGER `TRG_AFTER_INSERT_TAMBAHAN_PEMBELIAN` AFTER INSERT ON `tbl_tambahan_pembelian` FOR EACH ROW BEGIN
            SET @ID_USER = NEW.ID_LAST_MODIFIED;
            SET @TGL_ACTION = NEW.TMBHN_LAST_MODIFIED;
            SET @LOG_TEXT = CONCAT(NEW.ID_LAST_MODIFIED,' ','INSERT DATA AT' , NEW.TMBHN_LAST_MODIFIED);
            CALL INSERT_LOG_ALL(@ID_USER,@TGL_ACTION,@LOG_TEXT,@ID_LOG_ALL);
            
            INSERT INTO TBL_TAMBAHAN_PEMBELIAN_LOG(EXECUTED_FUNCTION,ID_PK_TMBHN,TMBHN,TMBHN_JUMLAH,TMBHN_SATUAN,TMBHN_HARGA,TMBHN_NOTES,TMBHN_STATUS,ID_FK_PEMBELIAN,TMBHN_CREATE_DATE,TMBHN_LAST_MODIFIED,ID_CREATE_DATA,ID_LAST_MODIFIED,ID_LOG_ALL) VALUES ('AFTER INSERT',NEW.ID_PK_TMBHN,NEW.TMBHN,NEW.TMBHN_JUMLAH,NEW.TMBHN_SATUAN,NEW.TMBHN_HARGA,NEW.TMBHN_NOTES,NEW.TMBHN_STATUS,NEW.ID_FK_PEMBELIAN,NEW.TMBHN_CREATE_DATE,NEW.TMBHN_LAST_MODIFIED,NEW.ID_CREATE_DATA,NEW.ID_LAST_MODIFIED,@ID_LOG_ALL);
        END
$$
DELIMITER ;
DELIMITER $$
CREATE TRIGGER `TRG_AFTER_UPDATE_TAMBAHAN_PEMBELIAN` AFTER UPDATE ON `tbl_tambahan_pembelian` FOR EACH ROW BEGIN
            SET @ID_USER = NEW.ID_LAST_MODIFIED;
            SET @TGL_ACTION = NEW.TMBHN_LAST_MODIFIED;
            SET @LOG_TEXT = CONCAT(NEW.ID_LAST_MODIFIED,' ','UPDATE DATA AT' , NEW.TMBHN_LAST_MODIFIED);
            CALL INSERT_LOG_ALL(@ID_USER,@TGL_ACTION,@LOG_TEXT,@ID_LOG_ALL);
            
            INSERT INTO TBL_TAMBAHAN_PEMBELIAN_LOG(EXECUTED_FUNCTION,ID_PK_TMBHN,TMBHN,TMBHN_JUMLAH,TMBHN_SATUAN,TMBHN_HARGA,TMBHN_NOTES,TMBHN_STATUS,ID_FK_PEMBELIAN,TMBHN_CREATE_DATE,TMBHN_LAST_MODIFIED,ID_CREATE_DATA,ID_LAST_MODIFIED,ID_LOG_ALL) VALUES ('AFTER UPDATE',NEW.ID_PK_TMBHN,NEW.TMBHN,NEW.TMBHN_JUMLAH,NEW.TMBHN_SATUAN,NEW.TMBHN_HARGA,NEW.TMBHN_NOTES,NEW.TMBHN_STATUS,NEW.ID_FK_PEMBELIAN,NEW.TMBHN_CREATE_DATE,NEW.TMBHN_LAST_MODIFIED,NEW.ID_CREATE_DATA,NEW.ID_LAST_MODIFIED,@ID_LOG_ALL);
        END
$$
DELIMITER ;

-- --------------------------------------------------------

--
-- 表的结构 `tbl_tambahan_pembelian_log`
--

CREATE TABLE `tbl_tambahan_pembelian_log` (
  `ID_PK_TMBHN_LOG` int(11) NOT NULL,
  `EXECUTED_FUNCTION` varchar(30) DEFAULT NULL,
  `ID_PK_TMBHN` int(11) DEFAULT NULL,
  `TMBHN` varchar(100) DEFAULT NULL,
  `TMBHN_JUMLAH` double DEFAULT NULL,
  `TMBHN_SATUAN` varchar(20) DEFAULT NULL,
  `TMBHN_HARGA` int(11) DEFAULT NULL,
  `TMBHN_NOTES` varchar(200) DEFAULT NULL,
  `TMBHN_STATUS` varchar(15) DEFAULT NULL,
  `ID_FK_PEMBELIAN` int(11) DEFAULT NULL,
  `TMBHN_CREATE_DATE` datetime DEFAULT NULL,
  `TMBHN_LAST_MODIFIED` datetime DEFAULT NULL,
  `ID_CREATE_DATA` int(11) DEFAULT NULL,
  `ID_LAST_MODIFIED` int(11) DEFAULT NULL,
  `ID_LOG_ALL` int(11) DEFAULT NULL
) ENGINE=InnoDB DEFAULT CHARSET=utf8mb4;

--
-- 转存表中的数据 `tbl_tambahan_pembelian_log`
--

INSERT INTO `tbl_tambahan_pembelian_log` (`ID_PK_TMBHN_LOG`, `EXECUTED_FUNCTION`, `ID_PK_TMBHN`, `TMBHN`, `TMBHN_JUMLAH`, `TMBHN_SATUAN`, `TMBHN_HARGA`, `TMBHN_NOTES`, `TMBHN_STATUS`, `ID_FK_PEMBELIAN`, `TMBHN_CREATE_DATE`, `TMBHN_LAST_MODIFIED`, `ID_CREATE_DATA`, `ID_LAST_MODIFIED`, `ID_LOG_ALL`) VALUES
(1, 'AFTER INSERT', 1, 'tambahan1', 3, 'jumlah', 1115, 'notes3', 'AKTIF', 1, '2020-05-13 12:13:23', '0000-00-00 00:00:00', 2020, 1, 233),
(2, 'AFTER INSERT', 2, 'tambahan4', 5, 'jumlah', 9889, 'notes4', 'AKTIF', 1, '2020-05-13 12:13:23', '0000-00-00 00:00:00', 2020, 1, 234),
(3, 'AFTER UPDATE', 2, 'tambahan4', 5, 'jumlah', 9889, 'notes4', 'NONAKTIF', 1, '2020-05-13 12:13:23', '0000-00-00 00:00:00', 2020, 1, 244),
(4, 'AFTER INSERT', 3, 'tmbheditadd', 2, 'tmbhedit', 5555, 'notestmbhedit', 'AKTIF', 2, '2020-05-13 21:03:41', '0000-00-00 00:00:00', 2020, 1, 250),
(5, 'AFTER INSERT', 4, 'tmbheditadd', 2, 'tmbhedit', 5555, 'notestmbhedit', 'AKTIF', 2, '2020-05-13 21:05:23', '0000-00-00 00:00:00', 2020, 1, 253),
(6, 'AFTER INSERT', 5, 'tmbheditadd', 2, 'tmbhedit', 5555, 'notestmbhedit', 'AKTIF', 2, '2020-05-13 21:05:38', '0000-00-00 00:00:00', 2020, 1, 256),
(7, 'AFTER INSERT', 6, 'tmbheditadd', 2, 'tmbhedit', 5555, 'notestmbhedit', 'AKTIF', 2, '2020-05-13 21:05:44', '0000-00-00 00:00:00', 2020, 1, 259),
(8, 'AFTER INSERT', 7, 'tmbheditadd', 2, 'tmbhedit', 5555, 'notestmbhedit', 'AKTIF', 2, '2020-05-13 21:05:49', '0000-00-00 00:00:00', 2020, 1, 262),
(9, 'AFTER INSERT', 8, 'tmbheditadd', 2, 'tmbhedit', 5555, 'notestmbhedit', 'AKTIF', 2, '2020-05-13 21:05:55', '0000-00-00 00:00:00', 2020, 1, 265),
(10, 'AFTER INSERT', 9, 'tmbheditadd', 2, 'tmbhedit', 5555, 'notestmbhedit', 'AKTIF', 2, '2020-05-13 21:06:12', '0000-00-00 00:00:00', 2020, 1, 268),
(11, 'AFTER INSERT', 10, 'tmbheditadd', 2, 'tmbhedit', 5555, 'notestmbhedit', 'AKTIF', 2, '2020-05-13 21:06:41', '0000-00-00 00:00:00', 2020, 1, 271),
(12, 'AFTER INSERT', 11, 'tmbheditadd', 2, 'tmbhedit', 5555, 'notestmbhedit', 'AKTIF', 2, '2020-05-13 21:07:06', '0000-00-00 00:00:00', 2020, 1, 275),
(13, 'AFTER INSERT', 12, 'tmbhn1', 1, 'jmlh', 5555, 'notest6', 'AKTIF', 1, '2020-05-13 21:23:51', '0000-00-00 00:00:00', 2020, 1, 347),
(14, 'AFTER INSERT', 13, 'huehue', 3, 'hue', 123, 'huehue', 'AKTIF', 1, '2020-05-13 21:39:09', '0000-00-00 00:00:00', 2020, 1, 413),
(15, 'AFTER INSERT', 14, 'huehue2', 4, 'huehue2', 123, 'huehue2', 'AKTIF', 1, '2020-05-13 21:40:14', '0000-00-00 00:00:00', 2020, 1, 419),
(16, 'AFTER INSERT', 15, 'huehu3', 5, 'hue3', 444, 'hue3', 'AKTIF', 1, '2020-05-13 21:40:14', '0000-00-00 00:00:00', 2020, 1, 420),
(17, 'AFTER UPDATE', 1, 'tambahan13', 3, 'jumlah3', 11153, 'notes33', 'AKTIF', NULL, '2020-05-13 12:13:23', '0000-00-00 00:00:00', 2020, 1, 461),
(18, 'AFTER UPDATE', 12, 'tmbhn1', 1, 'jmlh', 5555, 'notest6', 'AKTIF', NULL, '2020-05-13 21:23:51', '0000-00-00 00:00:00', 2020, 1, 462),
(19, 'AFTER UPDATE', 13, 'huehue', 3, 'hue', 123, 'huehue', 'AKTIF', NULL, '2020-05-13 21:39:09', '0000-00-00 00:00:00', 2020, 1, 463),
(20, 'AFTER UPDATE', 14, 'huehue2', 4, 'huehue2', 123, 'huehue2', 'AKTIF', NULL, '2020-05-13 21:40:14', '0000-00-00 00:00:00', 2020, 1, 464),
(21, 'AFTER UPDATE', 15, 'huehu3', 5, 'hue3', 444, 'hue3', 'AKTIF', NULL, '2020-05-13 21:40:14', '0000-00-00 00:00:00', 2020, 1, 465),
(22, 'AFTER UPDATE', 1, 'tambahan13', 3, 'jumlah3', 11153, 'notes33', 'AKTIF', 1, '2020-05-13 12:13:23', '0000-00-00 00:00:00', 2020, 1, 466),
(23, 'AFTER UPDATE', 2, 'tambahan4', 5, 'jumlah', 9889, 'notes4', 'NONAKTIF', 1, '2020-05-13 12:13:23', '0000-00-00 00:00:00', 2020, 1, 467),
(24, 'AFTER UPDATE', 3, 'tmbheditadd', 2, 'tmbhedit', 5555, 'notestmbhedit', 'AKTIF', 1, '2020-05-13 21:03:41', '0000-00-00 00:00:00', 2020, 1, 468),
(25, 'AFTER UPDATE', 4, 'tmbheditadd', 2, 'tmbhedit', 5555, 'notestmbhedit', 'AKTIF', 1, '2020-05-13 21:05:23', '0000-00-00 00:00:00', 2020, 1, 469),
(26, 'AFTER UPDATE', 5, 'tmbheditadd', 2, 'tmbhedit', 5555, 'notestmbhedit', 'AKTIF', 1, '2020-05-13 21:05:38', '0000-00-00 00:00:00', 2020, 1, 470),
(27, 'AFTER UPDATE', 6, 'tmbheditadd', 2, 'tmbhedit', 5555, 'notestmbhedit', 'AKTIF', 1, '2020-05-13 21:05:44', '0000-00-00 00:00:00', 2020, 1, 471),
(28, 'AFTER UPDATE', 7, 'tmbheditadd', 2, 'tmbhedit', 5555, 'notestmbhedit', 'AKTIF', 1, '2020-05-13 21:05:49', '0000-00-00 00:00:00', 2020, 1, 472),
(29, 'AFTER UPDATE', 8, 'tmbheditadd', 2, 'tmbhedit', 5555, 'notestmbhedit', 'AKTIF', 1, '2020-05-13 21:05:55', '0000-00-00 00:00:00', 2020, 1, 473),
(30, 'AFTER UPDATE', 9, 'tmbheditadd', 2, 'tmbhedit', 5555, 'notestmbhedit', 'AKTIF', 1, '2020-05-13 21:06:12', '0000-00-00 00:00:00', 2020, 1, 474),
(31, 'AFTER UPDATE', 10, 'tmbheditadd', 2, 'tmbhedit', 5555, 'notestmbhedit', 'AKTIF', 1, '2020-05-13 21:06:41', '0000-00-00 00:00:00', 2020, 1, 475),
(32, 'AFTER UPDATE', 11, 'tmbheditadd', 2, 'tmbhedit', 5555, 'notestmbhedit', 'AKTIF', 1, '2020-05-13 21:07:06', '0000-00-00 00:00:00', 2020, 1, 476),
(33, 'AFTER UPDATE', 12, 'tmbhn1', 1, 'jmlh', 5555, 'notest6', 'AKTIF', 1, '2020-05-13 21:23:51', '0000-00-00 00:00:00', 2020, 1, 477),
(34, 'AFTER UPDATE', 13, 'huehue', 3, 'hue', 123, 'huehue', 'AKTIF', 1, '2020-05-13 21:39:09', '0000-00-00 00:00:00', 2020, 1, 478),
(35, 'AFTER UPDATE', 14, 'huehue2', 4, 'huehue2', 123, 'huehue2', 'AKTIF', 1, '2020-05-13 21:40:14', '0000-00-00 00:00:00', 2020, 1, 479),
(36, 'AFTER UPDATE', 15, 'huehu3', 5, 'hue3', 444, 'hue3', 'AKTIF', 1, '2020-05-13 21:40:14', '0000-00-00 00:00:00', 2020, 1, 480),
(37, 'AFTER UPDATE', 1, 'tambahan1344', 3, 'jumlah344', 1115344, 'notes3344', 'AKTIF', 1, '2020-05-13 12:13:23', '0000-00-00 00:00:00', 2020, 1, 486),
(38, 'AFTER UPDATE', 3, 'tmbheditadd44', 2, 'tmbhedit44', 555544, 'notestmbhed44it', 'AKTIF', 1, '2020-05-13 21:03:41', '0000-00-00 00:00:00', 2020, 1, 487),
(39, 'AFTER UPDATE', 4, 'tmbheditadd', 2, 'tmbhedit', 5555, 'notestmbhedit', 'AKTIF', 1, '2020-05-13 21:05:23', '0000-00-00 00:00:00', 2020, 1, 488),
(40, 'AFTER UPDATE', 5, 'tmbheditadd', 2, 'tmbhedit', 5555, 'notestmbhedit', 'AKTIF', 1, '2020-05-13 21:05:38', '0000-00-00 00:00:00', 2020, 1, 489),
(41, 'AFTER UPDATE', 6, 'tmbheditadd', 2, 'tmbhedit', 5555, 'notestmbhedit', 'AKTIF', 1, '2020-05-13 21:05:44', '0000-00-00 00:00:00', 2020, 1, 490),
(42, 'AFTER UPDATE', 7, 'tmbheditadd', 2, 'tmbhedit', 5555, 'notestmbhedit', 'AKTIF', 1, '2020-05-13 21:05:49', '0000-00-00 00:00:00', 2020, 1, 491),
(43, 'AFTER UPDATE', 8, 'tmbheditadd', 2, 'tmbhedit', 5555, 'notestmbhedit', 'AKTIF', 1, '2020-05-13 21:05:55', '0000-00-00 00:00:00', 2020, 1, 492),
(44, 'AFTER UPDATE', 9, 'tmbheditadd', 2, 'tmbhedit', 5555, 'notestmbhedit', 'AKTIF', 1, '2020-05-13 21:06:12', '0000-00-00 00:00:00', 2020, 1, 493),
(45, 'AFTER UPDATE', 10, 'tmbheditadd', 2, 'tmbhedit', 5555, 'notestmbhedit', 'AKTIF', 1, '2020-05-13 21:06:41', '0000-00-00 00:00:00', 2020, 1, 494),
(46, 'AFTER UPDATE', 11, 'tmbheditadd', 2, 'tmbhedit', 5555, 'notestmbhedit', 'AKTIF', 1, '2020-05-13 21:07:06', '0000-00-00 00:00:00', 2020, 1, 495),
(47, 'AFTER UPDATE', 12, 'tmbhn1', 1, 'jmlh', 5555, 'notest6', 'AKTIF', 1, '2020-05-13 21:23:51', '0000-00-00 00:00:00', 2020, 1, 496),
(48, 'AFTER UPDATE', 13, 'huehue', 3, 'hue', 123, 'huehue', 'AKTIF', 1, '2020-05-13 21:39:09', '0000-00-00 00:00:00', 2020, 1, 497),
(49, 'AFTER UPDATE', 14, 'huehue2', 4, 'huehue2', 123, 'huehue2', 'AKTIF', 1, '2020-05-13 21:40:14', '0000-00-00 00:00:00', 2020, 1, 498),
(50, 'AFTER UPDATE', 15, 'huehu3', 5, 'hue3', 444, 'hue3', 'AKTIF', 1, '2020-05-13 21:40:14', '0000-00-00 00:00:00', 2020, 1, 499),
(51, 'AFTER UPDATE', 4, 'tmbheditadd', 2, 'tmbhedit', 5555, 'notestmbhedit', 'NONAKTIF', 1, '2020-05-13 21:05:23', '0000-00-00 00:00:00', 2020, 1, 500),
(52, 'AFTER UPDATE', 3, 'tmbheditadd44', 2, 'tmbhedit44', 555544, 'notestmbhed44it', 'NONAKTIF', 1, '2020-05-13 21:03:41', '0000-00-00 00:00:00', 2020, 1, 501),
(53, 'AFTER UPDATE', 6, 'tmbheditadd', 2, 'tmbhedit', 5555, 'notestmbhedit', 'NONAKTIF', 1, '2020-05-13 21:05:44', '0000-00-00 00:00:00', 2020, 1, 502),
(54, 'AFTER UPDATE', 8, 'tmbheditadd', 2, 'tmbhedit', 5555, 'notestmbhedit', 'NONAKTIF', 1, '2020-05-13 21:05:55', '0000-00-00 00:00:00', 2020, 1, 503),
(55, 'AFTER UPDATE', 10, 'tmbheditadd', 2, 'tmbhedit', 5555, 'notestmbhedit', 'NONAKTIF', 1, '2020-05-13 21:06:41', '0000-00-00 00:00:00', 2020, 1, 504),
(56, 'AFTER UPDATE', 11, 'tmbheditadd', 2, 'tmbhedit', 5555, 'notestmbhedit', 'NONAKTIF', 1, '2020-05-13 21:07:06', '0000-00-00 00:00:00', 2020, 1, 505),
(57, 'AFTER UPDATE', 12, 'tmbhn1', 1, 'jmlh', 5555, 'notest6', 'NONAKTIF', 1, '2020-05-13 21:23:51', '0000-00-00 00:00:00', 2020, 1, 506),
(58, 'AFTER UPDATE', 13, 'huehue', 3, 'hue', 123, 'huehue', 'NONAKTIF', 1, '2020-05-13 21:39:09', '0000-00-00 00:00:00', 2020, 1, 507),
(59, 'AFTER UPDATE', 14, 'huehue2', 4, 'huehue2', 123, 'huehue2', 'NONAKTIF', 1, '2020-05-13 21:40:14', '0000-00-00 00:00:00', 2020, 1, 508),
(60, 'AFTER UPDATE', 15, 'huehu3', 5, 'hue3', 444, 'hue3', 'NONAKTIF', 1, '2020-05-13 21:40:14', '0000-00-00 00:00:00', 2020, 1, 509),
(61, 'AFTER UPDATE', 7, 'tmbheditadd', 2, 'tmbhedit', 5555, 'notestmbhedit', 'NONAKTIF', 1, '2020-05-13 21:05:49', '0000-00-00 00:00:00', 2020, 1, 510),
(62, 'AFTER UPDATE', 9, 'tmbheditadd', 2, 'tmbhedit', 5555, 'notestmbhedit', 'NONAKTIF', 1, '2020-05-13 21:06:12', '0000-00-00 00:00:00', 2020, 1, 511),
(63, 'AFTER UPDATE', 5, 'tmbheditadd', 2, 'tmbhedit', 5555, 'notestmbhedit', 'NONAKTIF', 1, '2020-05-13 21:05:38', '0000-00-00 00:00:00', 2020, 1, 512),
(64, 'AFTER UPDATE', 1, 'tambahan1344', 3, 'jumlah344', 1115344, 'notes3344', 'AKTIF', 1, '2020-05-13 12:13:23', '0000-00-00 00:00:00', 2020, 1, 519),
(65, 'AFTER INSERT', 16, 'aaa', 1, 'aaaa', 1111, 'aaaa', 'AKTIF', 1, '2020-05-13 21:52:19', '0000-00-00 00:00:00', 2020, 1, 520),
(66, 'AFTER INSERT', 17, 'bbb', 2, 'bbb', 2222, 'bbbb', 'AKTIF', 1, '2020-05-13 21:52:19', '0000-00-00 00:00:00', 2020, 1, 521),
(67, 'AFTER UPDATE', 1, 'tambahan13414', 3, 'jumlah3441', 11153441, 'notes33441', 'AKTIF', 1, '2020-05-13 12:13:23', '0000-00-00 00:00:00', 2020, 1, 526),
(68, 'AFTER UPDATE', 16, 'aaa', 1, 'aaaa', 1111, 'aaaa', 'AKTIF', 1, '2020-05-13 21:52:19', '0000-00-00 00:00:00', 2020, 1, 527),
(69, 'AFTER UPDATE', 17, 'bbb', 2, 'bbb', 2222, 'bbbb', 'AKTIF', 1, '2020-05-13 21:52:19', '0000-00-00 00:00:00', 2020, 1, 528),
(70, 'AFTER INSERT', 18, '1112', 1212, 'sdf', 11221, '12121', 'AKTIF', 3, '2020-05-13 22:01:03', '0000-00-00 00:00:00', 2020, 1, 545),
(71, 'AFTER INSERT', 19, 'fff', 12, 'ff', 2123, 'afewfaw', 'AKTIF', 4, '2020-05-13 22:02:09', '0000-00-00 00:00:00', 2020, 1, 550),
(72, 'AFTER INSERT', 20, 'barang3', 11, 'pcs', 11211, 'notes', 'AKTIF', 1, '2020-05-21 22:52:49', '0000-00-00 00:00:00', 2020, 1, 889),
(73, 'AFTER UPDATE', 1, 'tambahan14', 1, 'pcs4', 1234, 'notes14', 'AKTIF', 1, '2020-05-13 12:13:23', '0000-00-00 00:00:00', 2020, 1, 1283),
(74, 'AFTER UPDATE', 2, 'tambahan24', 2, 'pcs4', 1234, 'notse24', 'NONAKTIF', 1, '2020-05-13 12:13:23', '0000-00-00 00:00:00', 2020, 1, 1284),
(75, 'AFTER UPDATE', 1, 'tambahan14', 1, 'pcs4', 1234, 'notes14', 'AKTIF', 1, '2020-05-13 12:13:23', '0000-00-00 00:00:00', 2020, 1, 1286),
(76, 'AFTER UPDATE', 2, 'tambahan24', 2, 'pcs4', 1234, 'notse24', 'NONAKTIF', 1, '2020-05-13 12:13:23', '0000-00-00 00:00:00', 2020, 1, 1287),
(77, 'AFTER UPDATE', 1, 'tambahan1', 1, 'pcs', 123, 'notes1', 'AKTIF', 1, '2020-05-13 12:13:23', '0000-00-00 00:00:00', 2020, 1, 1289),
(78, 'AFTER UPDATE', 2, 'tambahan2', 2, 'pcs', 123, 'notse2', 'NONAKTIF', 1, '2020-05-13 12:13:23', '0000-00-00 00:00:00', 2020, 1, 1290),
(79, 'AFTER INSERT', 21, 'tambahan1', 1, 'pcs', 12000, 'notes2', 'AKTIF', 3, '2020-05-26 08:44:35', '0000-00-00 00:00:00', 20, 1, 1518),
(80, 'AFTER INSERT', 22, 'asdf', 121, 'pcs', 1233, '221321', 'AKTIF', 4, '2020-05-27 01:10:10', '0000-00-00 00:00:00', 20, 1, 1539),
(81, 'AFTER INSERT', 23, 'asdf 4', 55, 'pcs', 122, '1111', 'AKTIF', 4, '2020-05-27 01:10:10', '0000-00-00 00:00:00', 20, 1, 1540),
(82, 'AFTER UPDATE', 19, 'fff', 12, 'ff', 2123, 'afewfaw', 'AKTIF', 4, '2020-05-13 22:02:09', '0000-00-00 00:00:00', 2020, 1, 2246),
(83, 'AFTER UPDATE', 22, 'asdf', 121, 'pcs', 1233, '221321', 'AKTIF', 4, '2020-05-27 01:10:10', '0000-00-00 00:00:00', 20, 1, 2247),
(84, 'AFTER UPDATE', 23, 'asdf 4', 55, 'pcs', 122, '1111', 'AKTIF', 4, '2020-05-27 01:10:10', '0000-00-00 00:00:00', 20, 1, 2248),
(85, 'AFTER UPDATE', 19, 'fff', 12, 'ff', 2123, 'afewfaw', 'AKTIF', 4, '2020-05-13 22:02:09', '0000-00-00 00:00:00', 2020, 1, 2253),
(86, 'AFTER UPDATE', 22, 'asdf', 121, 'pcs', 1233, '221321', 'AKTIF', 4, '2020-05-27 01:10:10', '0000-00-00 00:00:00', 20, 1, 2254),
(87, 'AFTER UPDATE', 23, 'asdf 4', 55, 'pcs', 122, '1111', 'AKTIF', 4, '2020-05-27 01:10:10', '0000-00-00 00:00:00', 20, 1, 2255),
(88, 'AFTER UPDATE', 19, 'fff', 12, 'ff', 2123, 'afewfaw', 'AKTIF', 4, '2020-05-13 22:02:09', '0000-00-00 00:00:00', 2020, 1, 2258),
(89, 'AFTER UPDATE', 22, 'asdf', 121, 'pcs', 1233, '221321', 'AKTIF', 4, '2020-05-27 01:10:10', '0000-00-00 00:00:00', 20, 1, 2259),
(90, 'AFTER UPDATE', 23, 'asdf 4', 55, 'pcs', 122, '1111', 'AKTIF', 4, '2020-05-27 01:10:10', '0000-00-00 00:00:00', 20, 1, 2260),
(91, 'AFTER UPDATE', 19, 'fff', 12, 'ff', 2123, 'afewfaw', 'AKTIF', 4, '2020-05-13 22:02:09', '0000-00-00 00:00:00', 2020, 1, 2264),
(92, 'AFTER UPDATE', 22, 'asdf', 121, 'pcs', 1233, '221321', 'AKTIF', 4, '2020-05-27 01:10:10', '0000-00-00 00:00:00', 20, 1, 2265),
(93, 'AFTER UPDATE', 23, 'asdf 4', 55, 'pcs', 122, '1111', 'AKTIF', 4, '2020-05-27 01:10:10', '0000-00-00 00:00:00', 20, 1, 2266),
(94, 'AFTER INSERT', 24, 'tambahan1', 1, 'pcs', 123, 'notes', 'AKTIF', 5, '2020-06-03 02:09:10', '0000-00-00 00:00:00', 20, 1, 2326),
(95, 'AFTER INSERT', 25, 'tambahan2', 2, 'pcs', 125, 'notes2', 'AKTIF', 5, '2020-06-03 02:09:10', '0000-00-00 00:00:00', 20, 1, 2327),
(96, 'AFTER INSERT', 26, 'tambahan2', 1, 'pcs', 123, 'notes', 'AKTIF', 6, '2020-06-03 02:10:22', '0000-00-00 00:00:00', 20, 1, 2330),
(97, 'AFTER UPDATE', 26, 'tambahan2', 1, 'pcs', 123, 'notes', 'AKTIF', 6, '2020-06-03 02:10:22', '0000-00-00 00:00:00', 20, 1, 2333),
(98, 'AFTER UPDATE', 26, 'tambahan2', 15, 'pcs', 123, 'notes', 'AKTIF', 6, '2020-06-03 02:10:22', '0000-00-00 00:00:00', 20, 1, 2336),
(99, 'AFTER UPDATE', 26, 'tambahan2', 15, 'pcs', 123, 'notes', 'AKTIF', 6, '2020-06-03 02:10:22', '0000-00-00 00:00:00', 20, 1, 2339),
(100, 'AFTER UPDATE', 24, 'tambahan1', 1, 'pcs', 123, 'notes', 'AKTIF', 5, '2020-06-03 02:09:10', '0000-00-00 00:00:00', 20, 1, 2342),
(101, 'AFTER UPDATE', 25, 'tambahan2', 2, 'pcs', 125, 'notes2', 'AKTIF', 5, '2020-06-03 02:09:10', '0000-00-00 00:00:00', 20, 1, 2343);

-- --------------------------------------------------------

--
-- 表的结构 `tbl_tambahan_penjualan`
--

CREATE TABLE `tbl_tambahan_penjualan` (
  `ID_PK_TMBHN` int(11) NOT NULL,
  `TMBHN` varchar(100) DEFAULT NULL,
  `TMBHN_JUMLAH` double DEFAULT NULL,
  `TMBHN_SATUAN` varchar(20) DEFAULT NULL,
  `TMBHN_HARGA` int(11) DEFAULT NULL,
  `TMBHN_NOTES` varchar(200) DEFAULT NULL,
  `TMBHN_STATUS` varchar(15) DEFAULT NULL,
  `ID_FK_PENJUALAN` int(11) DEFAULT NULL,
  `TMBHN_CREATE_DATE` datetime DEFAULT NULL,
  `TMBHN_LAST_MODIFIED` datetime DEFAULT NULL,
  `ID_CREATE_DATA` int(11) DEFAULT NULL,
  `ID_LAST_MODIFIED` int(11) DEFAULT NULL
) ENGINE=InnoDB DEFAULT CHARSET=utf8mb4;

--
-- 转存表中的数据 `tbl_tambahan_penjualan`
--

INSERT INTO `tbl_tambahan_penjualan` (`ID_PK_TMBHN`, `TMBHN`, `TMBHN_JUMLAH`, `TMBHN_SATUAN`, `TMBHN_HARGA`, `TMBHN_NOTES`, `TMBHN_STATUS`, `ID_FK_PENJUALAN`, `TMBHN_CREATE_DATE`, `TMBHN_LAST_MODIFIED`, `ID_CREATE_DATA`, `ID_LAST_MODIFIED`) VALUES
(1, 'tambahan14', 1, 'pcs4', 1234, 'notes1', 'AKTIF', 9, '2020-05-26 16:12:58', '2020-05-26 16:30:49', 1, 1),
(2, 'tambahan2', 2, 'pcs4', 1234, 'notse2', 'NONAKTIF', 9, '2020-05-26 16:12:58', '2020-05-26 16:26:34', 1, 1),
(3, 'tambahan3', 3, 'pcs4', 1234, 'notes3', 'NONAKTIF', 9, '2020-05-26 16:26:16', '2020-05-26 16:26:33', 1, 1),
(4, 'TAMBAHAN 1', 1, 'PCS', 1000, 'NOTES', 'AKTIF', 11, '2020-05-29 03:46:05', '2020-06-03 10:24:33', 1, 1),
(5, 'TAMBAHAN 2', 2, 'PCS', 2000, 'NOTES', 'AKTIF', 11, '2020-05-29 03:46:05', '2020-06-03 10:24:33', 1, 1),
(6, 'tambahan1', 1, 'abc', 122, '150', 'AKTIF', 21, '2020-05-30 04:08:47', '2020-05-30 04:08:47', 1, 1),
(7, 'tambahan2', 2, 'def', 150, '200', 'AKTIF', 21, '2020-05-30 04:08:47', '2020-05-30 04:08:47', 1, 1),
(8, 'tambahan1', 2, 'pcs', 300, 'notes2', 'AKTIF', 22, '2020-05-30 04:13:20', '2020-05-30 04:13:20', 1, 1),
(9, 'tambahan2', 3, 'pcs', 500, 'notes4', 'AKTIF', 22, '2020-05-30 04:13:20', '2020-05-30 04:13:20', 1, 1),
(10, 'tambahan14', 14, 'pcs4', 12304, 'notes44', 'AKTIF', 24, '2020-05-31 07:49:16', '2020-06-01 10:24:46', 1, 1),
(11, 'tambahan24', 240, 'lbr4', 1114, 'notes 54', 'AKTIF', 24, '2020-05-31 07:49:16', '2020-06-01 10:24:46', 1, 1),
(12, 'tambahan1', 23, 'lbrr3', 123, '124', 'nonaktif', 24, '2020-06-01 10:13:22', '2020-06-01 11:00:19', 1, 1),
(13, 'tambahan2', 22, 'lbr2', 1235, '1245', 'nonaktif', 24, '2020-06-01 10:13:22', '2020-06-01 11:00:19', 1, 1);

--
-- 触发器 `tbl_tambahan_penjualan`
--
DELIMITER $$
CREATE TRIGGER `TRG_AFTER_INSERT_TAMBAHAN_PENJUALAN` AFTER INSERT ON `tbl_tambahan_penjualan` FOR EACH ROW BEGIN
            SET @ID_USER = NEW.ID_LAST_MODIFIED;
            SET @TGL_ACTION = NEW.TMBHN_LAST_MODIFIED;
            SET @LOG_TEXT = CONCAT(NEW.ID_LAST_MODIFIED,' ','INSERT DATA AT' , NEW.TMBHN_LAST_MODIFIED);
            CALL INSERT_LOG_ALL(@ID_USER,@TGL_ACTION,@LOG_TEXT,@ID_LOG_ALL);
            
            INSERT INTO TBL_TAMBAHAN_PENJUALAN_LOG(EXECUTED_FUNCTION,ID_PK_TMBHN,TMBHN,TMBHN_JUMLAH,TMBHN_SATUAN,TMBHN_HARGA,TMBHN_NOTES,TMBHN_STATUS,ID_FK_PENJUALAN,TMBHN_CREATE_DATE,TMBHN_LAST_MODIFIED,ID_CREATE_DATA,ID_LAST_MODIFIED,ID_LOG_ALL) VALUES ('AFTER INSERT',NEW.ID_PK_TMBHN,NEW.TMBHN,NEW.TMBHN_JUMLAH,NEW.TMBHN_SATUAN,NEW.TMBHN_HARGA,NEW.TMBHN_NOTES,NEW.TMBHN_STATUS,NEW.ID_FK_PENJUALAN,NEW.TMBHN_CREATE_DATE,NEW.TMBHN_LAST_MODIFIED,NEW.ID_CREATE_DATA,NEW.ID_LAST_MODIFIED,@ID_LOG_ALL);
        END
$$
DELIMITER ;
DELIMITER $$
CREATE TRIGGER `TRG_AFTER_UPDATE_TAMBAHAN_PENJUALAN` AFTER UPDATE ON `tbl_tambahan_penjualan` FOR EACH ROW BEGIN
            SET @ID_USER = NEW.ID_LAST_MODIFIED;
            SET @TGL_ACTION = NEW.TMBHN_LAST_MODIFIED;
            SET @LOG_TEXT = CONCAT(NEW.ID_LAST_MODIFIED,' ','UPDATE DATA AT' , NEW.TMBHN_LAST_MODIFIED);
            CALL INSERT_LOG_ALL(@ID_USER,@TGL_ACTION,@LOG_TEXT,@ID_LOG_ALL);
            
            INSERT INTO TBL_TAMBAHAN_PENJUALAN_LOG(EXECUTED_FUNCTION,ID_PK_TMBHN,TMBHN,TMBHN_JUMLAH,TMBHN_SATUAN,TMBHN_HARGA,TMBHN_NOTES,TMBHN_STATUS,ID_FK_PENJUALAN,TMBHN_CREATE_DATE,TMBHN_LAST_MODIFIED,ID_CREATE_DATA,ID_LAST_MODIFIED,ID_LOG_ALL) VALUES ('AFTER UPDATE',NEW.ID_PK_TMBHN,NEW.TMBHN,NEW.TMBHN_JUMLAH,NEW.TMBHN_SATUAN,NEW.TMBHN_HARGA,NEW.TMBHN_NOTES,NEW.TMBHN_STATUS,NEW.ID_FK_PENJUALAN,NEW.TMBHN_CREATE_DATE,NEW.TMBHN_LAST_MODIFIED,NEW.ID_CREATE_DATA,NEW.ID_LAST_MODIFIED,@ID_LOG_ALL);
        END
$$
DELIMITER ;

-- --------------------------------------------------------

--
-- 表的结构 `tbl_tambahan_penjualan_log`
--

CREATE TABLE `tbl_tambahan_penjualan_log` (
  `ID_PK_TMBHN_LOG` int(11) NOT NULL,
  `EXECUTED_FUNCTION` varchar(30) DEFAULT NULL,
  `ID_PK_TMBHN` int(11) DEFAULT NULL,
  `TMBHN` varchar(100) DEFAULT NULL,
  `TMBHN_JUMLAH` double DEFAULT NULL,
  `TMBHN_SATUAN` varchar(20) DEFAULT NULL,
  `TMBHN_HARGA` int(11) DEFAULT NULL,
  `TMBHN_NOTES` varchar(200) DEFAULT NULL,
  `TMBHN_STATUS` varchar(15) DEFAULT NULL,
  `ID_FK_PENJUALAN` int(11) DEFAULT NULL,
  `TMBHN_CREATE_DATE` datetime DEFAULT NULL,
  `TMBHN_LAST_MODIFIED` datetime DEFAULT NULL,
  `ID_CREATE_DATA` int(11) DEFAULT NULL,
  `ID_LAST_MODIFIED` int(11) DEFAULT NULL,
  `ID_LOG_ALL` int(11) DEFAULT NULL
) ENGINE=InnoDB DEFAULT CHARSET=utf8mb4;

--
-- 转存表中的数据 `tbl_tambahan_penjualan_log`
--

INSERT INTO `tbl_tambahan_penjualan_log` (`ID_PK_TMBHN_LOG`, `EXECUTED_FUNCTION`, `ID_PK_TMBHN`, `TMBHN`, `TMBHN_JUMLAH`, `TMBHN_SATUAN`, `TMBHN_HARGA`, `TMBHN_NOTES`, `TMBHN_STATUS`, `ID_FK_PENJUALAN`, `TMBHN_CREATE_DATE`, `TMBHN_LAST_MODIFIED`, `ID_CREATE_DATA`, `ID_LAST_MODIFIED`, `ID_LOG_ALL`) VALUES
(1, 'AFTER INSERT', 1, 'tambahan1', 1, 'pcs', 123, 'notes1', 'AKTIF', 9, '2020-05-26 16:12:58', '2020-05-26 16:12:58', 1, 1, 1278),
(2, 'AFTER INSERT', 2, 'tambahan2', 2, 'pcs', 123, 'notse2', 'AKTIF', 9, '2020-05-26 16:12:58', '2020-05-26 16:12:58', 1, 1, 1279),
(3, 'AFTER UPDATE', 1, 'tambahan1', 1, 'pcs', 123, 'notes1', 'AKTIF', 9, '2020-05-26 16:12:58', '2020-05-26 16:26:16', 1, 1, 1292),
(4, 'AFTER UPDATE', 2, 'tambahan2', 2, 'pcs', 123, 'notse2', 'AKTIF', 9, '2020-05-26 16:12:58', '2020-05-26 16:26:16', 1, 1, 1293),
(5, 'AFTER INSERT', 3, 'tambahan3', 3, 'pcs', 123, 'notes3', 'AKTIF', 9, '2020-05-26 16:26:16', '2020-05-26 16:26:16', 1, 1, 1294),
(6, 'AFTER UPDATE', 1, 'tambahan14', 1, 'pcs4', 1234, 'notes1', 'AKTIF', 9, '2020-05-26 16:12:58', '2020-05-26 16:26:26', 1, 1, 1296),
(7, 'AFTER UPDATE', 2, 'tambahan2', 2, 'pcs4', 1234, 'notse2', 'AKTIF', 9, '2020-05-26 16:12:58', '2020-05-26 16:26:26', 1, 1, 1297),
(8, 'AFTER UPDATE', 3, 'tambahan3', 3, 'pcs4', 1234, 'notes3', 'AKTIF', 9, '2020-05-26 16:26:16', '2020-05-26 16:26:26', 1, 1, 1298),
(9, 'AFTER UPDATE', 3, 'tambahan3', 3, 'pcs4', 1234, 'notes3', 'NONAKTIF', 9, '2020-05-26 16:26:16', '2020-05-26 16:26:33', 1, 1, 1299),
(10, 'AFTER UPDATE', 2, 'tambahan2', 2, 'pcs4', 1234, 'notse2', 'NONAKTIF', 9, '2020-05-26 16:12:58', '2020-05-26 16:26:34', 1, 1, 1300),
(11, 'AFTER UPDATE', 1, 'tambahan14', 1, 'pcs4', 1234, 'notes1', 'AKTIF', 9, '2020-05-26 16:12:58', '2020-05-26 16:28:18', 1, 1, 1302),
(12, 'AFTER UPDATE', 1, 'tambahan14', 1, 'pcs4', 1234, 'notes1', 'AKTIF', 9, '2020-05-26 16:12:58', '2020-05-26 16:29:50', 1, 1, 1305),
(13, 'AFTER UPDATE', 1, 'tambahan14', 1, 'pcs4', 1234, 'notes1', 'AKTIF', 9, '2020-05-26 16:12:58', '2020-05-26 16:30:16', 1, 1, 1310),
(14, 'AFTER UPDATE', 1, 'tambahan14', 1, 'pcs4', 1234, 'notes1', 'AKTIF', 9, '2020-05-26 16:12:58', '2020-05-26 16:30:49', 1, 1, 1315),
(15, 'AFTER INSERT', 4, 'TAMBAHAN 1', 1, 'PCS', 1000, 'NOTES', 'AKTIF', 11, '2020-05-29 03:46:05', '2020-05-29 03:46:05', 1, 1, 1589),
(16, 'AFTER INSERT', 5, 'TAMBAHAN 2', 2, 'PCS', 2000, 'NOTES', 'AKTIF', 11, '2020-05-29 03:46:05', '2020-05-29 03:46:05', 1, 1, 1590),
(17, 'AFTER INSERT', 6, 'tambahan1', 1, 'abc', 122, '150', 'AKTIF', 21, '2020-05-30 04:08:47', '2020-05-30 04:08:47', 1, 1, 1608),
(18, 'AFTER INSERT', 7, 'tambahan2', 2, 'def', 150, '200', 'AKTIF', 21, '2020-05-30 04:08:47', '2020-05-30 04:08:47', 1, 1, 1609),
(19, 'AFTER INSERT', 8, 'tambahan1', 2, 'pcs', 300, 'notes2', 'AKTIF', 22, '2020-05-30 04:13:20', '2020-05-30 04:13:20', 1, 1, 1615),
(20, 'AFTER INSERT', 9, 'tambahan2', 3, 'pcs', 500, 'notes4', 'AKTIF', 22, '2020-05-30 04:13:20', '2020-05-30 04:13:20', 1, 1, 1616),
(21, 'AFTER INSERT', 10, 'tambahan1', 1, 'pcs', 1230, 'notes4', 'AKTIF', 24, '2020-05-31 07:49:16', '2020-05-31 07:49:16', 1, 1, 1641),
(22, 'AFTER INSERT', 11, 'tambahan2', 20, 'lbr', 111, 'notes 5', 'AKTIF', 24, '2020-05-31 07:49:16', '2020-05-31 07:49:16', 1, 1, 1642),
(23, 'AFTER UPDATE', 10, 'tambahan1', 1, 'pcs', 1230, 'notes4', 'AKTIF', 24, '2020-05-31 07:49:16', '2020-06-01 09:34:08', 1, 1, 1652),
(24, 'AFTER UPDATE', 11, 'tambahan2', 20, 'lbr', 111, 'notes 5', 'AKTIF', 24, '2020-05-31 07:49:16', '2020-06-01 09:34:08', 1, 1, 1653),
(25, 'AFTER UPDATE', 10, 'tambahan1', 1, 'pcs', 1230, 'notes4', 'AKTIF', 24, '2020-05-31 07:49:16', '2020-06-01 09:38:53', 1, 1, 1655),
(26, 'AFTER UPDATE', 11, 'tambahan2', 20, 'lbr', 111, 'notes 5', 'AKTIF', 24, '2020-05-31 07:49:16', '2020-06-01 09:38:53', 1, 1, 1656),
(27, 'AFTER UPDATE', 10, 'tambahan1', 1, 'pcs', 1230, 'notes4', 'AKTIF', 24, '2020-05-31 07:49:16', '2020-06-01 09:39:19', 1, 1, 1658),
(28, 'AFTER UPDATE', 11, 'tambahan2', 20, 'lbr', 111, 'notes 5', 'AKTIF', 24, '2020-05-31 07:49:16', '2020-06-01 09:39:19', 1, 1, 1659),
(29, 'AFTER UPDATE', 10, 'tambahan1', 1, 'pcs', 1230, 'notes4', 'AKTIF', 24, '2020-05-31 07:49:16', '2020-06-01 09:39:59', 1, 1, 1662),
(30, 'AFTER UPDATE', 11, 'tambahan2', 20, 'lbr', 111, 'notes 5', 'AKTIF', 24, '2020-05-31 07:49:16', '2020-06-01 09:39:59', 1, 1, 1663),
(31, 'AFTER UPDATE', 10, 'tambahan1', 1, 'pcs', 1230, 'notes4', 'AKTIF', 24, '2020-05-31 07:49:16', '2020-06-01 09:40:12', 1, 1, 1665),
(32, 'AFTER UPDATE', 11, 'tambahan2', 20, 'lbr', 111, 'notes 5', 'AKTIF', 24, '2020-05-31 07:49:16', '2020-06-01 09:40:12', 1, 1, 1666),
(33, 'AFTER UPDATE', 10, 'tambahan1', 1, 'pcs', 1230, 'notes4', 'AKTIF', 24, '2020-05-31 07:49:16', '2020-06-01 09:40:25', 1, 1, 1668),
(34, 'AFTER UPDATE', 11, 'tambahan2', 20, 'lbr', 111, 'notes 5', 'AKTIF', 24, '2020-05-31 07:49:16', '2020-06-01 09:40:25', 1, 1, 1669),
(35, 'AFTER UPDATE', 10, 'tambahan1', 1, 'pcs', 1230, 'notes4', 'AKTIF', 24, '2020-05-31 07:49:16', '2020-06-01 09:40:25', 1, 1, 1671),
(36, 'AFTER UPDATE', 11, 'tambahan2', 20, 'lbr', 111, 'notes 5', 'AKTIF', 24, '2020-05-31 07:49:16', '2020-06-01 09:40:25', 1, 1, 1672),
(37, 'AFTER UPDATE', 10, 'tambahan1', 1, 'pcs', 1230, 'notes4', 'AKTIF', 24, '2020-05-31 07:49:16', '2020-06-01 09:41:11', 1, 1, 1674),
(38, 'AFTER UPDATE', 11, 'tambahan2', 20, 'lbr', 111, 'notes 5', 'AKTIF', 24, '2020-05-31 07:49:16', '2020-06-01 09:41:11', 1, 1, 1675),
(39, 'AFTER UPDATE', 10, 'tambahan1', 1, 'pcs', 1230, 'notes4', 'AKTIF', 24, '2020-05-31 07:49:16', '2020-06-01 09:41:40', 1, 1, 1677),
(40, 'AFTER UPDATE', 11, 'tambahan2', 20, 'lbr', 111, 'notes 5', 'AKTIF', 24, '2020-05-31 07:49:16', '2020-06-01 09:41:40', 1, 1, 1678),
(41, 'AFTER UPDATE', 10, 'tambahan1', 1, 'pcs', 1230, 'notes4', 'AKTIF', 24, '2020-05-31 07:49:16', '2020-06-01 09:42:06', 1, 1, 1680),
(42, 'AFTER UPDATE', 11, 'tambahan2', 20, 'lbr', 111, 'notes 5', 'AKTIF', 24, '2020-05-31 07:49:16', '2020-06-01 09:42:06', 1, 1, 1681),
(43, 'AFTER UPDATE', 10, 'tambahan1', 1, 'pcs', 1230, 'notes4', 'AKTIF', 24, '2020-05-31 07:49:16', '2020-06-01 09:57:41', 1, 1, 1683),
(44, 'AFTER UPDATE', 11, 'tambahan2', 20, 'lbr', 111, 'notes 5', 'AKTIF', 24, '2020-05-31 07:49:16', '2020-06-01 09:57:41', 1, 1, 1684),
(45, 'AFTER UPDATE', 10, 'tambahan1', 1, 'pcs', 1230, 'notes4', 'AKTIF', 24, '2020-05-31 07:49:16', '2020-06-01 09:57:52', 1, 1, 1686),
(46, 'AFTER UPDATE', 11, 'tambahan2', 20, 'lbr', 111, 'notes 5', 'AKTIF', 24, '2020-05-31 07:49:16', '2020-06-01 09:57:52', 1, 1, 1687),
(47, 'AFTER UPDATE', 10, 'tambahan1', 1, 'pcs', 1230, 'notes4', 'AKTIF', 24, '2020-05-31 07:49:16', '2020-06-01 09:58:05', 1, 1, 1689),
(48, 'AFTER UPDATE', 11, 'tambahan2', 20, 'lbr', 111, 'notes 5', 'AKTIF', 24, '2020-05-31 07:49:16', '2020-06-01 09:58:05', 1, 1, 1690),
(49, 'AFTER UPDATE', 10, 'tambahan1', 1, 'pcs', 1230, 'notes4', 'AKTIF', 24, '2020-05-31 07:49:16', '2020-06-01 09:59:17', 1, 1, 1693),
(50, 'AFTER UPDATE', 11, 'tambahan2', 20, 'lbr', 111, 'notes 5', 'AKTIF', 24, '2020-05-31 07:49:16', '2020-06-01 09:59:17', 1, 1, 1694),
(51, 'AFTER UPDATE', 10, 'tambahan1', 1, 'pcs', 1230, 'notes4', 'AKTIF', 24, '2020-05-31 07:49:16', '2020-06-01 10:06:34', 1, 1, 1700),
(52, 'AFTER UPDATE', 11, 'tambahan2', 20, 'lbr', 111, 'notes 5', 'AKTIF', 24, '2020-05-31 07:49:16', '2020-06-01 10:06:34', 1, 1, 1701),
(53, 'AFTER UPDATE', 10, 'tambahan1', 1, 'pcs', 1230, 'notes4', 'AKTIF', 24, '2020-05-31 07:49:16', '2020-06-01 10:07:12', 1, 1, 1710),
(54, 'AFTER UPDATE', 11, 'tambahan2', 20, 'lbr', 111, 'notes 5', 'AKTIF', 24, '2020-05-31 07:49:16', '2020-06-01 10:07:12', 1, 1, 1711),
(55, 'AFTER UPDATE', 10, 'tambahan1', 1, 'pcs', 1230, 'notes4', 'AKTIF', 24, '2020-05-31 07:49:16', '2020-06-01 10:07:57', 1, 1, 1726),
(56, 'AFTER UPDATE', 11, 'tambahan2', 20, 'lbr', 111, 'notes 5', 'AKTIF', 24, '2020-05-31 07:49:16', '2020-06-01 10:07:57', 1, 1, 1727),
(57, 'AFTER UPDATE', 10, 'tambahan1', 1, 'pcs', 1230, 'notes4', 'AKTIF', 24, '2020-05-31 07:49:16', '2020-06-01 10:08:25', 1, 1, 1730),
(58, 'AFTER UPDATE', 11, 'tambahan2', 20, 'lbr', 111, 'notes 5', 'AKTIF', 24, '2020-05-31 07:49:16', '2020-06-01 10:08:25', 1, 1, 1731),
(59, 'AFTER UPDATE', 10, 'tambahan1', 1, 'pcs', 1230, 'notes4', 'AKTIF', 24, '2020-05-31 07:49:16', '2020-06-01 10:08:36', 1, 1, 1734),
(60, 'AFTER UPDATE', 11, 'tambahan2', 20, 'lbr', 111, 'notes 5', 'AKTIF', 24, '2020-05-31 07:49:16', '2020-06-01 10:08:36', 1, 1, 1735),
(61, 'AFTER UPDATE', 10, 'tambahan1', 1, 'pcs', 1230, 'notes4', 'AKTIF', 24, '2020-05-31 07:49:16', '2020-06-01 10:08:55', 1, 1, 1738),
(62, 'AFTER UPDATE', 11, 'tambahan2', 20, 'lbr', 111, 'notes 5', 'AKTIF', 24, '2020-05-31 07:49:16', '2020-06-01 10:08:55', 1, 1, 1739),
(63, 'AFTER UPDATE', 10, 'tambahan1', 1, 'pcs', 1230, 'notes4', 'AKTIF', 24, '2020-05-31 07:49:16', '2020-06-01 10:11:04', 1, 1, 1767),
(64, 'AFTER UPDATE', 11, 'tambahan2', 20, 'lbr', 111, 'notes 5', 'AKTIF', 24, '2020-05-31 07:49:16', '2020-06-01 10:11:04', 1, 1, 1768),
(65, 'AFTER UPDATE', 10, 'tambahan1', 1, 'pcs', 1230, 'notes4', 'AKTIF', 24, '2020-05-31 07:49:16', '2020-06-01 10:11:34', 1, 1, 1794),
(66, 'AFTER UPDATE', 11, 'tambahan2', 20, 'lbr', 111, 'notes 5', 'AKTIF', 24, '2020-05-31 07:49:16', '2020-06-01 10:11:34', 1, 1, 1795),
(67, 'AFTER UPDATE', 10, 'tambahan1', 1, 'pcs', 1230, 'notes4', 'AKTIF', 24, '2020-05-31 07:49:16', '2020-06-01 10:12:01', 1, 1, 1822),
(68, 'AFTER UPDATE', 11, 'tambahan2', 20, 'lbr', 111, 'notes 5', 'AKTIF', 24, '2020-05-31 07:49:16', '2020-06-01 10:12:01', 1, 1, 1823),
(69, 'AFTER UPDATE', 10, 'tambahan1', 1, 'pcs', 1230, 'notes4', 'AKTIF', 24, '2020-05-31 07:49:16', '2020-06-01 10:12:28', 1, 1, 1852),
(70, 'AFTER UPDATE', 11, 'tambahan2', 20, 'lbr', 111, 'notes 5', 'AKTIF', 24, '2020-05-31 07:49:16', '2020-06-01 10:12:28', 1, 1, 1853),
(71, 'AFTER UPDATE', 10, 'tambahan14', 14, 'pcs4', 12304, 'notes44', 'AKTIF', 24, '2020-05-31 07:49:16', '2020-06-01 10:12:58', 1, 1, 1882),
(72, 'AFTER UPDATE', 11, 'tambahan24', 240, 'lbr4', 1114, 'notes 54', 'AKTIF', 24, '2020-05-31 07:49:16', '2020-06-01 10:12:58', 1, 1, 1883),
(73, 'AFTER INSERT', 12, 'tambahan1', 23, 'lbrr3', 123, '124', 'AKTIF', 24, '2020-06-01 10:13:22', '2020-06-01 10:13:22', 1, 1, 1912),
(74, 'AFTER INSERT', 13, 'tambahan2', 22, 'lbr2', 1235, '1245', 'AKTIF', 24, '2020-06-01 10:13:22', '2020-06-01 10:13:22', 1, 1, 1913),
(75, 'AFTER UPDATE', 10, 'tambahan14', 14, 'pcs4', 12304, 'notes44', 'AKTIF', 24, '2020-05-31 07:49:16', '2020-06-01 10:13:22', 1, 1, 1914),
(76, 'AFTER UPDATE', 11, 'tambahan24', 240, 'lbr4', 1114, 'notes 54', 'AKTIF', 24, '2020-05-31 07:49:16', '2020-06-01 10:13:22', 1, 1, 1915),
(77, 'AFTER UPDATE', 10, 'tambahan14', 14, 'pcs4', 12304, 'notes44', 'AKTIF', 24, '2020-05-31 07:49:16', '2020-06-01 10:16:18', 1, 1, 1944),
(78, 'AFTER UPDATE', 11, 'tambahan24', 240, 'lbr4', 1114, 'notes 54', 'AKTIF', 24, '2020-05-31 07:49:16', '2020-06-01 10:16:18', 1, 1, 1945),
(79, 'AFTER UPDATE', 12, 'tambahan1', 23, 'lbrr3', 123, '124', 'AKTIF', 24, '2020-06-01 10:13:22', '2020-06-01 10:16:18', 1, 1, 1946),
(80, 'AFTER UPDATE', 13, 'tambahan2', 22, 'lbr2', 1235, '1245', 'AKTIF', 24, '2020-06-01 10:13:22', '2020-06-01 10:16:18', 1, 1, 1947),
(81, 'AFTER UPDATE', 10, 'tambahan14', 14, 'pcs4', 12304, 'notes44', 'AKTIF', 24, '2020-05-31 07:49:16', '2020-06-01 10:20:09', 1, 1, 1976),
(82, 'AFTER UPDATE', 11, 'tambahan24', 240, 'lbr4', 1114, 'notes 54', 'AKTIF', 24, '2020-05-31 07:49:16', '2020-06-01 10:20:09', 1, 1, 1977),
(83, 'AFTER UPDATE', 12, 'tambahan1', 23, 'lbrr3', 123, '124', 'AKTIF', 24, '2020-06-01 10:13:22', '2020-06-01 10:20:09', 1, 1, 1978),
(84, 'AFTER UPDATE', 13, 'tambahan2', 22, 'lbr2', 1235, '1245', 'AKTIF', 24, '2020-06-01 10:13:22', '2020-06-01 10:20:09', 1, 1, 1979),
(85, 'AFTER UPDATE', 10, 'tambahan14', 14, 'pcs4', 12304, 'notes44', 'AKTIF', 24, '2020-05-31 07:49:16', '2020-06-01 10:23:47', 1, 1, 2008),
(86, 'AFTER UPDATE', 11, 'tambahan24', 240, 'lbr4', 1114, 'notes 54', 'AKTIF', 24, '2020-05-31 07:49:16', '2020-06-01 10:23:47', 1, 1, 2009),
(87, 'AFTER UPDATE', 12, 'tambahan1', 23, 'lbrr3', 123, '124', 'AKTIF', 24, '2020-06-01 10:13:22', '2020-06-01 10:23:47', 1, 1, 2010),
(88, 'AFTER UPDATE', 13, 'tambahan2', 22, 'lbr2', 1235, '1245', 'AKTIF', 24, '2020-06-01 10:13:22', '2020-06-01 10:23:47', 1, 1, 2011),
(89, 'AFTER UPDATE', 10, 'tambahan14', 14, 'pcs4', 12304, 'notes44', 'AKTIF', 24, '2020-05-31 07:49:16', '2020-06-01 10:24:17', 1, 1, 2042),
(90, 'AFTER UPDATE', 11, 'tambahan24', 240, 'lbr4', 1114, 'notes 54', 'AKTIF', 24, '2020-05-31 07:49:16', '2020-06-01 10:24:17', 1, 1, 2043),
(91, 'AFTER UPDATE', 12, 'tambahan1', 23, 'lbrr3', 123, '124', 'AKTIF', 24, '2020-06-01 10:13:22', '2020-06-01 10:24:17', 1, 1, 2044),
(92, 'AFTER UPDATE', 13, 'tambahan2', 22, 'lbr2', 1235, '1245', 'AKTIF', 24, '2020-06-01 10:13:22', '2020-06-01 10:24:17', 1, 1, 2045),
(93, 'AFTER UPDATE', 10, 'tambahan14', 14, 'pcs4', 12304, 'notes44', 'AKTIF', 24, '2020-05-31 07:49:16', '2020-06-01 10:24:46', 1, 1, 2077),
(94, 'AFTER UPDATE', 11, 'tambahan24', 240, 'lbr4', 1114, 'notes 54', 'AKTIF', 24, '2020-05-31 07:49:16', '2020-06-01 10:24:46', 1, 1, 2078),
(95, 'AFTER UPDATE', 12, 'tambahan1', 23, 'lbrr3', 123, '124', 'AKTIF', 24, '2020-06-01 10:13:22', '2020-06-01 10:24:46', 1, 1, 2079),
(96, 'AFTER UPDATE', 13, 'tambahan2', 22, 'lbr2', 1235, '1245', 'AKTIF', 24, '2020-06-01 10:13:22', '2020-06-01 10:24:46', 1, 1, 2080),
(97, 'AFTER UPDATE', 13, 'tambahan2', 22, 'lbr2', 1235, '1245', 'nonaktif', 24, '2020-06-01 10:13:22', '2020-06-01 11:00:19', 1, 1, 2092),
(98, 'AFTER UPDATE', 12, 'tambahan1', 23, 'lbrr3', 123, '124', 'nonaktif', 24, '2020-06-01 10:13:22', '2020-06-01 11:00:19', 1, 1, 2093),
(99, 'AFTER UPDATE', 4, 'TAMBAHAN 1', 1, 'PCS', 1000, 'NOTES', 'AKTIF', 11, '2020-05-29 03:46:05', '2020-06-03 10:23:16', 1, 1, 2272),
(100, 'AFTER UPDATE', 5, 'TAMBAHAN 2', 2, 'PCS', 2000, 'NOTES', 'AKTIF', 11, '2020-05-29 03:46:05', '2020-06-03 10:23:16', 1, 1, 2273),
(101, 'AFTER UPDATE', 4, 'TAMBAHAN 1', 1, 'PCS', 1000, 'NOTES', 'AKTIF', 11, '2020-05-29 03:46:05', '2020-06-03 10:24:33', 1, 1, 2277),
(102, 'AFTER UPDATE', 5, 'TAMBAHAN 2', 2, 'PCS', 2000, 'NOTES', 'AKTIF', 11, '2020-05-29 03:46:05', '2020-06-03 10:24:33', 1, 1, 2278);

-- --------------------------------------------------------

--
-- 表的结构 `tbl_toko_admin`
--

CREATE TABLE `tbl_toko_admin` (
  `ID_PK_TOKO_ADMIN` int(11) NOT NULL,
  `ID_FK_TOKO` int(11) DEFAULT NULL,
  `ID_FK_USER` int(11) DEFAULT NULL,
  `TOKO_ADMIN_STATUS` varchar(15) DEFAULT NULL,
  `TOKO_ADMIN_CREATE_DATE` datetime DEFAULT NULL,
  `TOKO_ADMIN_LAST_MODIFIED` datetime DEFAULT NULL,
  `ID_CREATE_DATA` int(11) DEFAULT NULL,
  `ID_LAST_MODIFIED` int(11) DEFAULT NULL
) ENGINE=InnoDB DEFAULT CHARSET=utf8mb4;

--
-- 转存表中的数据 `tbl_toko_admin`
--

INSERT INTO `tbl_toko_admin` (`ID_PK_TOKO_ADMIN`, `ID_FK_TOKO`, `ID_FK_USER`, `TOKO_ADMIN_STATUS`, `TOKO_ADMIN_CREATE_DATE`, `TOKO_ADMIN_LAST_MODIFIED`, `ID_CREATE_DATA`, `ID_LAST_MODIFIED`) VALUES
(1, 1, 1, 'NONAKTIF', '2020-05-19 23:49:15', '2020-05-19 23:56:04', 1, 1),
(2, 1, 1, 'NONAKTIF', '2020-05-19 23:49:30', '2020-05-21 18:24:21', 1, 1),
(3, 1, 1, 'NONAKTIF', '2020-05-21 18:20:32', '2020-05-21 18:24:19', 1, 1),
(4, 1, 1, 'AKTIF', '2020-05-21 18:20:46', '2020-05-21 18:20:46', 1, 1),
(5, 1, 1, 'NONAKTIF', '2020-05-21 18:22:47', '2020-05-21 18:24:17', 1, 1),
(6, 3, 1, 'nonaktif', '2020-05-21 18:24:02', '2020-05-26 08:28:07', 1, 1);

--
-- 触发器 `tbl_toko_admin`
--
DELIMITER $$
CREATE TRIGGER `TRG_AFTER_INSERT_TOKO_ADMIN` AFTER INSERT ON `tbl_toko_admin` FOR EACH ROW BEGIN
    SET @ID_USER = NEW.ID_LAST_MODIFIED;
    SET @TGL_ACTION = NEW.TOKO_ADMIN_LAST_MODIFIED;
    SET @LOG_TEXT = CONCAT(NEW.ID_LAST_MODIFIED,' ','INSERT DATA AT' , NEW.TOKO_ADMIN_LAST_MODIFIED);
    CALL INSERT_LOG_ALL(@ID_USER,@TGL_ACTION,@LOG_TEXT,@ID_LOG_ALL);
    
    INSERT INTO TBL_TOKO_ADMIN_LOG(EXECUTED_FUNCTION,ID_PK_TOKO_ADMIN,ID_FK_TOKO,ID_FK_USER,TOKO_ADMIN_STATUS,TOKO_ADMIN_CREATE_DATE,TOKO_ADMIN_LAST_MODIFIED,ID_CREATE_DATA,ID_LAST_MODIFIED,ID_LOG_ALL) VALUES ('AFTER INSERT',NEW.ID_PK_TOKO_ADMIN,NEW.ID_FK_TOKO,NEW.ID_FK_USER,NEW.TOKO_ADMIN_STATUS,NEW.TOKO_ADMIN_CREATE_DATE,NEW.TOKO_ADMIN_LAST_MODIFIED,NEW.ID_CREATE_DATA,NEW.ID_LAST_MODIFIED,@ID_LOG_ALL);
END
$$
DELIMITER ;
DELIMITER $$
CREATE TRIGGER `TRG_AFTER_UPDATE_TOKO_ADMIN` AFTER UPDATE ON `tbl_toko_admin` FOR EACH ROW BEGIN
    SET @ID_USER = NEW.ID_LAST_MODIFIED;
    SET @TGL_ACTION = NEW.TOKO_ADMIN_LAST_MODIFIED;
    SET @LOG_TEXT = CONCAT(NEW.ID_LAST_MODIFIED,' ','UPDATE DATA AT' , NEW.TOKO_ADMIN_LAST_MODIFIED);
    CALL INSERT_LOG_ALL(@ID_USER,@TGL_ACTION,@LOG_TEXT,@ID_LOG_ALL);
    
    INSERT INTO TBL_TOKO_ADMIN_LOG(EXECUTED_FUNCTION,ID_PK_TOKO_ADMIN,ID_FK_TOKO,ID_FK_USER,TOKO_ADMIN_STATUS,TOKO_ADMIN_CREATE_DATE,TOKO_ADMIN_LAST_MODIFIED,ID_CREATE_DATA,ID_LAST_MODIFIED,ID_LOG_ALL) VALUES ('AFTER UPDATE',NEW.ID_PK_TOKO_ADMIN,NEW.ID_FK_TOKO,NEW.ID_FK_USER,NEW.TOKO_ADMIN_STATUS,NEW.TOKO_ADMIN_CREATE_DATE,NEW.TOKO_ADMIN_LAST_MODIFIED,NEW.ID_CREATE_DATA,NEW.ID_LAST_MODIFIED,@ID_LOG_ALL);
END
$$
DELIMITER ;

-- --------------------------------------------------------

--
-- 表的结构 `tbl_toko_admin_log`
--

CREATE TABLE `tbl_toko_admin_log` (
  `ID_PK_TOKO_ADMIN_LOG` int(11) NOT NULL,
  `EXECUTED_FUNCTION` varchar(30) DEFAULT NULL,
  `ID_PK_TOKO_ADMIN` int(11) DEFAULT NULL,
  `ID_FK_TOKO` int(11) DEFAULT NULL,
  `ID_FK_USER` int(11) DEFAULT NULL,
  `TOKO_ADMIN_STATUS` varchar(15) DEFAULT NULL,
  `TOKO_ADMIN_CREATE_DATE` datetime DEFAULT NULL,
  `TOKO_ADMIN_LAST_MODIFIED` datetime DEFAULT NULL,
  `ID_CREATE_DATA` int(11) DEFAULT NULL,
  `ID_LAST_MODIFIED` int(11) DEFAULT NULL,
  `ID_LOG_ALL` int(11) DEFAULT NULL
) ENGINE=InnoDB DEFAULT CHARSET=utf8mb4;

--
-- 转存表中的数据 `tbl_toko_admin_log`
--

INSERT INTO `tbl_toko_admin_log` (`ID_PK_TOKO_ADMIN_LOG`, `EXECUTED_FUNCTION`, `ID_PK_TOKO_ADMIN`, `ID_FK_TOKO`, `ID_FK_USER`, `TOKO_ADMIN_STATUS`, `TOKO_ADMIN_CREATE_DATE`, `TOKO_ADMIN_LAST_MODIFIED`, `ID_CREATE_DATA`, `ID_LAST_MODIFIED`, `ID_LOG_ALL`) VALUES
(1, 'AFTER INSERT', 1, 1, 1, 'AKTIF', '2020-05-19 23:49:15', '2020-05-19 23:49:15', 1, 1, 746),
(2, 'AFTER INSERT', 2, 1, 1, 'AKTIF', '2020-05-19 23:49:30', '2020-05-19 23:49:30', 1, 1, 747),
(3, 'AFTER UPDATE', 1, 1, 1, 'NONAKTIF', '2020-05-19 23:49:15', '2020-05-19 23:56:04', 1, 1, 748),
(4, 'AFTER UPDATE', 2, NULL, 4, 'AKTIF', '2020-05-19 23:49:30', '2020-05-20 00:01:54', 1, 1, 750),
(5, 'AFTER UPDATE', 1, 1, 1, 'NONAKTIF', '2020-05-19 23:49:15', '2020-05-19 23:56:04', 1, 1, 751),
(6, 'AFTER UPDATE', 2, 1, 4, 'AKTIF', '2020-05-19 23:49:30', '2020-05-20 00:01:54', 1, 1, 752),
(7, 'AFTER UPDATE', 2, 1, 1, 'AKTIF', '2020-05-19 23:49:30', '2020-05-20 00:03:03', 1, 1, 753),
(8, 'AFTER INSERT', 3, 1, 1, 'AKTIF', '2020-05-21 18:20:32', '2020-05-21 18:20:32', 1, 1, 880),
(9, 'AFTER INSERT', 4, 1, 1, 'AKTIF', '2020-05-21 18:20:46', '2020-05-21 18:20:46', 1, 1, 881),
(10, 'AFTER INSERT', 5, 1, 1, 'AKTIF', '2020-05-21 18:22:47', '2020-05-21 18:22:47', 1, 1, 882),
(11, 'AFTER INSERT', 6, 3, 1, 'AKTIF', '2020-05-21 18:24:02', '2020-05-21 18:24:02', 1, 1, 883),
(12, 'AFTER UPDATE', 5, 1, 1, 'NONAKTIF', '2020-05-21 18:22:47', '2020-05-21 18:24:17', 1, 1, 884),
(13, 'AFTER UPDATE', 3, 1, 1, 'NONAKTIF', '2020-05-21 18:20:32', '2020-05-21 18:24:19', 1, 1, 885),
(14, 'AFTER UPDATE', 2, 1, 1, 'NONAKTIF', '2020-05-19 23:49:30', '2020-05-21 18:24:21', 1, 1, 886),
(15, 'AFTER UPDATE', 6, 3, 1, 'nonaktif', '2020-05-21 18:24:02', '2020-05-26 08:28:07', 1, 1, 1511);

-- --------------------------------------------------------

--
-- 表的结构 `tbl_warehouse_admin`
--

CREATE TABLE `tbl_warehouse_admin` (
  `ID_PK_WAREHOUSE_ADMIN` int(11) NOT NULL,
  `ID_FK_WAREHOUSE` int(11) DEFAULT NULL,
  `ID_FK_USER` int(11) DEFAULT NULL,
  `WAREHOUSE_ADMIN_STATUS` varchar(15) DEFAULT NULL,
  `WAREHOUSE_ADMIN_CREATE_DATE` datetime DEFAULT NULL,
  `WAREHOUSE_ADMIN_LAST_MODIFIED` datetime DEFAULT NULL,
  `ID_CREATE_DATA` int(11) DEFAULT NULL,
  `ID_LAST_MODIFIED` int(11) DEFAULT NULL
) ENGINE=InnoDB DEFAULT CHARSET=utf8mb4;

--
-- 转存表中的数据 `tbl_warehouse_admin`
--

INSERT INTO `tbl_warehouse_admin` (`ID_PK_WAREHOUSE_ADMIN`, `ID_FK_WAREHOUSE`, `ID_FK_USER`, `WAREHOUSE_ADMIN_STATUS`, `WAREHOUSE_ADMIN_CREATE_DATE`, `WAREHOUSE_ADMIN_LAST_MODIFIED`, `ID_CREATE_DATA`, `ID_LAST_MODIFIED`) VALUES
(1, 2, 1, 'NONAKTIF', '2020-05-20 01:04:07', '2020-05-20 20:33:04', 1, 1),
(2, 2, 1, 'AKTIF', '2020-05-20 20:34:38', '2020-05-20 20:34:38', 1, 1),
(3, 2, 4, 'AKTIF', '2020-05-21 13:17:28', '2020-05-21 13:17:28', 1, 1),
(4, 2, 1, 'nonaktif', '2020-05-21 23:29:49', '2020-05-26 07:57:01', 1, 1),
(5, 3, 1, 'AKTIF', '2020-05-21 23:31:10', '2020-05-21 23:31:10', 1, 1);

--
-- 触发器 `tbl_warehouse_admin`
--
DELIMITER $$
CREATE TRIGGER `TRG_AFTER_INSERT_WAREHOUSE_ADMIN` AFTER INSERT ON `tbl_warehouse_admin` FOR EACH ROW BEGIN
            SET @ID_USER = NEW.ID_LAST_MODIFIED;
            SET @TGL_ACTION = NEW.WAREHOUSE_ADMIN_LAST_MODIFIED;
            SET @LOG_TEXT = CONCAT(NEW.ID_LAST_MODIFIED,' ','INSERT DATA AT' , NEW.WAREHOUSE_ADMIN_LAST_MODIFIED);
            CALL INSERT_LOG_ALL(@ID_USER,@TGL_ACTION,@LOG_TEXT,@ID_LOG_ALL);
            
            INSERT INTO TBL_WAREHOUSE_ADMIN_LOG(EXECUTED_FUNCTION,ID_PK_WAREHOUSE_ADMIN,ID_FK_WAREHOUSE,ID_FK_USER,WAREHOUSE_ADMIN_STATUS,WAREHOUSE_ADMIN_CREATE_DATE,WAREHOUSE_ADMIN_LAST_MODIFIED,ID_CREATE_DATA,ID_LAST_MODIFIED,ID_LOG_ALL) VALUES ('AFTER INSERT',NEW.ID_PK_WAREHOUSE_ADMIN,NEW.ID_FK_WAREHOUSE,NEW.ID_FK_USER,NEW.WAREHOUSE_ADMIN_STATUS,NEW.WAREHOUSE_ADMIN_CREATE_DATE,NEW.WAREHOUSE_ADMIN_LAST_MODIFIED,NEW.ID_CREATE_DATA,NEW.ID_LAST_MODIFIED,@ID_LOG_ALL);
        END
$$
DELIMITER ;
DELIMITER $$
CREATE TRIGGER `TRG_AFTER_UPDATE_WAREHOUSE_ADMIN` AFTER UPDATE ON `tbl_warehouse_admin` FOR EACH ROW BEGIN
            SET @ID_USER = NEW.ID_LAST_MODIFIED;
            SET @TGL_ACTION = NEW.WAREHOUSE_ADMIN_LAST_MODIFIED;
            SET @LOG_TEXT = CONCAT(NEW.ID_LAST_MODIFIED,' ','UPDATE DATA AT' , NEW.WAREHOUSE_ADMIN_LAST_MODIFIED);
            CALL INSERT_LOG_ALL(@ID_USER,@TGL_ACTION,@LOG_TEXT,@ID_LOG_ALL);
            
            INSERT INTO TBL_WAREHOUSE_ADMIN_LOG(EXECUTED_FUNCTION,ID_PK_WAREHOUSE_ADMIN,ID_FK_WAREHOUSE,ID_FK_USER,WAREHOUSE_ADMIN_STATUS,WAREHOUSE_ADMIN_CREATE_DATE,WAREHOUSE_ADMIN_LAST_MODIFIED,ID_CREATE_DATA,ID_LAST_MODIFIED,ID_LOG_ALL) VALUES ('AFTER UPDATE',NEW.ID_PK_WAREHOUSE_ADMIN,NEW.ID_FK_WAREHOUSE,NEW.ID_FK_USER,NEW.WAREHOUSE_ADMIN_STATUS,NEW.WAREHOUSE_ADMIN_CREATE_DATE,NEW.WAREHOUSE_ADMIN_LAST_MODIFIED,NEW.ID_CREATE_DATA,NEW.ID_LAST_MODIFIED,@ID_LOG_ALL);
        END
$$
DELIMITER ;

-- --------------------------------------------------------

--
-- 表的结构 `tbl_warehouse_admin_log`
--

CREATE TABLE `tbl_warehouse_admin_log` (
  `ID_PK_WAREHOUSE_ADMIN_LOG` int(11) NOT NULL,
  `EXECUTED_FUNCTION` varchar(30) DEFAULT NULL,
  `ID_PK_WAREHOUSE_ADMIN` int(11) DEFAULT NULL,
  `ID_FK_WAREHOUSE` int(11) DEFAULT NULL,
  `ID_FK_USER` int(11) DEFAULT NULL,
  `WAREHOUSE_ADMIN_STATUS` varchar(15) DEFAULT NULL,
  `WAREHOUSE_ADMIN_CREATE_DATE` datetime DEFAULT NULL,
  `WAREHOUSE_ADMIN_LAST_MODIFIED` datetime DEFAULT NULL,
  `ID_CREATE_DATA` int(11) DEFAULT NULL,
  `ID_LAST_MODIFIED` int(11) DEFAULT NULL,
  `ID_LOG_ALL` int(11) DEFAULT NULL
) ENGINE=InnoDB DEFAULT CHARSET=utf8mb4;

--
-- 转存表中的数据 `tbl_warehouse_admin_log`
--

INSERT INTO `tbl_warehouse_admin_log` (`ID_PK_WAREHOUSE_ADMIN_LOG`, `EXECUTED_FUNCTION`, `ID_PK_WAREHOUSE_ADMIN`, `ID_FK_WAREHOUSE`, `ID_FK_USER`, `WAREHOUSE_ADMIN_STATUS`, `WAREHOUSE_ADMIN_CREATE_DATE`, `WAREHOUSE_ADMIN_LAST_MODIFIED`, `ID_CREATE_DATA`, `ID_LAST_MODIFIED`, `ID_LOG_ALL`) VALUES
(1, 'AFTER INSERT', 1, 2, 1, 'AKTIF', '2020-05-20 01:04:07', '2020-05-20 01:04:07', 1, 1, 758),
(2, 'AFTER UPDATE', 1, 2, 1, 'NONAKTIF', '2020-05-20 01:04:07', '2020-05-20 20:33:04', 1, 1, 870),
(3, 'AFTER INSERT', 2, 2, 1, 'AKTIF', '2020-05-20 20:34:38', '2020-05-20 20:34:38', 1, 1, 871),
(4, 'AFTER INSERT', 3, 2, 4, 'AKTIF', '2020-05-21 13:17:28', '2020-05-21 13:17:28', 1, 1, 879),
(5, 'AFTER INSERT', 4, 2, 1, 'AKTIF', '2020-05-21 23:29:49', '2020-05-21 23:29:49', 1, 1, 895),
(6, 'AFTER INSERT', 5, 3, 1, 'AKTIF', '2020-05-21 23:31:10', '2020-05-21 23:31:10', 1, 1, 896),
(7, 'AFTER UPDATE', 4, 2, 1, 'nonaktif', '2020-05-21 23:29:49', '2020-05-26 07:57:01', 1, 1, 1507);

--
-- 转储表的索引
--

--
-- 表的索引 `log_all`
--
ALTER TABLE `log_all`
  ADD PRIMARY KEY (`ID_LOG_ALL`);

--
-- 表的索引 `mstr_barang`
--
ALTER TABLE `mstr_barang`
  ADD PRIMARY KEY (`id_pk_brg`);

--
-- 表的索引 `mstr_barang_jenis`
--
ALTER TABLE `mstr_barang_jenis`
  ADD PRIMARY KEY (`ID_PK_BRG_JENIS`);

--
-- 表的索引 `mstr_barang_jenis_log`
--
ALTER TABLE `mstr_barang_jenis_log`
  ADD PRIMARY KEY (`ID_PK_BRG_JENIS_LOG`);

--
-- 表的索引 `mstr_barang_log`
--
ALTER TABLE `mstr_barang_log`
  ADD PRIMARY KEY (`id_pk_brg_log`);

--
-- 表的索引 `mstr_barang_merk`
--
ALTER TABLE `mstr_barang_merk`
  ADD PRIMARY KEY (`ID_PK_BRG_MERK`);

--
-- 表的索引 `mstr_barang_merk_log`
--
ALTER TABLE `mstr_barang_merk_log`
  ADD PRIMARY KEY (`ID_PK_BRG_MERK_LOG`);

--
-- 表的索引 `mstr_cabang`
--
ALTER TABLE `mstr_cabang`
  ADD PRIMARY KEY (`ID_PK_CABANG`);

--
-- 表的索引 `mstr_cabang_log`
--
ALTER TABLE `mstr_cabang_log`
  ADD PRIMARY KEY (`ID_PK_CABANG_LOG`);

--
-- 表的索引 `mstr_customer`
--
ALTER TABLE `mstr_customer`
  ADD PRIMARY KEY (`id_pk_cust`);

--
-- 表的索引 `mstr_customer_log`
--
ALTER TABLE `mstr_customer_log`
  ADD PRIMARY KEY (`id_pk_cust_log`);

--
-- 表的索引 `mstr_employee`
--
ALTER TABLE `mstr_employee`
  ADD PRIMARY KEY (`ID_PK_EMPLOYEE`);

--
-- 表的索引 `mstr_employee_log`
--
ALTER TABLE `mstr_employee_log`
  ADD PRIMARY KEY (`ID_PK_EMPLOYEE_LOG`);

--
-- 表的索引 `mstr_jabatan`
--
ALTER TABLE `mstr_jabatan`
  ADD PRIMARY KEY (`ID_PK_JABATAN`);

--
-- 表的索引 `mstr_jabatan_log`
--
ALTER TABLE `mstr_jabatan_log`
  ADD PRIMARY KEY (`ID_PK_JABATAN_LOG`);

--
-- 表的索引 `mstr_menu`
--
ALTER TABLE `mstr_menu`
  ADD PRIMARY KEY (`ID_PK_MENU`);

--
-- 表的索引 `mstr_menu_log`
--
ALTER TABLE `mstr_menu_log`
  ADD PRIMARY KEY (`ID_PK_MENU_LOG`);

--
-- 表的索引 `mstr_pembelian`
--
ALTER TABLE `mstr_pembelian`
  ADD PRIMARY KEY (`ID_PK_PEMBELIAN`);

--
-- 表的索引 `mstr_pembelian_log`
--
ALTER TABLE `mstr_pembelian_log`
  ADD PRIMARY KEY (`ID_PK_PEMBELIAN_LOG`);

--
-- 表的索引 `mstr_penerimaan`
--
ALTER TABLE `mstr_penerimaan`
  ADD PRIMARY KEY (`ID_PK_PENERIMAAN`);

--
-- 表的索引 `mstr_penerimaan_log`
--
ALTER TABLE `mstr_penerimaan_log`
  ADD PRIMARY KEY (`ID_PK_PENERIMAAN_LOG`);

--
-- 表的索引 `mstr_pengiriman`
--
ALTER TABLE `mstr_pengiriman`
  ADD PRIMARY KEY (`id_pk_pengiriman`);

--
-- 表的索引 `mstr_pengiriman_log`
--
ALTER TABLE `mstr_pengiriman_log`
  ADD PRIMARY KEY (`id_pk_pengiriman_log`);

--
-- 表的索引 `mstr_penjualan`
--
ALTER TABLE `mstr_penjualan`
  ADD PRIMARY KEY (`ID_PK_PENJUALAN`);

--
-- 表的索引 `mstr_penjualan_log`
--
ALTER TABLE `mstr_penjualan_log`
  ADD PRIMARY KEY (`ID_PK_PENJUALAN_LOG`);

--
-- 表的索引 `mstr_satuan`
--
ALTER TABLE `mstr_satuan`
  ADD PRIMARY KEY (`ID_PK_SATUAN`);

--
-- 表的索引 `mstr_satuan_log`
--
ALTER TABLE `mstr_satuan_log`
  ADD PRIMARY KEY (`ID_PK_SATUAN_LOG`);

--
-- 表的索引 `mstr_stock_opname`
--
ALTER TABLE `mstr_stock_opname`
  ADD PRIMARY KEY (`ID_PK_STOCK_OPNAME`);

--
-- 表的索引 `mstr_stock_opname_log`
--
ALTER TABLE `mstr_stock_opname_log`
  ADD PRIMARY KEY (`ID_PK_STOCK_OPNAME_LOG`);

--
-- 表的索引 `mstr_supplier`
--
ALTER TABLE `mstr_supplier`
  ADD PRIMARY KEY (`id_pk_sup`);

--
-- 表的索引 `mstr_supplier_log`
--
ALTER TABLE `mstr_supplier_log`
  ADD PRIMARY KEY (`id_pk_sup_log`);

--
-- 表的索引 `mstr_surat_jalan`
--
ALTER TABLE `mstr_surat_jalan`
  ADD PRIMARY KEY (`ID_PK_SURAT_JALAN`);

--
-- 表的索引 `mstr_surat_jalan_log`
--
ALTER TABLE `mstr_surat_jalan_log`
  ADD PRIMARY KEY (`ID_PK_SURAT_JALAN_LOG`);

--
-- 表的索引 `mstr_toko`
--
ALTER TABLE `mstr_toko`
  ADD PRIMARY KEY (`ID_PK_TOKO`);

--
-- 表的索引 `mstr_toko_log`
--
ALTER TABLE `mstr_toko_log`
  ADD PRIMARY KEY (`ID_PK_TOKO_LOG`);

--
-- 表的索引 `mstr_user`
--
ALTER TABLE `mstr_user`
  ADD PRIMARY KEY (`ID_PK_USER`);

--
-- 表的索引 `mstr_user_log`
--
ALTER TABLE `mstr_user_log`
  ADD PRIMARY KEY (`ID_PK_USER_LOG`);

--
-- 表的索引 `mstr_warehouse`
--
ALTER TABLE `mstr_warehouse`
  ADD PRIMARY KEY (`ID_PK_WAREHOUSE`);

--
-- 表的索引 `mstr_warehouse_log`
--
ALTER TABLE `mstr_warehouse_log`
  ADD PRIMARY KEY (`ID_PK_WAREHOUSE_LOG`);

--
-- 表的索引 `tbl_barang_kombinasi`
--
ALTER TABLE `tbl_barang_kombinasi`
  ADD PRIMARY KEY (`id_pk_barang_kombinasi`);

--
-- 表的索引 `tbl_barang_kombinasi_log`
--
ALTER TABLE `tbl_barang_kombinasi_log`
  ADD PRIMARY KEY (`id_pk_barang_kombinasi_log`);

--
-- 表的索引 `tbl_barang_ukuran`
--
ALTER TABLE `tbl_barang_ukuran`
  ADD PRIMARY KEY (`ID_PK_BARANG_UKURAN`);

--
-- 表的索引 `tbl_brg_cabang`
--
ALTER TABLE `tbl_brg_cabang`
  ADD PRIMARY KEY (`id_pk_brg_cabang`);

--
-- 表的索引 `tbl_brg_cabang_log`
--
ALTER TABLE `tbl_brg_cabang_log`
  ADD PRIMARY KEY (`id_pk_brg_cabang_log`);

--
-- 表的索引 `tbl_brg_pembelian`
--
ALTER TABLE `tbl_brg_pembelian`
  ADD PRIMARY KEY (`ID_PK_BRG_PEMBELIAN`);

--
-- 表的索引 `tbl_brg_pembelian_log`
--
ALTER TABLE `tbl_brg_pembelian_log`
  ADD PRIMARY KEY (`ID_PK_BRG_PEMBELIAN_LOG`);

--
-- 表的索引 `tbl_brg_pemenuhan`
--
ALTER TABLE `tbl_brg_pemenuhan`
  ADD PRIMARY KEY (`ID_PK_BRG_PEMENUHAN`);

--
-- 表的索引 `tbl_brg_pemenuhan_log`
--
ALTER TABLE `tbl_brg_pemenuhan_log`
  ADD PRIMARY KEY (`ID_PK_BRG_PEMENUHAN_LOG`);

--
-- 表的索引 `tbl_brg_penerimaan`
--
ALTER TABLE `tbl_brg_penerimaan`
  ADD PRIMARY KEY (`id_pk_brg_penerimaan`);

--
-- 表的索引 `tbl_brg_penerimaan_log`
--
ALTER TABLE `tbl_brg_penerimaan_log`
  ADD PRIMARY KEY (`id_pk_brg_penerimaan_log`);

--
-- 表的索引 `tbl_brg_pengiriman`
--
ALTER TABLE `tbl_brg_pengiriman`
  ADD PRIMARY KEY (`id_pk_brg_pengiriman`);

--
-- 表的索引 `tbl_brg_pengiriman_log`
--
ALTER TABLE `tbl_brg_pengiriman_log`
  ADD PRIMARY KEY (`id_pk_brg_pengiriman_log`);

--
-- 表的索引 `tbl_brg_penjualan`
--
ALTER TABLE `tbl_brg_penjualan`
  ADD PRIMARY KEY (`ID_PK_BRG_PENJUALAN`);

--
-- 表的索引 `tbl_brg_penjualan_log`
--
ALTER TABLE `tbl_brg_penjualan_log`
  ADD PRIMARY KEY (`ID_PK_BRG_PENJUALAN_LOG`);

--
-- 表的索引 `tbl_brg_permintaan`
--
ALTER TABLE `tbl_brg_permintaan`
  ADD PRIMARY KEY (`ID_PK_BRG_PERMINTAAN`);

--
-- 表的索引 `tbl_brg_permintaan_log`
--
ALTER TABLE `tbl_brg_permintaan_log`
  ADD PRIMARY KEY (`ID_PK_PENERIMAAN_LOG`);

--
-- 表的索引 `tbl_brg_pindah`
--
ALTER TABLE `tbl_brg_pindah`
  ADD PRIMARY KEY (`id_pk_brg_pindah`);

--
-- 表的索引 `tbl_brg_pindah_log`
--
ALTER TABLE `tbl_brg_pindah_log`
  ADD PRIMARY KEY (`id_pk_brg_pindah_log`);

--
-- 表的索引 `tbl_brg_so`
--
ALTER TABLE `tbl_brg_so`
  ADD PRIMARY KEY (`ID_PK_SO_BRG`);

--
-- 表的索引 `tbl_brg_so_log`
--
ALTER TABLE `tbl_brg_so_log`
  ADD PRIMARY KEY (`ID_PK_SO_BRG_LOG`);

--
-- 表的索引 `tbl_brg_warehouse`
--
ALTER TABLE `tbl_brg_warehouse`
  ADD PRIMARY KEY (`ID_PK_BRG_WAREHOUSE`);

--
-- 表的索引 `tbl_brg_warehouse_log`
--
ALTER TABLE `tbl_brg_warehouse_log`
  ADD PRIMARY KEY (`ID_PK_BRG_WAREHOUSE_LOG`);

--
-- 表的索引 `tbl_cabang_admin`
--
ALTER TABLE `tbl_cabang_admin`
  ADD PRIMARY KEY (`ID_PK_CABANG_ADMIN`);

--
-- 表的索引 `tbl_cabang_admin_log`
--
ALTER TABLE `tbl_cabang_admin_log`
  ADD PRIMARY KEY (`ID_PK_CABANG_ADMIN_LOG`);

--
-- 表的索引 `tbl_hak_akses`
--
ALTER TABLE `tbl_hak_akses`
  ADD PRIMARY KEY (`ID_PK_HAK_AKSES`);

--
-- 表的索引 `tbl_hak_akses_log`
--
ALTER TABLE `tbl_hak_akses_log`
  ADD PRIMARY KEY (`ID_PK_HAK_AKSES_LOG`);

--
-- 表的索引 `tbl_penjualan_online`
--
ALTER TABLE `tbl_penjualan_online`
  ADD PRIMARY KEY (`id_pk_penjualan_online`);

--
-- 表的索引 `tbl_penjualan_online_log`
--
ALTER TABLE `tbl_penjualan_online_log`
  ADD PRIMARY KEY (`id_pk_penjualan_online_log`);

--
-- 表的索引 `tbl_penjualan_pembayaran`
--
ALTER TABLE `tbl_penjualan_pembayaran`
  ADD PRIMARY KEY (`id_pk_penjualan_pembayaran`);

--
-- 表的索引 `tbl_penjualan_pembayaran_log`
--
ALTER TABLE `tbl_penjualan_pembayaran_log`
  ADD PRIMARY KEY (`id_pk_penjualan_pembayaran_log`);

--
-- 表的索引 `tbl_sj_item`
--
ALTER TABLE `tbl_sj_item`
  ADD PRIMARY KEY (`ID_PK_SJ_ITEM`);

--
-- 表的索引 `tbl_sj_item_log`
--
ALTER TABLE `tbl_sj_item_log`
  ADD PRIMARY KEY (`ID_PK_SJ_ITEM_LOG`);

--
-- 表的索引 `tbl_so_pj`
--
ALTER TABLE `tbl_so_pj`
  ADD PRIMARY KEY (`ID_PK_SO_PJ`);

--
-- 表的索引 `tbl_so_pj_log`
--
ALTER TABLE `tbl_so_pj_log`
  ADD PRIMARY KEY (`ID_PK_SO_PJ_LOG`);

--
-- 表的索引 `tbl_tambahan_pembelian`
--
ALTER TABLE `tbl_tambahan_pembelian`
  ADD PRIMARY KEY (`ID_PK_TMBHN`);

--
-- 表的索引 `tbl_tambahan_pembelian_log`
--
ALTER TABLE `tbl_tambahan_pembelian_log`
  ADD PRIMARY KEY (`ID_PK_TMBHN_LOG`);

--
-- 表的索引 `tbl_tambahan_penjualan`
--
ALTER TABLE `tbl_tambahan_penjualan`
  ADD PRIMARY KEY (`ID_PK_TMBHN`);

--
-- 表的索引 `tbl_tambahan_penjualan_log`
--
ALTER TABLE `tbl_tambahan_penjualan_log`
  ADD PRIMARY KEY (`ID_PK_TMBHN_LOG`);

--
-- 表的索引 `tbl_toko_admin`
--
ALTER TABLE `tbl_toko_admin`
  ADD PRIMARY KEY (`ID_PK_TOKO_ADMIN`);

--
-- 表的索引 `tbl_toko_admin_log`
--
ALTER TABLE `tbl_toko_admin_log`
  ADD PRIMARY KEY (`ID_PK_TOKO_ADMIN_LOG`);

--
-- 表的索引 `tbl_warehouse_admin`
--
ALTER TABLE `tbl_warehouse_admin`
  ADD PRIMARY KEY (`ID_PK_WAREHOUSE_ADMIN`);

--
-- 表的索引 `tbl_warehouse_admin_log`
--
ALTER TABLE `tbl_warehouse_admin_log`
  ADD PRIMARY KEY (`ID_PK_WAREHOUSE_ADMIN_LOG`);

--
-- 在导出的表使用AUTO_INCREMENT
--

--
-- 使用表AUTO_INCREMENT `log_all`
--
ALTER TABLE `log_all`
  MODIFY `ID_LOG_ALL` int(11) NOT NULL AUTO_INCREMENT, AUTO_INCREMENT=2446;

--
-- 使用表AUTO_INCREMENT `mstr_barang`
--
ALTER TABLE `mstr_barang`
  MODIFY `id_pk_brg` int(11) NOT NULL AUTO_INCREMENT, AUTO_INCREMENT=11;

--
-- 使用表AUTO_INCREMENT `mstr_barang_jenis`
--
ALTER TABLE `mstr_barang_jenis`
  MODIFY `ID_PK_BRG_JENIS` int(11) NOT NULL AUTO_INCREMENT, AUTO_INCREMENT=19;

--
-- 使用表AUTO_INCREMENT `mstr_barang_jenis_log`
--
ALTER TABLE `mstr_barang_jenis_log`
  MODIFY `ID_PK_BRG_JENIS_LOG` int(11) NOT NULL AUTO_INCREMENT, AUTO_INCREMENT=25;

--
-- 使用表AUTO_INCREMENT `mstr_barang_log`
--
ALTER TABLE `mstr_barang_log`
  MODIFY `id_pk_brg_log` int(11) NOT NULL AUTO_INCREMENT, AUTO_INCREMENT=14;

--
-- 使用表AUTO_INCREMENT `mstr_barang_merk`
--
ALTER TABLE `mstr_barang_merk`
  MODIFY `ID_PK_BRG_MERK` int(11) NOT NULL AUTO_INCREMENT, AUTO_INCREMENT=117;

--
-- 使用表AUTO_INCREMENT `mstr_barang_merk_log`
--
ALTER TABLE `mstr_barang_merk_log`
  MODIFY `ID_PK_BRG_MERK_LOG` int(11) NOT NULL AUTO_INCREMENT, AUTO_INCREMENT=123;

--
-- 使用表AUTO_INCREMENT `mstr_cabang`
--
ALTER TABLE `mstr_cabang`
  MODIFY `ID_PK_CABANG` int(11) NOT NULL AUTO_INCREMENT, AUTO_INCREMENT=32;

--
-- 使用表AUTO_INCREMENT `mstr_cabang_log`
--
ALTER TABLE `mstr_cabang_log`
  MODIFY `ID_PK_CABANG_LOG` int(11) NOT NULL AUTO_INCREMENT, AUTO_INCREMENT=65;

--
-- 使用表AUTO_INCREMENT `mstr_customer`
--
ALTER TABLE `mstr_customer`
  MODIFY `id_pk_cust` int(11) NOT NULL AUTO_INCREMENT, AUTO_INCREMENT=3;

--
-- 使用表AUTO_INCREMENT `mstr_customer_log`
--
ALTER TABLE `mstr_customer_log`
  MODIFY `id_pk_cust_log` int(11) NOT NULL AUTO_INCREMENT, AUTO_INCREMENT=5;

--
-- 使用表AUTO_INCREMENT `mstr_employee`
--
ALTER TABLE `mstr_employee`
  MODIFY `ID_PK_EMPLOYEE` int(11) NOT NULL AUTO_INCREMENT, AUTO_INCREMENT=2;

--
-- 使用表AUTO_INCREMENT `mstr_employee_log`
--
ALTER TABLE `mstr_employee_log`
  MODIFY `ID_PK_EMPLOYEE_LOG` int(11) NOT NULL AUTO_INCREMENT, AUTO_INCREMENT=2;

--
-- 使用表AUTO_INCREMENT `mstr_jabatan`
--
ALTER TABLE `mstr_jabatan`
  MODIFY `ID_PK_JABATAN` int(11) NOT NULL AUTO_INCREMENT, AUTO_INCREMENT=9;

--
-- 使用表AUTO_INCREMENT `mstr_jabatan_log`
--
ALTER TABLE `mstr_jabatan_log`
  MODIFY `ID_PK_JABATAN_LOG` int(11) NOT NULL AUTO_INCREMENT, AUTO_INCREMENT=34;

--
-- 使用表AUTO_INCREMENT `mstr_menu`
--
ALTER TABLE `mstr_menu`
  MODIFY `ID_PK_MENU` int(11) NOT NULL AUTO_INCREMENT, AUTO_INCREMENT=27;

--
-- 使用表AUTO_INCREMENT `mstr_menu_log`
--
ALTER TABLE `mstr_menu_log`
  MODIFY `ID_PK_MENU_LOG` int(11) NOT NULL AUTO_INCREMENT, AUTO_INCREMENT=48;

--
-- 使用表AUTO_INCREMENT `mstr_pembelian`
--
ALTER TABLE `mstr_pembelian`
  MODIFY `ID_PK_PEMBELIAN` int(11) NOT NULL AUTO_INCREMENT, AUTO_INCREMENT=7;

--
-- 使用表AUTO_INCREMENT `mstr_pembelian_log`
--
ALTER TABLE `mstr_pembelian_log`
  MODIFY `ID_PK_PEMBELIAN_LOG` int(11) NOT NULL AUTO_INCREMENT, AUTO_INCREMENT=16;

--
-- 使用表AUTO_INCREMENT `mstr_penerimaan`
--
ALTER TABLE `mstr_penerimaan`
  MODIFY `ID_PK_PENERIMAAN` int(11) NOT NULL AUTO_INCREMENT, AUTO_INCREMENT=33;

--
-- 使用表AUTO_INCREMENT `mstr_penerimaan_log`
--
ALTER TABLE `mstr_penerimaan_log`
  MODIFY `ID_PK_PENERIMAAN_LOG` int(11) NOT NULL AUTO_INCREMENT, AUTO_INCREMENT=57;

--
-- 使用表AUTO_INCREMENT `mstr_pengiriman`
--
ALTER TABLE `mstr_pengiriman`
  MODIFY `id_pk_pengiriman` int(11) NOT NULL AUTO_INCREMENT, AUTO_INCREMENT=6;

--
-- 使用表AUTO_INCREMENT `mstr_pengiriman_log`
--
ALTER TABLE `mstr_pengiriman_log`
  MODIFY `id_pk_pengiriman_log` int(11) NOT NULL AUTO_INCREMENT, AUTO_INCREMENT=14;

--
-- 使用表AUTO_INCREMENT `mstr_penjualan`
--
ALTER TABLE `mstr_penjualan`
  MODIFY `ID_PK_PENJUALAN` int(11) NOT NULL AUTO_INCREMENT, AUTO_INCREMENT=25;

--
-- 使用表AUTO_INCREMENT `mstr_penjualan_log`
--
ALTER TABLE `mstr_penjualan_log`
  MODIFY `ID_PK_PENJUALAN_LOG` int(11) NOT NULL AUTO_INCREMENT, AUTO_INCREMENT=79;

--
-- 使用表AUTO_INCREMENT `mstr_satuan`
--
ALTER TABLE `mstr_satuan`
  MODIFY `ID_PK_SATUAN` int(11) NOT NULL AUTO_INCREMENT, AUTO_INCREMENT=4;

--
-- 使用表AUTO_INCREMENT `mstr_satuan_log`
--
ALTER TABLE `mstr_satuan_log`
  MODIFY `ID_PK_SATUAN_LOG` int(11) NOT NULL AUTO_INCREMENT, AUTO_INCREMENT=9;

--
-- 使用表AUTO_INCREMENT `mstr_stock_opname`
--
ALTER TABLE `mstr_stock_opname`
  MODIFY `ID_PK_STOCK_OPNAME` int(11) NOT NULL AUTO_INCREMENT;

--
-- 使用表AUTO_INCREMENT `mstr_stock_opname_log`
--
ALTER TABLE `mstr_stock_opname_log`
  MODIFY `ID_PK_STOCK_OPNAME_LOG` int(11) NOT NULL AUTO_INCREMENT;

--
-- 使用表AUTO_INCREMENT `mstr_supplier`
--
ALTER TABLE `mstr_supplier`
  MODIFY `id_pk_sup` int(11) NOT NULL AUTO_INCREMENT, AUTO_INCREMENT=3;

--
-- 使用表AUTO_INCREMENT `mstr_supplier_log`
--
ALTER TABLE `mstr_supplier_log`
  MODIFY `id_pk_sup_log` int(11) NOT NULL AUTO_INCREMENT, AUTO_INCREMENT=4;

--
-- 使用表AUTO_INCREMENT `mstr_surat_jalan`
--
ALTER TABLE `mstr_surat_jalan`
  MODIFY `ID_PK_SURAT_JALAN` int(11) NOT NULL AUTO_INCREMENT;

--
-- 使用表AUTO_INCREMENT `mstr_surat_jalan_log`
--
ALTER TABLE `mstr_surat_jalan_log`
  MODIFY `ID_PK_SURAT_JALAN_LOG` int(11) NOT NULL AUTO_INCREMENT;

--
-- 使用表AUTO_INCREMENT `mstr_toko`
--
ALTER TABLE `mstr_toko`
  MODIFY `ID_PK_TOKO` int(11) NOT NULL AUTO_INCREMENT, AUTO_INCREMENT=4;

--
-- 使用表AUTO_INCREMENT `mstr_toko_log`
--
ALTER TABLE `mstr_toko_log`
  MODIFY `ID_PK_TOKO_LOG` int(11) NOT NULL AUTO_INCREMENT, AUTO_INCREMENT=9;

--
-- 使用表AUTO_INCREMENT `mstr_user`
--
ALTER TABLE `mstr_user`
  MODIFY `ID_PK_USER` int(11) NOT NULL AUTO_INCREMENT, AUTO_INCREMENT=6;

--
-- 使用表AUTO_INCREMENT `mstr_user_log`
--
ALTER TABLE `mstr_user_log`
  MODIFY `ID_PK_USER_LOG` int(11) NOT NULL AUTO_INCREMENT, AUTO_INCREMENT=15;

--
-- 使用表AUTO_INCREMENT `mstr_warehouse`
--
ALTER TABLE `mstr_warehouse`
  MODIFY `ID_PK_WAREHOUSE` int(11) NOT NULL AUTO_INCREMENT, AUTO_INCREMENT=4;

--
-- 使用表AUTO_INCREMENT `mstr_warehouse_log`
--
ALTER TABLE `mstr_warehouse_log`
  MODIFY `ID_PK_WAREHOUSE_LOG` int(11) NOT NULL AUTO_INCREMENT, AUTO_INCREMENT=8;

--
-- 使用表AUTO_INCREMENT `tbl_barang_kombinasi`
--
ALTER TABLE `tbl_barang_kombinasi`
  MODIFY `id_pk_barang_kombinasi` int(11) NOT NULL AUTO_INCREMENT, AUTO_INCREMENT=6;

--
-- 使用表AUTO_INCREMENT `tbl_barang_kombinasi_log`
--
ALTER TABLE `tbl_barang_kombinasi_log`
  MODIFY `id_pk_barang_kombinasi_log` int(11) NOT NULL AUTO_INCREMENT, AUTO_INCREMENT=12;

--
-- 使用表AUTO_INCREMENT `tbl_barang_ukuran`
--
ALTER TABLE `tbl_barang_ukuran`
  MODIFY `ID_PK_BARANG_UKURAN` int(11) NOT NULL AUTO_INCREMENT, AUTO_INCREMENT=76;

--
-- 使用表AUTO_INCREMENT `tbl_brg_cabang`
--
ALTER TABLE `tbl_brg_cabang`
  MODIFY `id_pk_brg_cabang` int(11) NOT NULL AUTO_INCREMENT, AUTO_INCREMENT=10;

--
-- 使用表AUTO_INCREMENT `tbl_brg_cabang_log`
--
ALTER TABLE `tbl_brg_cabang_log`
  MODIFY `id_pk_brg_cabang_log` int(11) NOT NULL AUTO_INCREMENT, AUTO_INCREMENT=21;

--
-- 使用表AUTO_INCREMENT `tbl_brg_pembelian`
--
ALTER TABLE `tbl_brg_pembelian`
  MODIFY `ID_PK_BRG_PEMBELIAN` int(11) NOT NULL AUTO_INCREMENT, AUTO_INCREMENT=41;

--
-- 使用表AUTO_INCREMENT `tbl_brg_pembelian_log`
--
ALTER TABLE `tbl_brg_pembelian_log`
  MODIFY `ID_PK_BRG_PEMBELIAN_LOG` int(11) NOT NULL AUTO_INCREMENT, AUTO_INCREMENT=189;

--
-- 使用表AUTO_INCREMENT `tbl_brg_pemenuhan`
--
ALTER TABLE `tbl_brg_pemenuhan`
  MODIFY `ID_PK_BRG_PEMENUHAN` int(11) NOT NULL AUTO_INCREMENT;

--
-- 使用表AUTO_INCREMENT `tbl_brg_pemenuhan_log`
--
ALTER TABLE `tbl_brg_pemenuhan_log`
  MODIFY `ID_PK_BRG_PEMENUHAN_LOG` int(11) NOT NULL AUTO_INCREMENT;

--
-- 使用表AUTO_INCREMENT `tbl_brg_penerimaan`
--
ALTER TABLE `tbl_brg_penerimaan`
  MODIFY `id_pk_brg_penerimaan` int(11) NOT NULL AUTO_INCREMENT, AUTO_INCREMENT=2;

--
-- 使用表AUTO_INCREMENT `tbl_brg_penerimaan_log`
--
ALTER TABLE `tbl_brg_penerimaan_log`
  MODIFY `id_pk_brg_penerimaan_log` int(11) NOT NULL AUTO_INCREMENT, AUTO_INCREMENT=4;

--
-- 使用表AUTO_INCREMENT `tbl_brg_pengiriman`
--
ALTER TABLE `tbl_brg_pengiriman`
  MODIFY `id_pk_brg_pengiriman` int(11) NOT NULL AUTO_INCREMENT, AUTO_INCREMENT=27;

--
-- 使用表AUTO_INCREMENT `tbl_brg_pengiriman_log`
--
ALTER TABLE `tbl_brg_pengiriman_log`
  MODIFY `id_pk_brg_pengiriman_log` int(11) NOT NULL AUTO_INCREMENT, AUTO_INCREMENT=64;

--
-- 使用表AUTO_INCREMENT `tbl_brg_penjualan`
--
ALTER TABLE `tbl_brg_penjualan`
  MODIFY `ID_PK_BRG_PENJUALAN` int(11) NOT NULL AUTO_INCREMENT, AUTO_INCREMENT=38;

--
-- 使用表AUTO_INCREMENT `tbl_brg_penjualan_log`
--
ALTER TABLE `tbl_brg_penjualan_log`
  MODIFY `ID_PK_BRG_PENJUALAN_LOG` int(11) NOT NULL AUTO_INCREMENT, AUTO_INCREMENT=323;

--
-- 使用表AUTO_INCREMENT `tbl_brg_permintaan`
--
ALTER TABLE `tbl_brg_permintaan`
  MODIFY `ID_PK_BRG_PERMINTAAN` int(11) NOT NULL AUTO_INCREMENT, AUTO_INCREMENT=2;

--
-- 使用表AUTO_INCREMENT `tbl_brg_permintaan_log`
--
ALTER TABLE `tbl_brg_permintaan_log`
  MODIFY `ID_PK_PENERIMAAN_LOG` int(11) NOT NULL AUTO_INCREMENT, AUTO_INCREMENT=2;

--
-- 使用表AUTO_INCREMENT `tbl_brg_pindah`
--
ALTER TABLE `tbl_brg_pindah`
  MODIFY `id_pk_brg_pindah` int(11) NOT NULL AUTO_INCREMENT, AUTO_INCREMENT=12;

--
-- 使用表AUTO_INCREMENT `tbl_brg_pindah_log`
--
ALTER TABLE `tbl_brg_pindah_log`
  MODIFY `id_pk_brg_pindah_log` int(11) NOT NULL AUTO_INCREMENT, AUTO_INCREMENT=14;

--
-- 使用表AUTO_INCREMENT `tbl_brg_so`
--
ALTER TABLE `tbl_brg_so`
  MODIFY `ID_PK_SO_BRG` int(11) NOT NULL AUTO_INCREMENT;

--
-- 使用表AUTO_INCREMENT `tbl_brg_so_log`
--
ALTER TABLE `tbl_brg_so_log`
  MODIFY `ID_PK_SO_BRG_LOG` int(11) NOT NULL AUTO_INCREMENT;

--
-- 使用表AUTO_INCREMENT `tbl_brg_warehouse`
--
ALTER TABLE `tbl_brg_warehouse`
  MODIFY `ID_PK_BRG_WAREHOUSE` int(11) NOT NULL AUTO_INCREMENT, AUTO_INCREMENT=14;

--
-- 使用表AUTO_INCREMENT `tbl_brg_warehouse_log`
--
ALTER TABLE `tbl_brg_warehouse_log`
  MODIFY `ID_PK_BRG_WAREHOUSE_LOG` int(11) NOT NULL AUTO_INCREMENT, AUTO_INCREMENT=18;

--
-- 使用表AUTO_INCREMENT `tbl_cabang_admin`
--
ALTER TABLE `tbl_cabang_admin`
  MODIFY `ID_PK_CABANG_ADMIN` int(11) NOT NULL AUTO_INCREMENT, AUTO_INCREMENT=11;

--
-- 使用表AUTO_INCREMENT `tbl_cabang_admin_log`
--
ALTER TABLE `tbl_cabang_admin_log`
  MODIFY `ID_PK_CABANG_ADMIN_LOG` int(11) NOT NULL AUTO_INCREMENT, AUTO_INCREMENT=22;

--
-- 使用表AUTO_INCREMENT `tbl_hak_akses`
--
ALTER TABLE `tbl_hak_akses`
  MODIFY `ID_PK_HAK_AKSES` int(11) NOT NULL AUTO_INCREMENT, AUTO_INCREMENT=205;

--
-- 使用表AUTO_INCREMENT `tbl_hak_akses_log`
--
ALTER TABLE `tbl_hak_akses_log`
  MODIFY `ID_PK_HAK_AKSES_LOG` int(11) NOT NULL AUTO_INCREMENT, AUTO_INCREMENT=680;

--
-- 使用表AUTO_INCREMENT `tbl_penjualan_online`
--
ALTER TABLE `tbl_penjualan_online`
  MODIFY `id_pk_penjualan_online` int(11) NOT NULL AUTO_INCREMENT, AUTO_INCREMENT=5;

--
-- 使用表AUTO_INCREMENT `tbl_penjualan_online_log`
--
ALTER TABLE `tbl_penjualan_online_log`
  MODIFY `id_pk_penjualan_online_log` int(11) NOT NULL AUTO_INCREMENT, AUTO_INCREMENT=24;

--
-- 使用表AUTO_INCREMENT `tbl_penjualan_pembayaran`
--
ALTER TABLE `tbl_penjualan_pembayaran`
  MODIFY `id_pk_penjualan_pembayaran` int(11) NOT NULL AUTO_INCREMENT, AUTO_INCREMENT=14;

--
-- 使用表AUTO_INCREMENT `tbl_penjualan_pembayaran_log`
--
ALTER TABLE `tbl_penjualan_pembayaran_log`
  MODIFY `id_pk_penjualan_pembayaran_log` int(11) NOT NULL AUTO_INCREMENT, AUTO_INCREMENT=23;

--
-- 使用表AUTO_INCREMENT `tbl_sj_item`
--
ALTER TABLE `tbl_sj_item`
  MODIFY `ID_PK_SJ_ITEM` int(11) NOT NULL AUTO_INCREMENT;

--
-- 使用表AUTO_INCREMENT `tbl_sj_item_log`
--
ALTER TABLE `tbl_sj_item_log`
  MODIFY `ID_PK_SJ_ITEM_LOG` int(11) NOT NULL AUTO_INCREMENT;

--
-- 使用表AUTO_INCREMENT `tbl_so_pj`
--
ALTER TABLE `tbl_so_pj`
  MODIFY `ID_PK_SO_PJ` int(11) NOT NULL AUTO_INCREMENT;

--
-- 使用表AUTO_INCREMENT `tbl_so_pj_log`
--
ALTER TABLE `tbl_so_pj_log`
  MODIFY `ID_PK_SO_PJ_LOG` int(11) NOT NULL AUTO_INCREMENT;

--
-- 使用表AUTO_INCREMENT `tbl_tambahan_pembelian`
--
ALTER TABLE `tbl_tambahan_pembelian`
  MODIFY `ID_PK_TMBHN` int(11) NOT NULL AUTO_INCREMENT, AUTO_INCREMENT=27;

--
-- 使用表AUTO_INCREMENT `tbl_tambahan_pembelian_log`
--
ALTER TABLE `tbl_tambahan_pembelian_log`
  MODIFY `ID_PK_TMBHN_LOG` int(11) NOT NULL AUTO_INCREMENT, AUTO_INCREMENT=102;

--
-- 使用表AUTO_INCREMENT `tbl_tambahan_penjualan`
--
ALTER TABLE `tbl_tambahan_penjualan`
  MODIFY `ID_PK_TMBHN` int(11) NOT NULL AUTO_INCREMENT, AUTO_INCREMENT=14;

--
-- 使用表AUTO_INCREMENT `tbl_tambahan_penjualan_log`
--
ALTER TABLE `tbl_tambahan_penjualan_log`
  MODIFY `ID_PK_TMBHN_LOG` int(11) NOT NULL AUTO_INCREMENT, AUTO_INCREMENT=103;

--
-- 使用表AUTO_INCREMENT `tbl_toko_admin`
--
ALTER TABLE `tbl_toko_admin`
  MODIFY `ID_PK_TOKO_ADMIN` int(11) NOT NULL AUTO_INCREMENT, AUTO_INCREMENT=7;

--
-- 使用表AUTO_INCREMENT `tbl_toko_admin_log`
--
ALTER TABLE `tbl_toko_admin_log`
  MODIFY `ID_PK_TOKO_ADMIN_LOG` int(11) NOT NULL AUTO_INCREMENT, AUTO_INCREMENT=16;

--
-- 使用表AUTO_INCREMENT `tbl_warehouse_admin`
--
ALTER TABLE `tbl_warehouse_admin`
  MODIFY `ID_PK_WAREHOUSE_ADMIN` int(11) NOT NULL AUTO_INCREMENT, AUTO_INCREMENT=6;

--
-- 使用表AUTO_INCREMENT `tbl_warehouse_admin_log`
--
ALTER TABLE `tbl_warehouse_admin_log`
  MODIFY `ID_PK_WAREHOUSE_ADMIN_LOG` int(11) NOT NULL AUTO_INCREMENT, AUTO_INCREMENT=8;
COMMIT;

/*!40101 SET CHARACTER_SET_CLIENT=@OLD_CHARACTER_SET_CLIENT */;
/*!40101 SET CHARACTER_SET_RESULTS=@OLD_CHARACTER_SET_RESULTS */;
/*!40101 SET COLLATION_CONNECTION=@OLD_COLLATION_CONNECTION */;
