-- phpMyAdmin SQL Dump
-- version 5.0.1
-- https://www.phpmyadmin.net/
--
-- Host: 127.0.0.1
-- Generation Time: Jul 24, 2020 at 03:22 PM
-- Server version: 10.4.11-MariaDB
-- PHP Version: 7.4.3

SET SQL_MODE = "NO_AUTO_VALUE_ON_ZERO";
SET AUTOCOMMIT = 0;
START TRANSACTION;
SET time_zone = "+00:00";


/*!40101 SET @OLD_CHARACTER_SET_CLIENT=@@CHARACTER_SET_CLIENT */;
/*!40101 SET @OLD_CHARACTER_SET_RESULTS=@@CHARACTER_SET_RESULTS */;
/*!40101 SET @OLD_COLLATION_CONNECTION=@@COLLATION_CONNECTION */;
/*!40101 SET NAMES utf8mb4 */;

--
-- Database: `indotama`
--

DELIMITER $$
--
-- Procedures
--
CREATE DEFINER=`root`@`localhost` PROCEDURE `check_and_auto_insert_brg_cabang` (IN `id_fk_brg_in` INT, IN `id_fk_cabang_in` INT, IN `id_create_data_in` INT)  begin
            set @a = "";
            select count(id_pk_brg_cabang) into @a from tbl_brg_cabang where id_fk_brg = id_fk_brg_in and id_fk_cabang = id_fk_cabang_in;

            if !@a>0
            then
                insert into tbl_brg_cabang 
                values (null,0,'Auto insert from database before penerimaan barang','aktif',0,id_fk_brg_in,id_fk_cabang_in,now(),now(),id_create_data_in,id_create_data_in);
            end if;
        end$$

CREATE DEFINER=`root`@`localhost` PROCEDURE `generate_trans_no` (IN `id_cabang_in` INT, IN `jenis_trans` VARCHAR(15), IN `custom_tgl` VARCHAR(20), OUT `trans_no` VARCHAR(100), OUT `latest_no` INT)  begin
	set @nomor = 0;
    if custom_tgl = "-"
    then
		set @bulan = convert(month(current_date),unsigned);
		set @tahun = convert(year(current_date),unsigned);
		set @tgl = convert(day(current_date),unsigned);
	else
		set @tahun = convert(substring_index(custom_tgl,"-",1),unsigned);
        set @bulan = convert(substring_index(substring_index(custom_tgl,"-",2),"-",-1),unsigned);
        set @tgl = convert(substring_index(custom_tgl,"-",-1),unsigned);
    end if;
    
    set @kode_cabang = "";
    if jenis_trans = "pembelian"
    then 
		select ifnull(max(no_control),0)+1 into @nomor
        from mstr_pembelian
		where bln_control = @bulan
		and thn_control = @tahun
		and pem_status != 'nonaktif'
		and id_fk_cabang = id_cabang_in;
	elseif jenis_trans = "penjualan"
    then
		select ifnull(max(no_control),0)+1 into @nomor
        from mstr_penjualan
		where bln_control = @bulan
		and thn_control = @tahun
		and penj_status != 'nonaktif'
		and id_fk_cabang = id_cabang_in;
	elseif jenis_trans = "retur"
	then
		select ifnull(max(mstr_retur.no_control),0)+1 into @nomor
        from mstr_retur
        inner join mstr_penjualan on mstr_penjualan.id_pk_penjualan = mstr_retur.id_fk_penjualan
		where mstr_retur.bln_control = @bulan
		and mstr_retur.thn_control = @tahun
		and retur_status != 'nonaktif'
		and id_fk_cabang = id_cabang_in;
	elseif jenis_trans = "pengiriman"
    then
		select ifnull(max(no_control),0)+1 into @nomor
        from mstr_pengiriman
		where bln_control = @bulan
		and thn_control = @tahun
		and pengiriman_status != 'nonaktif'
		and id_fk_cabang = id_cabang_in;
	elseif jenis_trans = "penerimaan"
    then
		select ifnull(max(no_control),0)+1 into @nomor
        from mstr_penerimaan
		where bln_control = @bulan
		and thn_control = @tahun
		and penerimaan_status != 'nonaktif'
		and id_fk_cabang = id_cabang_in;
	end if;
    
    select cabang_kode into @kode_cabang
    from mstr_cabang
    where id_pk_cabang = id_cabang_in;
    
    /*select id_cabang_in;*/
    
    set latest_no := @nomor;
    set trans_no = concat(upper(@kode_cabang),"-",upper(jenis_trans),"-",@tahun,"-",lpad(@bulan,2,0),"-",lpad(@tgl,2,0),"-",lpad(@nomor,6,0));
end$$

CREATE DEFINER=`root`@`localhost` PROCEDURE `get_username` (IN `id_pk_user_in` INT, OUT `username` VARCHAR(100))  begin
	select ifnull(user_name,"-") into username 
    from mstr_user
    where id_pk_user = id_pk_user_in
    and user_status = 'aktif';
end$$

CREATE DEFINER=`root`@`localhost` PROCEDURE `insert_log_all` (IN `id_user` INT, IN `log_date` DATETIME, IN `log_text` VARCHAR(1000), OUT `id_log_all` INT)  begin
	insert into log_all(id_user,log_date,log) values(id_user,log_date,log_text);
    select last_insert_id() into id_log_all ;
end$$

CREATE DEFINER=`root`@`localhost` PROCEDURE `list_barang_kombinasi_cabang` ()  begin

declare finished int default 0;
declare id_barang_utama_var int default 0;
declare id_cabang_var int default 0;
    
declare brg_kombinasi_cur cursor for 
select id_barang_utama,id_fk_cabang
from tbl_barang_kombinasi
inner join mstr_barang on mstr_barang.id_pk_brg = tbl_barang_kombinasi.id_barang_utama
inner join tbl_brg_cabang on tbl_brg_cabang.id_fk_brg = mstr_barang.id_pk_brg
where mstr_barang.brg_status = 'aktif' 
and tbl_barang_kombinasi.barang_kombinasi_status = 'aktif' 
and tbl_brg_cabang.brg_cabang_status = 'aktif'
group by id_barang_utama,id_fk_cabang
/*supaya urutan dari yang paling awal dibuat, hingga yang akhir dibuat sehingga apabila terdapat kombinasi yang merupakan gabungan dari kombinasi lainnya jadi bisa terupdate dahulu sehingga dapat berjalan 1x. kalau tidak diurutkan berdasarkan id_pk_brg, maka dapat saja kombinasi yang terakhir terupdate terlebih dahulu daripada anggotanya menjadi tidak akurat. prinsipnya, update anggota dahulu sampe beres, baru update kombinasi lain yang menggunakan kombinasi sebelumnya*/
order by id_pk_brg,id_fk_cabang;

declare continue handler 
for not found set finished = 1;

open brg_kombinasi_cur;
mstr_kombinasi_loop:LOOP
	fetch brg_kombinasi_cur into id_barang_utama_var,id_cabang_var;
    
    call update_latest_stok_mstr_brg_kombinasi(id_barang_utama_var,id_cabang_var,@new_stok);
    if finished = 1 then
		leave mstr_kombinasi_loop;
	end if;
    
    update tbl_brg_cabang set brg_cabang_qty = @new_stok 
    where id_fk_brg = id_barang_utama_var
    and id_fk_cabang = id_cabang_var;
    
END LOOP mstr_kombinasi_loop;
end$$

CREATE DEFINER=`root`@`localhost` PROCEDURE `list_barang_kombinasi_warehouse` ()  begin

declare finished int default 0;
declare id_barang_utama_var int default 0;
declare id_warehouse_var int default 0;
    
declare brg_kombinasi_cur cursor for 
select id_barang_utama,id_fk_warehouse
from tbl_barang_kombinasi
inner join mstr_barang on mstr_barang.id_pk_brg = tbl_barang_kombinasi.id_barang_utama
inner join tbl_brg_warehouse on tbl_brg_warehouse.id_fk_brg = mstr_barang.id_pk_brg
where mstr_barang.brg_status = 'aktif' 
and tbl_barang_kombinasi.barang_kombinasi_status = 'aktif' 
and tbl_brg_warehouse.brg_warehouse_status = 'aktif'
group by id_barang_utama,id_fk_warehouse
/*supaya urutan dari yang paling awal dibuat, hingga yang akhir dibuat sehingga apabila terdapat kombinasi yang merupakan gabungan dari kombinasi lainnya jadi bisa terupdate dahulu sehingga dapat berjalan 1x. kalau tidak diurutkan berdasarkan id_pk_brg, maka dapat saja kombinasi yang terakhir terupdate terlebih dahulu daripada anggotanya menjadi tidak akurat. prinsipnya, update anggota dahulu sampe beres, baru update kombinasi lain yang menggunakan kombinasi sebelumnya*/
order by id_pk_brg,id_fk_warehouse;

declare continue handler 
for not found set finished = 1;

open brg_kombinasi_cur;
mstr_kombinasi_loop:LOOP
	fetch brg_kombinasi_cur into id_barang_utama_var,id_warehouse_var;
    
    call update_latest_stok_mstr_brg_kombinasi_warehouse(id_barang_utama_var,id_warehouse_var,@new_stok);
    if finished = 1 then
		leave mstr_kombinasi_loop;
	end if;
    
    update tbl_brg_warehouse set brg_warehouse_qty = @new_stok 
    where id_fk_brg = id_barang_utama_var
    and id_fk_warehouse = id_warehouse_var;
    
END LOOP mstr_kombinasi_loop;
end$$

CREATE DEFINER=`root`@`localhost` PROCEDURE `ubah_satuan_barang` (IN `id_satuan_in` INT, INOUT `brg_qty` DOUBLE)  begin
            declare conversion_exp varchar(20);
            select satuan_rumus 
            into conversion_exp
            from mstr_satuan
            where id_pk_satuan = id_satuan_in;
            
            set brg_qty = conversion_exp * brg_qty;
            
        end$$

CREATE DEFINER=`root`@`localhost` PROCEDURE `update_latest_stok_mstr_brg_kombinasi` (IN `id_barang_utama_in` INT, IN `id_fk_cabang_in` INT, OUT `new_stok_in` DOUBLE)  begin
	select floor(min(rasio_stok)) into new_stok_in
	from (
		select id_fk_cabang,id_barang_utama,id_fk_brg,
		brg_cabang_qty,
		barang_kombinasi_qty,
		brg_cabang_qty/barang_kombinasi_qty as rasio_stok 
		from v_brg_kombinasi_final
		left join v_brg_cabang_aktif on v_brg_cabang_aktif.id_fk_brg = v_brg_kombinasi_final.id_barang_kombinasi
		where id_barang_utama = id_barang_utama_in and id_fk_cabang = id_fk_cabang_in
		order by id_fk_cabang,id_barang_utama,id_barang_kombinasi
		) as a
		group by id_barang_utama,id_fk_cabang
		order by id_fk_cabang,id_barang_utama;
end$$

CREATE DEFINER=`root`@`localhost` PROCEDURE `update_latest_stok_mstr_brg_kombinasi_warehouse` (IN `id_barang_utama_in` INT, IN `id_fk_warehouse_in` INT, OUT `new_stok_in` DOUBLE)  begin
	select floor(min(rasio_stok)) into new_stok_in
	from (
		select id_fk_warehouse,id_barang_utama,id_fk_brg,
		brg_warehouse_qty,
		barang_kombinasi_qty,
		brg_warehouse_qty/barang_kombinasi_qty as rasio_stok 
		from v_brg_kombinasi_final
		left join v_brg_warehouse_aktif on v_brg_warehouse_aktif.id_fk_brg = v_brg_kombinasi_final.id_barang_kombinasi
		where id_barang_utama = id_barang_utama_in and id_fk_warehouse = id_fk_warehouse_in
		order by id_fk_warehouse,id_barang_utama,id_barang_kombinasi
	) as a
	group by id_barang_utama,id_fk_warehouse
	order by id_fk_warehouse,id_barang_utama;
end$$

CREATE DEFINER=`root`@`localhost` PROCEDURE `update_stok_barang_cabang` (IN `id_barang` INT, IN `id_cabang` INT, IN `barang_masuk` DOUBLE, IN `id_satuan_masuk` INT, IN `barang_keluar` DOUBLE, IN `id_satuan_keluar` INT)  begin
            /*
            the logic is
            barang_masuk = n, barang_keluar = 0 [insert new data]
            barang_masuk = n, barang_keluar = m [update data]
            barang_masuk = 0, barang_keluar = m [delete data]
            */
            if barang_masuk != 0 then
            call ubah_satuan_barang(id_satuan_masuk, barang_masuk);
            end if;
            if barang_keluar != 0 then
            call ubah_satuan_barang(id_satuan_keluar, barang_keluar);
            end if;
            update tbl_brg_cabang 
            set brg_cabang_qty = brg_cabang_qty+barang_masuk-barang_keluar
            where id_fk_brg = id_barang and id_fk_cabang = id_cabang;

            call update_stok_kombinasi_barang_cabang(id_barang,barang_masuk, barang_keluar, id_cabang);

        end$$

CREATE DEFINER=`root`@`localhost` PROCEDURE `update_stok_barang_warehouse` (IN `id_barang` INT, IN `id_warehouse` INT, IN `barang_masuk` DOUBLE, IN `id_satuan_masuk` INT, IN `barang_keluar` DOUBLE, IN `id_satuan_keluar` INT)  begin
            /*
            the logic is
            barang_masuk = n, barang_keluar = 0 [insert new data]
            barang_masuk = n, barang_keluar = m [update data]
            barang_masuk = 0, barang_keluar = m [delete data]
            */
            if barang_masuk != 0 then
            call ubah_satuan_barang(id_satuan_masuk, barang_masuk);
            end if;
            if barang_keluar != 0 then
            call ubah_satuan_barang(id_satuan_keluar, barang_keluar);
            end if;
            update tbl_brg_warehouse 
            set brg_warehouse_qty = brg_warehouse_qty+barang_masuk-barang_keluar
            where id_fk_brg = id_barang and id_fk_warehouse = id_warehouse;
            
            call update_stok_kombinasi_barang_warehouse(id_barang,barang_masuk, barang_keluar, id_warehouse);

        end$$

CREATE DEFINER=`root`@`localhost` PROCEDURE `update_stok_kombinasi_barang_cabang` (IN `id_barang_utama_in` INT, IN `qty_brg_masuk_in` DOUBLE, IN `qty_brg_keluar_in` DOUBLE, IN `id_cabang_in` INT)  begin
            update tbl_barang_kombinasi
            inner join tbl_brg_cabang on tbl_brg_cabang.id_fk_brg = tbl_barang_kombinasi.id_barang_kombinasi
            set brg_cabang_qty = brg_cabang_qty+(barang_kombinasi_qty*qty_brg_masuk_in)-(barang_kombinasi_qty*qty_brg_keluar_in)
            where id_barang_utama = id_barang_utama_in and id_fk_cabang = id_cabang_in and barang_kombinasi_status = 'aktif';
        end$$

CREATE DEFINER=`root`@`localhost` PROCEDURE `update_stok_kombinasi_barang_warehouse` (IN `id_barang_utama_in` INT, IN `qty_brg_masuk_in` DOUBLE, IN `qty_brg_keluar_in` DOUBLE, IN `id_warehouse_in` INT)  begin
            update tbl_barang_kombinasi
            inner join tbl_brg_warehouse on tbl_brg_warehouse.id_fk_brg = tbl_barang_kombinasi.id_barang_kombinasi
            set brg_warehouse_qty = brg_warehouse_qty+(barang_kombinasi_qty*qty_brg_masuk_in)-(barang_kombinasi_qty*qty_brg_keluar_in)
            where id_barang_utama = id_barang_utama_in and id_fk_warehouse = id_warehouse_in and barang_kombinasi_status = 'aktif';
        end$$

CREATE DEFINER=`root`@`localhost` PROCEDURE `use_combinasi_barang` (IN `id_barang_utama_in` INT, IN `qty_brg_masuk_in` DOUBLE, IN `id_cabang_in` INT, IN `jenis_transaksi` VARCHAR(15))  begin
	if jenis_transaksi = "penerimaan"
    then 
		update tbl_barang_kombinasi
		inner join tbl_brg_cabang on tbl_brg_cabang.id_fk_brg = tbl_barang_kombinasi.id_barang_kombinasi
		set brg_cabang_qty = brg_cabang_qty+(barang_kombinasi_qty*qty_brg_masuk_in)
		where id_barang_utama = id_barang_utama_in and id_fk_cabang = id_cabang_in;
    elseif jenis_transaksi = "pengiriman"
    then
		update tbl_barang_kombinasi
		inner join tbl_brg_cabang on tbl_brg_cabang.id_fk_brg = tbl_barang_kombinasi.id_barang_kombinasi
		set brg_cabang_qty = brg_cabang_qty-(barang_kombinasi_qty*qty_brg_masuk_in)
		where id_barang_utama = id_barang_utama_in and id_fk_cabang = id_cabang_in;
    end if;
end$$

DELIMITER ;

-- --------------------------------------------------------

--
-- Table structure for table `log_all`
--

CREATE TABLE `log_all` (
  `id_log_all` int(11) NOT NULL,
  `id_user` int(11) DEFAULT NULL,
  `log_date` datetime DEFAULT NULL,
  `log` varchar(1000) DEFAULT NULL
) ENGINE=InnoDB DEFAULT CHARSET=utf8mb4;

--
-- Dumping data for table `log_all`
--

INSERT INTO `log_all` (`id_log_all`, `id_user`, `log_date`, `log`) VALUES
(1, 2, '2020-07-19 04:52:05', 'admin update data barang at 2020-07-19 04:52:05 nama barang terkait: barang612 nama barang baru: barang612'),
(2, 2, '2020-07-19 04:52:21', 'admin update data barang at 2020-07-19 04:52:21 nama barang terkait: barang612 nama barang baru: barang61'),
(3, 2, '2020-07-19 05:00:37', 'admin delete data barang at 2020-07-19 05:00:37 nama barang terkait: barang61'),
(4, 2, '2020-07-19 09:08:03', 'admin  update data barang at 2020-07-19 09:08:03'),
(5, 2, '2020-07-19 09:09:36', 'admin update data barang at 2020-07-19 09:09:36 nama barang terkait: Barang 23 nama barang baru: Barang 23'),
(6, 2, '2020-07-19 09:13:03', 'admin update data barang at 2020-07-19 09:13:03 \nnama barang terkait: Barang 23 nama barang baru: Barang 234'),
(7, 2, '2020-07-21 01:57:58', '2 insert data at 2020-07-21 01:57:58'),
(8, 2, '2020-07-21 08:58:13', '2 update data at 2020-07-21 08:58:13'),
(9, 2, '2020-07-22 03:50:57', '2 update data at 2020-07-22 03:50:57'),
(10, 2, '2020-07-22 03:53:14', '2 update data at 2020-07-22 03:53:14'),
(11, 2, '2020-07-22 03:50:57', '2 update data at 2020-07-22 03:50:57'),
(12, 2, '2020-07-22 03:53:14', '2 update data at 2020-07-22 03:53:14'),
(13, 2, '2020-07-21 08:58:13', '2 update data at 2020-07-21 08:58:13'),
(14, 2, '2020-07-22 03:57:28', '2 update data at 2020-07-22 03:57:28'),
(15, 2, '2020-07-22 03:58:13', '2 update data at 2020-07-22 03:58:13'),
(16, 2, '2020-07-22 04:00:06', '2 update data at 2020-07-22 04:00:06'),
(17, 2, '2020-07-22 04:00:16', '2 update data at 2020-07-22 04:00:16'),
(18, 2, '2020-07-22 03:58:13', '2 update data at 2020-07-22 03:58:13'),
(19, 2, '2020-07-22 04:00:06', '2 update data at 2020-07-22 04:00:06'),
(20, 2, '2020-07-22 04:00:16', '2 update data at 2020-07-22 04:00:16'),
(21, 2, '2020-07-22 03:57:28', '2 update data at 2020-07-22 03:57:28'),
(22, 2, '2020-07-22 04:14:23', '2 update data at 2020-07-22 04:14:23'),
(23, 2, '2020-07-22 04:14:25', '2 update data at 2020-07-22 04:14:25'),
(24, 2, '2020-07-22 04:18:58', '2 update data at 2020-07-22 04:18:58'),
(25, 2, '2020-07-22 04:23:58', '2 update data at 2020-07-22 04:23:58'),
(26, 1, '2020-07-04 10:18:19', '1 update data at 2020-07-04 10:18:19'),
(27, 1, '2020-07-04 10:25:16', '1 update data at 2020-07-04 10:25:16'),
(28, 1, '2020-07-06 05:21:27', '1 update data at 2020-07-06 05:21:27'),
(29, 1, '2020-07-06 05:21:38', '1 update data at 2020-07-06 05:21:38'),
(30, 1, '2020-07-04 09:16:51', '1 update data at 2020-07-04 09:16:51'),
(31, 1, '2020-07-04 10:25:21', '1 update data at 2020-07-04 10:25:21'),
(32, 1, '2020-07-06 05:34:11', '1 update data at 2020-07-06 05:34:11'),
(33, 1, '2020-07-04 10:18:19', '1 update data at 2020-07-04 10:18:19'),
(34, 1, '2020-07-04 10:25:16', '1 update data at 2020-07-04 10:25:16'),
(35, 1, '2020-07-06 05:21:27', '1 update data at 2020-07-06 05:21:27'),
(36, 1, '2020-07-06 05:21:38', '1 update data at 2020-07-06 05:21:38'),
(37, 1, '2020-07-04 09:16:51', '1 update data at 2020-07-04 09:16:51'),
(38, 1, '2020-07-04 10:25:21', '1 update data at 2020-07-04 10:25:21'),
(39, 1, '2020-07-06 05:34:11', '1 update data at 2020-07-06 05:34:11'),
(40, 2, '2020-07-22 09:35:47', '2 insert data at 2020-07-22 09:35:47'),
(41, 1, '2020-07-04 10:18:19', '1 update data at 2020-07-04 10:18:19'),
(42, 1, '2020-07-04 10:25:16', '1 update data at 2020-07-04 10:25:16'),
(43, 1, '2020-07-06 05:21:27', '1 update data at 2020-07-06 05:21:27'),
(44, 1, '2020-07-06 05:21:38', '1 update data at 2020-07-06 05:21:38'),
(45, 1, '2020-07-04 09:16:51', '1 update data at 2020-07-04 09:16:51'),
(46, 1, '2020-07-04 10:25:21', '1 update data at 2020-07-04 10:25:21'),
(47, 1, '2020-07-06 05:34:11', '1 update data at 2020-07-06 05:34:11'),
(48, 1, '2020-07-04 10:18:19', '1 update data at 2020-07-04 10:18:19'),
(49, 1, '2020-07-04 10:25:16', '1 update data at 2020-07-04 10:25:16'),
(50, 1, '2020-07-06 05:21:27', '1 update data at 2020-07-06 05:21:27'),
(51, 1, '2020-07-06 05:21:38', '1 update data at 2020-07-06 05:21:38'),
(52, 1, '2020-07-04 09:16:51', '1 update data at 2020-07-04 09:16:51'),
(53, 1, '2020-07-04 10:25:21', '1 update data at 2020-07-04 10:25:21'),
(54, 1, '2020-07-06 05:34:11', '1 update data at 2020-07-06 05:34:11'),
(55, 1, '2020-07-04 10:18:19', '1 update data at 2020-07-04 10:18:19'),
(56, 1, '2020-07-04 10:25:16', '1 update data at 2020-07-04 10:25:16'),
(57, 1, '2020-07-06 05:21:27', '1 update data at 2020-07-06 05:21:27'),
(58, 1, '2020-07-06 05:21:38', '1 update data at 2020-07-06 05:21:38'),
(59, 1, '2020-07-04 09:16:51', '1 update data at 2020-07-04 09:16:51'),
(60, 1, '2020-07-04 10:25:21', '1 update data at 2020-07-04 10:25:21'),
(61, 1, '2020-07-06 05:34:11', '1 update data at 2020-07-06 05:34:11'),
(62, 1, '2020-07-04 10:18:19', '1 update data at 2020-07-04 10:18:19'),
(63, 1, '2020-07-04 10:25:16', '1 update data at 2020-07-04 10:25:16'),
(64, 1, '2020-07-06 05:21:27', '1 update data at 2020-07-06 05:21:27'),
(65, 1, '2020-07-06 05:21:38', '1 update data at 2020-07-06 05:21:38'),
(66, 1, '2020-07-04 09:16:51', '1 update data at 2020-07-04 09:16:51'),
(67, 1, '2020-07-04 10:25:21', '1 update data at 2020-07-04 10:25:21'),
(68, 1, '2020-07-06 05:34:11', '1 update data at 2020-07-06 05:34:11'),
(69, 1, '2020-07-04 10:18:19', '1 update data at 2020-07-04 10:18:19'),
(70, 1, '2020-07-04 10:25:16', '1 update data at 2020-07-04 10:25:16'),
(71, 1, '2020-07-06 05:21:27', '1 update data at 2020-07-06 05:21:27'),
(72, 1, '2020-07-06 05:21:38', '1 update data at 2020-07-06 05:21:38'),
(73, 1, '2020-07-04 09:16:51', '1 update data at 2020-07-04 09:16:51'),
(74, 1, '2020-07-04 10:25:21', '1 update data at 2020-07-04 10:25:21'),
(75, 1, '2020-07-06 05:34:11', '1 update data at 2020-07-06 05:34:11'),
(76, 1, '2020-07-04 10:18:19', '1 update data at 2020-07-04 10:18:19'),
(77, 1, '2020-07-04 10:25:16', '1 update data at 2020-07-04 10:25:16'),
(78, 1, '2020-07-06 05:21:27', '1 update data at 2020-07-06 05:21:27'),
(79, 1, '2020-07-06 05:21:38', '1 update data at 2020-07-06 05:21:38'),
(80, 1, '2020-07-04 09:16:51', '1 update data at 2020-07-04 09:16:51'),
(81, 1, '2020-07-04 10:25:21', '1 update data at 2020-07-04 10:25:21'),
(82, 1, '2020-07-06 05:34:11', '1 update data at 2020-07-06 05:34:11'),
(83, 1, '2020-07-04 10:18:19', '1 update data at 2020-07-04 10:18:19'),
(84, 1, '2020-07-04 10:25:16', '1 update data at 2020-07-04 10:25:16'),
(85, 1, '2020-07-06 05:21:27', '1 update data at 2020-07-06 05:21:27'),
(86, 1, '2020-07-06 05:21:38', '1 update data at 2020-07-06 05:21:38'),
(87, 1, '2020-07-04 09:16:51', '1 update data at 2020-07-04 09:16:51'),
(88, 1, '2020-07-04 10:25:21', '1 update data at 2020-07-04 10:25:21'),
(89, 1, '2020-07-06 05:34:11', '1 update data at 2020-07-06 05:34:11'),
(90, 1, '2020-07-04 10:18:19', '1 update data at 2020-07-04 10:18:19'),
(91, 1, '2020-07-04 10:25:16', '1 update data at 2020-07-04 10:25:16'),
(92, 1, '2020-07-06 05:21:27', '1 update data at 2020-07-06 05:21:27'),
(93, 1, '2020-07-06 05:21:38', '1 update data at 2020-07-06 05:21:38'),
(94, 1, '2020-07-04 09:16:51', '1 update data at 2020-07-04 09:16:51'),
(95, 1, '2020-07-04 10:25:21', '1 update data at 2020-07-04 10:25:21'),
(96, 1, '2020-07-06 05:34:11', '1 update data at 2020-07-06 05:34:11'),
(97, 1, '2020-07-04 10:18:19', '1 update data at 2020-07-04 10:18:19'),
(98, 1, '2020-07-04 10:25:16', '1 update data at 2020-07-04 10:25:16'),
(99, 1, '2020-07-06 05:21:27', '1 update data at 2020-07-06 05:21:27'),
(100, 1, '2020-07-06 05:21:38', '1 update data at 2020-07-06 05:21:38'),
(101, 1, '2020-07-04 09:16:51', '1 update data at 2020-07-04 09:16:51'),
(102, 1, '2020-07-04 10:25:21', '1 update data at 2020-07-04 10:25:21'),
(103, 1, '2020-07-06 05:34:11', '1 update data at 2020-07-06 05:34:11'),
(104, 1, '2020-07-04 10:18:19', '1 update data at 2020-07-04 10:18:19'),
(105, 1, '2020-07-04 10:25:16', '1 update data at 2020-07-04 10:25:16'),
(106, 1, '2020-07-06 05:21:27', '1 update data at 2020-07-06 05:21:27'),
(107, 1, '2020-07-06 05:21:38', '1 update data at 2020-07-06 05:21:38'),
(108, 1, '2020-07-04 09:16:51', '1 update data at 2020-07-04 09:16:51'),
(109, 1, '2020-07-04 10:25:21', '1 update data at 2020-07-04 10:25:21'),
(110, 1, '2020-07-06 05:34:11', '1 update data at 2020-07-06 05:34:11'),
(111, 1, '2020-07-04 10:18:19', '1 update data at 2020-07-04 10:18:19'),
(112, 1, '2020-07-04 10:25:16', '1 update data at 2020-07-04 10:25:16'),
(113, 1, '2020-07-06 05:21:27', '1 update data at 2020-07-06 05:21:27'),
(114, 1, '2020-07-06 05:21:38', '1 update data at 2020-07-06 05:21:38'),
(115, 1, '2020-07-04 09:16:51', '1 update data at 2020-07-04 09:16:51'),
(116, 1, '2020-07-04 10:25:21', '1 update data at 2020-07-04 10:25:21'),
(117, 1, '2020-07-06 05:34:11', '1 update data at 2020-07-06 05:34:11'),
(118, 1, '2020-07-04 10:18:19', '1 update data at 2020-07-04 10:18:19'),
(119, 1, '2020-07-04 10:25:16', '1 update data at 2020-07-04 10:25:16'),
(120, 1, '2020-07-06 05:21:27', '1 update data at 2020-07-06 05:21:27'),
(121, 1, '2020-07-06 05:21:38', '1 update data at 2020-07-06 05:21:38'),
(122, 1, '2020-07-04 09:16:51', '1 update data at 2020-07-04 09:16:51'),
(123, 1, '2020-07-04 10:25:21', '1 update data at 2020-07-04 10:25:21'),
(124, 1, '2020-07-06 05:34:11', '1 update data at 2020-07-06 05:34:11'),
(125, 1, '2020-07-04 10:18:19', '1 update data at 2020-07-04 10:18:19'),
(126, 1, '2020-07-04 10:25:16', '1 update data at 2020-07-04 10:25:16'),
(127, 1, '2020-07-06 05:21:27', '1 update data at 2020-07-06 05:21:27'),
(128, 1, '2020-07-06 05:21:38', '1 update data at 2020-07-06 05:21:38'),
(129, 1, '2020-07-04 09:16:51', '1 update data at 2020-07-04 09:16:51'),
(130, 1, '2020-07-04 10:25:21', '1 update data at 2020-07-04 10:25:21'),
(131, 1, '2020-07-06 05:34:11', '1 update data at 2020-07-06 05:34:11'),
(132, 1, '2020-07-04 10:18:19', '1 update data at 2020-07-04 10:18:19'),
(133, 1, '2020-07-04 10:25:16', '1 update data at 2020-07-04 10:25:16'),
(134, 1, '2020-07-06 05:21:27', '1 update data at 2020-07-06 05:21:27'),
(135, 1, '2020-07-06 05:21:38', '1 update data at 2020-07-06 05:21:38'),
(136, 1, '2020-07-04 09:16:51', '1 update data at 2020-07-04 09:16:51'),
(137, 1, '2020-07-04 10:25:21', '1 update data at 2020-07-04 10:25:21'),
(138, 1, '2020-07-06 05:34:11', '1 update data at 2020-07-06 05:34:11'),
(139, 1, '2020-07-04 10:18:19', '1 update data at 2020-07-04 10:18:19'),
(140, 1, '2020-07-04 10:25:16', '1 update data at 2020-07-04 10:25:16'),
(141, 1, '2020-07-06 05:21:27', '1 update data at 2020-07-06 05:21:27'),
(142, 1, '2020-07-06 05:21:38', '1 update data at 2020-07-06 05:21:38'),
(143, 1, '2020-07-04 09:16:51', '1 update data at 2020-07-04 09:16:51'),
(144, 1, '2020-07-04 10:25:21', '1 update data at 2020-07-04 10:25:21'),
(145, 1, '2020-07-06 05:34:11', '1 update data at 2020-07-06 05:34:11'),
(146, 1, '2020-07-04 10:18:19', '1 update data at 2020-07-04 10:18:19'),
(147, 1, '2020-07-04 10:25:16', '1 update data at 2020-07-04 10:25:16'),
(148, 1, '2020-07-06 05:21:27', '1 update data at 2020-07-06 05:21:27'),
(149, 1, '2020-07-06 05:21:38', '1 update data at 2020-07-06 05:21:38'),
(150, 1, '2020-07-04 09:16:51', '1 update data at 2020-07-04 09:16:51'),
(151, 1, '2020-07-04 10:25:21', '1 update data at 2020-07-04 10:25:21'),
(152, 1, '2020-07-06 05:34:11', '1 update data at 2020-07-06 05:34:11'),
(153, 1, '2020-07-04 10:18:19', '1 update data at 2020-07-04 10:18:19'),
(154, 1, '2020-07-04 10:25:16', '1 update data at 2020-07-04 10:25:16'),
(155, 1, '2020-07-06 05:21:27', '1 update data at 2020-07-06 05:21:27'),
(156, 1, '2020-07-06 05:21:38', '1 update data at 2020-07-06 05:21:38'),
(157, 1, '2020-07-04 09:16:51', '1 update data at 2020-07-04 09:16:51'),
(158, 1, '2020-07-04 10:25:21', '1 update data at 2020-07-04 10:25:21'),
(159, 1, '2020-07-06 05:34:11', '1 update data at 2020-07-06 05:34:11'),
(160, 1, '2020-07-04 10:18:19', '1 update data at 2020-07-04 10:18:19'),
(161, 1, '2020-07-04 10:25:16', '1 update data at 2020-07-04 10:25:16'),
(162, 1, '2020-07-06 05:21:27', '1 update data at 2020-07-06 05:21:27'),
(163, 1, '2020-07-06 05:21:38', '1 update data at 2020-07-06 05:21:38'),
(164, 1, '2020-07-04 09:16:51', '1 update data at 2020-07-04 09:16:51'),
(165, 1, '2020-07-04 10:25:21', '1 update data at 2020-07-04 10:25:21'),
(166, 1, '2020-07-06 05:34:11', '1 update data at 2020-07-06 05:34:11'),
(167, 1, '2020-07-04 10:18:19', '1 update data at 2020-07-04 10:18:19'),
(168, 1, '2020-07-04 10:25:16', '1 update data at 2020-07-04 10:25:16'),
(169, 1, '2020-07-06 05:21:27', '1 update data at 2020-07-06 05:21:27'),
(170, 1, '2020-07-06 05:21:38', '1 update data at 2020-07-06 05:21:38'),
(171, 1, '2020-07-04 09:16:51', '1 update data at 2020-07-04 09:16:51'),
(172, 1, '2020-07-04 10:25:21', '1 update data at 2020-07-04 10:25:21'),
(173, 1, '2020-07-06 05:34:11', '1 update data at 2020-07-06 05:34:11'),
(174, 1, '2020-07-04 10:18:19', '1 update data at 2020-07-04 10:18:19'),
(175, 1, '2020-07-04 10:25:16', '1 update data at 2020-07-04 10:25:16'),
(176, 1, '2020-07-06 05:21:27', '1 update data at 2020-07-06 05:21:27'),
(177, 1, '2020-07-06 05:21:38', '1 update data at 2020-07-06 05:21:38'),
(178, 1, '2020-07-04 09:16:51', '1 update data at 2020-07-04 09:16:51'),
(179, 1, '2020-07-04 10:25:21', '1 update data at 2020-07-04 10:25:21'),
(180, 1, '2020-07-06 05:34:11', '1 update data at 2020-07-06 05:34:11'),
(181, 1, '2020-07-04 10:18:19', '1 update data at 2020-07-04 10:18:19'),
(182, 1, '2020-07-04 10:25:16', '1 update data at 2020-07-04 10:25:16'),
(183, 1, '2020-07-06 05:21:27', '1 update data at 2020-07-06 05:21:27'),
(184, 1, '2020-07-06 05:21:38', '1 update data at 2020-07-06 05:21:38'),
(185, 1, '2020-07-04 09:16:51', '1 update data at 2020-07-04 09:16:51'),
(186, 1, '2020-07-04 10:25:21', '1 update data at 2020-07-04 10:25:21'),
(187, 1, '2020-07-06 05:34:11', '1 update data at 2020-07-06 05:34:11'),
(188, 1, '2020-07-04 10:18:19', '1 update data at 2020-07-04 10:18:19'),
(189, 1, '2020-07-04 10:25:16', '1 update data at 2020-07-04 10:25:16'),
(190, 1, '2020-07-06 05:21:27', '1 update data at 2020-07-06 05:21:27'),
(191, 1, '2020-07-06 05:21:38', '1 update data at 2020-07-06 05:21:38'),
(192, 1, '2020-07-04 09:16:51', '1 update data at 2020-07-04 09:16:51'),
(193, 1, '2020-07-04 10:25:21', '1 update data at 2020-07-04 10:25:21'),
(194, 1, '2020-07-06 05:34:11', '1 update data at 2020-07-06 05:34:11'),
(195, 2, '2020-07-22 02:28:54', '2 insert data at2020-07-22 02:28:54'),
(196, 2, '2020-07-22 02:28:54', '2 insert data at2020-07-22 02:28:54'),
(197, 1, '2020-06-22 08:07:23', '1 update data at 2020-06-22 08:07:23'),
(198, 1, '2020-06-22 08:08:55', '1 update data at 2020-06-22 08:08:55'),
(199, 1, '2020-07-01 12:28:58', '1 update data at 2020-07-01 12:28:58'),
(200, 2, '2020-07-22 02:28:55', '2 update data at 2020-07-22 02:28:55'),
(201, 1, '2020-07-04 10:18:19', '1 update data at 2020-07-04 10:18:19'),
(202, 1, '2020-07-04 10:25:16', '1 update data at 2020-07-04 10:25:16'),
(203, 1, '2020-07-06 05:21:27', '1 update data at 2020-07-06 05:21:27'),
(204, 1, '2020-07-06 05:21:38', '1 update data at 2020-07-06 05:21:38'),
(205, 1, '2020-07-04 09:16:51', '1 update data at 2020-07-04 09:16:51'),
(206, 1, '2020-07-04 10:25:21', '1 update data at 2020-07-04 10:25:21'),
(207, 1, '2020-07-06 05:34:11', '1 update data at 2020-07-06 05:34:11'),
(208, 1, '2020-07-04 10:18:19', '1 update data at 2020-07-04 10:18:19'),
(209, 1, '2020-07-04 10:25:16', '1 update data at 2020-07-04 10:25:16'),
(210, 1, '2020-07-06 05:21:27', '1 update data at 2020-07-06 05:21:27'),
(211, 1, '2020-07-06 05:21:38', '1 update data at 2020-07-06 05:21:38'),
(212, 1, '2020-07-04 09:16:51', '1 update data at 2020-07-04 09:16:51'),
(213, 1, '2020-07-04 10:25:21', '1 update data at 2020-07-04 10:25:21'),
(214, 1, '2020-07-06 05:34:11', '1 update data at 2020-07-06 05:34:11'),
(215, 1, '2020-07-04 10:18:19', '1 update data at 2020-07-04 10:18:19'),
(216, 1, '2020-07-04 10:25:16', '1 update data at 2020-07-04 10:25:16'),
(217, 1, '2020-07-06 05:21:27', '1 update data at 2020-07-06 05:21:27'),
(218, 1, '2020-07-06 05:21:38', '1 update data at 2020-07-06 05:21:38'),
(219, 1, '2020-07-04 09:16:51', '1 update data at 2020-07-04 09:16:51'),
(220, 1, '2020-07-04 10:25:21', '1 update data at 2020-07-04 10:25:21'),
(221, 1, '2020-07-06 05:34:11', '1 update data at 2020-07-06 05:34:11'),
(222, 2, '2020-07-22 02:31:31', '2 insert data at2020-07-22 02:31:31'),
(223, 2, '2020-07-22 02:31:31', '2 insert data at2020-07-22 02:31:31'),
(224, 1, '2020-06-22 08:07:23', '1 update data at 2020-06-22 08:07:23'),
(225, 1, '2020-06-22 08:08:55', '1 update data at 2020-06-22 08:08:55'),
(226, 1, '2020-07-01 12:28:58', '1 update data at 2020-07-01 12:28:58'),
(227, 2, '2020-07-22 02:31:31', '2 update data at 2020-07-22 02:31:31'),
(228, 1, '2020-07-04 10:18:19', '1 update data at 2020-07-04 10:18:19'),
(229, 1, '2020-07-04 10:25:16', '1 update data at 2020-07-04 10:25:16'),
(230, 1, '2020-07-06 05:21:27', '1 update data at 2020-07-06 05:21:27'),
(231, 1, '2020-07-06 05:21:38', '1 update data at 2020-07-06 05:21:38'),
(232, 1, '2020-07-04 09:16:51', '1 update data at 2020-07-04 09:16:51'),
(233, 1, '2020-07-04 10:25:21', '1 update data at 2020-07-04 10:25:21'),
(234, 1, '2020-07-06 05:34:11', '1 update data at 2020-07-06 05:34:11'),
(235, 1, '2020-07-04 10:18:19', '1 update data at 2020-07-04 10:18:19'),
(236, 1, '2020-07-04 10:25:16', '1 update data at 2020-07-04 10:25:16'),
(237, 1, '2020-07-06 05:21:27', '1 update data at 2020-07-06 05:21:27'),
(238, 1, '2020-07-06 05:21:38', '1 update data at 2020-07-06 05:21:38'),
(239, 1, '2020-07-04 09:16:51', '1 update data at 2020-07-04 09:16:51'),
(240, 1, '2020-07-04 10:25:21', '1 update data at 2020-07-04 10:25:21'),
(241, 1, '2020-07-06 05:34:11', '1 update data at 2020-07-06 05:34:11'),
(242, 1, '2020-07-04 10:18:19', '1 update data at 2020-07-04 10:18:19'),
(243, 1, '2020-07-04 10:25:16', '1 update data at 2020-07-04 10:25:16'),
(244, 1, '2020-07-06 05:21:27', '1 update data at 2020-07-06 05:21:27'),
(245, 1, '2020-07-06 05:21:38', '1 update data at 2020-07-06 05:21:38'),
(246, 1, '2020-07-04 09:16:51', '1 update data at 2020-07-04 09:16:51'),
(247, 1, '2020-07-04 10:25:21', '1 update data at 2020-07-04 10:25:21'),
(248, 1, '2020-07-06 05:34:11', '1 update data at 2020-07-06 05:34:11'),
(249, 1, '2020-07-04 10:18:19', '1 update data at 2020-07-04 10:18:19'),
(250, 1, '2020-07-04 10:25:16', '1 update data at 2020-07-04 10:25:16'),
(251, 1, '2020-07-06 05:21:27', '1 update data at 2020-07-06 05:21:27'),
(252, 1, '2020-07-06 05:21:38', '1 update data at 2020-07-06 05:21:38'),
(253, 1, '2020-07-04 09:16:51', '1 update data at 2020-07-04 09:16:51'),
(254, 1, '2020-07-04 10:25:21', '1 update data at 2020-07-04 10:25:21'),
(255, 1, '2020-07-06 05:34:11', '1 update data at 2020-07-06 05:34:11'),
(256, 1, '2020-07-04 10:18:19', '1 update data at 2020-07-04 10:18:19'),
(257, 1, '2020-07-04 10:25:16', '1 update data at 2020-07-04 10:25:16'),
(258, 1, '2020-07-06 05:21:27', '1 update data at 2020-07-06 05:21:27'),
(259, 1, '2020-07-06 05:21:38', '1 update data at 2020-07-06 05:21:38'),
(260, 1, '2020-07-04 09:16:51', '1 update data at 2020-07-04 09:16:51'),
(261, 1, '2020-07-04 10:25:21', '1 update data at 2020-07-04 10:25:21'),
(262, 1, '2020-07-06 05:34:11', '1 update data at 2020-07-06 05:34:11'),
(263, 1, '2020-07-04 10:18:19', '1 update data at 2020-07-04 10:18:19'),
(264, 1, '2020-07-04 10:25:16', '1 update data at 2020-07-04 10:25:16'),
(265, 1, '2020-07-06 05:21:27', '1 update data at 2020-07-06 05:21:27'),
(266, 1, '2020-07-06 05:21:38', '1 update data at 2020-07-06 05:21:38'),
(267, 1, '2020-07-04 09:16:51', '1 update data at 2020-07-04 09:16:51'),
(268, 1, '2020-07-04 10:25:21', '1 update data at 2020-07-04 10:25:21'),
(269, 1, '2020-07-06 05:34:11', '1 update data at 2020-07-06 05:34:11'),
(270, 1, '2020-07-04 10:18:19', '1 update data at 2020-07-04 10:18:19'),
(271, 1, '2020-07-04 10:25:16', '1 update data at 2020-07-04 10:25:16'),
(272, 1, '2020-07-06 05:21:27', '1 update data at 2020-07-06 05:21:27'),
(273, 1, '2020-07-06 05:21:38', '1 update data at 2020-07-06 05:21:38'),
(274, 1, '2020-07-04 09:16:51', '1 update data at 2020-07-04 09:16:51'),
(275, 1, '2020-07-04 10:25:21', '1 update data at 2020-07-04 10:25:21'),
(276, 1, '2020-07-06 05:34:11', '1 update data at 2020-07-06 05:34:11'),
(277, 1, '2020-07-04 10:18:19', '1 update data at 2020-07-04 10:18:19'),
(278, 1, '2020-07-04 10:25:16', '1 update data at 2020-07-04 10:25:16'),
(279, 1, '2020-07-06 05:21:27', '1 update data at 2020-07-06 05:21:27'),
(280, 1, '2020-07-06 05:21:38', '1 update data at 2020-07-06 05:21:38'),
(281, 1, '2020-07-04 09:16:51', '1 update data at 2020-07-04 09:16:51'),
(282, 1, '2020-07-04 10:25:21', '1 update data at 2020-07-04 10:25:21'),
(283, 1, '2020-07-06 05:34:11', '1 update data at 2020-07-06 05:34:11'),
(284, 1, '2020-07-04 10:18:19', '1 update data at 2020-07-04 10:18:19'),
(285, 1, '2020-07-04 10:25:16', '1 update data at 2020-07-04 10:25:16'),
(286, 1, '2020-07-06 05:21:27', '1 update data at 2020-07-06 05:21:27'),
(287, 1, '2020-07-06 05:21:38', '1 update data at 2020-07-06 05:21:38'),
(288, 1, '2020-07-04 09:16:51', '1 update data at 2020-07-04 09:16:51'),
(289, 1, '2020-07-04 10:25:21', '1 update data at 2020-07-04 10:25:21'),
(290, 1, '2020-07-06 05:34:11', '1 update data at 2020-07-06 05:34:11'),
(291, 1, '2020-07-04 10:18:19', '1 update data at 2020-07-04 10:18:19'),
(292, 1, '2020-07-04 10:25:16', '1 update data at 2020-07-04 10:25:16'),
(293, 1, '2020-07-06 05:21:27', '1 update data at 2020-07-06 05:21:27'),
(294, 1, '2020-07-06 05:21:38', '1 update data at 2020-07-06 05:21:38'),
(295, 1, '2020-07-04 09:16:51', '1 update data at 2020-07-04 09:16:51'),
(296, 1, '2020-07-04 10:25:21', '1 update data at 2020-07-04 10:25:21'),
(297, 1, '2020-07-06 05:34:11', '1 update data at 2020-07-06 05:34:11'),
(298, 1, '2020-07-04 10:18:19', '1 update data at 2020-07-04 10:18:19'),
(299, 1, '2020-07-04 10:25:16', '1 update data at 2020-07-04 10:25:16'),
(300, 1, '2020-07-06 05:21:27', '1 update data at 2020-07-06 05:21:27'),
(301, 1, '2020-07-06 05:21:38', '1 update data at 2020-07-06 05:21:38'),
(302, 1, '2020-07-04 09:16:51', '1 update data at 2020-07-04 09:16:51'),
(303, 1, '2020-07-04 10:25:21', '1 update data at 2020-07-04 10:25:21'),
(304, 1, '2020-07-06 05:34:11', '1 update data at 2020-07-06 05:34:11'),
(305, 1, '2020-07-07 06:15:18', '1 update data at 2020-07-07 06:15:18'),
(306, 1, '2020-07-07 08:23:19', '1 update data at 2020-07-07 08:23:19'),
(307, 1, '2020-07-04 10:18:19', '1 update data at 2020-07-04 10:18:19'),
(308, 1, '2020-07-04 10:25:16', '1 update data at 2020-07-04 10:25:16'),
(309, 1, '2020-07-06 05:21:27', '1 update data at 2020-07-06 05:21:27'),
(310, 1, '2020-07-06 05:21:38', '1 update data at 2020-07-06 05:21:38'),
(311, 1, '2020-07-04 09:16:51', '1 update data at 2020-07-04 09:16:51'),
(312, 1, '2020-07-04 10:25:21', '1 update data at 2020-07-04 10:25:21'),
(313, 1, '2020-07-06 05:34:11', '1 update data at 2020-07-06 05:34:11'),
(314, 1, '2020-07-04 10:18:19', '1 update data at 2020-07-04 10:18:19'),
(315, 1, '2020-07-04 10:25:16', '1 update data at 2020-07-04 10:25:16'),
(316, 1, '2020-07-06 05:21:27', '1 update data at 2020-07-06 05:21:27'),
(317, 1, '2020-07-06 05:21:38', '1 update data at 2020-07-06 05:21:38'),
(318, 1, '2020-07-04 09:16:51', '1 update data at 2020-07-04 09:16:51'),
(319, 1, '2020-07-04 10:25:21', '1 update data at 2020-07-04 10:25:21'),
(320, 1, '2020-07-06 05:34:11', '1 update data at 2020-07-06 05:34:11'),
(321, 1, '2020-07-04 10:18:19', '1 update data at 2020-07-04 10:18:19'),
(322, 1, '2020-07-04 10:25:16', '1 update data at 2020-07-04 10:25:16'),
(323, 1, '2020-07-06 05:21:27', '1 update data at 2020-07-06 05:21:27'),
(324, 1, '2020-07-06 05:21:38', '1 update data at 2020-07-06 05:21:38'),
(325, 1, '2020-07-04 09:16:51', '1 update data at 2020-07-04 09:16:51'),
(326, 1, '2020-07-04 10:25:21', '1 update data at 2020-07-04 10:25:21'),
(327, 1, '2020-07-06 05:34:11', '1 update data at 2020-07-06 05:34:11'),
(328, 1, '2020-07-04 10:18:19', '1 update data at 2020-07-04 10:18:19'),
(329, 1, '2020-07-04 10:25:16', '1 update data at 2020-07-04 10:25:16'),
(330, 1, '2020-07-06 05:21:27', '1 update data at 2020-07-06 05:21:27'),
(331, 1, '2020-07-06 05:21:38', '1 update data at 2020-07-06 05:21:38'),
(332, 1, '2020-07-04 09:16:51', '1 update data at 2020-07-04 09:16:51'),
(333, 1, '2020-07-04 10:25:21', '1 update data at 2020-07-04 10:25:21'),
(334, 1, '2020-07-06 05:34:11', '1 update data at 2020-07-06 05:34:11'),
(335, 1, '2020-07-04 10:18:19', '1 update data at 2020-07-04 10:18:19'),
(336, 1, '2020-07-04 10:25:16', '1 update data at 2020-07-04 10:25:16'),
(337, 1, '2020-07-06 05:21:27', '1 update data at 2020-07-06 05:21:27'),
(338, 1, '2020-07-06 05:21:38', '1 update data at 2020-07-06 05:21:38'),
(339, 1, '2020-07-04 09:16:51', '1 update data at 2020-07-04 09:16:51'),
(340, 1, '2020-07-04 10:25:21', '1 update data at 2020-07-04 10:25:21'),
(341, 1, '2020-07-06 05:34:11', '1 update data at 2020-07-06 05:34:11'),
(342, 1, '2020-07-04 10:18:19', '1 update data at 2020-07-04 10:18:19'),
(343, 1, '2020-07-04 10:25:16', '1 update data at 2020-07-04 10:25:16'),
(344, 1, '2020-07-06 05:21:27', '1 update data at 2020-07-06 05:21:27'),
(345, 1, '2020-07-06 05:21:38', '1 update data at 2020-07-06 05:21:38'),
(346, 1, '2020-07-04 09:16:51', '1 update data at 2020-07-04 09:16:51'),
(347, 1, '2020-07-04 10:25:21', '1 update data at 2020-07-04 10:25:21'),
(348, 1, '2020-07-06 05:34:11', '1 update data at 2020-07-06 05:34:11'),
(349, 1, '2020-07-04 10:18:19', '1 update data at 2020-07-04 10:18:19'),
(350, 1, '2020-07-04 10:25:16', '1 update data at 2020-07-04 10:25:16'),
(351, 1, '2020-07-06 05:21:27', '1 update data at 2020-07-06 05:21:27'),
(352, 1, '2020-07-06 05:21:38', '1 update data at 2020-07-06 05:21:38'),
(353, 1, '2020-07-04 09:16:51', '1 update data at 2020-07-04 09:16:51'),
(354, 1, '2020-07-04 10:25:21', '1 update data at 2020-07-04 10:25:21'),
(355, 1, '2020-07-06 05:34:11', '1 update data at 2020-07-06 05:34:11'),
(356, 1, '2020-07-04 10:18:19', '1 update data at 2020-07-04 10:18:19'),
(357, 1, '2020-07-04 10:25:16', '1 update data at 2020-07-04 10:25:16'),
(358, 1, '2020-07-06 05:21:27', '1 update data at 2020-07-06 05:21:27'),
(359, 1, '2020-07-06 05:21:38', '1 update data at 2020-07-06 05:21:38'),
(360, 1, '2020-07-04 09:16:51', '1 update data at 2020-07-04 09:16:51'),
(361, 1, '2020-07-04 10:25:21', '1 update data at 2020-07-04 10:25:21'),
(362, 1, '2020-07-06 05:34:11', '1 update data at 2020-07-06 05:34:11'),
(363, 1, '2020-07-04 10:18:19', '1 update data at 2020-07-04 10:18:19'),
(364, 1, '2020-07-04 10:25:16', '1 update data at 2020-07-04 10:25:16'),
(365, 1, '2020-07-06 05:21:27', '1 update data at 2020-07-06 05:21:27'),
(366, 1, '2020-07-06 05:21:38', '1 update data at 2020-07-06 05:21:38'),
(367, 1, '2020-07-04 09:16:51', '1 update data at 2020-07-04 09:16:51'),
(368, 1, '2020-07-04 10:25:21', '1 update data at 2020-07-04 10:25:21'),
(369, 1, '2020-07-06 05:34:11', '1 update data at 2020-07-06 05:34:11'),
(370, 1, '2020-06-29 05:26:28', '1 update data at2020-06-29 05:26:28'),
(371, 1, '2020-06-29 05:44:13', '1 update data at2020-06-29 05:44:13'),
(372, 1, '2020-06-29 05:44:27', '1 update data at2020-06-29 05:44:27'),
(373, 1, '2020-06-29 05:44:49', '1 update data at2020-06-29 05:44:49'),
(374, 1, '2020-06-29 05:44:54', '1 update data at2020-06-29 05:44:54'),
(375, 1, '2020-06-29 05:50:13', '1 update data at2020-06-29 05:50:13'),
(376, 1, '2020-06-29 05:52:47', '1 update data at2020-06-29 05:52:47'),
(377, 1, '2020-06-29 05:53:44', '1 update data at2020-06-29 05:53:44'),
(378, 2, '2020-07-19 01:03:10', '2 update data at2020-07-19 01:03:10'),
(379, 2, '2020-07-19 01:04:20', '2 update data at2020-07-19 01:04:20'),
(380, 2, '2020-07-19 01:04:30', '2 update data at2020-07-19 01:04:30'),
(381, 2, '2020-07-19 01:05:26', '2 update data at2020-07-19 01:05:26'),
(382, 2, '2020-07-19 01:05:28', '2 update data at2020-07-19 01:05:28'),
(383, 2, '2020-07-19 01:06:34', '2 update data at2020-07-19 01:06:34'),
(384, 2, '2020-07-19 01:06:37', '2 update data at2020-07-19 01:06:37'),
(385, 2, '2020-07-23 09:19:57', 'admin insert data barang at 2020-07-23 09:19:57 nama barang terkait: barang123'),
(386, 2, '2020-07-23 12:59:46', 'admin insert data barang at 2020-07-23 12:59:46 nama barang terkait: namatest'),
(387, 2, '2020-07-23 01:04:15', 'admin insert data barang at 2020-07-23 01:04:15 nama barang terkait: a'),
(388, 2, '2020-07-23 01:05:53', 'admin insert data barang at 2020-07-23 01:05:53 nama barang terkait: b'),
(389, 2, '2020-07-23 01:33:58', 'admin update data barang at 2020-07-23 01:33:58 \nnama barang terkait: b nama barang baru: b'),
(390, 2, '2020-07-23 01:34:37', 'admin update data barang at 2020-07-23 01:34:37 \nnama barang terkait: barang123 nama barang baru: barang1235'),
(391, 2, '2020-07-23 01:34:52', 'admin update data barang at 2020-07-23 01:34:52 \nnama barang terkait: a nama barang baru: a'),
(392, 2, '2020-07-23 03:16:24', 'admin insert data barang at 2020-07-23 03:16:24 nama barang terkait: asdf'),
(393, 2, '2020-07-23 15:16:24', '2 insert data at2020-07-23 15:16:24'),
(394, 2, '2020-07-23 15:16:24', '2 insert data at2020-07-23 15:16:24'),
(395, 2, '2020-07-23 03:18:05', 'admin insert data barang at 2020-07-23 03:18:05 nama barang terkait: asdfasdfasdf'),
(396, 2, '2020-07-23 15:18:05', '2 insert data at2020-07-23 15:18:05'),
(397, 2, '2020-07-23 15:18:05', '2 insert data at2020-07-23 15:18:05'),
(398, 2, '2020-07-23 03:20:10', 'admin insert data barang at 2020-07-23 03:20:10 nama barang terkait: asdf'),
(399, 2, '2020-07-23 03:20:44', 'admin insert data barang at 2020-07-23 03:20:44 nama barang terkait: asdf'),
(400, 2, '2020-07-23 03:21:25', 'admin insert data barang at 2020-07-23 03:21:25 nama barang terkait: asfd'),
(401, 2, '2020-07-23 03:22:45', 'admin insert data barang at 2020-07-23 03:22:45 nama barang terkait: asdf'),
(402, 2, '2020-07-23 03:28:23', 'admin insert data barang at 2020-07-23 03:28:23 nama barang terkait: asdf'),
(403, 2, '2020-07-23 15:28:24', '2 insert data at2020-07-23 15:28:24'),
(404, 2, '2020-07-23 15:28:24', '2 insert data at2020-07-23 15:28:24'),
(405, 2, '2020-07-23 15:28:24', '2 insert data at2020-07-23 15:28:24'),
(406, 2, '2020-07-23 03:37:21', '2 insert data at2020-07-23 03:37:21'),
(407, 2, '2020-07-23 03:39:49', '2 insert data at2020-07-23 03:39:49'),
(408, 2, '2020-07-23 03:50:17', '2 insert data at2020-07-23 03:50:17'),
(409, 2, '2020-07-23 03:53:41', '2 insert data at2020-07-23 03:53:41'),
(410, 2, '2020-07-23 03:56:58', '2 insert data at2020-07-23 03:56:58'),
(411, 2, '2020-07-23 04:01:22', '2 insert data at2020-07-23 04:01:22'),
(412, 2, '2020-07-23 04:50:11', 'admin insert data barang at 2020-07-23 04:50:11 nama barang terkait: ffff'),
(413, 2, '2020-07-23 16:50:11', '2 insert data at2020-07-23 16:50:11'),
(414, 2, '2020-07-23 16:50:11', '2 insert data at2020-07-23 16:50:11'),
(415, 2, '2020-07-23 04:51:00', '2 insert data at 2020-07-23 04:51:00'),
(416, 2, '2020-07-23 16:52:19', '2 insert data at 2020-07-23 16:52:19'),
(417, 2, '2020-07-23 04:52:59', '2 insert data at2020-07-23 04:52:59'),
(418, 2, '2020-07-23 04:53:22', '2 insert data at2020-07-23 04:53:22'),
(419, 1, '2020-07-04 10:18:19', '1 update data at 2020-07-04 10:18:19'),
(420, 1, '2020-07-04 10:25:16', '1 update data at 2020-07-04 10:25:16'),
(421, 1, '2020-07-06 05:21:27', '1 update data at 2020-07-06 05:21:27'),
(422, 1, '2020-07-06 05:21:38', '1 update data at 2020-07-06 05:21:38'),
(423, 1, '2020-07-04 09:16:51', '1 update data at 2020-07-04 09:16:51'),
(424, 1, '2020-07-04 10:25:21', '1 update data at 2020-07-04 10:25:21'),
(425, 1, '2020-07-06 05:34:11', '1 update data at 2020-07-06 05:34:11'),
(426, 1, '2020-07-04 10:18:19', '1 update data at 2020-07-04 10:18:19'),
(427, 1, '2020-07-04 10:25:16', '1 update data at 2020-07-04 10:25:16'),
(428, 1, '2020-07-06 05:21:27', '1 update data at 2020-07-06 05:21:27'),
(429, 1, '2020-07-06 05:21:38', '1 update data at 2020-07-06 05:21:38'),
(430, 1, '2020-07-04 09:16:51', '1 update data at 2020-07-04 09:16:51'),
(431, 1, '2020-07-04 10:25:21', '1 update data at 2020-07-04 10:25:21'),
(432, 1, '2020-07-06 05:34:11', '1 update data at 2020-07-06 05:34:11'),
(433, 1, '2020-07-04 10:18:19', '1 update data at 2020-07-04 10:18:19'),
(434, 1, '2020-07-04 10:25:16', '1 update data at 2020-07-04 10:25:16'),
(435, 1, '2020-07-06 05:21:27', '1 update data at 2020-07-06 05:21:27'),
(436, 1, '2020-07-06 05:21:38', '1 update data at 2020-07-06 05:21:38'),
(437, 1, '2020-07-04 09:16:51', '1 update data at 2020-07-04 09:16:51'),
(438, 1, '2020-07-04 10:25:21', '1 update data at 2020-07-04 10:25:21'),
(439, 1, '2020-07-06 05:34:11', '1 update data at 2020-07-06 05:34:11'),
(440, 1, '2020-07-04 10:18:19', '1 update data at 2020-07-04 10:18:19'),
(441, 1, '2020-07-04 10:25:16', '1 update data at 2020-07-04 10:25:16'),
(442, 1, '2020-07-06 05:21:27', '1 update data at 2020-07-06 05:21:27'),
(443, 1, '2020-07-06 05:21:38', '1 update data at 2020-07-06 05:21:38'),
(444, 1, '2020-07-04 09:16:51', '1 update data at 2020-07-04 09:16:51'),
(445, 1, '2020-07-04 10:25:21', '1 update data at 2020-07-04 10:25:21'),
(446, 1, '2020-07-06 05:34:11', '1 update data at 2020-07-06 05:34:11'),
(447, 1, '2020-07-04 10:18:19', '1 update data at 2020-07-04 10:18:19'),
(448, 1, '2020-07-04 10:25:16', '1 update data at 2020-07-04 10:25:16'),
(449, 1, '2020-07-06 05:21:27', '1 update data at 2020-07-06 05:21:27'),
(450, 1, '2020-07-06 05:21:38', '1 update data at 2020-07-06 05:21:38'),
(451, 1, '2020-07-04 09:16:51', '1 update data at 2020-07-04 09:16:51'),
(452, 1, '2020-07-04 10:25:21', '1 update data at 2020-07-04 10:25:21'),
(453, 1, '2020-07-06 05:34:11', '1 update data at 2020-07-06 05:34:11'),
(454, 1, '2020-07-04 10:18:19', '1 update data at 2020-07-04 10:18:19'),
(455, 1, '2020-07-04 10:25:16', '1 update data at 2020-07-04 10:25:16'),
(456, 1, '2020-07-06 05:21:27', '1 update data at 2020-07-06 05:21:27'),
(457, 1, '2020-07-06 05:21:38', '1 update data at 2020-07-06 05:21:38'),
(458, 1, '2020-07-04 09:16:51', '1 update data at 2020-07-04 09:16:51'),
(459, 1, '2020-07-04 10:25:21', '1 update data at 2020-07-04 10:25:21'),
(460, 1, '2020-07-06 05:34:11', '1 update data at 2020-07-06 05:34:11'),
(461, 1, '2020-07-04 10:18:19', '1 update data at 2020-07-04 10:18:19'),
(462, 1, '2020-07-04 10:25:16', '1 update data at 2020-07-04 10:25:16'),
(463, 1, '2020-07-06 05:21:27', '1 update data at 2020-07-06 05:21:27'),
(464, 1, '2020-07-06 05:21:38', '1 update data at 2020-07-06 05:21:38'),
(465, 1, '2020-07-04 09:16:51', '1 update data at 2020-07-04 09:16:51'),
(466, 1, '2020-07-04 10:25:21', '1 update data at 2020-07-04 10:25:21'),
(467, 1, '2020-07-06 05:34:11', '1 update data at 2020-07-06 05:34:11'),
(468, 1, '2020-07-04 10:18:19', '1 update data at 2020-07-04 10:18:19'),
(469, 1, '2020-07-04 10:25:16', '1 update data at 2020-07-04 10:25:16'),
(470, 1, '2020-07-06 05:21:27', '1 update data at 2020-07-06 05:21:27'),
(471, 1, '2020-07-06 05:21:38', '1 update data at 2020-07-06 05:21:38'),
(472, 1, '2020-07-04 09:16:51', '1 update data at 2020-07-04 09:16:51'),
(473, 1, '2020-07-04 10:25:21', '1 update data at 2020-07-04 10:25:21'),
(474, 1, '2020-07-06 05:34:11', '1 update data at 2020-07-06 05:34:11'),
(475, 1, '2020-07-04 10:18:19', '1 update data at 2020-07-04 10:18:19'),
(476, 1, '2020-07-04 10:25:16', '1 update data at 2020-07-04 10:25:16'),
(477, 1, '2020-07-06 05:21:27', '1 update data at 2020-07-06 05:21:27'),
(478, 1, '2020-07-06 05:21:38', '1 update data at 2020-07-06 05:21:38'),
(479, 1, '2020-07-04 09:16:51', '1 update data at 2020-07-04 09:16:51'),
(480, 1, '2020-07-04 10:25:21', '1 update data at 2020-07-04 10:25:21'),
(481, 1, '2020-07-06 05:34:11', '1 update data at 2020-07-06 05:34:11'),
(482, 1, '2020-07-04 10:18:19', '1 update data at 2020-07-04 10:18:19'),
(483, 1, '2020-07-04 10:25:16', '1 update data at 2020-07-04 10:25:16'),
(484, 1, '2020-07-06 05:21:27', '1 update data at 2020-07-06 05:21:27'),
(485, 1, '2020-07-06 05:21:38', '1 update data at 2020-07-06 05:21:38'),
(486, 1, '2020-07-04 09:16:51', '1 update data at 2020-07-04 09:16:51'),
(487, 1, '2020-07-04 10:25:21', '1 update data at 2020-07-04 10:25:21'),
(488, 1, '2020-07-06 05:34:11', '1 update data at 2020-07-06 05:34:11'),
(489, 1, '2020-07-06 06:04:10', '1 update data at 2020-07-06 06:04:10'),
(490, 1, '2020-07-06 06:04:57', '1 update data at 2020-07-06 06:04:57'),
(491, 1, '2020-07-06 04:59:55', '1 update data at 2020-07-06 04:59:55'),
(492, 1, '2020-07-06 06:04:10', '1 update data at 2020-07-06 06:04:10'),
(493, 1, '2020-07-06 06:04:57', '1 update data at 2020-07-06 06:04:57'),
(494, 1, '2020-07-06 04:59:55', '1 update data at 2020-07-06 04:59:55'),
(495, 1, '2020-07-04 10:18:19', '1 update data at 2020-07-04 10:18:19'),
(496, 1, '2020-07-04 10:25:16', '1 update data at 2020-07-04 10:25:16'),
(497, 1, '2020-07-06 05:21:27', '1 update data at 2020-07-06 05:21:27'),
(498, 1, '2020-07-06 05:21:38', '1 update data at 2020-07-06 05:21:38'),
(499, 1, '2020-07-04 09:16:51', '1 update data at 2020-07-04 09:16:51'),
(500, 1, '2020-07-04 10:25:21', '1 update data at 2020-07-04 10:25:21'),
(501, 1, '2020-07-06 05:34:11', '1 update data at 2020-07-06 05:34:11'),
(502, 1, '2020-07-04 10:18:19', '1 update data at 2020-07-04 10:18:19'),
(503, 1, '2020-07-04 10:25:16', '1 update data at 2020-07-04 10:25:16'),
(504, 1, '2020-07-06 05:21:27', '1 update data at 2020-07-06 05:21:27'),
(505, 1, '2020-07-06 05:21:38', '1 update data at 2020-07-06 05:21:38'),
(506, 1, '2020-07-04 09:16:51', '1 update data at 2020-07-04 09:16:51'),
(507, 1, '2020-07-04 10:25:21', '1 update data at 2020-07-04 10:25:21'),
(508, 1, '2020-07-06 05:34:11', '1 update data at 2020-07-06 05:34:11'),
(509, 1, '2020-07-04 10:18:19', '1 update data at 2020-07-04 10:18:19'),
(510, 1, '2020-07-04 10:25:16', '1 update data at 2020-07-04 10:25:16'),
(511, 1, '2020-07-06 05:21:27', '1 update data at 2020-07-06 05:21:27'),
(512, 1, '2020-07-06 05:21:38', '1 update data at 2020-07-06 05:21:38'),
(513, 1, '2020-07-04 09:16:51', '1 update data at 2020-07-04 09:16:51'),
(514, 1, '2020-07-04 10:25:21', '1 update data at 2020-07-04 10:25:21'),
(515, 1, '2020-07-06 05:34:11', '1 update data at 2020-07-06 05:34:11'),
(516, 1, '2020-07-04 10:18:19', '1 update data at 2020-07-04 10:18:19'),
(517, 1, '2020-07-04 10:25:16', '1 update data at 2020-07-04 10:25:16'),
(518, 1, '2020-07-06 05:21:27', '1 update data at 2020-07-06 05:21:27'),
(519, 1, '2020-07-06 05:21:38', '1 update data at 2020-07-06 05:21:38'),
(520, 1, '2020-07-04 09:16:51', '1 update data at 2020-07-04 09:16:51'),
(521, 1, '2020-07-04 10:25:21', '1 update data at 2020-07-04 10:25:21'),
(522, 1, '2020-07-06 05:34:11', '1 update data at 2020-07-06 05:34:11'),
(523, 1, '2020-07-04 10:18:19', '1 update data at 2020-07-04 10:18:19'),
(524, 1, '2020-07-04 10:25:16', '1 update data at 2020-07-04 10:25:16'),
(525, 1, '2020-07-06 05:21:27', '1 update data at 2020-07-06 05:21:27'),
(526, 1, '2020-07-06 05:21:38', '1 update data at 2020-07-06 05:21:38'),
(527, 1, '2020-07-04 09:16:51', '1 update data at 2020-07-04 09:16:51'),
(528, 1, '2020-07-04 10:25:21', '1 update data at 2020-07-04 10:25:21'),
(529, 1, '2020-07-06 05:34:11', '1 update data at 2020-07-06 05:34:11'),
(530, 1, '2020-07-04 10:18:19', '1 update data at 2020-07-04 10:18:19'),
(531, 1, '2020-07-04 10:25:16', '1 update data at 2020-07-04 10:25:16'),
(532, 1, '2020-07-06 05:21:27', '1 update data at 2020-07-06 05:21:27'),
(533, 1, '2020-07-06 05:21:38', '1 update data at 2020-07-06 05:21:38'),
(534, 1, '2020-07-04 09:16:51', '1 update data at 2020-07-04 09:16:51'),
(535, 1, '2020-07-04 10:25:21', '1 update data at 2020-07-04 10:25:21'),
(536, 1, '2020-07-06 05:34:11', '1 update data at 2020-07-06 05:34:11'),
(537, 1, '2020-07-06 06:04:10', '1 update data at 2020-07-06 06:04:10'),
(538, 1, '2020-07-06 06:04:57', '1 update data at 2020-07-06 06:04:57'),
(539, 1, '2020-07-06 04:59:55', '1 update data at 2020-07-06 04:59:55'),
(540, 1, '2020-07-06 06:04:10', '1 update data at 2020-07-06 06:04:10'),
(541, 1, '2020-07-06 06:04:57', '1 update data at 2020-07-06 06:04:57'),
(542, 1, '2020-07-06 04:59:55', '1 update data at 2020-07-06 04:59:55'),
(543, 1, '2020-07-06 06:04:10', '1 update data at 2020-07-06 06:04:10'),
(544, 1, '2020-07-06 06:04:57', '1 update data at 2020-07-06 06:04:57'),
(545, 1, '2020-07-06 04:59:55', '1 update data at 2020-07-06 04:59:55'),
(546, 1, '2020-07-06 06:04:10', '1 update data at 2020-07-06 06:04:10'),
(547, 1, '2020-07-06 06:04:57', '1 update data at 2020-07-06 06:04:57'),
(548, 1, '2020-07-06 04:59:55', '1 update data at 2020-07-06 04:59:55'),
(549, 1, '2020-07-04 10:18:19', '1 update data at 2020-07-04 10:18:19'),
(550, 1, '2020-07-04 10:25:16', '1 update data at 2020-07-04 10:25:16'),
(551, 1, '2020-07-06 05:21:27', '1 update data at 2020-07-06 05:21:27'),
(552, 1, '2020-07-06 05:21:38', '1 update data at 2020-07-06 05:21:38'),
(553, 1, '2020-07-04 09:16:51', '1 update data at 2020-07-04 09:16:51'),
(554, 1, '2020-07-04 10:25:21', '1 update data at 2020-07-04 10:25:21'),
(555, 1, '2020-07-06 05:34:11', '1 update data at 2020-07-06 05:34:11'),
(556, 1, '2020-07-04 10:18:19', '1 update data at 2020-07-04 10:18:19'),
(557, 1, '2020-07-04 10:25:16', '1 update data at 2020-07-04 10:25:16'),
(558, 1, '2020-07-06 05:21:27', '1 update data at 2020-07-06 05:21:27'),
(559, 1, '2020-07-06 05:21:38', '1 update data at 2020-07-06 05:21:38'),
(560, 1, '2020-07-04 09:16:51', '1 update data at 2020-07-04 09:16:51'),
(561, 1, '2020-07-04 10:25:21', '1 update data at 2020-07-04 10:25:21'),
(562, 1, '2020-07-06 05:34:11', '1 update data at 2020-07-06 05:34:11'),
(563, 1, '2020-07-04 10:18:19', '1 update data at 2020-07-04 10:18:19'),
(564, 1, '2020-07-04 10:25:16', '1 update data at 2020-07-04 10:25:16'),
(565, 1, '2020-07-06 05:21:27', '1 update data at 2020-07-06 05:21:27'),
(566, 1, '2020-07-06 05:21:38', '1 update data at 2020-07-06 05:21:38'),
(567, 1, '2020-07-04 09:16:51', '1 update data at 2020-07-04 09:16:51'),
(568, 1, '2020-07-04 10:25:21', '1 update data at 2020-07-04 10:25:21'),
(569, 1, '2020-07-06 05:34:11', '1 update data at 2020-07-06 05:34:11'),
(570, 1, '2020-07-04 10:18:19', '1 update data at 2020-07-04 10:18:19'),
(571, 1, '2020-07-04 10:25:16', '1 update data at 2020-07-04 10:25:16'),
(572, 1, '2020-07-06 05:21:27', '1 update data at 2020-07-06 05:21:27'),
(573, 1, '2020-07-06 05:21:38', '1 update data at 2020-07-06 05:21:38'),
(574, 1, '2020-07-04 09:16:51', '1 update data at 2020-07-04 09:16:51'),
(575, 1, '2020-07-04 10:25:21', '1 update data at 2020-07-04 10:25:21'),
(576, 1, '2020-07-06 05:34:11', '1 update data at 2020-07-06 05:34:11'),
(577, 1, '2020-07-04 10:18:19', '1 update data at 2020-07-04 10:18:19'),
(578, 1, '2020-07-04 10:25:16', '1 update data at 2020-07-04 10:25:16'),
(579, 1, '2020-07-06 05:21:27', '1 update data at 2020-07-06 05:21:27'),
(580, 1, '2020-07-06 05:21:38', '1 update data at 2020-07-06 05:21:38'),
(581, 1, '2020-07-04 09:16:51', '1 update data at 2020-07-04 09:16:51'),
(582, 1, '2020-07-04 10:25:21', '1 update data at 2020-07-04 10:25:21'),
(583, 1, '2020-07-06 05:34:11', '1 update data at 2020-07-06 05:34:11'),
(584, 1, '2020-07-04 10:18:19', '1 update data at 2020-07-04 10:18:19'),
(585, 1, '2020-07-04 10:25:16', '1 update data at 2020-07-04 10:25:16'),
(586, 1, '2020-07-06 05:21:27', '1 update data at 2020-07-06 05:21:27'),
(587, 1, '2020-07-06 05:21:38', '1 update data at 2020-07-06 05:21:38'),
(588, 1, '2020-07-04 09:16:51', '1 update data at 2020-07-04 09:16:51'),
(589, 1, '2020-07-04 10:25:21', '1 update data at 2020-07-04 10:25:21'),
(590, 1, '2020-07-06 05:34:11', '1 update data at 2020-07-06 05:34:11'),
(591, 1, '2020-07-04 10:18:19', '1 update data at 2020-07-04 10:18:19'),
(592, 1, '2020-07-04 10:25:16', '1 update data at 2020-07-04 10:25:16'),
(593, 1, '2020-07-06 05:21:27', '1 update data at 2020-07-06 05:21:27'),
(594, 1, '2020-07-06 05:21:38', '1 update data at 2020-07-06 05:21:38'),
(595, 1, '2020-07-04 09:16:51', '1 update data at 2020-07-04 09:16:51'),
(596, 1, '2020-07-04 10:25:21', '1 update data at 2020-07-04 10:25:21'),
(597, 1, '2020-07-06 05:34:11', '1 update data at 2020-07-06 05:34:11'),
(598, 1, '2020-07-04 10:18:19', '1 update data at 2020-07-04 10:18:19'),
(599, 1, '2020-07-04 10:25:16', '1 update data at 2020-07-04 10:25:16'),
(600, 1, '2020-07-06 05:21:27', '1 update data at 2020-07-06 05:21:27'),
(601, 1, '2020-07-06 05:21:38', '1 update data at 2020-07-06 05:21:38'),
(602, 1, '2020-07-04 09:16:51', '1 update data at 2020-07-04 09:16:51'),
(603, 1, '2020-07-04 10:25:21', '1 update data at 2020-07-04 10:25:21'),
(604, 1, '2020-07-06 05:34:11', '1 update data at 2020-07-06 05:34:11'),
(605, 1, '2020-07-04 10:18:19', '1 update data at 2020-07-04 10:18:19'),
(606, 1, '2020-07-04 10:25:16', '1 update data at 2020-07-04 10:25:16'),
(607, 1, '2020-07-06 05:21:27', '1 update data at 2020-07-06 05:21:27'),
(608, 1, '2020-07-06 05:21:38', '1 update data at 2020-07-06 05:21:38'),
(609, 1, '2020-07-04 09:16:51', '1 update data at 2020-07-04 09:16:51'),
(610, 1, '2020-07-04 10:25:21', '1 update data at 2020-07-04 10:25:21'),
(611, 1, '2020-07-06 05:34:11', '1 update data at 2020-07-06 05:34:11'),
(612, 1, '2020-07-04 10:18:19', '1 update data at 2020-07-04 10:18:19'),
(613, 1, '2020-07-04 10:25:16', '1 update data at 2020-07-04 10:25:16'),
(614, 1, '2020-07-06 05:21:27', '1 update data at 2020-07-06 05:21:27'),
(615, 1, '2020-07-06 05:21:38', '1 update data at 2020-07-06 05:21:38'),
(616, 1, '2020-07-04 09:16:51', '1 update data at 2020-07-04 09:16:51'),
(617, 1, '2020-07-04 10:25:21', '1 update data at 2020-07-04 10:25:21'),
(618, 1, '2020-07-06 05:34:11', '1 update data at 2020-07-06 05:34:11'),
(619, 1, '2020-07-04 10:18:19', '1 update data at 2020-07-04 10:18:19'),
(620, 1, '2020-07-04 10:25:16', '1 update data at 2020-07-04 10:25:16'),
(621, 1, '2020-07-06 05:21:27', '1 update data at 2020-07-06 05:21:27'),
(622, 1, '2020-07-06 05:21:38', '1 update data at 2020-07-06 05:21:38'),
(623, 1, '2020-07-04 09:16:51', '1 update data at 2020-07-04 09:16:51'),
(624, 1, '2020-07-04 10:25:21', '1 update data at 2020-07-04 10:25:21'),
(625, 1, '2020-07-06 05:34:11', '1 update data at 2020-07-06 05:34:11'),
(626, 1, '2020-07-04 10:18:19', '1 update data at 2020-07-04 10:18:19'),
(627, 1, '2020-07-04 10:25:16', '1 update data at 2020-07-04 10:25:16'),
(628, 1, '2020-07-06 05:21:27', '1 update data at 2020-07-06 05:21:27'),
(629, 1, '2020-07-06 05:21:38', '1 update data at 2020-07-06 05:21:38'),
(630, 1, '2020-07-04 09:16:51', '1 update data at 2020-07-04 09:16:51'),
(631, 1, '2020-07-04 10:25:21', '1 update data at 2020-07-04 10:25:21'),
(632, 1, '2020-07-06 05:34:11', '1 update data at 2020-07-06 05:34:11'),
(633, 1, '2020-07-04 10:18:19', '1 update data at 2020-07-04 10:18:19'),
(634, 1, '2020-07-04 10:25:16', '1 update data at 2020-07-04 10:25:16'),
(635, 1, '2020-07-06 05:21:27', '1 update data at 2020-07-06 05:21:27'),
(636, 1, '2020-07-06 05:21:38', '1 update data at 2020-07-06 05:21:38'),
(637, 1, '2020-07-04 09:16:51', '1 update data at 2020-07-04 09:16:51'),
(638, 1, '2020-07-04 10:25:21', '1 update data at 2020-07-04 10:25:21'),
(639, 1, '2020-07-06 05:34:11', '1 update data at 2020-07-06 05:34:11'),
(640, 2, '2020-07-24 13:53:28', '2 insert data at2020-07-24 13:53:28'),
(641, 1, '2020-07-06 05:21:27', '1 update data at 2020-07-06 05:21:27'),
(642, 1, '2020-07-06 11:39:15', '1 update data at 2020-07-06 11:39:15'),
(643, 1, '2020-07-06 11:49:33', '1 update data at 2020-07-06 11:49:33'),
(644, 1, '2020-07-06 11:52:03', '1 update data at 2020-07-06 11:52:03'),
(645, 1, '2020-07-06 11:52:29', '1 update data at 2020-07-06 11:52:29'),
(646, 1, '2020-07-06 02:01:07', '1 update data at 2020-07-06 02:01:07'),
(647, 1, '2020-07-06 05:01:49', '1 update data at 2020-07-06 05:01:49'),
(648, 1, '2020-07-06 05:21:00', '1 update data at 2020-07-06 05:21:00'),
(649, 1, '2020-07-07 10:34:54', '1 update data at 2020-07-07 10:34:54'),
(650, 1, '2020-07-07 10:34:54', '1 update data at 2020-07-07 10:34:54'),
(651, 1, '2020-07-06 05:21:27', '1 update data at 2020-07-06 05:21:27'),
(652, 1, '2020-07-06 11:39:15', '1 update data at 2020-07-06 11:39:15'),
(653, 1, '2020-07-06 11:49:33', '1 update data at 2020-07-06 11:49:33'),
(654, 1, '2020-07-06 11:52:03', '1 update data at 2020-07-06 11:52:03'),
(655, 1, '2020-07-06 11:52:29', '1 update data at 2020-07-06 11:52:29'),
(656, 1, '2020-07-06 02:01:07', '1 update data at 2020-07-06 02:01:07'),
(657, 1, '2020-07-06 05:01:49', '1 update data at 2020-07-06 05:01:49'),
(658, 1, '2020-07-06 05:21:00', '1 update data at 2020-07-06 05:21:00'),
(659, 1, '2020-07-07 10:34:54', '1 update data at 2020-07-07 10:34:54'),
(660, 1, '2020-07-07 10:34:54', '1 update data at 2020-07-07 10:34:54'),
(661, 2, '2020-07-24 13:54:36', '2 insert data at2020-07-24 13:54:36'),
(662, 1, '2020-07-06 05:21:27', '1 update data at 2020-07-06 05:21:27'),
(663, 1, '2020-07-06 11:39:15', '1 update data at 2020-07-06 11:39:15'),
(664, 1, '2020-07-06 11:49:33', '1 update data at 2020-07-06 11:49:33'),
(665, 1, '2020-07-06 11:52:03', '1 update data at 2020-07-06 11:52:03'),
(666, 1, '2020-07-06 11:52:29', '1 update data at 2020-07-06 11:52:29'),
(667, 1, '2020-07-06 02:01:07', '1 update data at 2020-07-06 02:01:07'),
(668, 1, '2020-07-06 05:01:49', '1 update data at 2020-07-06 05:01:49'),
(669, 1, '2020-07-06 05:21:00', '1 update data at 2020-07-06 05:21:00'),
(670, 1, '2020-07-07 10:34:54', '1 update data at 2020-07-07 10:34:54'),
(671, 1, '2020-07-07 10:34:54', '1 update data at 2020-07-07 10:34:54'),
(672, 1, '2020-07-06 05:21:27', '1 update data at 2020-07-06 05:21:27'),
(673, 1, '2020-07-06 11:39:15', '1 update data at 2020-07-06 11:39:15'),
(674, 1, '2020-07-06 11:49:33', '1 update data at 2020-07-06 11:49:33'),
(675, 1, '2020-07-06 11:52:03', '1 update data at 2020-07-06 11:52:03'),
(676, 1, '2020-07-06 11:52:29', '1 update data at 2020-07-06 11:52:29'),
(677, 1, '2020-07-06 02:01:07', '1 update data at 2020-07-06 02:01:07'),
(678, 1, '2020-07-06 05:01:49', '1 update data at 2020-07-06 05:01:49'),
(679, 1, '2020-07-06 05:21:00', '1 update data at 2020-07-06 05:21:00'),
(680, 1, '2020-07-07 10:34:54', '1 update data at 2020-07-07 10:34:54'),
(681, 1, '2020-07-07 10:34:54', '1 update data at 2020-07-07 10:34:54'),
(682, 1, '2020-07-04 10:18:19', '1 update data at 2020-07-04 10:18:19'),
(683, 1, '2020-07-04 10:25:16', '1 update data at 2020-07-04 10:25:16'),
(684, 1, '2020-07-06 05:21:27', '1 update data at 2020-07-06 05:21:27'),
(685, 1, '2020-07-06 05:21:38', '1 update data at 2020-07-06 05:21:38'),
(686, 1, '2020-07-04 09:16:51', '1 update data at 2020-07-04 09:16:51'),
(687, 1, '2020-07-04 10:25:21', '1 update data at 2020-07-04 10:25:21'),
(688, 1, '2020-07-06 05:34:11', '1 update data at 2020-07-06 05:34:11'),
(689, 2, '2020-07-24 13:54:51', '2 insert data at2020-07-24 13:54:51'),
(690, 1, '2020-07-06 05:21:27', '1 update data at 2020-07-06 05:21:27'),
(691, 1, '2020-07-06 11:39:15', '1 update data at 2020-07-06 11:39:15');
INSERT INTO `log_all` (`id_log_all`, `id_user`, `log_date`, `log`) VALUES
(692, 1, '2020-07-06 11:49:33', '1 update data at 2020-07-06 11:49:33'),
(693, 1, '2020-07-06 11:52:03', '1 update data at 2020-07-06 11:52:03'),
(694, 1, '2020-07-06 11:52:29', '1 update data at 2020-07-06 11:52:29'),
(695, 1, '2020-07-06 02:01:07', '1 update data at 2020-07-06 02:01:07'),
(696, 1, '2020-07-06 05:01:49', '1 update data at 2020-07-06 05:01:49'),
(697, 1, '2020-07-06 05:21:00', '1 update data at 2020-07-06 05:21:00'),
(698, 1, '2020-07-07 10:34:54', '1 update data at 2020-07-07 10:34:54'),
(699, 1, '2020-07-07 10:34:54', '1 update data at 2020-07-07 10:34:54'),
(700, 1, '2020-07-06 05:34:11', '1 update data at 2020-07-06 05:34:11'),
(701, 1, '2020-07-06 11:39:15', '1 update data at 2020-07-06 11:39:15'),
(702, 1, '2020-07-06 11:49:33', '1 update data at 2020-07-06 11:49:33'),
(703, 1, '2020-07-06 11:52:03', '1 update data at 2020-07-06 11:52:03'),
(704, 1, '2020-07-06 11:52:29', '1 update data at 2020-07-06 11:52:29'),
(705, 1, '2020-07-06 02:01:07', '1 update data at 2020-07-06 02:01:07'),
(706, 1, '2020-07-06 05:01:49', '1 update data at 2020-07-06 05:01:49'),
(707, 1, '2020-07-06 05:21:00', '1 update data at 2020-07-06 05:21:00'),
(708, 1, '2020-07-07 10:34:54', '1 update data at 2020-07-07 10:34:54'),
(709, 1, '2020-07-07 10:34:54', '1 update data at 2020-07-07 10:34:54'),
(710, 1, '2020-07-07 10:34:54', '1 update data at 2020-07-07 10:34:54'),
(711, 1, '2020-07-07 10:34:54', '1 update data at 2020-07-07 10:34:54'),
(712, 1, '2020-07-04 10:18:19', '1 update data at 2020-07-04 10:18:19'),
(713, 1, '2020-07-04 10:25:16', '1 update data at 2020-07-04 10:25:16'),
(714, 1, '2020-07-06 05:21:27', '1 update data at 2020-07-06 05:21:27'),
(715, 1, '2020-07-06 05:21:38', '1 update data at 2020-07-06 05:21:38'),
(716, 1, '2020-07-04 09:16:51', '1 update data at 2020-07-04 09:16:51'),
(717, 1, '2020-07-04 10:25:21', '1 update data at 2020-07-04 10:25:21'),
(718, 1, '2020-07-06 05:34:11', '1 update data at 2020-07-06 05:34:11'),
(719, 1, '2020-07-04 10:18:19', '1 update data at 2020-07-04 10:18:19'),
(720, 1, '2020-07-04 10:25:16', '1 update data at 2020-07-04 10:25:16'),
(721, 1, '2020-07-06 05:21:27', '1 update data at 2020-07-06 05:21:27'),
(722, 1, '2020-07-06 05:21:38', '1 update data at 2020-07-06 05:21:38'),
(723, 1, '2020-07-04 09:16:51', '1 update data at 2020-07-04 09:16:51'),
(724, 1, '2020-07-04 10:25:21', '1 update data at 2020-07-04 10:25:21'),
(725, 1, '2020-07-06 05:34:11', '1 update data at 2020-07-06 05:34:11'),
(726, 1, '2020-07-04 10:18:19', '1 update data at 2020-07-04 10:18:19'),
(727, 1, '2020-07-04 10:25:16', '1 update data at 2020-07-04 10:25:16'),
(728, 1, '2020-07-06 05:21:27', '1 update data at 2020-07-06 05:21:27'),
(729, 1, '2020-07-06 05:21:38', '1 update data at 2020-07-06 05:21:38'),
(730, 1, '2020-07-04 09:16:51', '1 update data at 2020-07-04 09:16:51'),
(731, 1, '2020-07-04 10:25:21', '1 update data at 2020-07-04 10:25:21'),
(732, 1, '2020-07-06 05:34:11', '1 update data at 2020-07-06 05:34:11'),
(733, 1, '2020-07-04 10:18:19', '1 update data at 2020-07-04 10:18:19'),
(734, 1, '2020-07-04 10:25:16', '1 update data at 2020-07-04 10:25:16'),
(735, 1, '2020-07-06 05:21:27', '1 update data at 2020-07-06 05:21:27'),
(736, 1, '2020-07-06 05:21:38', '1 update data at 2020-07-06 05:21:38'),
(737, 1, '2020-07-04 09:16:51', '1 update data at 2020-07-04 09:16:51'),
(738, 1, '2020-07-04 10:25:21', '1 update data at 2020-07-04 10:25:21'),
(739, 1, '2020-07-06 05:34:11', '1 update data at 2020-07-06 05:34:11'),
(740, 1, '2020-07-04 10:18:19', '1 update data at 2020-07-04 10:18:19'),
(741, 1, '2020-07-04 10:25:16', '1 update data at 2020-07-04 10:25:16'),
(742, 1, '2020-07-06 05:21:27', '1 update data at 2020-07-06 05:21:27'),
(743, 1, '2020-07-06 05:21:38', '1 update data at 2020-07-06 05:21:38'),
(744, 1, '2020-07-04 09:16:51', '1 update data at 2020-07-04 09:16:51'),
(745, 1, '2020-07-04 10:25:21', '1 update data at 2020-07-04 10:25:21'),
(746, 1, '2020-07-06 05:34:11', '1 update data at 2020-07-06 05:34:11'),
(747, 1, '2020-07-04 10:18:19', '1 update data at 2020-07-04 10:18:19'),
(748, 1, '2020-07-04 10:25:16', '1 update data at 2020-07-04 10:25:16'),
(749, 1, '2020-07-06 05:21:27', '1 update data at 2020-07-06 05:21:27'),
(750, 1, '2020-07-06 05:21:38', '1 update data at 2020-07-06 05:21:38'),
(751, 1, '2020-07-04 09:16:51', '1 update data at 2020-07-04 09:16:51'),
(752, 1, '2020-07-04 10:25:21', '1 update data at 2020-07-04 10:25:21'),
(753, 1, '2020-07-06 05:34:11', '1 update data at 2020-07-06 05:34:11'),
(754, 1, '2020-07-04 10:18:19', '1 update data at 2020-07-04 10:18:19'),
(755, 1, '2020-07-04 10:25:16', '1 update data at 2020-07-04 10:25:16'),
(756, 1, '2020-07-06 05:21:27', '1 update data at 2020-07-06 05:21:27'),
(757, 1, '2020-07-06 05:21:38', '1 update data at 2020-07-06 05:21:38'),
(758, 1, '2020-07-04 09:16:51', '1 update data at 2020-07-04 09:16:51'),
(759, 1, '2020-07-04 10:25:21', '1 update data at 2020-07-04 10:25:21'),
(760, 1, '2020-07-06 05:34:11', '1 update data at 2020-07-06 05:34:11'),
(761, 1, '2020-07-04 10:18:19', '1 update data at 2020-07-04 10:18:19'),
(762, 1, '2020-07-04 10:25:16', '1 update data at 2020-07-04 10:25:16'),
(763, 1, '2020-07-06 05:21:27', '1 update data at 2020-07-06 05:21:27'),
(764, 1, '2020-07-06 05:21:38', '1 update data at 2020-07-06 05:21:38'),
(765, 1, '2020-07-04 09:16:51', '1 update data at 2020-07-04 09:16:51'),
(766, 1, '2020-07-04 10:25:21', '1 update data at 2020-07-04 10:25:21'),
(767, 1, '2020-07-06 05:34:11', '1 update data at 2020-07-06 05:34:11'),
(768, 1, '2020-07-04 10:18:19', '1 update data at 2020-07-04 10:18:19'),
(769, 1, '2020-07-04 10:25:16', '1 update data at 2020-07-04 10:25:16'),
(770, 1, '2020-07-06 05:21:27', '1 update data at 2020-07-06 05:21:27'),
(771, 1, '2020-07-06 05:21:38', '1 update data at 2020-07-06 05:21:38'),
(772, 1, '2020-07-04 09:16:51', '1 update data at 2020-07-04 09:16:51'),
(773, 1, '2020-07-04 10:25:21', '1 update data at 2020-07-04 10:25:21'),
(774, 1, '2020-07-06 05:34:11', '1 update data at 2020-07-06 05:34:11'),
(775, 1, '2020-07-04 10:18:19', '1 update data at 2020-07-04 10:18:19'),
(776, 1, '2020-07-04 10:25:16', '1 update data at 2020-07-04 10:25:16'),
(777, 1, '2020-07-06 05:21:27', '1 update data at 2020-07-06 05:21:27'),
(778, 1, '2020-07-06 05:21:38', '1 update data at 2020-07-06 05:21:38'),
(779, 1, '2020-07-04 09:16:51', '1 update data at 2020-07-04 09:16:51'),
(780, 1, '2020-07-04 10:25:21', '1 update data at 2020-07-04 10:25:21'),
(781, 1, '2020-07-06 05:34:11', '1 update data at 2020-07-06 05:34:11'),
(782, 1, '2020-07-04 10:18:19', '1 update data at 2020-07-04 10:18:19'),
(783, 1, '2020-07-04 10:25:16', '1 update data at 2020-07-04 10:25:16'),
(784, 1, '2020-07-06 05:21:27', '1 update data at 2020-07-06 05:21:27'),
(785, 1, '2020-07-06 05:21:38', '1 update data at 2020-07-06 05:21:38'),
(786, 1, '2020-07-04 09:16:51', '1 update data at 2020-07-04 09:16:51'),
(787, 1, '2020-07-04 10:25:21', '1 update data at 2020-07-04 10:25:21'),
(788, 1, '2020-07-06 05:34:11', '1 update data at 2020-07-06 05:34:11'),
(789, 1, '2020-07-04 10:18:19', '1 update data at 2020-07-04 10:18:19'),
(790, 1, '2020-07-04 10:25:16', '1 update data at 2020-07-04 10:25:16'),
(791, 1, '2020-07-06 05:21:27', '1 update data at 2020-07-06 05:21:27'),
(792, 1, '2020-07-06 05:21:38', '1 update data at 2020-07-06 05:21:38'),
(793, 1, '2020-07-04 09:16:51', '1 update data at 2020-07-04 09:16:51'),
(794, 1, '2020-07-04 10:25:21', '1 update data at 2020-07-04 10:25:21'),
(795, 1, '2020-07-06 05:34:11', '1 update data at 2020-07-06 05:34:11'),
(796, 1, '2020-07-04 10:18:19', '1 update data at 2020-07-04 10:18:19'),
(797, 1, '2020-07-04 10:25:16', '1 update data at 2020-07-04 10:25:16'),
(798, 1, '2020-07-06 05:21:27', '1 update data at 2020-07-06 05:21:27'),
(799, 1, '2020-07-06 05:21:38', '1 update data at 2020-07-06 05:21:38'),
(800, 1, '2020-07-04 09:16:51', '1 update data at 2020-07-04 09:16:51'),
(801, 1, '2020-07-04 10:25:21', '1 update data at 2020-07-04 10:25:21'),
(802, 1, '2020-07-06 05:34:11', '1 update data at 2020-07-06 05:34:11'),
(803, 1, '2020-07-04 10:18:19', '1 update data at 2020-07-04 10:18:19'),
(804, 1, '2020-07-04 10:25:16', '1 update data at 2020-07-04 10:25:16'),
(805, 1, '2020-07-06 05:21:27', '1 update data at 2020-07-06 05:21:27'),
(806, 1, '2020-07-06 05:21:38', '1 update data at 2020-07-06 05:21:38'),
(807, 1, '2020-07-04 09:16:51', '1 update data at 2020-07-04 09:16:51'),
(808, 1, '2020-07-04 10:25:21', '1 update data at 2020-07-04 10:25:21'),
(809, 1, '2020-07-06 05:34:11', '1 update data at 2020-07-06 05:34:11'),
(810, 1, '2020-07-04 10:18:19', '1 update data at 2020-07-04 10:18:19'),
(811, 1, '2020-07-04 10:25:16', '1 update data at 2020-07-04 10:25:16'),
(812, 1, '2020-07-06 05:21:27', '1 update data at 2020-07-06 05:21:27'),
(813, 1, '2020-07-06 05:21:38', '1 update data at 2020-07-06 05:21:38'),
(814, 1, '2020-07-04 09:16:51', '1 update data at 2020-07-04 09:16:51'),
(815, 1, '2020-07-04 10:25:21', '1 update data at 2020-07-04 10:25:21'),
(816, 1, '2020-07-06 05:34:11', '1 update data at 2020-07-06 05:34:11'),
(817, 1, '2020-07-04 10:18:19', '1 update data at 2020-07-04 10:18:19'),
(818, 1, '2020-07-04 10:25:16', '1 update data at 2020-07-04 10:25:16'),
(819, 1, '2020-07-06 05:21:27', '1 update data at 2020-07-06 05:21:27'),
(820, 1, '2020-07-06 05:21:38', '1 update data at 2020-07-06 05:21:38'),
(821, 1, '2020-07-04 09:16:51', '1 update data at 2020-07-04 09:16:51'),
(822, 1, '2020-07-04 10:25:21', '1 update data at 2020-07-04 10:25:21'),
(823, 1, '2020-07-06 05:34:11', '1 update data at 2020-07-06 05:34:11'),
(824, 1, '2020-07-04 10:18:19', '1 update data at 2020-07-04 10:18:19'),
(825, 1, '2020-07-04 10:25:16', '1 update data at 2020-07-04 10:25:16'),
(826, 1, '2020-07-06 05:21:27', '1 update data at 2020-07-06 05:21:27'),
(827, 1, '2020-07-06 05:21:38', '1 update data at 2020-07-06 05:21:38'),
(828, 1, '2020-07-04 09:16:51', '1 update data at 2020-07-04 09:16:51'),
(829, 1, '2020-07-04 10:25:21', '1 update data at 2020-07-04 10:25:21'),
(830, 1, '2020-07-06 05:34:11', '1 update data at 2020-07-06 05:34:11'),
(831, 1, '2020-07-04 10:18:19', '1 update data at 2020-07-04 10:18:19'),
(832, 1, '2020-07-04 10:25:16', '1 update data at 2020-07-04 10:25:16'),
(833, 1, '2020-07-06 05:21:27', '1 update data at 2020-07-06 05:21:27'),
(834, 1, '2020-07-06 05:21:38', '1 update data at 2020-07-06 05:21:38'),
(835, 1, '2020-07-04 09:16:51', '1 update data at 2020-07-04 09:16:51'),
(836, 1, '2020-07-04 10:25:21', '1 update data at 2020-07-04 10:25:21'),
(837, 1, '2020-07-06 05:34:11', '1 update data at 2020-07-06 05:34:11'),
(838, 1, '2020-07-04 10:18:19', '1 update data at 2020-07-04 10:18:19'),
(839, 1, '2020-07-04 10:25:16', '1 update data at 2020-07-04 10:25:16'),
(840, 1, '2020-07-06 05:21:27', '1 update data at 2020-07-06 05:21:27'),
(841, 1, '2020-07-06 05:21:38', '1 update data at 2020-07-06 05:21:38'),
(842, 1, '2020-07-04 09:16:51', '1 update data at 2020-07-04 09:16:51'),
(843, 1, '2020-07-04 10:25:21', '1 update data at 2020-07-04 10:25:21'),
(844, 1, '2020-07-06 05:34:11', '1 update data at 2020-07-06 05:34:11'),
(845, 1, '2020-07-04 10:18:19', '1 update data at 2020-07-04 10:18:19'),
(846, 1, '2020-07-04 10:25:16', '1 update data at 2020-07-04 10:25:16'),
(847, 1, '2020-07-06 05:21:27', '1 update data at 2020-07-06 05:21:27'),
(848, 1, '2020-07-06 05:21:38', '1 update data at 2020-07-06 05:21:38'),
(849, 1, '2020-07-04 09:16:51', '1 update data at 2020-07-04 09:16:51'),
(850, 1, '2020-07-04 10:25:21', '1 update data at 2020-07-04 10:25:21'),
(851, 1, '2020-07-06 05:34:11', '1 update data at 2020-07-06 05:34:11'),
(852, 1, '2020-07-04 10:18:19', '1 update data at 2020-07-04 10:18:19'),
(853, 1, '2020-07-04 10:25:16', '1 update data at 2020-07-04 10:25:16'),
(854, 1, '2020-07-06 05:21:27', '1 update data at 2020-07-06 05:21:27'),
(855, 1, '2020-07-06 05:21:38', '1 update data at 2020-07-06 05:21:38'),
(856, 1, '2020-07-04 09:16:51', '1 update data at 2020-07-04 09:16:51'),
(857, 1, '2020-07-04 10:25:21', '1 update data at 2020-07-04 10:25:21'),
(858, 1, '2020-07-06 05:34:11', '1 update data at 2020-07-06 05:34:11'),
(859, 1, '2020-07-04 10:18:19', '1 update data at 2020-07-04 10:18:19'),
(860, 1, '2020-07-04 10:25:16', '1 update data at 2020-07-04 10:25:16'),
(861, 1, '2020-07-06 05:21:27', '1 update data at 2020-07-06 05:21:27'),
(862, 1, '2020-07-06 05:21:38', '1 update data at 2020-07-06 05:21:38'),
(863, 1, '2020-07-04 09:16:51', '1 update data at 2020-07-04 09:16:51'),
(864, 1, '2020-07-04 10:25:21', '1 update data at 2020-07-04 10:25:21'),
(865, 1, '2020-07-06 05:34:11', '1 update data at 2020-07-06 05:34:11'),
(866, 1, '2020-07-04 10:18:19', '1 update data at 2020-07-04 10:18:19'),
(867, 1, '2020-07-04 10:25:16', '1 update data at 2020-07-04 10:25:16'),
(868, 1, '2020-07-06 05:21:27', '1 update data at 2020-07-06 05:21:27'),
(869, 1, '2020-07-06 05:21:38', '1 update data at 2020-07-06 05:21:38'),
(870, 1, '2020-07-04 09:16:51', '1 update data at 2020-07-04 09:16:51'),
(871, 1, '2020-07-04 10:25:21', '1 update data at 2020-07-04 10:25:21'),
(872, 1, '2020-07-06 05:34:11', '1 update data at 2020-07-06 05:34:11'),
(873, 1, '2020-07-04 10:18:19', '1 update data at 2020-07-04 10:18:19'),
(874, 1, '2020-07-04 10:25:16', '1 update data at 2020-07-04 10:25:16'),
(875, 1, '2020-07-06 05:21:27', '1 update data at 2020-07-06 05:21:27'),
(876, 1, '2020-07-06 05:21:38', '1 update data at 2020-07-06 05:21:38'),
(877, 1, '2020-07-04 09:16:51', '1 update data at 2020-07-04 09:16:51'),
(878, 1, '2020-07-04 10:25:21', '1 update data at 2020-07-04 10:25:21'),
(879, 1, '2020-07-06 05:34:11', '1 update data at 2020-07-06 05:34:11'),
(880, 1, '2020-07-04 10:18:19', '1 update data at 2020-07-04 10:18:19'),
(881, 1, '2020-07-04 10:25:16', '1 update data at 2020-07-04 10:25:16'),
(882, 1, '2020-07-06 05:21:27', '1 update data at 2020-07-06 05:21:27'),
(883, 1, '2020-07-06 05:21:38', '1 update data at 2020-07-06 05:21:38'),
(884, 1, '2020-07-04 09:16:51', '1 update data at 2020-07-04 09:16:51'),
(885, 1, '2020-07-04 10:25:21', '1 update data at 2020-07-04 10:25:21'),
(886, 1, '2020-07-06 05:34:11', '1 update data at 2020-07-06 05:34:11'),
(887, 1, '2020-07-04 10:18:19', '1 update data at 2020-07-04 10:18:19'),
(888, 1, '2020-07-04 10:25:16', '1 update data at 2020-07-04 10:25:16'),
(889, 1, '2020-07-06 05:21:27', '1 update data at 2020-07-06 05:21:27'),
(890, 1, '2020-07-06 05:21:38', '1 update data at 2020-07-06 05:21:38'),
(891, 1, '2020-07-04 09:16:51', '1 update data at 2020-07-04 09:16:51'),
(892, 1, '2020-07-04 10:25:21', '1 update data at 2020-07-04 10:25:21'),
(893, 1, '2020-07-06 05:34:11', '1 update data at 2020-07-06 05:34:11'),
(894, 1, '2020-07-04 10:18:19', '1 update data at 2020-07-04 10:18:19'),
(895, 1, '2020-07-04 10:25:16', '1 update data at 2020-07-04 10:25:16'),
(896, 1, '2020-07-06 05:21:27', '1 update data at 2020-07-06 05:21:27'),
(897, 1, '2020-07-06 05:21:38', '1 update data at 2020-07-06 05:21:38'),
(898, 1, '2020-07-04 09:16:51', '1 update data at 2020-07-04 09:16:51'),
(899, 1, '2020-07-04 10:25:21', '1 update data at 2020-07-04 10:25:21'),
(900, 1, '2020-07-06 05:34:11', '1 update data at 2020-07-06 05:34:11'),
(901, 1, '2020-07-04 10:18:19', '1 update data at 2020-07-04 10:18:19'),
(902, 1, '2020-07-04 10:25:16', '1 update data at 2020-07-04 10:25:16'),
(903, 1, '2020-07-06 05:21:27', '1 update data at 2020-07-06 05:21:27'),
(904, 1, '2020-07-06 05:21:38', '1 update data at 2020-07-06 05:21:38'),
(905, 1, '2020-07-04 09:16:51', '1 update data at 2020-07-04 09:16:51'),
(906, 1, '2020-07-04 10:25:21', '1 update data at 2020-07-04 10:25:21'),
(907, 1, '2020-07-06 05:34:11', '1 update data at 2020-07-06 05:34:11'),
(908, 1, '2020-07-04 10:18:19', '1 update data at 2020-07-04 10:18:19'),
(909, 1, '2020-07-04 10:25:16', '1 update data at 2020-07-04 10:25:16'),
(910, 1, '2020-07-06 05:21:27', '1 update data at 2020-07-06 05:21:27'),
(911, 1, '2020-07-06 05:21:38', '1 update data at 2020-07-06 05:21:38'),
(912, 1, '2020-07-04 09:16:51', '1 update data at 2020-07-04 09:16:51'),
(913, 1, '2020-07-04 10:25:21', '1 update data at 2020-07-04 10:25:21'),
(914, 1, '2020-07-06 05:34:11', '1 update data at 2020-07-06 05:34:11'),
(915, 1, '2020-07-04 10:18:19', '1 update data at 2020-07-04 10:18:19'),
(916, 1, '2020-07-04 10:25:16', '1 update data at 2020-07-04 10:25:16'),
(917, 1, '2020-07-06 05:21:27', '1 update data at 2020-07-06 05:21:27'),
(918, 1, '2020-07-06 05:21:38', '1 update data at 2020-07-06 05:21:38'),
(919, 1, '2020-07-04 09:16:51', '1 update data at 2020-07-04 09:16:51'),
(920, 1, '2020-07-04 10:25:21', '1 update data at 2020-07-04 10:25:21'),
(921, 1, '2020-07-06 05:34:11', '1 update data at 2020-07-06 05:34:11'),
(922, 2, '2020-07-24 04:40:23', '2 update data at2020-07-24 04:40:23'),
(923, 2, '2020-07-24 04:40:24', '2 insert data at2020-07-24 04:40:24'),
(924, 2, '2020-07-24 04:41:08', '2 update data at2020-07-24 04:41:08'),
(925, 2, '2020-07-24 04:41:08', '2 insert data at2020-07-24 04:41:08'),
(926, 2, '2020-07-24 04:41:08', '2 insert data at2020-07-24 04:41:08'),
(927, 2, '2020-07-24 04:41:16', '2 update data at2020-07-24 04:41:16'),
(928, 2, '2020-07-24 04:41:16', '2 insert data at2020-07-24 04:41:16'),
(929, 2, '2020-07-24 04:41:17', '2 insert data at2020-07-24 04:41:17'),
(930, 2, '2020-07-24 04:41:17', '2 insert data at2020-07-24 04:41:17'),
(931, 1, '2020-07-04 10:18:19', '1 update data at 2020-07-04 10:18:19'),
(932, 1, '2020-07-04 10:25:16', '1 update data at 2020-07-04 10:25:16'),
(933, 1, '2020-07-06 05:21:27', '1 update data at 2020-07-06 05:21:27'),
(934, 1, '2020-07-06 05:21:38', '1 update data at 2020-07-06 05:21:38'),
(935, 1, '2020-07-04 09:16:51', '1 update data at 2020-07-04 09:16:51'),
(936, 1, '2020-07-04 10:25:21', '1 update data at 2020-07-04 10:25:21'),
(937, 1, '2020-07-06 05:34:11', '1 update data at 2020-07-06 05:34:11'),
(938, 1, '2020-07-04 10:18:19', '1 update data at 2020-07-04 10:18:19'),
(939, 1, '2020-07-04 10:25:16', '1 update data at 2020-07-04 10:25:16'),
(940, 1, '2020-07-06 05:21:27', '1 update data at 2020-07-06 05:21:27'),
(941, 1, '2020-07-06 05:21:38', '1 update data at 2020-07-06 05:21:38'),
(942, 1, '2020-07-04 09:16:51', '1 update data at 2020-07-04 09:16:51'),
(943, 1, '2020-07-04 10:25:21', '1 update data at 2020-07-04 10:25:21'),
(944, 1, '2020-07-06 05:34:11', '1 update data at 2020-07-06 05:34:11'),
(945, 1, '2020-07-04 10:18:19', '1 update data at 2020-07-04 10:18:19'),
(946, 1, '2020-07-04 10:25:16', '1 update data at 2020-07-04 10:25:16'),
(947, 1, '2020-07-06 05:21:27', '1 update data at 2020-07-06 05:21:27'),
(948, 1, '2020-07-06 05:21:38', '1 update data at 2020-07-06 05:21:38'),
(949, 1, '2020-07-04 09:16:51', '1 update data at 2020-07-04 09:16:51'),
(950, 1, '2020-07-04 10:25:21', '1 update data at 2020-07-04 10:25:21'),
(951, 1, '2020-07-06 05:34:11', '1 update data at 2020-07-06 05:34:11'),
(952, 1, '2020-07-04 10:18:19', '1 update data at 2020-07-04 10:18:19'),
(953, 1, '2020-07-04 10:25:16', '1 update data at 2020-07-04 10:25:16'),
(954, 1, '2020-07-06 05:21:27', '1 update data at 2020-07-06 05:21:27'),
(955, 1, '2020-07-06 05:21:38', '1 update data at 2020-07-06 05:21:38'),
(956, 1, '2020-07-04 09:16:51', '1 update data at 2020-07-04 09:16:51'),
(957, 1, '2020-07-04 10:25:21', '1 update data at 2020-07-04 10:25:21'),
(958, 1, '2020-07-06 05:34:11', '1 update data at 2020-07-06 05:34:11'),
(959, 1, '2020-07-04 10:18:19', '1 update data at 2020-07-04 10:18:19'),
(960, 1, '2020-07-04 10:25:16', '1 update data at 2020-07-04 10:25:16'),
(961, 1, '2020-07-06 05:21:27', '1 update data at 2020-07-06 05:21:27'),
(962, 1, '2020-07-06 05:21:38', '1 update data at 2020-07-06 05:21:38'),
(963, 1, '2020-07-04 09:16:51', '1 update data at 2020-07-04 09:16:51'),
(964, 1, '2020-07-04 10:25:21', '1 update data at 2020-07-04 10:25:21'),
(965, 1, '2020-07-06 05:34:11', '1 update data at 2020-07-06 05:34:11'),
(966, 1, '2020-07-04 10:18:19', '1 update data at 2020-07-04 10:18:19'),
(967, 1, '2020-07-04 10:25:16', '1 update data at 2020-07-04 10:25:16'),
(968, 1, '2020-07-06 05:21:27', '1 update data at 2020-07-06 05:21:27'),
(969, 1, '2020-07-06 05:21:38', '1 update data at 2020-07-06 05:21:38'),
(970, 1, '2020-07-04 09:16:51', '1 update data at 2020-07-04 09:16:51'),
(971, 1, '2020-07-04 10:25:21', '1 update data at 2020-07-04 10:25:21'),
(972, 1, '2020-07-06 05:34:11', '1 update data at 2020-07-06 05:34:11'),
(973, 2, '2020-07-24 04:55:20', '2 insert data at2020-07-24 04:55:20'),
(974, 2, '2020-07-24 04:55:20', '2 insert data at2020-07-24 04:55:20'),
(975, 2, '2020-07-24 04:55:20', '2 insert data at2020-07-24 04:55:20'),
(976, 2, '2020-07-24 04:55:20', '2 insert data at2020-07-24 04:55:20'),
(977, 2, '2020-07-24 04:55:52', '2 update data at2020-07-24 04:55:52'),
(978, 2, '2020-07-24 04:55:55', '2 update data at2020-07-24 04:55:55'),
(979, 2, '2020-07-24 04:55:59', '2 update data at2020-07-24 04:55:59'),
(980, 2, '2020-07-24 04:56:03', '2 update data at2020-07-24 04:56:03'),
(981, 1, '2020-07-04 10:18:19', '1 update data at 2020-07-04 10:18:19'),
(982, 1, '2020-07-04 10:25:16', '1 update data at 2020-07-04 10:25:16'),
(983, 1, '2020-07-06 05:21:27', '1 update data at 2020-07-06 05:21:27'),
(984, 1, '2020-07-06 05:21:38', '1 update data at 2020-07-06 05:21:38'),
(985, 1, '2020-07-04 09:16:51', '1 update data at 2020-07-04 09:16:51'),
(986, 1, '2020-07-04 10:25:21', '1 update data at 2020-07-04 10:25:21'),
(987, 1, '2020-07-06 05:34:11', '1 update data at 2020-07-06 05:34:11'),
(988, 1, '2020-07-04 10:18:19', '1 update data at 2020-07-04 10:18:19'),
(989, 1, '2020-07-04 10:25:16', '1 update data at 2020-07-04 10:25:16'),
(990, 1, '2020-07-06 05:21:27', '1 update data at 2020-07-06 05:21:27'),
(991, 1, '2020-07-06 05:21:38', '1 update data at 2020-07-06 05:21:38'),
(992, 1, '2020-07-04 09:16:51', '1 update data at 2020-07-04 09:16:51'),
(993, 1, '2020-07-04 10:25:21', '1 update data at 2020-07-04 10:25:21'),
(994, 1, '2020-07-06 05:34:11', '1 update data at 2020-07-06 05:34:11'),
(995, 1, '2020-07-04 10:18:19', '1 update data at 2020-07-04 10:18:19'),
(996, 1, '2020-07-04 10:25:16', '1 update data at 2020-07-04 10:25:16'),
(997, 1, '2020-07-06 05:21:27', '1 update data at 2020-07-06 05:21:27'),
(998, 1, '2020-07-06 05:21:38', '1 update data at 2020-07-06 05:21:38'),
(999, 1, '2020-07-04 09:16:51', '1 update data at 2020-07-04 09:16:51'),
(1000, 1, '2020-07-04 10:25:21', '1 update data at 2020-07-04 10:25:21'),
(1001, 1, '2020-07-06 05:34:11', '1 update data at 2020-07-06 05:34:11'),
(1002, 1, '2020-07-04 10:18:19', '1 update data at 2020-07-04 10:18:19'),
(1003, 1, '2020-07-04 10:25:16', '1 update data at 2020-07-04 10:25:16'),
(1004, 1, '2020-07-06 05:21:27', '1 update data at 2020-07-06 05:21:27'),
(1005, 1, '2020-07-06 05:21:38', '1 update data at 2020-07-06 05:21:38'),
(1006, 1, '2020-07-04 09:16:51', '1 update data at 2020-07-04 09:16:51'),
(1007, 1, '2020-07-04 10:25:21', '1 update data at 2020-07-04 10:25:21'),
(1008, 1, '2020-07-06 05:34:11', '1 update data at 2020-07-06 05:34:11'),
(1009, 1, '2020-07-04 10:18:19', '1 update data at 2020-07-04 10:18:19'),
(1010, 1, '2020-07-04 10:25:16', '1 update data at 2020-07-04 10:25:16'),
(1011, 1, '2020-07-06 05:21:27', '1 update data at 2020-07-06 05:21:27'),
(1012, 1, '2020-07-06 05:21:38', '1 update data at 2020-07-06 05:21:38'),
(1013, 1, '2020-07-04 09:16:51', '1 update data at 2020-07-04 09:16:51'),
(1014, 1, '2020-07-04 10:25:21', '1 update data at 2020-07-04 10:25:21'),
(1015, 1, '2020-07-06 05:34:11', '1 update data at 2020-07-06 05:34:11'),
(1016, 1, '2020-07-04 10:18:19', '1 update data at 2020-07-04 10:18:19'),
(1017, 1, '2020-07-04 10:25:16', '1 update data at 2020-07-04 10:25:16'),
(1018, 1, '2020-07-06 05:21:27', '1 update data at 2020-07-06 05:21:27'),
(1019, 1, '2020-07-06 05:21:38', '1 update data at 2020-07-06 05:21:38'),
(1020, 1, '2020-07-04 09:16:51', '1 update data at 2020-07-04 09:16:51'),
(1021, 1, '2020-07-04 10:25:21', '1 update data at 2020-07-04 10:25:21'),
(1022, 1, '2020-07-06 05:34:11', '1 update data at 2020-07-06 05:34:11'),
(1023, 1, '2020-07-04 10:18:19', '1 update data at 2020-07-04 10:18:19'),
(1024, 1, '2020-07-04 10:25:16', '1 update data at 2020-07-04 10:25:16'),
(1025, 1, '2020-07-06 05:21:27', '1 update data at 2020-07-06 05:21:27'),
(1026, 1, '2020-07-06 05:21:38', '1 update data at 2020-07-06 05:21:38'),
(1027, 1, '2020-07-04 09:16:51', '1 update data at 2020-07-04 09:16:51'),
(1028, 1, '2020-07-04 10:25:21', '1 update data at 2020-07-04 10:25:21'),
(1029, 1, '2020-07-06 05:34:11', '1 update data at 2020-07-06 05:34:11'),
(1030, 1, '2020-07-04 10:18:19', '1 update data at 2020-07-04 10:18:19'),
(1031, 1, '2020-07-04 10:25:16', '1 update data at 2020-07-04 10:25:16'),
(1032, 1, '2020-07-06 05:21:27', '1 update data at 2020-07-06 05:21:27'),
(1033, 1, '2020-07-06 05:21:38', '1 update data at 2020-07-06 05:21:38'),
(1034, 1, '2020-07-04 09:16:51', '1 update data at 2020-07-04 09:16:51'),
(1035, 1, '2020-07-04 10:25:21', '1 update data at 2020-07-04 10:25:21'),
(1036, 1, '2020-07-06 05:34:11', '1 update data at 2020-07-06 05:34:11'),
(1037, 1, '2020-07-04 10:18:19', '1 update data at 2020-07-04 10:18:19'),
(1038, 1, '2020-07-04 10:25:16', '1 update data at 2020-07-04 10:25:16'),
(1039, 1, '2020-07-06 05:21:27', '1 update data at 2020-07-06 05:21:27'),
(1040, 1, '2020-07-06 05:21:38', '1 update data at 2020-07-06 05:21:38'),
(1041, 1, '2020-07-04 09:16:51', '1 update data at 2020-07-04 09:16:51'),
(1042, 1, '2020-07-04 10:25:21', '1 update data at 2020-07-04 10:25:21'),
(1043, 1, '2020-07-06 05:34:11', '1 update data at 2020-07-06 05:34:11'),
(1044, 1, '2020-07-04 10:18:19', '1 update data at 2020-07-04 10:18:19'),
(1045, 1, '2020-07-04 10:25:16', '1 update data at 2020-07-04 10:25:16'),
(1046, 1, '2020-07-06 05:21:27', '1 update data at 2020-07-06 05:21:27'),
(1047, 1, '2020-07-06 05:21:38', '1 update data at 2020-07-06 05:21:38'),
(1048, 1, '2020-07-04 09:16:51', '1 update data at 2020-07-04 09:16:51'),
(1049, 1, '2020-07-04 10:25:21', '1 update data at 2020-07-04 10:25:21'),
(1050, 1, '2020-07-06 05:34:11', '1 update data at 2020-07-06 05:34:11'),
(1051, 1, '2020-07-04 10:18:19', '1 update data at 2020-07-04 10:18:19'),
(1052, 1, '2020-07-04 10:25:16', '1 update data at 2020-07-04 10:25:16'),
(1053, 1, '2020-07-06 05:21:27', '1 update data at 2020-07-06 05:21:27'),
(1054, 1, '2020-07-06 05:21:38', '1 update data at 2020-07-06 05:21:38'),
(1055, 1, '2020-07-04 09:16:51', '1 update data at 2020-07-04 09:16:51'),
(1056, 1, '2020-07-04 10:25:21', '1 update data at 2020-07-04 10:25:21'),
(1057, 1, '2020-07-06 05:34:11', '1 update data at 2020-07-06 05:34:11'),
(1058, 2, '2020-07-24 05:42:18', '2 update data at2020-07-24 05:42:18'),
(1059, 2, '2020-07-24 05:42:18', '2 update data at2020-07-24 05:42:18'),
(1060, 2, '2020-07-24 05:42:18', '2 update data at2020-07-24 05:42:18'),
(1061, 2, '2020-07-24 05:42:18', '2 insert data at2020-07-24 05:42:18'),
(1062, 2, '2020-07-24 05:42:18', '2 update data at2020-07-24 05:42:18'),
(1063, 1, '2020-07-04 10:18:19', '1 update data at 2020-07-04 10:18:19'),
(1064, 1, '2020-07-04 10:25:16', '1 update data at 2020-07-04 10:25:16'),
(1065, 1, '2020-07-06 05:21:27', '1 update data at 2020-07-06 05:21:27'),
(1066, 1, '2020-07-06 05:21:38', '1 update data at 2020-07-06 05:21:38'),
(1067, 1, '2020-07-04 09:16:51', '1 update data at 2020-07-04 09:16:51'),
(1068, 1, '2020-07-04 10:25:21', '1 update data at 2020-07-04 10:25:21'),
(1069, 1, '2020-07-06 05:34:11', '1 update data at 2020-07-06 05:34:11'),
(1070, 1, '2020-07-04 10:18:19', '1 update data at 2020-07-04 10:18:19'),
(1071, 1, '2020-07-04 10:25:16', '1 update data at 2020-07-04 10:25:16'),
(1072, 1, '2020-07-06 05:21:27', '1 update data at 2020-07-06 05:21:27'),
(1073, 1, '2020-07-06 05:21:38', '1 update data at 2020-07-06 05:21:38'),
(1074, 1, '2020-07-04 09:16:51', '1 update data at 2020-07-04 09:16:51'),
(1075, 1, '2020-07-04 10:25:21', '1 update data at 2020-07-04 10:25:21'),
(1076, 1, '2020-07-06 05:34:11', '1 update data at 2020-07-06 05:34:11'),
(1077, 1, '2020-07-04 10:18:19', '1 update data at 2020-07-04 10:18:19'),
(1078, 1, '2020-07-04 10:25:16', '1 update data at 2020-07-04 10:25:16'),
(1079, 1, '2020-07-06 05:21:27', '1 update data at 2020-07-06 05:21:27'),
(1080, 1, '2020-07-06 05:21:38', '1 update data at 2020-07-06 05:21:38'),
(1081, 1, '2020-07-04 09:16:51', '1 update data at 2020-07-04 09:16:51'),
(1082, 1, '2020-07-04 10:25:21', '1 update data at 2020-07-04 10:25:21'),
(1083, 1, '2020-07-06 05:34:11', '1 update data at 2020-07-06 05:34:11'),
(1084, 1, '2020-07-04 10:18:19', '1 update data at 2020-07-04 10:18:19'),
(1085, 1, '2020-07-04 10:25:16', '1 update data at 2020-07-04 10:25:16'),
(1086, 1, '2020-07-06 05:21:27', '1 update data at 2020-07-06 05:21:27'),
(1087, 1, '2020-07-06 05:21:38', '1 update data at 2020-07-06 05:21:38'),
(1088, 1, '2020-07-04 09:16:51', '1 update data at 2020-07-04 09:16:51'),
(1089, 1, '2020-07-04 10:25:21', '1 update data at 2020-07-04 10:25:21'),
(1090, 1, '2020-07-06 05:34:11', '1 update data at 2020-07-06 05:34:11'),
(1091, 1, '2020-07-04 10:18:19', '1 update data at 2020-07-04 10:18:19'),
(1092, 1, '2020-07-04 10:25:16', '1 update data at 2020-07-04 10:25:16'),
(1093, 1, '2020-07-06 05:21:27', '1 update data at 2020-07-06 05:21:27'),
(1094, 1, '2020-07-06 05:21:38', '1 update data at 2020-07-06 05:21:38'),
(1095, 1, '2020-07-04 09:16:51', '1 update data at 2020-07-04 09:16:51'),
(1096, 1, '2020-07-04 10:25:21', '1 update data at 2020-07-04 10:25:21'),
(1097, 1, '2020-07-06 05:34:11', '1 update data at 2020-07-06 05:34:11'),
(1098, 1, '2020-07-04 10:18:19', '1 update data at 2020-07-04 10:18:19'),
(1099, 1, '2020-07-04 10:25:16', '1 update data at 2020-07-04 10:25:16'),
(1100, 1, '2020-07-06 05:21:27', '1 update data at 2020-07-06 05:21:27'),
(1101, 1, '2020-07-06 05:21:38', '1 update data at 2020-07-06 05:21:38'),
(1102, 1, '2020-07-04 09:16:51', '1 update data at 2020-07-04 09:16:51'),
(1103, 1, '2020-07-04 10:25:21', '1 update data at 2020-07-04 10:25:21'),
(1104, 1, '2020-07-06 05:34:11', '1 update data at 2020-07-06 05:34:11'),
(1105, 2, '2020-07-24 05:58:16', '2 update data at2020-07-24 05:58:16'),
(1106, 2, '2020-07-24 05:58:17', '2 insert data at2020-07-24 05:58:17'),
(1107, 2, '2020-07-24 05:58:17', '2 update data at2020-07-24 05:58:17'),
(1108, 2, '2020-07-24 05:58:17', '2 update data at2020-07-24 05:58:17'),
(1109, 2, '2020-07-24 05:58:17', '2 update data at2020-07-24 05:58:17'),
(1110, 2, '2020-07-24 05:58:17', '2 update data at2020-07-24 05:58:17'),
(1111, 1, '2020-07-04 10:18:19', '1 update data at 2020-07-04 10:18:19'),
(1112, 1, '2020-07-04 10:25:16', '1 update data at 2020-07-04 10:25:16'),
(1113, 1, '2020-07-06 05:21:27', '1 update data at 2020-07-06 05:21:27'),
(1114, 1, '2020-07-06 05:21:38', '1 update data at 2020-07-06 05:21:38'),
(1115, 1, '2020-07-04 09:16:51', '1 update data at 2020-07-04 09:16:51'),
(1116, 1, '2020-07-04 10:25:21', '1 update data at 2020-07-04 10:25:21'),
(1117, 1, '2020-07-06 05:34:11', '1 update data at 2020-07-06 05:34:11'),
(1118, 1, '2020-07-04 10:18:19', '1 update data at 2020-07-04 10:18:19'),
(1119, 1, '2020-07-04 10:25:16', '1 update data at 2020-07-04 10:25:16'),
(1120, 1, '2020-07-06 05:21:27', '1 update data at 2020-07-06 05:21:27'),
(1121, 1, '2020-07-06 05:21:38', '1 update data at 2020-07-06 05:21:38'),
(1122, 1, '2020-07-04 09:16:51', '1 update data at 2020-07-04 09:16:51'),
(1123, 1, '2020-07-04 10:25:21', '1 update data at 2020-07-04 10:25:21'),
(1124, 1, '2020-07-06 05:34:11', '1 update data at 2020-07-06 05:34:11'),
(1125, 1, '2020-07-04 10:18:19', '1 update data at 2020-07-04 10:18:19'),
(1126, 1, '2020-07-04 10:25:16', '1 update data at 2020-07-04 10:25:16'),
(1127, 1, '2020-07-06 05:21:27', '1 update data at 2020-07-06 05:21:27'),
(1128, 1, '2020-07-06 05:21:38', '1 update data at 2020-07-06 05:21:38'),
(1129, 1, '2020-07-04 09:16:51', '1 update data at 2020-07-04 09:16:51'),
(1130, 1, '2020-07-04 10:25:21', '1 update data at 2020-07-04 10:25:21'),
(1131, 1, '2020-07-06 05:34:11', '1 update data at 2020-07-06 05:34:11'),
(1132, 2, '2020-07-24 05:59:36', '2 update data at2020-07-24 05:59:36'),
(1133, 2, '2020-07-24 05:59:36', '2 update data at2020-07-24 05:59:36'),
(1134, 2, '2020-07-24 05:59:36', '2 update data at2020-07-24 05:59:36'),
(1135, 2, '2020-07-24 05:59:36', '2 update data at2020-07-24 05:59:36'),
(1136, 2, '2020-07-24 05:59:36', '2 update data at2020-07-24 05:59:36'),
(1137, 2, '2020-07-24 05:59:36', '2 update data at2020-07-24 05:59:36'),
(1138, 1, '2020-07-04 10:18:19', '1 update data at 2020-07-04 10:18:19'),
(1139, 1, '2020-07-04 10:25:16', '1 update data at 2020-07-04 10:25:16'),
(1140, 1, '2020-07-06 05:21:27', '1 update data at 2020-07-06 05:21:27'),
(1141, 1, '2020-07-06 05:21:38', '1 update data at 2020-07-06 05:21:38'),
(1142, 1, '2020-07-04 09:16:51', '1 update data at 2020-07-04 09:16:51'),
(1143, 1, '2020-07-04 10:25:21', '1 update data at 2020-07-04 10:25:21'),
(1144, 1, '2020-07-06 05:34:11', '1 update data at 2020-07-06 05:34:11'),
(1145, 2, '2020-07-24 06:00:25', '2 update data at2020-07-24 06:00:25'),
(1146, 2, '2020-07-24 06:00:25', '2 update data at2020-07-24 06:00:25'),
(1147, 2, '2020-07-24 06:00:25', '2 update data at2020-07-24 06:00:25'),
(1148, 2, '2020-07-24 06:00:25', '2 update data at2020-07-24 06:00:25'),
(1149, 2, '2020-07-24 06:00:25', '2 update data at2020-07-24 06:00:25'),
(1150, 2, '2020-07-24 06:00:25', '2 update data at2020-07-24 06:00:25'),
(1151, 1, '2020-07-04 10:18:19', '1 update data at 2020-07-04 10:18:19'),
(1152, 1, '2020-07-04 10:25:16', '1 update data at 2020-07-04 10:25:16'),
(1153, 1, '2020-07-06 05:21:27', '1 update data at 2020-07-06 05:21:27'),
(1154, 1, '2020-07-06 05:21:38', '1 update data at 2020-07-06 05:21:38'),
(1155, 1, '2020-07-04 09:16:51', '1 update data at 2020-07-04 09:16:51'),
(1156, 1, '2020-07-04 10:25:21', '1 update data at 2020-07-04 10:25:21'),
(1157, 1, '2020-07-06 05:34:11', '1 update data at 2020-07-06 05:34:11'),
(1158, 2, '2020-07-24 06:00:30', '2 update data at2020-07-24 06:00:30'),
(1159, 2, '2020-07-24 06:00:30', '2 update data at2020-07-24 06:00:30'),
(1160, 2, '2020-07-24 06:00:30', '2 update data at2020-07-24 06:00:30'),
(1161, 2, '2020-07-24 06:00:30', '2 update data at2020-07-24 06:00:30'),
(1162, 2, '2020-07-24 06:00:30', '2 update data at2020-07-24 06:00:30'),
(1163, 2, '2020-07-24 06:00:30', '2 update data at2020-07-24 06:00:30'),
(1164, 1, '2020-07-04 10:18:19', '1 update data at 2020-07-04 10:18:19'),
(1165, 1, '2020-07-04 10:25:16', '1 update data at 2020-07-04 10:25:16'),
(1166, 1, '2020-07-06 05:21:27', '1 update data at 2020-07-06 05:21:27'),
(1167, 1, '2020-07-06 05:21:38', '1 update data at 2020-07-06 05:21:38'),
(1168, 1, '2020-07-04 09:16:51', '1 update data at 2020-07-04 09:16:51'),
(1169, 1, '2020-07-04 10:25:21', '1 update data at 2020-07-04 10:25:21'),
(1170, 1, '2020-07-06 05:34:11', '1 update data at 2020-07-06 05:34:11'),
(1171, 2, '2020-07-24 06:00:49', '2 update data at2020-07-24 06:00:49'),
(1172, 2, '2020-07-24 06:00:49', '2 update data at2020-07-24 06:00:49'),
(1173, 2, '2020-07-24 06:00:49', '2 update data at2020-07-24 06:00:49'),
(1174, 2, '2020-07-24 06:00:49', '2 update data at2020-07-24 06:00:49'),
(1175, 2, '2020-07-24 06:00:49', '2 update data at2020-07-24 06:00:49'),
(1176, 2, '2020-07-24 06:00:49', '2 update data at2020-07-24 06:00:49'),
(1177, 1, '2020-07-04 10:18:19', '1 update data at 2020-07-04 10:18:19'),
(1178, 1, '2020-07-04 10:25:16', '1 update data at 2020-07-04 10:25:16'),
(1179, 1, '2020-07-06 05:21:27', '1 update data at 2020-07-06 05:21:27'),
(1180, 1, '2020-07-06 05:21:38', '1 update data at 2020-07-06 05:21:38'),
(1181, 1, '2020-07-04 09:16:51', '1 update data at 2020-07-04 09:16:51'),
(1182, 1, '2020-07-04 10:25:21', '1 update data at 2020-07-04 10:25:21'),
(1183, 1, '2020-07-06 05:34:11', '1 update data at 2020-07-06 05:34:11'),
(1184, 1, '2020-07-04 10:18:19', '1 update data at 2020-07-04 10:18:19'),
(1185, 1, '2020-07-04 10:25:16', '1 update data at 2020-07-04 10:25:16'),
(1186, 1, '2020-07-06 05:21:27', '1 update data at 2020-07-06 05:21:27'),
(1187, 1, '2020-07-06 05:21:38', '1 update data at 2020-07-06 05:21:38'),
(1188, 1, '2020-07-04 09:16:51', '1 update data at 2020-07-04 09:16:51'),
(1189, 1, '2020-07-04 10:25:21', '1 update data at 2020-07-04 10:25:21'),
(1190, 1, '2020-07-06 05:34:11', '1 update data at 2020-07-06 05:34:11'),
(1191, 1, '2020-07-04 10:18:19', '1 update data at 2020-07-04 10:18:19'),
(1192, 1, '2020-07-04 10:25:16', '1 update data at 2020-07-04 10:25:16'),
(1193, 1, '2020-07-06 05:21:27', '1 update data at 2020-07-06 05:21:27'),
(1194, 1, '2020-07-06 05:21:38', '1 update data at 2020-07-06 05:21:38'),
(1195, 1, '2020-07-04 09:16:51', '1 update data at 2020-07-04 09:16:51'),
(1196, 1, '2020-07-04 10:25:21', '1 update data at 2020-07-04 10:25:21'),
(1197, 1, '2020-07-06 05:34:11', '1 update data at 2020-07-06 05:34:11'),
(1198, 1, '2020-07-04 10:18:19', '1 update data at 2020-07-04 10:18:19'),
(1199, 1, '2020-07-04 10:25:16', '1 update data at 2020-07-04 10:25:16'),
(1200, 1, '2020-07-06 05:21:27', '1 update data at 2020-07-06 05:21:27'),
(1201, 1, '2020-07-06 05:21:38', '1 update data at 2020-07-06 05:21:38'),
(1202, 1, '2020-07-04 09:16:51', '1 update data at 2020-07-04 09:16:51'),
(1203, 1, '2020-07-04 10:25:21', '1 update data at 2020-07-04 10:25:21'),
(1204, 1, '2020-07-06 05:34:11', '1 update data at 2020-07-06 05:34:11'),
(1205, 1, '2020-07-04 10:18:19', '1 update data at 2020-07-04 10:18:19'),
(1206, 1, '2020-07-04 10:25:16', '1 update data at 2020-07-04 10:25:16'),
(1207, 1, '2020-07-06 05:21:27', '1 update data at 2020-07-06 05:21:27'),
(1208, 1, '2020-07-06 05:21:38', '1 update data at 2020-07-06 05:21:38'),
(1209, 1, '2020-07-04 09:16:51', '1 update data at 2020-07-04 09:16:51'),
(1210, 1, '2020-07-04 10:25:21', '1 update data at 2020-07-04 10:25:21'),
(1211, 1, '2020-07-06 05:34:11', '1 update data at 2020-07-06 05:34:11'),
(1212, 1, '2020-07-04 10:18:19', '1 update data at 2020-07-04 10:18:19'),
(1213, 1, '2020-07-04 10:25:16', '1 update data at 2020-07-04 10:25:16'),
(1214, 1, '2020-07-06 05:21:27', '1 update data at 2020-07-06 05:21:27'),
(1215, 1, '2020-07-06 05:21:38', '1 update data at 2020-07-06 05:21:38'),
(1216, 1, '2020-07-04 09:16:51', '1 update data at 2020-07-04 09:16:51'),
(1217, 1, '2020-07-04 10:25:21', '1 update data at 2020-07-04 10:25:21'),
(1218, 1, '2020-07-06 05:34:11', '1 update data at 2020-07-06 05:34:11'),
(1219, 1, '2020-07-04 10:18:19', '1 update data at 2020-07-04 10:18:19'),
(1220, 1, '2020-07-04 10:25:16', '1 update data at 2020-07-04 10:25:16'),
(1221, 1, '2020-07-06 05:21:27', '1 update data at 2020-07-06 05:21:27'),
(1222, 1, '2020-07-06 05:21:38', '1 update data at 2020-07-06 05:21:38'),
(1223, 1, '2020-07-04 09:16:51', '1 update data at 2020-07-04 09:16:51'),
(1224, 1, '2020-07-04 10:25:21', '1 update data at 2020-07-04 10:25:21'),
(1225, 1, '2020-07-06 05:34:11', '1 update data at 2020-07-06 05:34:11'),
(1226, 1, '2020-07-04 10:18:19', '1 update data at 2020-07-04 10:18:19'),
(1227, 1, '2020-07-04 10:25:16', '1 update data at 2020-07-04 10:25:16'),
(1228, 1, '2020-07-06 05:21:27', '1 update data at 2020-07-06 05:21:27'),
(1229, 1, '2020-07-06 05:21:38', '1 update data at 2020-07-06 05:21:38'),
(1230, 1, '2020-07-04 09:16:51', '1 update data at 2020-07-04 09:16:51'),
(1231, 1, '2020-07-04 10:25:21', '1 update data at 2020-07-04 10:25:21'),
(1232, 1, '2020-07-06 05:34:11', '1 update data at 2020-07-06 05:34:11'),
(1233, 1, '2020-07-04 10:18:19', '1 update data at 2020-07-04 10:18:19'),
(1234, 1, '2020-07-04 10:25:16', '1 update data at 2020-07-04 10:25:16'),
(1235, 1, '2020-07-06 05:21:27', '1 update data at 2020-07-06 05:21:27'),
(1236, 1, '2020-07-06 05:21:38', '1 update data at 2020-07-06 05:21:38'),
(1237, 1, '2020-07-04 09:16:51', '1 update data at 2020-07-04 09:16:51'),
(1238, 1, '2020-07-04 10:25:21', '1 update data at 2020-07-04 10:25:21'),
(1239, 1, '2020-07-06 05:34:11', '1 update data at 2020-07-06 05:34:11'),
(1240, 1, '2020-07-04 10:18:19', '1 update data at 2020-07-04 10:18:19'),
(1241, 1, '2020-07-04 10:25:16', '1 update data at 2020-07-04 10:25:16'),
(1242, 1, '2020-07-06 05:21:27', '1 update data at 2020-07-06 05:21:27'),
(1243, 1, '2020-07-06 05:21:38', '1 update data at 2020-07-06 05:21:38'),
(1244, 1, '2020-07-04 09:16:51', '1 update data at 2020-07-04 09:16:51'),
(1245, 1, '2020-07-04 10:25:21', '1 update data at 2020-07-04 10:25:21'),
(1246, 1, '2020-07-06 05:34:11', '1 update data at 2020-07-06 05:34:11'),
(1247, 1, '2020-07-04 10:18:19', '1 update data at 2020-07-04 10:18:19'),
(1248, 1, '2020-07-04 10:25:16', '1 update data at 2020-07-04 10:25:16'),
(1249, 1, '2020-07-06 05:21:27', '1 update data at 2020-07-06 05:21:27'),
(1250, 1, '2020-07-06 05:21:38', '1 update data at 2020-07-06 05:21:38'),
(1251, 1, '2020-07-04 09:16:51', '1 update data at 2020-07-04 09:16:51'),
(1252, 1, '2020-07-04 10:25:21', '1 update data at 2020-07-04 10:25:21'),
(1253, 1, '2020-07-06 05:34:11', '1 update data at 2020-07-06 05:34:11'),
(1254, 1, '2020-07-04 10:18:19', '1 update data at 2020-07-04 10:18:19'),
(1255, 1, '2020-07-04 10:25:16', '1 update data at 2020-07-04 10:25:16'),
(1256, 1, '2020-07-06 05:21:27', '1 update data at 2020-07-06 05:21:27'),
(1257, 1, '2020-07-06 05:21:38', '1 update data at 2020-07-06 05:21:38'),
(1258, 1, '2020-07-04 09:16:51', '1 update data at 2020-07-04 09:16:51'),
(1259, 1, '2020-07-04 10:25:21', '1 update data at 2020-07-04 10:25:21'),
(1260, 1, '2020-07-06 05:34:11', '1 update data at 2020-07-06 05:34:11'),
(1261, 1, '2020-07-04 10:18:19', '1 update data at 2020-07-04 10:18:19'),
(1262, 1, '2020-07-04 10:25:16', '1 update data at 2020-07-04 10:25:16'),
(1263, 1, '2020-07-06 05:21:27', '1 update data at 2020-07-06 05:21:27'),
(1264, 1, '2020-07-06 05:21:38', '1 update data at 2020-07-06 05:21:38'),
(1265, 1, '2020-07-04 09:16:51', '1 update data at 2020-07-04 09:16:51'),
(1266, 1, '2020-07-04 10:25:21', '1 update data at 2020-07-04 10:25:21'),
(1267, 1, '2020-07-06 05:34:11', '1 update data at 2020-07-06 05:34:11'),
(1268, 1, '2020-07-04 10:18:19', '1 update data at 2020-07-04 10:18:19'),
(1269, 1, '2020-07-04 10:25:16', '1 update data at 2020-07-04 10:25:16'),
(1270, 1, '2020-07-06 05:21:27', '1 update data at 2020-07-06 05:21:27'),
(1271, 1, '2020-07-06 05:21:38', '1 update data at 2020-07-06 05:21:38'),
(1272, 1, '2020-07-04 09:16:51', '1 update data at 2020-07-04 09:16:51'),
(1273, 1, '2020-07-04 10:25:21', '1 update data at 2020-07-04 10:25:21'),
(1274, 1, '2020-07-06 05:34:11', '1 update data at 2020-07-06 05:34:11'),
(1275, 1, '2020-07-04 10:18:19', '1 update data at 2020-07-04 10:18:19'),
(1276, 1, '2020-07-04 10:25:16', '1 update data at 2020-07-04 10:25:16'),
(1277, 1, '2020-07-06 05:21:27', '1 update data at 2020-07-06 05:21:27'),
(1278, 1, '2020-07-06 05:21:38', '1 update data at 2020-07-06 05:21:38'),
(1279, 1, '2020-07-04 09:16:51', '1 update data at 2020-07-04 09:16:51'),
(1280, 1, '2020-07-04 10:25:21', '1 update data at 2020-07-04 10:25:21'),
(1281, 1, '2020-07-06 05:34:11', '1 update data at 2020-07-06 05:34:11'),
(1282, 1, '2020-07-04 10:18:19', '1 update data at 2020-07-04 10:18:19'),
(1283, 1, '2020-07-04 10:25:16', '1 update data at 2020-07-04 10:25:16'),
(1284, 1, '2020-07-06 05:21:27', '1 update data at 2020-07-06 05:21:27'),
(1285, 1, '2020-07-06 05:21:38', '1 update data at 2020-07-06 05:21:38'),
(1286, 1, '2020-07-04 09:16:51', '1 update data at 2020-07-04 09:16:51'),
(1287, 1, '2020-07-04 10:25:21', '1 update data at 2020-07-04 10:25:21'),
(1288, 1, '2020-07-06 05:34:11', '1 update data at 2020-07-06 05:34:11'),
(1289, 1, '2020-07-04 10:18:19', '1 update data at 2020-07-04 10:18:19'),
(1290, 1, '2020-07-04 10:25:16', '1 update data at 2020-07-04 10:25:16'),
(1291, 1, '2020-07-06 05:21:27', '1 update data at 2020-07-06 05:21:27'),
(1292, 1, '2020-07-06 05:21:38', '1 update data at 2020-07-06 05:21:38'),
(1293, 1, '2020-07-04 09:16:51', '1 update data at 2020-07-04 09:16:51'),
(1294, 1, '2020-07-04 10:25:21', '1 update data at 2020-07-04 10:25:21'),
(1295, 1, '2020-07-06 05:34:11', '1 update data at 2020-07-06 05:34:11'),
(1296, 1, '2020-07-04 10:18:19', '1 update data at 2020-07-04 10:18:19'),
(1297, 1, '2020-07-04 10:25:16', '1 update data at 2020-07-04 10:25:16'),
(1298, 1, '2020-07-06 05:21:27', '1 update data at 2020-07-06 05:21:27'),
(1299, 1, '2020-07-06 05:21:38', '1 update data at 2020-07-06 05:21:38'),
(1300, 1, '2020-07-04 09:16:51', '1 update data at 2020-07-04 09:16:51'),
(1301, 1, '2020-07-04 10:25:21', '1 update data at 2020-07-04 10:25:21'),
(1302, 1, '2020-07-06 05:34:11', '1 update data at 2020-07-06 05:34:11'),
(1303, 1, '2020-07-04 10:18:19', '1 update data at 2020-07-04 10:18:19'),
(1304, 1, '2020-07-04 10:25:16', '1 update data at 2020-07-04 10:25:16'),
(1305, 1, '2020-07-06 05:21:27', '1 update data at 2020-07-06 05:21:27'),
(1306, 1, '2020-07-06 05:21:38', '1 update data at 2020-07-06 05:21:38'),
(1307, 1, '2020-07-04 09:16:51', '1 update data at 2020-07-04 09:16:51'),
(1308, 1, '2020-07-04 10:25:21', '1 update data at 2020-07-04 10:25:21'),
(1309, 1, '2020-07-06 05:34:11', '1 update data at 2020-07-06 05:34:11'),
(1310, 1, '2020-07-04 10:18:19', '1 update data at 2020-07-04 10:18:19'),
(1311, 1, '2020-07-04 10:25:16', '1 update data at 2020-07-04 10:25:16'),
(1312, 1, '2020-07-06 05:21:27', '1 update data at 2020-07-06 05:21:27'),
(1313, 1, '2020-07-06 05:21:38', '1 update data at 2020-07-06 05:21:38'),
(1314, 1, '2020-07-04 09:16:51', '1 update data at 2020-07-04 09:16:51'),
(1315, 1, '2020-07-04 10:25:21', '1 update data at 2020-07-04 10:25:21'),
(1316, 1, '2020-07-06 05:34:11', '1 update data at 2020-07-06 05:34:11'),
(1317, 1, '2020-07-04 10:18:19', '1 update data at 2020-07-04 10:18:19'),
(1318, 1, '2020-07-04 10:25:16', '1 update data at 2020-07-04 10:25:16'),
(1319, 1, '2020-07-06 05:21:27', '1 update data at 2020-07-06 05:21:27'),
(1320, 1, '2020-07-06 05:21:38', '1 update data at 2020-07-06 05:21:38'),
(1321, 1, '2020-07-04 09:16:51', '1 update data at 2020-07-04 09:16:51'),
(1322, 1, '2020-07-04 10:25:21', '1 update data at 2020-07-04 10:25:21'),
(1323, 1, '2020-07-06 05:34:11', '1 update data at 2020-07-06 05:34:11'),
(1324, 1, '2020-07-04 10:18:19', '1 update data at 2020-07-04 10:18:19'),
(1325, 1, '2020-07-04 10:25:16', '1 update data at 2020-07-04 10:25:16'),
(1326, 1, '2020-07-06 05:21:27', '1 update data at 2020-07-06 05:21:27'),
(1327, 1, '2020-07-06 05:21:38', '1 update data at 2020-07-06 05:21:38'),
(1328, 1, '2020-07-04 09:16:51', '1 update data at 2020-07-04 09:16:51'),
(1329, 1, '2020-07-04 10:25:21', '1 update data at 2020-07-04 10:25:21'),
(1330, 1, '2020-07-06 05:34:11', '1 update data at 2020-07-06 05:34:11'),
(1331, 1, '2020-07-04 10:18:19', '1 update data at 2020-07-04 10:18:19'),
(1332, 1, '2020-07-04 10:25:16', '1 update data at 2020-07-04 10:25:16'),
(1333, 1, '2020-07-06 05:21:27', '1 update data at 2020-07-06 05:21:27'),
(1334, 1, '2020-07-06 05:21:38', '1 update data at 2020-07-06 05:21:38'),
(1335, 1, '2020-07-04 09:16:51', '1 update data at 2020-07-04 09:16:51'),
(1336, 1, '2020-07-04 10:25:21', '1 update data at 2020-07-04 10:25:21'),
(1337, 1, '2020-07-06 05:34:11', '1 update data at 2020-07-06 05:34:11'),
(1338, 1, '2020-07-04 10:18:19', '1 update data at 2020-07-04 10:18:19'),
(1339, 1, '2020-07-04 10:25:16', '1 update data at 2020-07-04 10:25:16'),
(1340, 1, '2020-07-06 05:21:27', '1 update data at 2020-07-06 05:21:27'),
(1341, 1, '2020-07-06 05:21:38', '1 update data at 2020-07-06 05:21:38'),
(1342, 1, '2020-07-04 09:16:51', '1 update data at 2020-07-04 09:16:51'),
(1343, 1, '2020-07-04 10:25:21', '1 update data at 2020-07-04 10:25:21'),
(1344, 1, '2020-07-06 05:34:11', '1 update data at 2020-07-06 05:34:11'),
(1345, 1, '2020-07-04 10:18:19', '1 update data at 2020-07-04 10:18:19'),
(1346, 1, '2020-07-04 10:25:16', '1 update data at 2020-07-04 10:25:16'),
(1347, 1, '2020-07-06 05:21:27', '1 update data at 2020-07-06 05:21:27'),
(1348, 1, '2020-07-06 05:21:38', '1 update data at 2020-07-06 05:21:38'),
(1349, 1, '2020-07-04 09:16:51', '1 update data at 2020-07-04 09:16:51'),
(1350, 1, '2020-07-04 10:25:21', '1 update data at 2020-07-04 10:25:21'),
(1351, 1, '2020-07-06 05:34:11', '1 update data at 2020-07-06 05:34:11'),
(1352, 1, '2020-07-04 10:18:19', '1 update data at 2020-07-04 10:18:19'),
(1353, 1, '2020-07-04 10:25:16', '1 update data at 2020-07-04 10:25:16'),
(1354, 1, '2020-07-06 05:21:27', '1 update data at 2020-07-06 05:21:27'),
(1355, 1, '2020-07-06 05:21:38', '1 update data at 2020-07-06 05:21:38'),
(1356, 1, '2020-07-04 09:16:51', '1 update data at 2020-07-04 09:16:51'),
(1357, 1, '2020-07-04 10:25:21', '1 update data at 2020-07-04 10:25:21'),
(1358, 1, '2020-07-06 05:34:11', '1 update data at 2020-07-06 05:34:11'),
(1359, 1, '2020-07-04 10:18:19', '1 update data at 2020-07-04 10:18:19'),
(1360, 1, '2020-07-04 10:25:16', '1 update data at 2020-07-04 10:25:16'),
(1361, 1, '2020-07-06 05:21:27', '1 update data at 2020-07-06 05:21:27'),
(1362, 1, '2020-07-06 05:21:38', '1 update data at 2020-07-06 05:21:38'),
(1363, 1, '2020-07-04 09:16:51', '1 update data at 2020-07-04 09:16:51'),
(1364, 1, '2020-07-04 10:25:21', '1 update data at 2020-07-04 10:25:21'),
(1365, 1, '2020-07-06 05:34:11', '1 update data at 2020-07-06 05:34:11'),
(1366, 2, '2020-07-24 07:38:20', '2 insert data at2020-07-24 07:38:20'),
(1367, 2, '2020-07-24 07:38:20', '2 insert data at2020-07-24 07:38:20'),
(1368, 1, '2020-07-06 05:21:38', '1 update data at 2020-07-06 05:21:38'),
(1369, 1, '2020-06-22 05:28:46', '1 update data at 2020-06-22 05:28:46'),
(1370, 1, '2020-07-06 11:39:15', '1 update data at 2020-07-06 11:39:15'),
(1371, 1, '2020-07-06 11:49:33', '1 update data at 2020-07-06 11:49:33'),
(1372, 1, '2020-07-06 11:52:03', '1 update data at 2020-07-06 11:52:03'),
(1373, 1, '2020-07-06 11:52:29', '1 update data at 2020-07-06 11:52:29'),
(1374, 1, '2020-07-06 02:01:07', '1 update data at 2020-07-06 02:01:07'),
(1375, 1, '2020-07-06 05:01:49', '1 update data at 2020-07-06 05:01:49'),
(1376, 1, '2020-07-06 05:21:00', '1 update data at 2020-07-06 05:21:00'),
(1377, 1, '2020-07-07 10:34:54', '1 update data at 2020-07-07 10:34:54'),
(1378, 1, '2020-07-07 10:34:54', '1 update data at 2020-07-07 10:34:54'),
(1379, 1, '2020-07-07 10:34:54', '1 update data at 2020-07-07 10:34:54'),
(1380, 1, '2020-07-07 10:34:54', '1 update data at 2020-07-07 10:34:54'),
(1381, 2, '2020-07-24 07:38:48', '2 update data at2020-07-24 07:38:48'),
(1382, 2, '2020-07-24 07:38:54', '2 update data at2020-07-24 07:38:54'),
(1383, 2, '2020-07-24 07:40:02', '2 update data at2020-07-24 07:40:02'),
(1384, 2, '2020-07-24 07:40:02', '2 update data at2020-07-24 07:40:02'),
(1385, 1, '2020-07-06 05:21:38', '1 update data at 2020-07-06 05:21:38'),
(1386, 1, '2020-06-22 05:28:46', '1 update data at 2020-06-22 05:28:46'),
(1387, 1, '2020-07-06 11:39:15', '1 update data at 2020-07-06 11:39:15'),
(1388, 1, '2020-07-06 11:49:33', '1 update data at 2020-07-06 11:49:33'),
(1389, 1, '2020-07-06 11:52:03', '1 update data at 2020-07-06 11:52:03');
INSERT INTO `log_all` (`id_log_all`, `id_user`, `log_date`, `log`) VALUES
(1390, 1, '2020-07-06 11:52:29', '1 update data at 2020-07-06 11:52:29'),
(1391, 1, '2020-07-06 02:01:07', '1 update data at 2020-07-06 02:01:07'),
(1392, 1, '2020-07-06 05:01:49', '1 update data at 2020-07-06 05:01:49'),
(1393, 1, '2020-07-06 05:21:00', '1 update data at 2020-07-06 05:21:00'),
(1394, 1, '2020-07-07 10:34:54', '1 update data at 2020-07-07 10:34:54'),
(1395, 1, '2020-07-07 10:34:54', '1 update data at 2020-07-07 10:34:54'),
(1396, 1, '2020-07-07 10:34:54', '1 update data at 2020-07-07 10:34:54'),
(1397, 1, '2020-07-07 10:34:54', '1 update data at 2020-07-07 10:34:54'),
(1398, 2, '2020-07-24 07:40:08', '2 update data at2020-07-24 07:40:08'),
(1399, 2, '2020-07-24 07:40:09', '2 update data at2020-07-24 07:40:09'),
(1400, 1, '2020-07-06 05:21:38', '1 update data at 2020-07-06 05:21:38'),
(1401, 1, '2020-06-22 05:28:46', '1 update data at 2020-06-22 05:28:46'),
(1402, 1, '2020-07-06 11:39:15', '1 update data at 2020-07-06 11:39:15'),
(1403, 1, '2020-07-06 11:49:33', '1 update data at 2020-07-06 11:49:33'),
(1404, 1, '2020-07-06 11:52:03', '1 update data at 2020-07-06 11:52:03'),
(1405, 1, '2020-07-06 11:52:29', '1 update data at 2020-07-06 11:52:29'),
(1406, 1, '2020-07-06 02:01:07', '1 update data at 2020-07-06 02:01:07'),
(1407, 1, '2020-07-06 05:01:49', '1 update data at 2020-07-06 05:01:49'),
(1408, 1, '2020-07-06 05:21:00', '1 update data at 2020-07-06 05:21:00'),
(1409, 1, '2020-07-07 10:34:54', '1 update data at 2020-07-07 10:34:54'),
(1410, 1, '2020-07-07 10:34:54', '1 update data at 2020-07-07 10:34:54'),
(1411, 1, '2020-07-07 10:34:54', '1 update data at 2020-07-07 10:34:54'),
(1412, 1, '2020-07-07 10:34:54', '1 update data at 2020-07-07 10:34:54'),
(1413, 2, '2020-07-24 07:40:36', '2 insert data at2020-07-24 07:40:36'),
(1414, 2, '2020-07-24 07:40:36', '2 insert data at2020-07-24 07:40:36'),
(1415, 1, '2020-06-22 05:28:46', '1 update data at 2020-06-22 05:28:46'),
(1416, 2, '2020-07-24 07:40:36', '2 insert data at2020-07-24 07:40:36'),
(1417, 1, '2020-07-06 11:39:15', '1 update data at 2020-07-06 11:39:15'),
(1418, 1, '2020-07-06 11:49:33', '1 update data at 2020-07-06 11:49:33'),
(1419, 1, '2020-07-06 11:52:03', '1 update data at 2020-07-06 11:52:03'),
(1420, 1, '2020-07-06 11:52:29', '1 update data at 2020-07-06 11:52:29'),
(1421, 1, '2020-07-06 02:01:07', '1 update data at 2020-07-06 02:01:07'),
(1422, 1, '2020-07-06 05:01:49', '1 update data at 2020-07-06 05:01:49'),
(1423, 1, '2020-07-06 05:21:00', '1 update data at 2020-07-06 05:21:00'),
(1424, 2, '2020-07-24 07:40:36', '2 insert data at2020-07-24 07:40:36'),
(1425, 1, '2020-07-07 10:34:54', '1 update data at 2020-07-07 10:34:54'),
(1426, 1, '2020-07-07 10:34:54', '1 update data at 2020-07-07 10:34:54'),
(1427, 1, '2020-07-04 10:18:19', '1 update data at 2020-07-04 10:18:19'),
(1428, 1, '2020-07-04 10:25:16', '1 update data at 2020-07-04 10:25:16'),
(1429, 1, '2020-07-06 05:21:27', '1 update data at 2020-07-06 05:21:27'),
(1430, 1, '2020-07-06 05:21:38', '1 update data at 2020-07-06 05:21:38'),
(1431, 1, '2020-07-04 09:16:51', '1 update data at 2020-07-04 09:16:51'),
(1432, 1, '2020-07-04 10:25:21', '1 update data at 2020-07-04 10:25:21'),
(1433, 1, '2020-07-06 05:34:11', '1 update data at 2020-07-06 05:34:11'),
(1434, 1, '2020-07-04 10:18:19', '1 update data at 2020-07-04 10:18:19'),
(1435, 1, '2020-07-04 10:25:16', '1 update data at 2020-07-04 10:25:16'),
(1436, 1, '2020-07-06 05:21:27', '1 update data at 2020-07-06 05:21:27'),
(1437, 1, '2020-07-06 05:21:38', '1 update data at 2020-07-06 05:21:38'),
(1438, 1, '2020-07-04 09:16:51', '1 update data at 2020-07-04 09:16:51'),
(1439, 1, '2020-07-04 10:25:21', '1 update data at 2020-07-04 10:25:21'),
(1440, 1, '2020-07-06 05:34:11', '1 update data at 2020-07-06 05:34:11'),
(1441, 1, '2020-07-04 10:18:19', '1 update data at 2020-07-04 10:18:19'),
(1442, 1, '2020-07-04 10:25:16', '1 update data at 2020-07-04 10:25:16'),
(1443, 1, '2020-07-06 05:21:27', '1 update data at 2020-07-06 05:21:27'),
(1444, 1, '2020-07-06 05:21:38', '1 update data at 2020-07-06 05:21:38'),
(1445, 1, '2020-07-04 09:16:51', '1 update data at 2020-07-04 09:16:51'),
(1446, 1, '2020-07-04 10:25:21', '1 update data at 2020-07-04 10:25:21'),
(1447, 1, '2020-07-06 05:34:11', '1 update data at 2020-07-06 05:34:11'),
(1449, 1, '2020-07-04 10:18:19', '1 update data at 2020-07-04 10:18:19'),
(1450, 1, '2020-07-04 10:25:16', '1 update data at 2020-07-04 10:25:16'),
(1451, 1, '2020-07-06 05:21:27', '1 update data at 2020-07-06 05:21:27'),
(1452, 1, '2020-07-06 05:21:38', '1 update data at 2020-07-06 05:21:38'),
(1453, 1, '2020-07-04 09:16:51', '1 update data at 2020-07-04 09:16:51'),
(1454, 1, '2020-07-04 10:25:21', '1 update data at 2020-07-04 10:25:21'),
(1455, 1, '2020-07-06 05:34:11', '1 update data at 2020-07-06 05:34:11'),
(1456, 1, '2020-07-04 10:18:19', '1 update data at 2020-07-04 10:18:19'),
(1457, 1, '2020-07-04 10:25:16', '1 update data at 2020-07-04 10:25:16'),
(1458, 1, '2020-07-06 05:21:27', '1 update data at 2020-07-06 05:21:27'),
(1459, 1, '2020-07-06 05:21:38', '1 update data at 2020-07-06 05:21:38'),
(1460, 1, '2020-07-04 09:16:51', '1 update data at 2020-07-04 09:16:51'),
(1461, 1, '2020-07-04 10:25:21', '1 update data at 2020-07-04 10:25:21'),
(1462, 1, '2020-07-06 05:34:11', '1 update data at 2020-07-06 05:34:11'),
(1463, 1, '2020-07-04 10:18:19', '1 update data at 2020-07-04 10:18:19'),
(1464, 1, '2020-07-04 10:25:16', '1 update data at 2020-07-04 10:25:16'),
(1465, 1, '2020-07-06 05:21:27', '1 update data at 2020-07-06 05:21:27'),
(1466, 1, '2020-07-06 05:21:38', '1 update data at 2020-07-06 05:21:38'),
(1467, 1, '2020-07-04 09:16:51', '1 update data at 2020-07-04 09:16:51'),
(1468, 1, '2020-07-04 10:25:21', '1 update data at 2020-07-04 10:25:21'),
(1469, 1, '2020-07-06 05:34:11', '1 update data at 2020-07-06 05:34:11'),
(1470, 1, '2020-07-04 10:18:19', '1 update data at 2020-07-04 10:18:19'),
(1471, 1, '2020-07-04 10:25:16', '1 update data at 2020-07-04 10:25:16'),
(1472, 1, '2020-07-06 05:21:27', '1 update data at 2020-07-06 05:21:27'),
(1473, 1, '2020-07-06 05:21:38', '1 update data at 2020-07-06 05:21:38'),
(1474, 1, '2020-07-04 09:16:51', '1 update data at 2020-07-04 09:16:51'),
(1475, 1, '2020-07-04 10:25:21', '1 update data at 2020-07-04 10:25:21'),
(1476, 1, '2020-07-06 05:34:11', '1 update data at 2020-07-06 05:34:11'),
(1477, 1, '2020-07-04 10:18:19', '1 update data at 2020-07-04 10:18:19'),
(1478, 1, '2020-07-04 10:25:16', '1 update data at 2020-07-04 10:25:16'),
(1479, 1, '2020-07-06 05:21:27', '1 update data at 2020-07-06 05:21:27'),
(1480, 1, '2020-07-06 05:21:38', '1 update data at 2020-07-06 05:21:38'),
(1481, 1, '2020-07-04 09:16:51', '1 update data at 2020-07-04 09:16:51'),
(1482, 1, '2020-07-04 10:25:21', '1 update data at 2020-07-04 10:25:21'),
(1483, 1, '2020-07-06 05:34:11', '1 update data at 2020-07-06 05:34:11'),
(1484, 1, '2020-07-04 10:18:19', '1 update data at 2020-07-04 10:18:19'),
(1485, 1, '2020-07-04 10:25:16', '1 update data at 2020-07-04 10:25:16'),
(1486, 1, '2020-07-06 05:21:27', '1 update data at 2020-07-06 05:21:27'),
(1487, 1, '2020-07-06 05:21:38', '1 update data at 2020-07-06 05:21:38'),
(1488, 1, '2020-07-04 09:16:51', '1 update data at 2020-07-04 09:16:51'),
(1489, 1, '2020-07-04 10:25:21', '1 update data at 2020-07-04 10:25:21'),
(1490, 1, '2020-07-06 05:34:11', '1 update data at 2020-07-06 05:34:11'),
(1491, 1, '2020-07-04 10:18:19', '1 update data at 2020-07-04 10:18:19'),
(1492, 1, '2020-07-04 10:25:16', '1 update data at 2020-07-04 10:25:16'),
(1493, 1, '2020-07-06 05:21:27', '1 update data at 2020-07-06 05:21:27'),
(1494, 1, '2020-07-06 05:21:38', '1 update data at 2020-07-06 05:21:38'),
(1495, 1, '2020-07-04 09:16:51', '1 update data at 2020-07-04 09:16:51'),
(1496, 1, '2020-07-04 10:25:21', '1 update data at 2020-07-04 10:25:21'),
(1497, 1, '2020-07-06 05:34:11', '1 update data at 2020-07-06 05:34:11'),
(1498, 1, '2020-07-04 10:18:19', '1 update data at 2020-07-04 10:18:19'),
(1499, 1, '2020-07-04 10:25:16', '1 update data at 2020-07-04 10:25:16'),
(1500, 1, '2020-07-06 05:21:27', '1 update data at 2020-07-06 05:21:27'),
(1501, 1, '2020-07-06 05:21:38', '1 update data at 2020-07-06 05:21:38'),
(1502, 1, '2020-07-04 09:16:51', '1 update data at 2020-07-04 09:16:51'),
(1503, 1, '2020-07-04 10:25:21', '1 update data at 2020-07-04 10:25:21'),
(1504, 1, '2020-07-06 05:34:11', '1 update data at 2020-07-06 05:34:11'),
(1505, 2, '2020-07-24 07:41:17', '2 update data at 2020-07-24 07:41:17'),
(1506, 1, '2020-07-04 10:18:19', '1 update data at 2020-07-04 10:18:19'),
(1507, 1, '2020-07-04 10:25:16', '1 update data at 2020-07-04 10:25:16'),
(1508, 1, '2020-07-06 05:21:27', '1 update data at 2020-07-06 05:21:27'),
(1509, 1, '2020-07-06 05:21:38', '1 update data at 2020-07-06 05:21:38'),
(1510, 1, '2020-07-04 09:16:51', '1 update data at 2020-07-04 09:16:51'),
(1511, 1, '2020-07-04 10:25:21', '1 update data at 2020-07-04 10:25:21'),
(1512, 1, '2020-07-06 05:34:11', '1 update data at 2020-07-06 05:34:11'),
(1513, 1, '2020-07-04 10:18:19', '1 update data at 2020-07-04 10:18:19'),
(1514, 1, '2020-07-04 10:25:16', '1 update data at 2020-07-04 10:25:16'),
(1515, 1, '2020-07-06 05:21:27', '1 update data at 2020-07-06 05:21:27'),
(1516, 1, '2020-07-06 05:21:38', '1 update data at 2020-07-06 05:21:38'),
(1517, 1, '2020-07-04 09:16:51', '1 update data at 2020-07-04 09:16:51'),
(1518, 1, '2020-07-04 10:25:21', '1 update data at 2020-07-04 10:25:21'),
(1519, 1, '2020-07-06 05:34:11', '1 update data at 2020-07-06 05:34:11'),
(1520, 2, '2020-07-24 07:41:17', '2 update data at 2020-07-24 07:41:17'),
(1521, 1, '2020-07-04 10:18:19', '1 update data at 2020-07-04 10:18:19'),
(1522, 1, '2020-07-04 10:25:16', '1 update data at 2020-07-04 10:25:16'),
(1523, 1, '2020-07-06 05:21:27', '1 update data at 2020-07-06 05:21:27'),
(1524, 1, '2020-07-06 05:21:38', '1 update data at 2020-07-06 05:21:38'),
(1525, 1, '2020-07-04 09:16:51', '1 update data at 2020-07-04 09:16:51'),
(1526, 1, '2020-07-04 10:25:21', '1 update data at 2020-07-04 10:25:21'),
(1527, 1, '2020-07-06 05:34:11', '1 update data at 2020-07-06 05:34:11'),
(1528, 1, '2020-07-04 10:18:19', '1 update data at 2020-07-04 10:18:19'),
(1529, 1, '2020-07-04 10:25:16', '1 update data at 2020-07-04 10:25:16'),
(1530, 1, '2020-07-06 05:21:27', '1 update data at 2020-07-06 05:21:27'),
(1531, 1, '2020-07-06 05:21:38', '1 update data at 2020-07-06 05:21:38'),
(1532, 1, '2020-07-04 09:16:51', '1 update data at 2020-07-04 09:16:51'),
(1533, 1, '2020-07-04 10:25:21', '1 update data at 2020-07-04 10:25:21'),
(1534, 1, '2020-07-06 05:34:11', '1 update data at 2020-07-06 05:34:11'),
(1535, 1, '2020-07-04 10:18:19', '1 update data at 2020-07-04 10:18:19'),
(1536, 1, '2020-07-04 10:25:16', '1 update data at 2020-07-04 10:25:16'),
(1537, 1, '2020-07-06 05:21:27', '1 update data at 2020-07-06 05:21:27'),
(1538, 1, '2020-07-06 05:21:38', '1 update data at 2020-07-06 05:21:38'),
(1539, 1, '2020-07-04 09:16:51', '1 update data at 2020-07-04 09:16:51'),
(1540, 1, '2020-07-04 10:25:21', '1 update data at 2020-07-04 10:25:21'),
(1541, 1, '2020-07-06 05:34:11', '1 update data at 2020-07-06 05:34:11'),
(1543, 1, '2020-07-04 10:18:19', '1 update data at 2020-07-04 10:18:19'),
(1544, 1, '2020-07-04 10:25:16', '1 update data at 2020-07-04 10:25:16'),
(1545, 1, '2020-07-06 05:21:27', '1 update data at 2020-07-06 05:21:27'),
(1546, 1, '2020-07-06 05:21:38', '1 update data at 2020-07-06 05:21:38'),
(1547, 1, '2020-07-04 09:16:51', '1 update data at 2020-07-04 09:16:51'),
(1548, 1, '2020-07-04 10:25:21', '1 update data at 2020-07-04 10:25:21'),
(1549, 1, '2020-07-06 05:34:11', '1 update data at 2020-07-06 05:34:11'),
(1550, 2, '2020-07-24 07:44:18', '2 update data at 2020-07-24 07:44:18'),
(1552, 1, '2020-07-04 10:18:19', '1 update data at 2020-07-04 10:18:19'),
(1553, 1, '2020-07-04 10:25:16', '1 update data at 2020-07-04 10:25:16'),
(1554, 1, '2020-07-06 05:21:27', '1 update data at 2020-07-06 05:21:27'),
(1555, 1, '2020-07-06 05:21:38', '1 update data at 2020-07-06 05:21:38'),
(1556, 1, '2020-07-04 09:16:51', '1 update data at 2020-07-04 09:16:51'),
(1557, 1, '2020-07-04 10:25:21', '1 update data at 2020-07-04 10:25:21'),
(1558, 1, '2020-07-06 05:34:11', '1 update data at 2020-07-06 05:34:11'),
(1559, 2, '2020-07-24 07:44:18', '2 update data at 2020-07-24 07:44:18'),
(1560, 1, '2020-07-04 10:18:19', '1 update data at 2020-07-04 10:18:19'),
(1561, 1, '2020-07-04 10:25:16', '1 update data at 2020-07-04 10:25:16'),
(1562, 1, '2020-07-06 05:21:27', '1 update data at 2020-07-06 05:21:27'),
(1563, 1, '2020-07-06 05:21:38', '1 update data at 2020-07-06 05:21:38'),
(1564, 1, '2020-07-04 09:16:51', '1 update data at 2020-07-04 09:16:51'),
(1565, 1, '2020-07-04 10:25:21', '1 update data at 2020-07-04 10:25:21'),
(1566, 1, '2020-07-06 05:34:11', '1 update data at 2020-07-06 05:34:11'),
(1567, 2, '2020-07-24 07:44:18', '2 update data at 2020-07-24 07:44:18'),
(1568, 1, '2020-07-04 10:18:19', '1 update data at 2020-07-04 10:18:19'),
(1569, 1, '2020-07-04 10:25:16', '1 update data at 2020-07-04 10:25:16'),
(1570, 1, '2020-07-06 05:21:27', '1 update data at 2020-07-06 05:21:27'),
(1571, 1, '2020-07-06 05:21:38', '1 update data at 2020-07-06 05:21:38'),
(1572, 1, '2020-07-04 09:16:51', '1 update data at 2020-07-04 09:16:51'),
(1573, 1, '2020-07-04 10:25:21', '1 update data at 2020-07-04 10:25:21'),
(1574, 1, '2020-07-06 05:34:11', '1 update data at 2020-07-06 05:34:11'),
(1575, 2, '2020-07-24 07:44:18', '2 update data at 2020-07-24 07:44:18'),
(1576, 1, '2020-07-04 10:18:19', '1 update data at 2020-07-04 10:18:19'),
(1577, 1, '2020-07-04 10:25:16', '1 update data at 2020-07-04 10:25:16'),
(1578, 1, '2020-07-06 05:21:27', '1 update data at 2020-07-06 05:21:27'),
(1579, 1, '2020-07-06 05:21:38', '1 update data at 2020-07-06 05:21:38'),
(1580, 1, '2020-07-04 09:16:51', '1 update data at 2020-07-04 09:16:51'),
(1581, 1, '2020-07-04 10:25:21', '1 update data at 2020-07-04 10:25:21'),
(1582, 1, '2020-07-06 05:34:11', '1 update data at 2020-07-06 05:34:11'),
(1583, 2, '2020-07-24 07:44:18', '2 update data at 2020-07-24 07:44:18'),
(1584, 1, '2020-07-04 10:18:19', '1 update data at 2020-07-04 10:18:19'),
(1585, 1, '2020-07-04 10:25:16', '1 update data at 2020-07-04 10:25:16'),
(1586, 1, '2020-07-06 05:21:27', '1 update data at 2020-07-06 05:21:27'),
(1587, 1, '2020-07-06 05:21:38', '1 update data at 2020-07-06 05:21:38'),
(1588, 1, '2020-07-04 09:16:51', '1 update data at 2020-07-04 09:16:51'),
(1589, 1, '2020-07-04 10:25:21', '1 update data at 2020-07-04 10:25:21'),
(1590, 1, '2020-07-06 05:34:11', '1 update data at 2020-07-06 05:34:11'),
(1591, 2, '2020-07-24 07:44:18', '2 update data at 2020-07-24 07:44:18'),
(1592, 1, '2020-07-04 10:18:19', '1 update data at 2020-07-04 10:18:19'),
(1593, 1, '2020-07-04 10:25:16', '1 update data at 2020-07-04 10:25:16'),
(1594, 1, '2020-07-06 05:21:27', '1 update data at 2020-07-06 05:21:27'),
(1595, 1, '2020-07-06 05:21:38', '1 update data at 2020-07-06 05:21:38'),
(1596, 1, '2020-07-04 09:16:51', '1 update data at 2020-07-04 09:16:51'),
(1597, 1, '2020-07-04 10:25:21', '1 update data at 2020-07-04 10:25:21'),
(1598, 1, '2020-07-06 05:34:11', '1 update data at 2020-07-06 05:34:11'),
(1599, 2, '2020-07-24 07:44:18', '2 update data at 2020-07-24 07:44:18'),
(1600, 1, '2020-07-04 10:18:19', '1 update data at 2020-07-04 10:18:19'),
(1601, 1, '2020-07-04 10:25:16', '1 update data at 2020-07-04 10:25:16'),
(1602, 1, '2020-07-06 05:21:27', '1 update data at 2020-07-06 05:21:27'),
(1603, 1, '2020-07-06 05:21:38', '1 update data at 2020-07-06 05:21:38'),
(1604, 1, '2020-07-04 09:16:51', '1 update data at 2020-07-04 09:16:51'),
(1605, 1, '2020-07-04 10:25:21', '1 update data at 2020-07-04 10:25:21'),
(1606, 1, '2020-07-06 05:34:11', '1 update data at 2020-07-06 05:34:11'),
(1607, 2, '2020-07-24 07:44:18', '2 update data at 2020-07-24 07:44:18'),
(1608, 1, '2020-07-04 10:18:19', '1 update data at 2020-07-04 10:18:19'),
(1609, 1, '2020-07-04 10:25:16', '1 update data at 2020-07-04 10:25:16'),
(1610, 1, '2020-07-06 05:21:27', '1 update data at 2020-07-06 05:21:27'),
(1611, 1, '2020-07-06 05:21:38', '1 update data at 2020-07-06 05:21:38'),
(1612, 1, '2020-07-04 09:16:51', '1 update data at 2020-07-04 09:16:51'),
(1613, 1, '2020-07-04 10:25:21', '1 update data at 2020-07-04 10:25:21'),
(1614, 1, '2020-07-06 05:34:11', '1 update data at 2020-07-06 05:34:11'),
(1615, 2, '2020-07-24 07:44:18', '2 update data at 2020-07-24 07:44:18'),
(1616, 1, '2020-07-04 10:18:19', '1 update data at 2020-07-04 10:18:19'),
(1617, 1, '2020-07-04 10:25:16', '1 update data at 2020-07-04 10:25:16'),
(1618, 1, '2020-07-06 05:21:27', '1 update data at 2020-07-06 05:21:27'),
(1619, 1, '2020-07-06 05:21:38', '1 update data at 2020-07-06 05:21:38'),
(1620, 1, '2020-07-04 09:16:51', '1 update data at 2020-07-04 09:16:51'),
(1621, 1, '2020-07-04 10:25:21', '1 update data at 2020-07-04 10:25:21'),
(1622, 1, '2020-07-06 05:34:11', '1 update data at 2020-07-06 05:34:11'),
(1623, 2, '2020-07-24 07:44:18', '2 update data at 2020-07-24 07:44:18'),
(1624, 2, '2020-07-24 07:48:26', '2 update data at 2020-07-24 07:48:26'),
(1625, 2, '2020-07-24 07:48:28', '2 update data at 2020-07-24 07:48:28'),
(1626, 1, '2020-07-04 10:18:19', '1 update data at 2020-07-04 10:18:19'),
(1627, 1, '2020-07-04 10:25:16', '1 update data at 2020-07-04 10:25:16'),
(1628, 1, '2020-07-06 05:21:27', '1 update data at 2020-07-06 05:21:27'),
(1629, 1, '2020-07-06 05:21:38', '1 update data at 2020-07-06 05:21:38'),
(1630, 1, '2020-07-04 09:16:51', '1 update data at 2020-07-04 09:16:51'),
(1631, 1, '2020-07-04 10:25:21', '1 update data at 2020-07-04 10:25:21'),
(1632, 1, '2020-07-06 05:34:11', '1 update data at 2020-07-06 05:34:11'),
(1633, 2, '2020-07-24 07:44:18', '2 update data at 2020-07-24 07:44:18'),
(1634, 2, '2020-07-24 07:48:35', '2 update data at 2020-07-24 07:48:35'),
(1635, 1, '2020-07-04 10:18:19', '1 update data at 2020-07-04 10:18:19'),
(1636, 1, '2020-07-04 10:25:16', '1 update data at 2020-07-04 10:25:16'),
(1637, 1, '2020-07-06 05:21:27', '1 update data at 2020-07-06 05:21:27'),
(1638, 1, '2020-07-06 05:21:38', '1 update data at 2020-07-06 05:21:38'),
(1639, 1, '2020-07-04 09:16:51', '1 update data at 2020-07-04 09:16:51'),
(1640, 1, '2020-07-04 10:25:21', '1 update data at 2020-07-04 10:25:21'),
(1641, 1, '2020-07-06 05:34:11', '1 update data at 2020-07-06 05:34:11'),
(1642, 2, '2020-07-24 07:44:18', '2 update data at 2020-07-24 07:44:18'),
(1643, 1, '2020-07-04 10:18:19', '1 update data at 2020-07-04 10:18:19'),
(1644, 1, '2020-07-04 10:25:16', '1 update data at 2020-07-04 10:25:16'),
(1645, 1, '2020-07-06 05:21:27', '1 update data at 2020-07-06 05:21:27'),
(1646, 1, '2020-07-06 05:21:38', '1 update data at 2020-07-06 05:21:38'),
(1647, 1, '2020-07-04 09:16:51', '1 update data at 2020-07-04 09:16:51'),
(1648, 1, '2020-07-04 10:25:21', '1 update data at 2020-07-04 10:25:21'),
(1649, 1, '2020-07-06 05:34:11', '1 update data at 2020-07-06 05:34:11'),
(1650, 2, '2020-07-24 07:44:18', '2 update data at 2020-07-24 07:44:18'),
(1651, 1, '2020-07-04 10:18:19', '1 update data at 2020-07-04 10:18:19'),
(1652, 1, '2020-07-04 10:25:16', '1 update data at 2020-07-04 10:25:16'),
(1653, 1, '2020-07-06 05:21:27', '1 update data at 2020-07-06 05:21:27'),
(1654, 1, '2020-07-06 05:21:38', '1 update data at 2020-07-06 05:21:38'),
(1655, 1, '2020-07-04 09:16:51', '1 update data at 2020-07-04 09:16:51'),
(1656, 1, '2020-07-04 10:25:21', '1 update data at 2020-07-04 10:25:21'),
(1657, 1, '2020-07-06 05:34:11', '1 update data at 2020-07-06 05:34:11'),
(1658, 2, '2020-07-24 07:44:18', '2 update data at 2020-07-24 07:44:18'),
(1659, 1, '2020-07-04 10:18:19', '1 update data at 2020-07-04 10:18:19'),
(1660, 1, '2020-07-04 10:25:16', '1 update data at 2020-07-04 10:25:16'),
(1661, 1, '2020-07-06 05:21:27', '1 update data at 2020-07-06 05:21:27'),
(1662, 1, '2020-07-06 05:21:38', '1 update data at 2020-07-06 05:21:38'),
(1663, 1, '2020-07-04 09:16:51', '1 update data at 2020-07-04 09:16:51'),
(1664, 1, '2020-07-04 10:25:21', '1 update data at 2020-07-04 10:25:21'),
(1665, 1, '2020-07-06 05:34:11', '1 update data at 2020-07-06 05:34:11'),
(1666, 2, '2020-07-24 07:44:18', '2 update data at 2020-07-24 07:44:18'),
(1667, 1, '2020-07-04 10:18:19', '1 update data at 2020-07-04 10:18:19'),
(1668, 1, '2020-07-04 10:25:16', '1 update data at 2020-07-04 10:25:16'),
(1669, 1, '2020-07-06 05:21:27', '1 update data at 2020-07-06 05:21:27'),
(1670, 1, '2020-07-06 05:21:38', '1 update data at 2020-07-06 05:21:38'),
(1671, 1, '2020-07-04 09:16:51', '1 update data at 2020-07-04 09:16:51'),
(1672, 1, '2020-07-04 10:25:21', '1 update data at 2020-07-04 10:25:21'),
(1673, 1, '2020-07-06 05:34:11', '1 update data at 2020-07-06 05:34:11'),
(1674, 2, '2020-07-24 07:44:18', '2 update data at 2020-07-24 07:44:18'),
(1675, 2, '2020-07-24 08:02:19', '2 update data at2020-07-24 08:02:19'),
(1676, 2, '2020-07-24 08:03:03', '2 update data at2020-07-24 08:03:03'),
(1677, 2, '2020-07-24 08:03:36', '2 update data at2020-07-24 08:03:36'),
(1678, 2, '2020-07-24 08:04:29', '2 update data at2020-07-24 08:04:29'),
(1679, 2, '2020-07-24 08:04:41', '2 update data at2020-07-24 08:04:41'),
(1680, 2, '2020-07-24 08:04:54', '2 update data at2020-07-24 08:04:54'),
(1681, 2, '2020-07-24 08:04:57', '2 update data at2020-07-24 08:04:57'),
(1682, 2, '2020-07-24 08:05:00', '2 update data at2020-07-24 08:05:00'),
(1683, 2, '2020-07-24 08:05:19', '2 update data at2020-07-24 08:05:19'),
(1684, 2, '2020-07-24 08:05:35', '2 update data at2020-07-24 08:05:35'),
(1685, 2, '2020-07-24 08:05:49', '2 update data at2020-07-24 08:05:49'),
(1686, 2, '2020-07-24 08:05:56', '2 update data at2020-07-24 08:05:56'),
(1687, 2, '2020-07-24 08:06:08', '2 update data at2020-07-24 08:06:08'),
(1688, 2, '2020-07-24 08:06:34', '2 update data at2020-07-24 08:06:34'),
(1689, 2, '2020-07-24 08:06:54', '2 update data at2020-07-24 08:06:54'),
(1690, 2, '2020-07-24 08:07:10', '2 update data at2020-07-24 08:07:10'),
(1691, 2, '2020-07-24 08:07:19', '2 update data at2020-07-24 08:07:19'),
(1692, 2, '2020-07-24 08:07:55', '2 update data at2020-07-24 08:07:55'),
(1693, 2, '2020-07-24 08:08:18', '2 update data at2020-07-24 08:08:18'),
(1694, 2, '2020-07-24 08:08:21', '2 update data at2020-07-24 08:08:21'),
(1695, 2, '2020-07-24 08:08:24', '2 update data at2020-07-24 08:08:24'),
(1696, 2, '2020-07-24 08:08:45', '2 update data at2020-07-24 08:08:45'),
(1697, 2, '2020-07-24 08:08:47', '2 update data at2020-07-24 08:08:47'),
(1698, 2, '2020-07-24 08:08:50', '2 update data at2020-07-24 08:08:50'),
(1699, 2, '2020-07-24 08:09:15', '2 update data at2020-07-24 08:09:15'),
(1700, 2, '2020-07-24 08:09:17', '2 update data at2020-07-24 08:09:17'),
(1701, 2, '2020-07-24 08:09:20', '2 update data at2020-07-24 08:09:20'),
(1702, 2, '2020-07-24 08:10:41', '2 update data at2020-07-24 08:10:41'),
(1703, 2, '2020-07-24 08:11:13', '2 update data at2020-07-24 08:11:13'),
(1704, 2, '2020-07-24 08:11:16', '2 update data at2020-07-24 08:11:16'),
(1705, 2, '2020-07-24 08:11:43', '2 update data at2020-07-24 08:11:43'),
(1706, 2, '2020-07-24 08:12:03', '2 update data at2020-07-24 08:12:03'),
(1707, 2, '2020-07-24 08:13:50', '2 update data at2020-07-24 08:13:50'),
(1708, 2, '2020-07-24 08:13:53', '2 update data at2020-07-24 08:13:53'),
(1709, 2, '2020-07-24 08:15:20', '2 update data at2020-07-24 08:15:20'),
(1710, 2, '2020-07-24 08:15:59', '2 update data at2020-07-24 08:15:59'),
(1711, 2, '2020-07-24 08:16:20', '2 update data at2020-07-24 08:16:20');

-- --------------------------------------------------------

--
-- Table structure for table `mstr_barang`
--

CREATE TABLE `mstr_barang` (
  `id_pk_brg` int(11) NOT NULL,
  `brg_kode` varchar(50) DEFAULT NULL,
  `brg_nama` varchar(100) DEFAULT NULL,
  `brg_ket` varchar(200) DEFAULT NULL,
  `brg_minimal` double DEFAULT NULL,
  `brg_satuan` varchar(30) DEFAULT NULL,
  `brg_image` varchar(100) DEFAULT NULL,
  `brg_harga` int(11) DEFAULT NULL,
  `brg_status` varchar(15) DEFAULT NULL,
  `brg_create_date` datetime DEFAULT NULL,
  `brg_last_modified` datetime DEFAULT NULL,
  `id_create_data` int(11) DEFAULT NULL,
  `id_last_modified` int(11) DEFAULT NULL,
  `id_fk_brg_jenis` int(11) DEFAULT NULL,
  `id_fk_brg_merk` int(11) DEFAULT NULL
) ENGINE=InnoDB DEFAULT CHARSET=utf8mb4;

--
-- Dumping data for table `mstr_barang`
--

INSERT INTO `mstr_barang` (`id_pk_brg`, `brg_kode`, `brg_nama`, `brg_ket`, `brg_minimal`, `brg_satuan`, `brg_image`, `brg_harga`, `brg_status`, `brg_create_date`, `brg_last_modified`, `id_create_data`, `id_last_modified`, `id_fk_brg_jenis`, `id_fk_brg_merk`) VALUES
(1, 'Barang 1', 'Barang 1', '-', 10, 'Pcs', 'noimage.jpg', 10000, 'nonaktif', '2020-06-29 12:16:04', '2020-07-03 06:21:30', 1, 1, 1, 1),
(2, 'Barang 234', 'Barang 234', '-', 10, 'Pcs', 'noimage.jpg', 10000, 'AKTIF', '2020-06-29 12:16:14', '2020-07-19 09:13:03', 1, 2, 2, 2),
(3, 'Barang 3', 'Barang 3', '-', 10, 'Pcs', 'noimage.jpg', 10000, 'AKTIF', '2020-06-29 12:16:24', '2020-06-29 12:16:24', 1, 1, 3, 3),
(4, 'Barang 4', 'Barang 4', '-', 10, 'Pcs', 'noimage.jpg', 10000, 'AKTIF', '2020-06-29 12:16:32', '2020-06-29 12:16:32', 1, 1, 4, 8),
(5, 'Barang 5', 'Barang 5', '-', 10, 'Pcs', 'noimage.jpg', 10000, 'AKTIF', '2020-06-29 12:16:42', '2020-07-04 10:27:27', 1, 1, 5, 7),
(6, 'Kombinasi 1', 'Kombinasi 1', '-', 10, 'Pcs', 'noimage.jpg', 10000, 'AKTIF', '2020-06-29 12:17:37', '2020-07-06 10:07:36', 1, 1, 7, 9),
(7, 'Kombinasi 2', 'Kombinasi 2', '-', 10, 'Pcs', 'noimage.jpg', 10000, 'AKTIF', '2020-06-29 12:17:53', '2020-07-06 10:08:54', 1, 1, 7, 9),
(8, 'Kode1', 'barang1', '-', 10, 'PCS', 'noimage.jpg', 1234, 'AKTIF', '2020-07-19 04:10:10', '2020-07-19 04:10:10', 2, 2, 1, 1),
(9, 'Kode6', 'barang6', '-', 10, 'PCS', 'noimage.jpg', 1234, 'AKTIF', '2020-07-19 04:15:34', '2020-07-19 04:15:34', 2, 2, 1, 1),
(10, 'Kode612', 'barang612', '-', 10, 'PCS', 'noimage.jpg', 12342, 'nonaktif', '2020-07-19 04:17:18', '2020-07-19 04:17:55', 2, 2, 1, 1),
(11, 'Kode91', 'barang91', '-', 10, 'PCS', 'noimage.jpg', 1234, 'nonaktif', '2020-07-19 04:33:56', '2020-07-19 04:40:15', 2, 2, 1, 1),
(12, 'Kode61', 'barang61', '-', 10, 'PCS', 'noimage.jpg', 1234, 'nonaktif', '2020-07-19 04:49:52', '2020-07-19 05:00:37', 2, 2, 1, 1),
(13, 'Kode 5', 'barang1235', 'Keterangan', 1232235, 'PCS', 'noimage.jpg', 12300005, 'AKTIF', '2020-07-23 09:19:57', '2020-07-23 01:34:37', 2, 2, 1, 1),
(14, 'kodetest', 'namatest', '-', 123.032, 'PCS', 'noimage.jpg', 1230, 'AKTIF', '2020-07-23 12:59:46', '2020-07-23 12:59:46', 2, 2, 1, 1),
(15, 'a', 'a', '-', 1232300, 'BALL-48', 'noimage.jpg', 111111111, 'AKTIF', '2020-07-23 01:04:15', '2020-07-23 01:34:52', 2, 2, 1, 1),
(16, 'b', 'b', '-', 1.231, 'PCS', 'noimage.jpg', 12300, 'AKTIF', '2020-07-23 01:05:53', '2020-07-23 01:33:58', 2, 2, 2, 3),
(17, 'asdf', 'asdf', '123', 456456, 'LUSIN', 'barang_asdf.png', 456789, 'AKTIF', '2020-07-23 03:16:24', '2020-07-23 03:16:24', 2, 2, 2, 3),
(18, 'asfasdfasdfa', 'asdfasdfasdf', '-', 123123, 'LUSIN', 'barang_asfasdfasdfa.png', 123123, 'AKTIF', '2020-07-23 03:18:05', '2020-07-23 03:18:05', 2, 2, 1, 4),
(19, 'asdf', 'asdf', '123', 123, 'PCS', 'noimage.jpg', 123, 'AKTIF', '2020-07-23 03:20:10', '2020-07-23 03:20:10', 2, 2, 2, 2),
(20, 'asdf', 'asdf', 'sdfasdf', 213, 'PCS', 'noimage.jpg', 123, 'AKTIF', '2020-07-23 03:20:44', '2020-07-23 03:20:44', 2, 2, 1, 2),
(21, 'asdf', 'asfd', 'asdf', 123, 'BOX', 'noimage.jpg', 123, 'AKTIF', '2020-07-23 03:21:25', '2020-07-23 03:21:25', 2, 2, 7, 2),
(22, 'asdasdf', 'asdf', 'asdf', 123, 'PCS', 'noimage.jpg', 1234, 'AKTIF', '2020-07-23 03:22:45', '2020-07-23 03:22:45', 2, 2, 2, 1),
(23, 'adf', 'asdf', 'asdf', 123, 'PCS', 'barang_adf.png', 123, 'AKTIF', '2020-07-23 03:28:23', '2020-07-23 03:28:23', 2, 2, 1, 3),
(24, 'ffff', 'ffff', '-', 123123, 'PCS', 'barang_ffff.png', 123123123, 'AKTIF', '2020-07-23 04:50:11', '2020-07-23 04:50:11', 2, 2, 1, 2);

--
-- Triggers `mstr_barang`
--
DELIMITER $$
CREATE TRIGGER `trg_after_insert_barang` AFTER INSERT ON `mstr_barang` FOR EACH ROW begin
            set @id_user = new.id_last_modified;
            set @tgl_action = new.brg_last_modified;
            
            call get_username(new.id_last_modified,@username);
            set @log_text = concat(@username,' insert data barang at ' , new.brg_last_modified,' nama barang terkait: ',new.brg_nama);
            call insert_log_all(@id_user,@tgl_action,@log_text,@id_log_all);
            
            insert into mstr_barang_log(executed_function,
            id_pk_brg,brg_kode,brg_nama,brg_ket,brg_minimal,brg_satuan,brg_image,brg_harga,brg_status,brg_create_date,brg_last_modified,id_create_data,id_last_modified,id_fk_brg_jenis,id_fk_brg_merk,id_log_all) values ('after insert',new.id_pk_brg,new.brg_kode,new.brg_nama,new.brg_ket,new.brg_minimal,new.brg_satuan,new.brg_image,new.brg_harga,new.brg_status,new.brg_create_date,new.brg_last_modified,new.id_create_data,new.id_last_modified,new.id_fk_brg_jenis,new.id_fk_brg_merk,@id_log_all);
        end
$$
DELIMITER ;
DELIMITER $$
CREATE TRIGGER `trg_after_update_barang` AFTER UPDATE ON `mstr_barang` FOR EACH ROW begin
            set @id_user = new.id_last_modified;
            set @tgl_action = new.brg_last_modified;

            call get_username(new.id_last_modified,@username);

            if new.brg_status = 'nonaktif'
            then
                set @log_text = concat(@username,' delete data barang at ',new.brg_last_modified ,' nama barang terkait: ',old.brg_nama);
                call insert_log_all(@id_user,@tgl_action,@log_text,@id_log_all);

                insert into mstr_barang_log(executed_function,
                id_pk_brg,brg_kode,brg_nama,brg_ket,brg_minimal,brg_satuan,brg_image,brg_harga,brg_status,brg_create_date,brg_last_modified,id_create_data,id_last_modified,id_fk_brg_jenis,id_fk_brg_merk,id_log_all) values ('after delete',new.id_pk_brg,new.brg_kode,new.brg_nama,new.brg_ket,new.brg_minimal,new.brg_satuan,new.brg_image,new.brg_harga,new.brg_status,new.brg_create_date,new.brg_last_modified,new.id_create_data,new.id_last_modified,new.id_fk_brg_jenis,new.id_fk_brg_merk,@id_log_all);
            else
                set @log_text = concat(@username,' update data barang at ',new.brg_last_modified ,' \nnama barang terkait: ',old.brg_nama,' nama barang baru: ',new.brg_nama);
                call insert_log_all(@id_user,@tgl_action,@log_text,@id_log_all);
                
                insert into mstr_barang_log(executed_function,
                id_pk_brg,brg_kode,brg_nama,brg_ket,brg_minimal,brg_satuan,brg_image,brg_harga,brg_status,brg_create_date,brg_last_modified,id_create_data,id_last_modified,id_fk_brg_jenis,id_fk_brg_merk,id_log_all) values ('after update',new.id_pk_brg,new.brg_kode,new.brg_nama,new.brg_ket,new.brg_minimal,new.brg_satuan,new.brg_image,new.brg_harga,new.brg_status,new.brg_create_date,new.brg_last_modified,new.id_create_data,new.id_last_modified,new.id_fk_brg_jenis,new.id_fk_brg_merk,@id_log_all);
            end if;
        end
$$
DELIMITER ;

-- --------------------------------------------------------

--
-- Table structure for table `mstr_barang_jenis`
--

CREATE TABLE `mstr_barang_jenis` (
  `id_pk_brg_jenis` int(11) NOT NULL,
  `brg_jenis_nama` varchar(100) DEFAULT NULL,
  `brg_jenis_status` varchar(15) DEFAULT NULL,
  `brg_jenis_create_date` datetime DEFAULT NULL,
  `brg_jenis_last_modified` datetime DEFAULT NULL,
  `id_create_data` int(11) DEFAULT NULL,
  `id_last_modified` int(11) DEFAULT NULL
) ENGINE=MyISAM DEFAULT CHARSET=latin1;

--
-- Dumping data for table `mstr_barang_jenis`
--

INSERT INTO `mstr_barang_jenis` (`id_pk_brg_jenis`, `brg_jenis_nama`, `brg_jenis_status`, `brg_jenis_create_date`, `brg_jenis_last_modified`, `id_create_data`, `id_last_modified`) VALUES
(1, 'JENIS 1', 'AKTIF', '2020-06-22 08:03:15', '2020-06-22 08:03:15', 1, 1),
(2, 'JENIS 2', 'AKTIF', '2020-06-22 08:03:23', '2020-06-22 08:03:23', 1, 1),
(3, 'JENIS 3', 'AKTIF', '2020-06-22 08:03:32', '2020-06-22 08:03:32', 1, 1),
(4, 'Jenis 4', 'AKTIF', '2020-06-22 10:55:47', '2020-06-22 10:55:47', 1, 1),
(5, 'JENIS 5', 'AKTIF', '2020-06-22 05:14:55', '2020-06-22 05:14:55', 1, 1),
(6, 'JENIS6', 'AKTIF', '2020-06-22 09:17:46', '2020-06-22 09:17:46', 1, 1),
(7, 'Kombinasi', 'AKTIF', '2020-06-29 12:17:37', '2020-06-29 12:17:37', 1, 1),
(8, 'asdf', 'AKTIF', '2020-07-23 04:52:59', '2020-07-23 04:52:59', 2, 2);

--
-- Triggers `mstr_barang_jenis`
--
DELIMITER $$
CREATE TRIGGER `trg_after_insert_barang_jenis` AFTER INSERT ON `mstr_barang_jenis` FOR EACH ROW begin
            set @id_user = new.id_last_modified;
            set @tgl_action = new.brg_jenis_last_modified;
            set @log_text = concat(new.id_last_modified,' ','insert data at' , new.brg_jenis_last_modified);
            call insert_log_all(@id_user,@tgl_action,@log_text,@id_log_all);
            
            insert into mstr_barang_jenis_log(executed_function,id_pk_brg_jenis,brg_jenis_nama,brg_jenis_status,brg_jenis_create_date,brg_jenis_last_modified,id_create_data,id_last_modified,id_log_all) values ('after insert',new.id_pk_brg_jenis,new.brg_jenis_nama,new.brg_jenis_status,new.brg_jenis_create_date,new.brg_jenis_last_modified,new.id_create_data,new.id_last_modified,@id_log_all);
        end
$$
DELIMITER ;
DELIMITER $$
CREATE TRIGGER `trg_after_update_barang_jenis` AFTER UPDATE ON `mstr_barang_jenis` FOR EACH ROW begin
            set @id_user = new.id_last_modified;
            set @tgl_action = new.brg_jenis_last_modified;
            set @log_text = concat(new.id_last_modified,' ','update data at' , new.brg_jenis_last_modified);
            call insert_log_all(@id_user,@tgl_action,@log_text,@id_log_all);
            
            insert into mstr_barang_jenis_log(executed_function,id_pk_brg_jenis,brg_jenis_nama,brg_jenis_status,brg_jenis_create_date,brg_jenis_last_modified,id_create_data,id_last_modified,id_log_all) values ('after update',new.id_pk_brg_jenis,new.brg_jenis_nama,new.brg_jenis_status,new.brg_jenis_create_date,new.brg_jenis_last_modified,new.id_create_data,new.id_last_modified,@id_log_all);
        end
$$
DELIMITER ;

-- --------------------------------------------------------

--
-- Table structure for table `mstr_barang_jenis_log`
--

CREATE TABLE `mstr_barang_jenis_log` (
  `id_pk_brg_jenis_log` int(11) NOT NULL,
  `executed_function` varchar(20) DEFAULT NULL,
  `id_pk_brg_jenis` int(11) DEFAULT NULL,
  `brg_jenis_nama` varchar(100) DEFAULT NULL,
  `brg_jenis_status` varchar(15) DEFAULT NULL,
  `brg_jenis_create_date` datetime DEFAULT NULL,
  `brg_jenis_last_modified` datetime DEFAULT NULL,
  `id_create_data` int(11) DEFAULT NULL,
  `id_last_modified` int(11) DEFAULT NULL,
  `id_log_all` int(11) DEFAULT NULL
) ENGINE=MyISAM DEFAULT CHARSET=latin1;

--
-- Dumping data for table `mstr_barang_jenis_log`
--

INSERT INTO `mstr_barang_jenis_log` (`id_pk_brg_jenis_log`, `executed_function`, `id_pk_brg_jenis`, `brg_jenis_nama`, `brg_jenis_status`, `brg_jenis_create_date`, `brg_jenis_last_modified`, `id_create_data`, `id_last_modified`, `id_log_all`) VALUES
(1, 'after insert', 1, 'JENIS 1', 'AKTIF', '2020-06-22 08:03:15', '2020-06-22 08:03:15', 1, 1, 209),
(2, 'after insert', 2, 'JENIS 2', 'AKTIF', '2020-06-22 08:03:23', '2020-06-22 08:03:23', 1, 1, 212),
(3, 'after insert', 3, 'JENIS 3', 'AKTIF', '2020-06-22 08:03:32', '2020-06-22 08:03:32', 1, 1, 215),
(4, 'after insert', 4, 'Jenis 4', 'AKTIF', '2020-06-22 10:55:47', '2020-06-22 10:55:47', 1, 1, 363),
(5, 'after insert', 5, 'JENIS 5', 'AKTIF', '2020-06-22 05:14:55', '2020-06-22 05:14:55', 1, 1, 598),
(6, 'after insert', 6, 'JENIS6', 'AKTIF', '2020-06-22 09:17:46', '2020-06-22 09:17:46', 1, 1, 847),
(7, 'after insert', 7, 'Kombinasi', 'AKTIF', '2020-06-29 12:17:37', '2020-06-29 12:17:37', 1, 1, 1236),
(8, 'after insert', 8, 'asdf', 'AKTIF', '2020-07-23 04:52:59', '2020-07-23 04:52:59', 2, 2, 417);

-- --------------------------------------------------------

--
-- Table structure for table `mstr_barang_log`
--

CREATE TABLE `mstr_barang_log` (
  `id_pk_brg_log` int(11) NOT NULL,
  `executed_function` varchar(20) DEFAULT NULL,
  `id_pk_brg` int(11) DEFAULT NULL,
  `brg_kode` varchar(50) DEFAULT NULL,
  `brg_nama` varchar(100) DEFAULT NULL,
  `brg_ket` varchar(200) DEFAULT NULL,
  `brg_minimal` double DEFAULT NULL,
  `brg_satuan` varchar(30) DEFAULT NULL,
  `brg_image` varchar(100) DEFAULT NULL,
  `brg_harga` int(11) DEFAULT NULL,
  `brg_status` varchar(15) DEFAULT NULL,
  `brg_create_date` datetime DEFAULT NULL,
  `brg_last_modified` datetime DEFAULT NULL,
  `id_create_data` int(11) DEFAULT NULL,
  `id_last_modified` int(11) DEFAULT NULL,
  `id_fk_brg_jenis` int(11) DEFAULT NULL,
  `id_fk_brg_merk` int(11) DEFAULT NULL,
  `id_log_all` int(11) DEFAULT NULL
) ENGINE=InnoDB DEFAULT CHARSET=utf8mb4;

--
-- Dumping data for table `mstr_barang_log`
--

INSERT INTO `mstr_barang_log` (`id_pk_brg_log`, `executed_function`, `id_pk_brg`, `brg_kode`, `brg_nama`, `brg_ket`, `brg_minimal`, `brg_satuan`, `brg_image`, `brg_harga`, `brg_status`, `brg_create_date`, `brg_last_modified`, `id_create_data`, `id_last_modified`, `id_fk_brg_jenis`, `id_fk_brg_merk`, `id_log_all`) VALUES
(1, 'after insert', 1, 'Barang 1', 'Barang 1', '-', 10, 'Pcs', '-', 10000, 'AKTIF', '2020-06-29 12:16:04', '2020-06-29 12:16:04', 1, 1, 1, 1, 1230),
(2, 'after insert', 2, 'Barang 2', 'Barang 2', '-', 10, 'Pcs', '-', 10000, 'AKTIF', '2020-06-29 12:16:14', '2020-06-29 12:16:14', 1, 1, 2, 2, 1231),
(3, 'after insert', 3, 'Barang 3', 'Barang 3', '-', 10, 'Pcs', '-', 10000, 'AKTIF', '2020-06-29 12:16:24', '2020-06-29 12:16:24', 1, 1, 3, 3, 1232),
(4, 'after insert', 4, 'Barang 4', 'Barang 4', '-', 10, 'Pcs', '-', 10000, 'AKTIF', '2020-06-29 12:16:32', '2020-06-29 12:16:32', 1, 1, 4, 8, 1234),
(5, 'after insert', 5, 'Barang 5', 'Barang 5', '-', 10, 'Pcs', '-', 10000, 'AKTIF', '2020-06-29 12:16:42', '2020-06-29 12:16:42', 1, 1, 5, 7, 1235),
(6, 'after insert', 6, 'Kombinasi 1', 'Kombinasi 1', '-', 10, 'Pcs', '-', 10000, 'AKTIF', '2020-06-29 12:17:37', '2020-06-29 12:17:37', 1, 1, 7, 9, 1238),
(7, 'after insert', 7, 'Kombinasi 2', 'Kombinasi 2', '-', 10, 'Pcs', '-', 10000, 'AKTIF', '2020-06-29 12:17:53', '2020-06-29 12:17:53', 1, 1, 7, 9, 1241),
(8, 'after update', 1, 'Barang 1', 'Barang 1', '-', 10, 'Pcs', '-', 10000, 'nonaktif', '2020-06-29 12:16:04', '2020-07-03 06:21:30', 1, 1, 1, 1, 1705),
(9, 'after update', 5, 'Barang 5', 'Barang 5', '-', 10, 'Pcs', '-', 10000, 'AKTIF', '2020-06-29 12:16:42', '2020-07-04 10:27:00', 1, 1, 5, 7, 1773),
(10, 'after update', 5, 'Barang 5', 'Barang 5', '-', 10, 'Pcs', '-', 10000, 'AKTIF', '2020-06-29 12:16:42', '2020-07-04 10:27:10', 1, 1, 5, 7, 1776),
(11, 'after update', 5, 'Barang 5', 'Barang 5', '-', 10, 'Pcs', '-', 10000, 'AKTIF', '2020-06-29 12:16:42', '2020-07-04 10:27:19', 1, 1, 5, 7, 1779),
(12, 'after update', 5, 'Barang 5', 'Barang 5', '-', 10, 'Pcs', '-', 10000, 'AKTIF', '2020-06-29 12:16:42', '2020-07-04 10:27:27', 1, 1, 5, 7, 1782),
(13, 'after update', 6, 'Kombinasi 1', 'Kombinasi 1', '-', 10, 'Pcs', '-', 10000, 'AKTIF', '2020-06-29 12:17:37', '2020-07-04 10:27:59', 1, 1, 7, 9, 1786),
(14, 'after update', 6, 'Kombinasi 1', 'Kombinasi 1', '-', 10, 'Pcs', '-', 10000, 'AKTIF', '2020-06-29 12:17:37', '2020-07-04 10:28:29', 1, 1, 7, 9, 1788),
(15, 'after update', 6, 'Kombinasi 1', 'Kombinasi 1', '-', 10, 'Pcs', '-', 10000, 'AKTIF', '2020-06-29 12:17:37', '2020-07-04 12:04:55', 1, 1, 7, 9, 1795),
(16, 'after update', 6, 'Kombinasi 1', 'Kombinasi 1', '-', 10, 'Pcs', '-', 10000, 'AKTIF', '2020-06-29 12:17:37', '2020-07-06 10:07:36', 1, 1, 7, 9, 3827),
(17, 'after update', 7, 'Kombinasi 2', 'Kombinasi 2', '-', 10, 'Pcs', '-', 10000, 'AKTIF', '2020-06-29 12:17:53', '2020-07-06 10:08:54', 1, 1, 7, 9, 3852),
(18, 'after update', 1, 'Barang 1', 'Barang 1', '-', 10, 'Pcs', 'noimage.jpg', 10000, 'nonaktif', '2020-06-29 12:16:04', '2020-07-03 06:21:30', 1, 1, 1, 1, 7475),
(19, 'after update', 2, 'Barang 2', 'Barang 2', '-', 10, 'Pcs', 'noimage.jpg', 10000, 'AKTIF', '2020-06-29 12:16:14', '2020-06-29 12:16:14', 1, 1, 2, 2, 7476),
(20, 'after update', 3, 'Barang 3', 'Barang 3', '-', 10, 'Pcs', 'noimage.jpg', 10000, 'AKTIF', '2020-06-29 12:16:24', '2020-06-29 12:16:24', 1, 1, 3, 3, 7477),
(21, 'after update', 4, 'Barang 4', 'Barang 4', '-', 10, 'Pcs', 'noimage.jpg', 10000, 'AKTIF', '2020-06-29 12:16:32', '2020-06-29 12:16:32', 1, 1, 4, 8, 7478),
(22, 'after update', 5, 'Barang 5', 'Barang 5', '-', 10, 'Pcs', 'noimage.jpg', 10000, 'AKTIF', '2020-06-29 12:16:42', '2020-07-04 10:27:27', 1, 1, 5, 7, 7479),
(23, 'after update', 6, 'Kombinasi 1', 'Kombinasi 1', '-', 10, 'Pcs', 'noimage.jpg', 10000, 'AKTIF', '2020-06-29 12:17:37', '2020-07-06 10:07:36', 1, 1, 7, 9, 7480),
(24, 'after update', 7, 'Kombinasi 2', 'Kombinasi 2', '-', 10, 'Pcs', 'noimage.jpg', 10000, 'AKTIF', '2020-06-29 12:17:53', '2020-07-06 10:08:54', 1, 1, 7, 9, 7481),
(25, 'after insert', 8, 'Kode1', 'barang1', '-', 10, 'PCS', 'noimage.jpg', 1234, 'AKTIF', '2020-07-19 04:10:10', '2020-07-19 04:10:10', 2, 2, 1, 1, 9194),
(26, 'after insert', 9, 'Kode6', 'barang6', '-', 10, 'PCS', 'noimage.jpg', 1234, 'AKTIF', '2020-07-19 04:15:34', '2020-07-19 04:15:34', 2, 2, 1, 1, 9195),
(27, 'after insert', 10, 'Kode61', 'barang61', '-', 10, 'PCS', 'noimage.jpg', 1234, 'AKTIF', '2020-07-19 04:17:18', '2020-07-19 04:17:18', 2, 2, 1, 1, 9196),
(28, 'after update', 10, 'Kode612', 'barang612', '-', 10, 'PCS', 'noimage.jpg', 12342, 'AKTIF', '2020-07-19 04:17:18', '2020-07-19 04:17:39', 2, 2, 1, 1, 9197),
(29, 'after delete', 10, 'Kode612', 'barang612', '-', 10, 'PCS', 'noimage.jpg', 12342, 'nonaktif', '2020-07-19 04:17:18', '2020-07-19 04:17:55', 2, 2, 1, 1, 9198),
(30, 'after insert', 11, 'Kode612', 'barang612', '-', 10, 'PCS', 'noimage.jpg', 1234, 'AKTIF', '2020-07-19 04:33:56', '2020-07-19 04:33:56', 2, 2, 1, 1, 9199),
(31, 'after update', 11, 'Kode6122', 'barang6122', '-', 10, 'PCS', 'noimage.jpg', 1234, 'AKTIF', '2020-07-19 04:33:56', '2020-07-19 04:36:38', 2, 2, 1, 1, 9200),
(32, 'after update', 11, 'Kode', 'barang', '-', 10, 'PCS', 'noimage.jpg', 1234, 'AKTIF', '2020-07-19 04:33:56', '2020-07-19 04:37:20', 2, 2, 1, 1, 9201),
(33, 'after update', 11, 'Kode9', 'barang9', '-', 10, 'PCS', 'noimage.jpg', 1234, 'AKTIF', '2020-07-19 04:33:56', '2020-07-19 04:37:45', 2, 2, 1, 1, 9202),
(34, 'after update', 11, 'Kode91', 'barang91', '-', 10, 'PCS', 'noimage.jpg', 1234, 'AKTIF', '2020-07-19 04:33:56', '2020-07-19 04:38:50', 2, 2, 1, 1, 9203),
(35, 'after update', 11, 'Kode91', 'barang91', '-', 10, 'PCS', 'noimage.jpg', 1234, 'AKTIF', '2020-07-19 04:33:56', '2020-07-19 04:39:30', 2, 2, 1, 1, 9204),
(36, 'after delete', 11, 'Kode91', 'barang91', '-', 10, 'PCS', 'noimage.jpg', 1234, 'nonaktif', '2020-07-19 04:33:56', '2020-07-19 04:40:15', 2, 2, 1, 1, 9205),
(37, 'after insert', 12, 'Kode612', 'barang612', '-', 10, 'PCS', 'noimage.jpg', 1234, 'AKTIF', '2020-07-19 04:49:52', '2020-07-19 04:49:52', 2, 2, 1, 1, 9206),
(38, 'after update', 12, 'Kode6121', 'barang6121', '-', 10, 'PCS', 'noimage.jpg', 1234, 'AKTIF', '2020-07-19 04:49:52', '2020-07-19 04:50:03', 2, 2, 1, 1, 9207),
(39, 'after update', 12, 'Kode612', 'barang612', '-', 10, 'PCS', 'noimage.jpg', 1234, 'AKTIF', '2020-07-19 04:49:52', '2020-07-19 04:50:34', 2, 2, 1, 1, 9208),
(40, 'after update', 12, 'Kode612', 'barang612', '-', 10, 'PCS', 'noimage.jpg', 1234, 'AKTIF', '2020-07-19 04:49:52', '2020-07-19 04:51:32', 2, 2, 1, 1, 1),
(41, 'after update', 12, 'Kode612', 'barang612', '-', 10, 'PCS', 'noimage.jpg', 1234, 'AKTIF', '2020-07-19 04:49:52', '2020-07-19 04:52:05', 2, 2, 1, 1, 1),
(42, 'after update', 12, 'Kode61', 'barang61', '-', 10, 'PCS', 'noimage.jpg', 1234, 'AKTIF', '2020-07-19 04:49:52', '2020-07-19 04:52:21', 2, 2, 1, 1, 2),
(43, 'after delete', 12, 'Kode61', 'barang61', '-', 10, 'PCS', 'noimage.jpg', 1234, 'nonaktif', '2020-07-19 04:49:52', '2020-07-19 05:00:37', 2, 2, 1, 1, 3),
(44, 'after update', 2, 'Barang 23', 'Barang 23', '-', 10, 'Pcs', 'noimage.jpg', 10000, 'AKTIF', '2020-06-29 12:16:14', '2020-07-19 09:08:03', 1, 2, 2, 2, 4),
(45, 'after update', 2, 'Barang 23', 'Barang 23', '-', 10, 'Pcs', 'noimage.jpg', 10000, 'AKTIF', '2020-06-29 12:16:14', '2020-07-19 09:09:36', 1, 2, 2, 2, 5),
(46, 'after update', 2, 'Barang 234', 'Barang 234', '-', 10, 'Pcs', 'noimage.jpg', 10000, 'AKTIF', '2020-06-29 12:16:14', '2020-07-19 09:13:03', 1, 2, 2, 2, 6),
(47, 'after insert', 13, 'Kode 5', 'barang123', 'Keterangan', 123223, 'PCS', 'noimage.jpg', 1230000, 'AKTIF', '2020-07-23 09:19:57', '2020-07-23 09:19:57', 2, 2, 1, 1, 385),
(48, 'after insert', 14, 'kodetest', 'namatest', '-', 123.032, 'PCS', 'noimage.jpg', 1230, 'AKTIF', '2020-07-23 12:59:46', '2020-07-23 12:59:46', 2, 2, 1, 1, 386),
(49, 'after insert', 15, 'a', 'a', '-', 123.123, 'BALL-48', 'noimage.jpg', 1230, 'AKTIF', '2020-07-23 01:04:15', '2020-07-23 01:04:15', 2, 2, 1, 1, 387),
(50, 'after insert', 16, 'b', 'b', '-', 123123123, 'PCS', 'noimage.jpg', 1230000, 'AKTIF', '2020-07-23 01:05:53', '2020-07-23 01:05:53', 2, 2, 2, 3, 388),
(51, 'after update', 16, 'b', 'b', '-', 1.231, 'PCS', 'noimage.jpg', 12300, 'AKTIF', '2020-07-23 01:05:53', '2020-07-23 01:33:58', 2, 2, 2, 3, 389),
(52, 'after update', 13, 'Kode 5', 'barang1235', 'Keterangan', 1232235, 'PCS', 'noimage.jpg', 12300005, 'AKTIF', '2020-07-23 09:19:57', '2020-07-23 01:34:37', 2, 2, 1, 1, 390),
(53, 'after update', 15, 'a', 'a', '-', 1232300, 'BALL-48', 'noimage.jpg', 111111111, 'AKTIF', '2020-07-23 01:04:15', '2020-07-23 01:34:52', 2, 2, 1, 1, 391),
(54, 'after insert', 17, 'asdf', 'asdf', '123', 456456, 'LUSIN', 'barang_asdf.png', 456789, 'AKTIF', '2020-07-23 03:16:24', '2020-07-23 03:16:24', 2, 2, 2, 3, 392),
(55, 'after insert', 18, 'asfasdfasdfa', 'asdfasdfasdf', '-', 123123, 'LUSIN', 'barang_asfasdfasdfa.png', 123123, 'AKTIF', '2020-07-23 03:18:05', '2020-07-23 03:18:05', 2, 2, 1, 4, 395),
(56, 'after insert', 19, 'asdf', 'asdf', '123', 123, 'PCS', 'noimage.jpg', 123, 'AKTIF', '2020-07-23 03:20:10', '2020-07-23 03:20:10', 2, 2, 2, 2, 398),
(57, 'after insert', 20, 'asdf', 'asdf', 'sdfasdf', 213, 'PCS', 'noimage.jpg', 123, 'AKTIF', '2020-07-23 03:20:44', '2020-07-23 03:20:44', 2, 2, 1, 2, 399),
(58, 'after insert', 21, 'asdf', 'asfd', 'asdf', 123, 'BOX', 'noimage.jpg', 123, 'AKTIF', '2020-07-23 03:21:25', '2020-07-23 03:21:25', 2, 2, 7, 2, 400),
(59, 'after insert', 22, 'asdasdf', 'asdf', 'asdf', 123, 'PCS', 'noimage.jpg', 1234, 'AKTIF', '2020-07-23 03:22:45', '2020-07-23 03:22:45', 2, 2, 2, 1, 401),
(60, 'after insert', 23, 'adf', 'asdf', 'asdf', 123, 'PCS', 'barang_adf.png', 123, 'AKTIF', '2020-07-23 03:28:23', '2020-07-23 03:28:23', 2, 2, 1, 3, 402),
(61, 'after insert', 24, 'ffff', 'ffff', '-', 123123, 'PCS', 'barang_ffff.png', 123123123, 'AKTIF', '2020-07-23 04:50:11', '2020-07-23 04:50:11', 2, 2, 1, 2, 412);

-- --------------------------------------------------------

--
-- Table structure for table `mstr_barang_merk`
--

CREATE TABLE `mstr_barang_merk` (
  `id_pk_brg_merk` int(11) NOT NULL,
  `brg_merk_nama` varchar(100) DEFAULT NULL,
  `brg_merk_status` varchar(15) DEFAULT NULL,
  `brg_merk_create_date` datetime DEFAULT NULL,
  `brg_merk_last_modified` datetime DEFAULT NULL,
  `id_create_data` int(11) DEFAULT NULL,
  `id_last_modified` int(11) DEFAULT NULL
) ENGINE=MyISAM DEFAULT CHARSET=latin1;

--
-- Dumping data for table `mstr_barang_merk`
--

INSERT INTO `mstr_barang_merk` (`id_pk_brg_merk`, `brg_merk_nama`, `brg_merk_status`, `brg_merk_create_date`, `brg_merk_last_modified`, `id_create_data`, `id_last_modified`) VALUES
(1, 'MERK 1', 'AKTIF', '2020-06-22 08:03:15', '2020-06-22 08:03:15', 1, 1),
(2, 'MERK 2', 'AKTIF', '2020-06-22 08:03:23', '2020-06-22 08:03:23', 1, 1),
(3, 'MERK 3', 'AKTIF', '2020-06-22 08:03:32', '2020-06-22 08:03:32', 1, 1),
(4, 'MERK 31', 'AKTIF', '2020-06-22 10:37:14', '2020-06-22 11:09:15', 1, 1),
(5, 'MERK 12', 'AKTIF', '2020-06-22 10:39:16', '2020-06-22 11:09:04', 1, 1),
(6, 'MERK 13', 'AKTIF', '2020-06-22 10:39:37', '2020-06-22 11:09:08', 1, 1),
(7, 'MERK 5', 'AKTIF', '2020-06-22 05:14:55', '2020-06-22 05:14:55', 1, 1),
(8, 'MERK 4', 'AKTIF', '2020-06-29 12:16:32', '2020-06-29 12:16:32', 1, 1),
(9, 'Merk Kombinasi', 'AKTIF', '2020-06-29 12:17:37', '2020-06-29 12:17:37', 1, 1),
(10, 'abc', 'AKTIF', '2020-07-23 03:37:21', '2020-07-23 03:37:21', 2, 2),
(11, 'asdf', 'AKTIF', '2020-07-23 03:39:49', '2020-07-23 03:39:49', 2, 2),
(12, 'gege', 'AKTIF', '2020-07-23 03:50:17', '2020-07-23 03:50:17', 2, 2),
(13, 'test', 'AKTIF', '2020-07-23 03:53:41', '2020-07-23 03:53:41', 2, 2),
(14, 'hello', 'AKTIF', '2020-07-23 03:56:58', '2020-07-23 03:56:58', 2, 2),
(15, 'hore34', 'AKTIF', '2020-07-23 04:01:22', '2020-07-23 04:01:22', 2, 2);

--
-- Triggers `mstr_barang_merk`
--
DELIMITER $$
CREATE TRIGGER `trg_after_insert_barang_merk` AFTER INSERT ON `mstr_barang_merk` FOR EACH ROW begin
            set @id_user = new.id_last_modified;
            set @tgl_action = new.brg_merk_last_modified;
            set @log_text = concat(new.id_last_modified,' ','insert data at' , new.brg_merk_last_modified);
            call insert_log_all(@id_user,@tgl_action,@log_text,@id_log_all);
            
            insert into mstr_barang_merk_log(executed_function,id_pk_brg_merk,brg_merk_nama,brg_merk_status,brg_merk_create_date,brg_merk_last_modified,id_create_data,id_last_modified,id_log_all) values ('after insert',new.id_pk_brg_merk,new.brg_merk_nama,new.brg_merk_status,new.brg_merk_create_date,new.brg_merk_last_modified,new.id_create_data,new.id_last_modified,@id_log_all);
        end
$$
DELIMITER ;
DELIMITER $$
CREATE TRIGGER `trg_after_update_barang_merk` AFTER UPDATE ON `mstr_barang_merk` FOR EACH ROW begin
            set @id_user = new.id_last_modified;
            set @tgl_action = new.brg_merk_last_modified;
            set @log_text = concat(new.id_last_modified,' ','update data at' , new.brg_merk_last_modified);
            call insert_log_all(@id_user,@tgl_action,@log_text,@id_log_all);
            
            insert into mstr_barang_merk_log(executed_function,id_pk_brg_merk,brg_merk_nama,brg_merk_status,brg_merk_create_date,brg_merk_last_modified,id_create_data,id_last_modified,id_log_all) values ('after update',new.id_pk_brg_merk,new.brg_merk_nama,new.brg_merk_status,new.brg_merk_create_date,new.brg_merk_last_modified,new.id_create_data,new.id_last_modified,@id_log_all);
        end
$$
DELIMITER ;

-- --------------------------------------------------------

--
-- Table structure for table `mstr_barang_merk_log`
--

CREATE TABLE `mstr_barang_merk_log` (
  `id_pk_brg_merk_log` int(11) NOT NULL,
  `executed_function` varchar(30) DEFAULT NULL,
  `id_pk_brg_merk` int(11) DEFAULT NULL,
  `brg_merk_nama` varchar(100) DEFAULT NULL,
  `brg_merk_status` varchar(15) DEFAULT NULL,
  `brg_merk_create_date` datetime DEFAULT NULL,
  `brg_merk_last_modified` datetime DEFAULT NULL,
  `id_create_data` int(11) DEFAULT NULL,
  `id_last_modified` int(11) DEFAULT NULL,
  `id_log_all` int(11) DEFAULT NULL
) ENGINE=MyISAM DEFAULT CHARSET=latin1;

--
-- Dumping data for table `mstr_barang_merk_log`
--

INSERT INTO `mstr_barang_merk_log` (`id_pk_brg_merk_log`, `executed_function`, `id_pk_brg_merk`, `brg_merk_nama`, `brg_merk_status`, `brg_merk_create_date`, `brg_merk_last_modified`, `id_create_data`, `id_last_modified`, `id_log_all`) VALUES
(1, 'after insert', 1, 'MERK 1', 'AKTIF', '2020-06-22 08:03:15', '2020-06-22 08:03:15', 1, 1, 210),
(2, 'after insert', 2, 'MERK 2', 'AKTIF', '2020-06-22 08:03:23', '2020-06-22 08:03:23', 1, 1, 213),
(3, 'after insert', 3, 'MERK 3', 'AKTIF', '2020-06-22 08:03:32', '2020-06-22 08:03:32', 1, 1, 216),
(4, 'after insert', 4, 'MERK 3', 'AKTIF', '2020-06-22 10:37:14', '2020-06-22 10:37:14', 1, 1, 348),
(5, 'after insert', 5, 'MERK 1', 'AKTIF', '2020-06-22 10:39:16', '2020-06-22 10:39:16', 1, 1, 350),
(6, 'after insert', 6, 'MERK 1', 'AKTIF', '2020-06-22 10:39:37', '2020-06-22 10:39:37', 1, 1, 354),
(7, 'after update', 5, 'MERK 12', 'AKTIF', '2020-06-22 10:39:16', '2020-06-22 11:09:04', 1, 1, 392),
(8, 'after update', 6, 'MERK 13', 'AKTIF', '2020-06-22 10:39:37', '2020-06-22 11:09:08', 1, 1, 393),
(9, 'after update', 4, 'MERK 31', 'AKTIF', '2020-06-22 10:37:14', '2020-06-22 11:09:15', 1, 1, 394),
(10, 'after insert', 7, 'MERK 5', 'AKTIF', '2020-06-22 05:14:55', '2020-06-22 05:14:55', 1, 1, 599),
(11, 'after insert', 8, 'MERK 4', 'AKTIF', '2020-06-29 12:16:32', '2020-06-29 12:16:32', 1, 1, 1233),
(12, 'after insert', 9, 'Merk Kombinasi', 'AKTIF', '2020-06-29 12:17:37', '2020-06-29 12:17:37', 1, 1, 1237),
(13, 'after insert', 10, 'abc', 'AKTIF', '2020-07-23 03:37:21', '2020-07-23 03:37:21', 2, 2, 406),
(14, 'after insert', 11, 'asdf', 'AKTIF', '2020-07-23 03:39:49', '2020-07-23 03:39:49', 2, 2, 407),
(15, 'after insert', 12, 'gege', 'AKTIF', '2020-07-23 03:50:17', '2020-07-23 03:50:17', 2, 2, 408),
(16, 'after insert', 13, 'test', 'AKTIF', '2020-07-23 03:53:41', '2020-07-23 03:53:41', 2, 2, 409),
(17, 'after insert', 14, 'hello', 'AKTIF', '2020-07-23 03:56:58', '2020-07-23 03:56:58', 2, 2, 410),
(18, 'after insert', 15, 'hore34', 'AKTIF', '2020-07-23 04:01:22', '2020-07-23 04:01:22', 2, 2, 411);

-- --------------------------------------------------------

--
-- Table structure for table `mstr_cabang`
--

CREATE TABLE `mstr_cabang` (
  `id_pk_cabang` int(11) NOT NULL,
  `cabang_nama` varchar(50) DEFAULT NULL,
  `cabang_kode` varchar(50) DEFAULT NULL,
  `cabang_daerah` varchar(50) DEFAULT NULL,
  `cabang_kop_surat` varchar(100) DEFAULT NULL,
  `cabang_nonpkp` varchar(100) DEFAULT NULL,
  `cabang_pernyataan_rek` varchar(100) DEFAULT NULL,
  `cabang_notelp` varchar(30) DEFAULT NULL,
  `cabang_alamat` varchar(100) DEFAULT NULL,
  `cabang_status` varchar(15) DEFAULT NULL,
  `cabang_create_date` datetime DEFAULT NULL,
  `cabang_last_modified` datetime DEFAULT NULL,
  `id_create_data` int(11) DEFAULT NULL,
  `id_last_modified` int(11) DEFAULT NULL,
  `id_fk_toko` int(11) DEFAULT NULL
) ENGINE=InnoDB DEFAULT CHARSET=utf8mb4;

--
-- Dumping data for table `mstr_cabang`
--

INSERT INTO `mstr_cabang` (`id_pk_cabang`, `cabang_nama`, `cabang_kode`, `cabang_daerah`, `cabang_kop_surat`, `cabang_nonpkp`, `cabang_pernyataan_rek`, `cabang_notelp`, `cabang_alamat`, `cabang_status`, `cabang_create_date`, `cabang_last_modified`, `id_create_data`, `id_last_modified`, `id_fk_toko`) VALUES
(1, 'Cabang1', 'CBGKRC1', 'Karawaci23', 'Pendaftaran_SYNC_STUDY.png', 'Pendaftaran_SYNC_STUDY.png', 'Pendaftaran_SYNC_STUDY.png', '12342', 'karawaci2', 'AKTIF', '2020-07-02 10:10:14', '2020-07-11 10:45:50', 1, 1, 1),
(2, 'CABANG3', 'MSTRCABANG3', 'Kota2', 'granite_floor.jpg', 'Render3.png', 'Pendaftaran_SYNC_STUDY.png', '12345', 'Kota', 'AKTIF', '2020-07-03 07:14:26', '2020-07-17 02:53:22', 1, 2, 1),
(3, NULL, NULL, 'Cabang 1', 'noimage.jpg', 'noimage.jpg', 'noimage.jpg', '123456', 'Alamat ', 'AKTIF', '2020-07-06 09:24:50', '2020-07-06 09:24:50', 1, 1, 2),
(4, 'cabang2', 'CBG2', 'Pasar Baru', 'noimage.jpg', 'noimage.jpg', 'noimage.jpg', '-', '-', 'AKTIF', '2020-07-11 10:46:11', '2020-07-11 10:46:11', 1, 1, 1);

--
-- Triggers `mstr_cabang`
--
DELIMITER $$
CREATE TRIGGER `trg_after_insert_cabang` AFTER INSERT ON `mstr_cabang` FOR EACH ROW begin
            set @id_user = new.id_last_modified;
            set @tgl_action = new.cabang_last_modified;
            set @log_text = concat(new.id_last_modified,' ','insert data at' , new.cabang_last_modified);
            call insert_log_all(@id_user,@tgl_action,@log_text,@id_log_all);
            
            insert into mstr_cabang_log(executed_function,id_pk_cabang,cabang_nama,cabang_kode,cabang_daerah,cabang_kop_surat,cabang_nonpkp,cabang_pernyataan_rek,cabang_notelp,cabang_alamat,cabang_status,cabang_create_date,cabang_last_modified,id_create_data,id_last_modified,id_fk_toko,id_log_all) values ('after insert',new.id_pk_cabang,new.cabang_nama,new.cabang_kode,new.cabang_daerah,new.cabang_kop_surat,new.cabang_nonpkp,new.cabang_pernyataan_rek,new.cabang_notelp,new.cabang_alamat,new.cabang_status,new.cabang_create_date,new.cabang_last_modified,new.id_create_data,new.id_last_modified,new.id_fk_toko,@id_log_all);
        end
$$
DELIMITER ;

-- --------------------------------------------------------

--
-- Table structure for table `mstr_cabang_log`
--

CREATE TABLE `mstr_cabang_log` (
  `id_pk_cabang_log` int(11) NOT NULL,
  `executed_function` varchar(30) DEFAULT NULL,
  `id_pk_cabang` int(11) DEFAULT NULL,
  `cabang_nama` varchar(50) DEFAULT NULL,
  `cabang_kode` varchar(50) DEFAULT NULL,
  `cabang_daerah` varchar(50) DEFAULT NULL,
  `cabang_kop_surat` varchar(100) DEFAULT NULL,
  `cabang_nonpkp` varchar(100) DEFAULT NULL,
  `cabang_pernyataan_rek` varchar(100) DEFAULT NULL,
  `cabang_notelp` varchar(30) DEFAULT NULL,
  `cabang_alamat` varchar(100) DEFAULT NULL,
  `cabang_status` varchar(15) DEFAULT NULL,
  `cabang_create_date` datetime DEFAULT NULL,
  `cabang_last_modified` datetime DEFAULT NULL,
  `id_create_data` int(11) DEFAULT NULL,
  `id_last_modified` int(11) DEFAULT NULL,
  `id_fk_toko` int(11) DEFAULT NULL,
  `id_log_all` int(11) DEFAULT NULL
) ENGINE=InnoDB DEFAULT CHARSET=utf8mb4;

--
-- Dumping data for table `mstr_cabang_log`
--

INSERT INTO `mstr_cabang_log` (`id_pk_cabang_log`, `executed_function`, `id_pk_cabang`, `cabang_nama`, `cabang_kode`, `cabang_daerah`, `cabang_kop_surat`, `cabang_nonpkp`, `cabang_pernyataan_rek`, `cabang_notelp`, `cabang_alamat`, `cabang_status`, `cabang_create_date`, `cabang_last_modified`, `id_create_data`, `id_last_modified`, `id_fk_toko`, `id_log_all`) VALUES
(1, 'after insert', 1, NULL, NULL, 'Karawaci', 'IMG_5301.jpg', 'IMG_5301.jpg', 'IMG_5301.jpg', '1234', 'karawaci', 'AKTIF', '2020-07-02 10:10:14', '2020-07-02 10:10:14', 1, 1, 1, 1635),
(2, 'after update', 1, NULL, NULL, 'Karawaci2', 'Pendaftaran_SYNC_STUDY.png', 'Pendaftaran_SYNC_STUDY.png', 'Pendaftaran_SYNC_STUDY.png', '12342', 'karawaci2', 'AKTIF', '2020-07-02 10:10:14', '2020-07-02 10:10:56', 1, 1, 1, 1636),
(3, 'after insert', 2, NULL, NULL, 'Kota', 'noimage.jpg', 'noimage.jpg', 'noimage.jpg', '12345', 'Kota', 'AKTIF', '2020-07-03 07:14:26', '2020-07-03 07:14:26', 1, 1, 1, 1724),
(4, 'after update', 2, NULL, NULL, 'Kota', 'noimage.jpg', 'noimage.jpg', 'noimage.jpg', '12345', 'Kota', 'AKTIF', '2020-07-03 07:14:26', '2020-07-05 10:25:09', 1, 1, 1, 2047),
(5, 'after update', 2, NULL, NULL, 'Kotaa', 'noimage.jpg', 'noimage.jpg', 'noimage.jpg', '123451', 'Kotaa', 'AKTIF', '2020-07-03 07:14:26', '2020-07-05 10:25:20', 1, 1, 1, 2048),
(6, 'after update', 2, NULL, NULL, 'Kota', 'noimage.jpg', 'noimage.jpg', 'noimage.jpg', '12345', 'Kota', 'AKTIF', '2020-07-03 07:14:26', '2020-07-05 10:25:30', 1, 1, 1, 2049),
(7, 'after update', 2, NULL, NULL, 'Kota', 'Pendaftaran_SYNC_STUDY.png', 'Pendaftaran_SYNC_STUDY.png', 'Pendaftaran_SYNC_STUDY.png', '12345', 'Kota', 'AKTIF', '2020-07-03 07:14:26', '2020-07-05 10:25:44', 1, 1, 1, 2050),
(8, 'after update', 2, NULL, NULL, 'Kota2', 'Pendaftaran_SYNC_STUDY.png', 'Pendaftaran_SYNC_STUDY.png', 'Pendaftaran_SYNC_STUDY.png', '12345', 'Kota', 'AKTIF', '2020-07-03 07:14:26', '2020-07-06 09:22:42', 1, 1, 1, 3512),
(9, 'after insert', 3, NULL, NULL, 'Cabang 1', 'noimage.jpg', 'noimage.jpg', 'noimage.jpg', '123456', 'Alamat ', 'AKTIF', '2020-07-06 09:24:50', '2020-07-06 09:24:50', 1, 1, 2, 3513),
(10, 'after update', 1, NULL, NULL, 'Karawaci23', 'Pendaftaran_SYNC_STUDY.png', 'Pendaftaran_SYNC_STUDY.png', 'Pendaftaran_SYNC_STUDY.png', '12342', 'karawaci2', 'AKTIF', '2020-07-02 10:10:14', '2020-07-06 09:27:03', 1, 1, 1, 3514),
(11, 'after insert', 4, 'cabang2', 'CBG2', 'Pasar Baru', 'noimage.jpg', 'noimage.jpg', 'noimage.jpg', '-', '-', 'AKTIF', '2020-07-11 10:46:11', '2020-07-11 10:46:11', 1, 1, 1, 6054);

-- --------------------------------------------------------

--
-- Table structure for table `mstr_customer`
--

CREATE TABLE `mstr_customer` (
  `id_pk_cust` int(11) NOT NULL,
  `cust_name` varchar(100) DEFAULT NULL,
  `cust_no_npwp` varchar(100) DEFAULT NULL,
  `cust_foto_npwp` varchar(100) DEFAULT NULL,
  `cust_foto_kartu_nama` varchar(100) DEFAULT NULL,
  `cust_badan_usaha` varchar(100) DEFAULT NULL,
  `cust_no_rekening` varchar(100) DEFAULT NULL,
  `cust_suff` varchar(10) DEFAULT NULL,
  `cust_perusahaan` varchar(100) DEFAULT NULL,
  `cust_email` varchar(100) DEFAULT NULL,
  `cust_telp` varchar(30) DEFAULT NULL,
  `cust_hp` varchar(30) DEFAULT NULL,
  `cust_alamat` varchar(150) DEFAULT NULL,
  `cust_keterangan` varchar(150) DEFAULT NULL,
  `id_fk_toko` int(11) DEFAULT NULL,
  `cust_status` varchar(15) DEFAULT NULL,
  `cust_create_date` datetime DEFAULT NULL,
  `cust_last_modified` datetime DEFAULT NULL,
  `id_create_data` int(11) DEFAULT NULL,
  `id_last_modified` int(11) DEFAULT NULL
) ENGINE=InnoDB DEFAULT CHARSET=utf8mb4;

--
-- Dumping data for table `mstr_customer`
--

INSERT INTO `mstr_customer` (`id_pk_cust`, `cust_name`, `cust_no_npwp`, `cust_foto_npwp`, `cust_foto_kartu_nama`, `cust_badan_usaha`, `cust_no_rekening`, `cust_suff`, `cust_perusahaan`, `cust_email`, `cust_telp`, `cust_hp`, `cust_alamat`, `cust_keterangan`, `id_fk_toko`, `cust_status`, `cust_create_date`, `cust_last_modified`, `id_create_data`, `id_last_modified`) VALUES
(1, 'Joshua Natan2', '-2', 'Pendaftaran_SYNC_STUDY.png', 'Dating.png', 'CV', '-2', 'MR', 'ISupport2', 'joshuanatan.jn@gmail.com2', '1234562', '1234562', '-2', '-2', NULL, 'AKTIF', '2020-07-02 05:36:41', '2020-07-02 07:03:58', 1, 1),
(2, 'Joshua Natan', '-', 'academic_transcript11.jpg', 'academic_transcript21.jpg', 'Toko', '-', 'Tn', 'ISupport', 'joshuanatan.jn@gmail.com', '123456', '123456', '-', '-', NULL, 'AKTIF', '2020-07-02 05:39:25', '2020-07-02 05:39:25', 1, 1),
(3, 'Joshua Natan', '-', 'academic_transcript12.jpg', 'academic_transcript22.jpg', 'Toko', '-', 'Tn', 'ISupport', 'joshuanatan.jn@gmail.com', '123456', '123456', '-', '-', NULL, 'AKTIF', '2020-07-02 05:40:03', '2020-07-02 05:40:03', 1, 1),
(4, 'Joshua Natan', '-', 'academic_transcript13.jpg', 'academic_transcript2.jpg', 'Toko', '-', 'Tn', 'ISupport', 'joshuanatan.jn@gmail.com', '123456', '123456', '-', '-', NULL, 'AKTIF', '2020-07-02 05:40:45', '2020-07-02 05:40:45', 1, 1),
(5, 'asdf', '1234', '-', '-', 'Toko', '-', 'Tn', 'asdf', 'asdf@email.com', '1234', '1234', '-', 'asdf', NULL, 'AKTIF', '2020-07-02 07:30:05', '2020-07-02 07:30:05', 1, 1),
(6, 'a', '123', 'noimage.jpg', 'noimage.jpg', 'Toko', '-', 'Tn', 'a', 'a@email.com', '1', '1', '-', 'a', NULL, 'AKTIF', '2020-07-02 07:37:39', '2020-07-02 07:37:39', 1, 1),
(7, 'asdf', '123123', 'main.png', 'main.png', 'Toko', '123123', 'Tn', '23234', 'asdf@email.com', '123', '123', 'asdfasd', '-', NULL, 'AKTIF', '2020-07-23 04:51:00', '2020-07-23 04:51:00', 2, 2);

--
-- Triggers `mstr_customer`
--
DELIMITER $$
CREATE TRIGGER `trg_after_insert_customer` AFTER INSERT ON `mstr_customer` FOR EACH ROW begin
            set @id_user = new.id_last_modified;
            set @tgl_action = new.cust_last_modified;
            set @log_text = concat(new.id_last_modified,' ','insert data at ' , new.cust_last_modified);
            call insert_log_all(@id_user,@tgl_action,@log_text,@id_log_all);
            
            insert into mstr_customer_log(executed_function,id_pk_cust,cust_name,cust_no_npwp,cust_foto_npwp,cust_foto_kartu_nama,cust_badan_usaha,cust_no_rekening,cust_suff,cust_perusahaan,cust_email,cust_telp,cust_hp,cust_alamat,cust_keterangan,id_fk_toko,cust_status,cust_create_date,cust_last_modified,id_create_data,id_last_modified,id_log_all) values ('after insert',new.id_pk_cust,new.cust_name,new.cust_no_npwp,new.cust_foto_npwp,new.cust_foto_kartu_nama,new.cust_badan_usaha,new.cust_no_rekening,new.cust_suff,new.cust_perusahaan,new.cust_email,new.cust_telp,new.cust_hp,new.cust_alamat,new.cust_keterangan,new.id_fk_toko,new.cust_status,new.cust_create_date,new.cust_last_modified,new.id_create_data,new.id_last_modified,@id_log_all);
        end
$$
DELIMITER ;
DELIMITER $$
CREATE TRIGGER `trg_after_update_customer` AFTER UPDATE ON `mstr_customer` FOR EACH ROW begin
            set @id_user = new.id_last_modified;
            set @tgl_action = new.cust_last_modified;
            set @log_text = concat(new.id_last_modified,' ','update data at ' , new.cust_last_modified);
            call insert_log_all(@id_user,@tgl_action,@log_text,@id_log_all);
            
            insert into mstr_customer_log(executed_function,id_pk_cust,cust_name,cust_no_npwp,cust_foto_npwp,cust_foto_kartu_nama,cust_badan_usaha,cust_no_rekening,cust_suff,cust_perusahaan,cust_email,cust_telp,cust_hp,cust_alamat,cust_keterangan,id_fk_toko,cust_status,cust_create_date,cust_last_modified,id_create_data,id_last_modified,id_log_all) values ('after update',new.id_pk_cust,new.cust_name,new.cust_no_npwp,new.cust_foto_npwp,new.cust_foto_kartu_nama,new.cust_badan_usaha,new.cust_no_rekening,new.cust_suff,new.cust_perusahaan,new.cust_email,new.cust_telp,new.cust_hp,new.cust_alamat,new.cust_keterangan,new.id_fk_toko,new.cust_status,new.cust_create_date,new.cust_last_modified,new.id_create_data,new.id_last_modified,@id_log_all);
        end
$$
DELIMITER ;

-- --------------------------------------------------------

--
-- Table structure for table `mstr_customer_log`
--

CREATE TABLE `mstr_customer_log` (
  `id_pk_cust_log` int(11) NOT NULL,
  `executed_function` varchar(30) DEFAULT NULL,
  `id_pk_cust` int(11) DEFAULT NULL,
  `cust_name` varchar(100) DEFAULT NULL,
  `cust_no_npwp` varchar(100) DEFAULT NULL,
  `cust_foto_npwp` varchar(100) DEFAULT NULL,
  `cust_foto_kartu_nama` varchar(100) DEFAULT NULL,
  `cust_badan_usaha` varchar(100) DEFAULT NULL,
  `cust_no_rekening` varchar(100) DEFAULT NULL,
  `cust_suff` varchar(10) DEFAULT NULL,
  `cust_perusahaan` varchar(100) DEFAULT NULL,
  `cust_email` varchar(100) DEFAULT NULL,
  `cust_telp` varchar(30) DEFAULT NULL,
  `cust_hp` varchar(30) DEFAULT NULL,
  `cust_alamat` varchar(150) DEFAULT NULL,
  `cust_keterangan` varchar(150) DEFAULT NULL,
  `id_fk_toko` int(11) DEFAULT NULL,
  `cust_status` varchar(15) DEFAULT NULL,
  `cust_create_date` datetime DEFAULT NULL,
  `cust_last_modified` datetime DEFAULT NULL,
  `id_create_data` int(11) DEFAULT NULL,
  `id_last_modified` int(11) DEFAULT NULL,
  `id_log_all` int(11) DEFAULT NULL
) ENGINE=InnoDB DEFAULT CHARSET=utf8mb4;

--
-- Dumping data for table `mstr_customer_log`
--

INSERT INTO `mstr_customer_log` (`id_pk_cust_log`, `executed_function`, `id_pk_cust`, `cust_name`, `cust_no_npwp`, `cust_foto_npwp`, `cust_foto_kartu_nama`, `cust_badan_usaha`, `cust_no_rekening`, `cust_suff`, `cust_perusahaan`, `cust_email`, `cust_telp`, `cust_hp`, `cust_alamat`, `cust_keterangan`, `id_fk_toko`, `cust_status`, `cust_create_date`, `cust_last_modified`, `id_create_data`, `id_last_modified`, `id_log_all`) VALUES
(1, 'after insert', 1, 'Joshua Natan', '-', 'academic_transcript1.jpg', 'academic_transcript2.jpg', 'Toko', '-', 'Tn', 'ISupport', 'joshuanatan.jn@gmail.com', '123456', '123456', '-', '-', NULL, 'AKTIF', '2020-07-02 05:36:41', '2020-07-02 05:36:41', 1, 1, 1619),
(2, 'after insert', 2, 'Joshua Natan', '-', 'academic_transcript11.jpg', 'academic_transcript21.jpg', 'Toko', '-', 'Tn', 'ISupport', 'joshuanatan.jn@gmail.com', '123456', '123456', '-', '-', NULL, 'AKTIF', '2020-07-02 05:39:25', '2020-07-02 05:39:25', 1, 1, 1620),
(3, 'after insert', 3, 'Joshua Natan', '-', 'academic_transcript12.jpg', 'academic_transcript22.jpg', 'Toko', '-', 'Tn', 'ISupport', 'joshuanatan.jn@gmail.com', '123456', '123456', '-', '-', NULL, 'AKTIF', '2020-07-02 05:40:03', '2020-07-02 05:40:03', 1, 1, 1621),
(4, 'after insert', 4, 'Joshua Natan', '-', 'academic_transcript13.jpg', 'academic_transcript2.jpg', 'Toko', '-', 'Tn', 'ISupport', 'joshuanatan.jn@gmail.com', '123456', '123456', '-', '-', NULL, 'AKTIF', '2020-07-02 05:40:45', '2020-07-02 05:40:45', 1, 1, 1622),
(5, 'after update', 1, 'Joshua Natan2', '-2', 'academic_transcript1.jpg', 'academic_transcript2.jpg', 'CV', '-2', 'MR', 'ISupport2', 'joshuanatan.jn@gmail.com2', '1234562', '1234562', '-2', '-2', NULL, 'AKTIF', '2020-07-02 05:36:41', '2020-07-02 07:03:22', 1, 1, 1623),
(6, 'after update', 1, 'Joshua Natan2', '-2', 'Pendaftaran_SYNC_STUDY.png', 'Dating.png', 'CV', '-2', 'MR', 'ISupport2', 'joshuanatan.jn@gmail.com2', '1234562', '1234562', '-2', '-2', NULL, 'AKTIF', '2020-07-02 05:36:41', '2020-07-02 07:03:58', 1, 1, 1624),
(7, 'after insert', 5, 'asdf', '1234', '-', '-', 'Toko', '-', 'Tn', 'asdf', 'asdf@email.com', '1234', '1234', '-', 'asdf', NULL, 'AKTIF', '2020-07-02 07:30:05', '2020-07-02 07:30:05', 1, 1, 1625),
(8, 'after insert', 6, 'a', '123', 'noimage.jpg', 'noimage.jpg', 'Toko', '-', 'Tn', 'a', 'a@email.com', '1', '1', '-', 'a', NULL, 'AKTIF', '2020-07-02 07:37:39', '2020-07-02 07:37:39', 1, 1, 1626),
(9, 'after insert', 7, 'asdf', '123123', 'main.png', 'main.png', 'Toko', '123123', 'Tn', '23234', 'asdf@email.com', '123', '123', 'asdfasd', '-', NULL, 'AKTIF', '2020-07-23 04:51:00', '2020-07-23 04:51:00', 2, 2, 415);

-- --------------------------------------------------------

--
-- Table structure for table `mstr_employee`
--

CREATE TABLE `mstr_employee` (
  `id_pk_employee` int(11) NOT NULL,
  `emp_nama` varchar(400) DEFAULT NULL,
  `emp_npwp` varchar(25) DEFAULT NULL,
  `emp_ktp` varchar(20) DEFAULT NULL,
  `emp_hp` varchar(15) DEFAULT NULL,
  `emp_alamat` varchar(300) DEFAULT NULL,
  `emp_kode_pos` varchar(10) DEFAULT NULL,
  `emp_foto_npwp` varchar(50) DEFAULT NULL,
  `emp_foto_ktp` varchar(50) DEFAULT NULL,
  `emp_foto_lain` varchar(50) DEFAULT NULL,
  `emp_foto` varchar(50) DEFAULT NULL,
  `emp_gaji` int(11) DEFAULT NULL,
  `emp_startdate` datetime DEFAULT NULL,
  `emp_enddate` datetime DEFAULT NULL,
  `emp_rek` varchar(30) DEFAULT NULL,
  `emp_gender` varchar(6) DEFAULT NULL,
  `emp_suff` varchar(10) DEFAULT NULL,
  `emp_status` varchar(15) DEFAULT NULL,
  `id_fk_toko` int(11) DEFAULT NULL,
  `emp_create_date` datetime DEFAULT NULL,
  `emp_last_modified` datetime DEFAULT NULL,
  `id_create_data` int(11) DEFAULT NULL,
  `id_last_modified` int(11) DEFAULT NULL
) ENGINE=MyISAM DEFAULT CHARSET=latin1;

--
-- Dumping data for table `mstr_employee`
--

INSERT INTO `mstr_employee` (`id_pk_employee`, `emp_nama`, `emp_npwp`, `emp_ktp`, `emp_hp`, `emp_alamat`, `emp_kode_pos`, `emp_foto_npwp`, `emp_foto_ktp`, `emp_foto_lain`, `emp_foto`, `emp_gaji`, `emp_startdate`, `emp_enddate`, `emp_rek`, `emp_gender`, `emp_suff`, `emp_status`, `id_fk_toko`, `emp_create_date`, `emp_last_modified`, `id_create_data`, `id_last_modified`) VALUES
(1, 'Budi Pegawai', '98765432345678', '45678987654', '0865456754', 'jalan kamboja no 3 jakarta selatan', '34567', 'Screenshot_261.png', 'Screenshot_631.png', 'Screenshot_661.png', 'Screenshot_281.png', 6000000, '2019-08-01 00:00:00', '0000-00-00 00:00:00', '3456788', 'PRIA', 'MR', 'AKTIF', 1, '2020-06-22 10:45:26', '2020-06-22 10:45:26', 1, 1),
(2, 'Yane Pegawai', '567890', '876545678', '08765438888', 'jalan haha no 23 tangerang selatan', '87657', 'Screenshot_22.png', 'Screenshot_15.png', 'Screenshot_244.png', 'Screenshot_47.png', 7000000, '2020-01-01 00:00:00', '2020-06-15 00:00:00', '345678', 'WANITA', 'MRS', 'AKTIF', 1, '2020-06-22 10:55:19', '2020-06-22 10:55:19', 1, 1),
(3, 'Budi Pegawai Baru', NULL, NULL, NULL, NULL, NULL, NULL, NULL, NULL, NULL, NULL, NULL, NULL, NULL, NULL, NULL, NULL, NULL, NULL, NULL, NULL, NULL),
(4, 'Budi Pegawai Baru2', NULL, NULL, NULL, NULL, NULL, NULL, NULL, NULL, NULL, NULL, NULL, NULL, NULL, NULL, NULL, 'AKTIF', NULL, '2020-07-14 09:55:35', '2020-07-14 09:55:35', 1, 1),
(5, 'Budi Pegawai4', NULL, NULL, NULL, NULL, NULL, NULL, NULL, NULL, NULL, NULL, NULL, NULL, NULL, NULL, NULL, 'AKTIF', NULL, '2020-07-14 09:59:42', '2020-07-14 09:59:42', 1, 1),
(6, '123', '123', '123', '123', '123132', '123', 'main.png', 'main.png', 'main.png', 'main.png', 123, '1111-11-11 00:00:00', '1111-11-11 00:00:00', '123', 'WANITA', 'MR', 'AKTIF', 2, '2020-07-23 16:52:19', '2020-07-23 16:52:19', 2, 2);

--
-- Triggers `mstr_employee`
--
DELIMITER $$
CREATE TRIGGER `trg_after_insert_employee` AFTER INSERT ON `mstr_employee` FOR EACH ROW begin
            set @id_user = new.id_last_modified;
            set @tgl_action = new.emp_last_modified;
            set @log_text = concat(new.id_last_modified,' ','insert data at ' , new.emp_last_modified);
            call insert_log_all(@id_user,@tgl_action,@log_text,@id_log_all);
            
            insert into mstr_employee_log(executed_function,id_pk_employee,emp_nama,emp_npwp,emp_ktp,emp_hp,emp_alamat,emp_kode_pos,emp_foto_npwp,emp_foto_ktp,emp_foto_lain,emp_foto,emp_gaji,emp_startdate,emp_enddate,emp_rek,emp_gender,emp_suff,emp_status,id_fk_toko,emp_create_date,emp_last_modified,id_create_data,id_last_modified,id_log_all) values ('after insert',new.id_pk_employee,new.emp_nama,new.emp_npwp,new.emp_ktp,new.emp_hp,new.emp_alamat,new.emp_kode_pos,new.emp_foto_npwp,new.emp_foto_ktp,new.emp_foto_lain,new.emp_foto,new.emp_gaji,new.emp_startdate,new.emp_enddate,new.emp_rek,new.emp_gender,new.emp_suff,new.emp_status,new.id_fk_toko,new.emp_create_date,new.emp_last_modified,new.id_create_data,new.id_last_modified,@id_log_all);
        end
$$
DELIMITER ;
DELIMITER $$
CREATE TRIGGER `trg_after_update_employee` AFTER UPDATE ON `mstr_employee` FOR EACH ROW begin
            set @id_user = new.id_last_modified;
            set @tgl_action = new.emp_last_modified;
            set @log_text = concat(new.id_last_modified,' ','update data at ' , new.emp_last_modified);
            call insert_log_all(@id_user,@tgl_action,@log_text,@id_log_all);
            
            insert into mstr_employee_log(executed_function,id_pk_employee,emp_nama,emp_npwp,emp_ktp,emp_hp,emp_alamat,emp_kode_pos,emp_foto_npwp,emp_foto_ktp,emp_foto_lain,emp_foto,emp_gaji,emp_startdate,emp_enddate,emp_rek,emp_gender,emp_suff,emp_status,id_fk_toko,emp_create_date,emp_last_modified,id_create_data,id_last_modified,id_log_all) values ('after update',new.id_pk_employee,new.emp_nama,new.emp_npwp,new.emp_ktp,new.emp_hp,new.emp_alamat,new.emp_kode_pos,new.emp_foto_npwp,new.emp_foto_ktp,new.emp_foto_lain,new.emp_foto,new.emp_gaji,new.emp_startdate,new.emp_enddate,new.emp_rek,new.emp_gender,new.emp_suff,new.emp_status,new.id_fk_toko,new.emp_create_date,new.emp_last_modified,new.id_create_data,new.id_last_modified,@id_log_all);
        end
$$
DELIMITER ;

-- --------------------------------------------------------

--
-- Table structure for table `mstr_employee_log`
--

CREATE TABLE `mstr_employee_log` (
  `id_pk_employee_log` int(11) NOT NULL,
  `executed_function` varchar(40) DEFAULT NULL,
  `id_pk_employee` int(11) DEFAULT NULL,
  `emp_nama` varchar(400) DEFAULT NULL,
  `emp_npwp` varchar(25) DEFAULT NULL,
  `emp_ktp` varchar(20) DEFAULT NULL,
  `emp_hp` varchar(15) DEFAULT NULL,
  `emp_alamat` varchar(300) DEFAULT NULL,
  `emp_kode_pos` varchar(10) DEFAULT NULL,
  `emp_foto_npwp` varchar(50) DEFAULT NULL,
  `emp_foto_ktp` varchar(50) DEFAULT NULL,
  `emp_foto_lain` varchar(50) DEFAULT NULL,
  `emp_foto` varchar(50) DEFAULT NULL,
  `emp_gaji` int(11) DEFAULT NULL,
  `emp_startdate` datetime DEFAULT NULL,
  `emp_enddate` datetime DEFAULT NULL,
  `emp_rek` varchar(30) DEFAULT NULL,
  `emp_gender` varchar(6) DEFAULT NULL,
  `emp_suff` varchar(10) DEFAULT NULL,
  `emp_status` varchar(15) DEFAULT NULL,
  `id_fk_toko` int(11) DEFAULT NULL,
  `emp_create_date` datetime DEFAULT NULL,
  `emp_last_modified` datetime DEFAULT NULL,
  `id_create_data` int(11) DEFAULT NULL,
  `id_last_modified` int(11) DEFAULT NULL,
  `id_log_all` int(11) DEFAULT NULL
) ENGINE=MyISAM DEFAULT CHARSET=latin1;

--
-- Dumping data for table `mstr_employee_log`
--

INSERT INTO `mstr_employee_log` (`id_pk_employee_log`, `executed_function`, `id_pk_employee`, `emp_nama`, `emp_npwp`, `emp_ktp`, `emp_hp`, `emp_alamat`, `emp_kode_pos`, `emp_foto_npwp`, `emp_foto_ktp`, `emp_foto_lain`, `emp_foto`, `emp_gaji`, `emp_startdate`, `emp_enddate`, `emp_rek`, `emp_gender`, `emp_suff`, `emp_status`, `id_fk_toko`, `emp_create_date`, `emp_last_modified`, `id_create_data`, `id_last_modified`, `id_log_all`) VALUES
(1, 'after insert', 1, 'Budi Pegawai', '98765432345678', '45678987654', '0865456754', 'jalan kamboja no 3 jakarta selatan', '34567', 'Screenshot_261.png', 'Screenshot_631.png', 'Screenshot_661.png', 'Screenshot_281.png', 6000000, '2019-08-01 00:00:00', '0000-00-00 00:00:00', '3456788', 'PRIA', 'MR', 'AKTIF', 0, '2020-06-22 10:45:26', '2020-06-22 10:45:26', 1, 1, 360),
(2, 'after update', 1, 'Budi Pegawai', '98765432345678', '45678987654', '0865456754', 'jalan kamboja no 3 jakarta selatan', '34567', 'Screenshot_261.png', 'Screenshot_631.png', 'Screenshot_661.png', 'Screenshot_281.png', 6000000, '2019-08-01 00:00:00', '0000-00-00 00:00:00', '3456788', 'PRIA', 'MR', 'AKTIF', 1, '2020-06-22 10:45:26', '2020-06-22 10:45:26', 1, 1, 361),
(3, 'after insert', 2, 'Yane Pegawai', '567890', '876545678', '08765438888', 'jalan haha no 23 tangerang selatan', '87657', 'Screenshot_22.png', 'Screenshot_15.png', 'Screenshot_244.png', 'Screenshot_47.png', 7000000, '2020-01-01 00:00:00', '2020-06-15 00:00:00', '345678', 'WANITA', 'MRS', 'AKTIF', 1, '2020-06-22 10:55:19', '2020-06-22 10:55:19', 1, 1, 362),
(4, 'after insert', 3, 'Budi Pegawai Baru', NULL, NULL, NULL, NULL, NULL, NULL, NULL, NULL, NULL, NULL, NULL, NULL, NULL, NULL, NULL, NULL, NULL, NULL, NULL, NULL, NULL, 7141),
(5, 'after insert', 4, 'Budi Pegawai Baru2', NULL, NULL, NULL, NULL, NULL, NULL, NULL, NULL, NULL, NULL, NULL, NULL, NULL, NULL, NULL, 'AKTIF', NULL, '2020-07-14 09:55:35', '2020-07-14 09:55:35', 1, 1, 7143),
(6, 'after insert', 5, 'Budi Pegawai4', NULL, NULL, NULL, NULL, NULL, NULL, NULL, NULL, NULL, NULL, NULL, NULL, NULL, NULL, NULL, 'AKTIF', NULL, '2020-07-14 09:59:42', '2020-07-14 09:59:42', 1, 1, 7146),
(7, 'after insert', 6, '123', '123', '123', '123', '123132', '123', 'main.png', 'main.png', 'main.png', 'main.png', 123, '1111-11-11 00:00:00', '1111-11-11 00:00:00', '123', 'WANITA', 'MR', 'AKTIF', 2, '2020-07-23 16:52:19', '2020-07-23 16:52:19', 2, 2, 416);

-- --------------------------------------------------------

--
-- Table structure for table `mstr_jabatan`
--

CREATE TABLE `mstr_jabatan` (
  `id_pk_jabatan` int(11) NOT NULL,
  `jabatan_nama` varchar(100) DEFAULT NULL,
  `jabatan_status` varchar(15) DEFAULT NULL,
  `jabatan_create_date` datetime DEFAULT NULL,
  `jabatan_last_modified` datetime DEFAULT NULL,
  `id_create_data` int(11) DEFAULT NULL,
  `id_last_modified` int(11) DEFAULT NULL
) ENGINE=MyISAM DEFAULT CHARSET=latin1;

--
-- Dumping data for table `mstr_jabatan`
--

INSERT INTO `mstr_jabatan` (`id_pk_jabatan`, `jabatan_nama`, `jabatan_status`, `jabatan_create_date`, `jabatan_last_modified`, `id_create_data`, `id_last_modified`) VALUES
(1, 'admin', 'AKTIF', '2020-06-21 11:28:57', '2020-07-17 02:06:35', 1, 2),
(2, 'admin2', 'nonaktif', '2020-06-22 07:51:13', '2020-07-06 08:59:34', 1, 1),
(3, 'admin3', 'nonaktif', '2020-06-22 07:53:15', '2020-07-06 08:59:37', 1, 1),
(4, 'admin4', 'nonaktif', '2020-06-22 08:02:21', '2020-07-06 08:59:40', 1, 1);

--
-- Triggers `mstr_jabatan`
--
DELIMITER $$
CREATE TRIGGER `trg_after_insert_jabatan` AFTER INSERT ON `mstr_jabatan` FOR EACH ROW begin
            set @id_user = new.id_last_modified;
            set @tgl_action = new.jabatan_last_modified;
            set @log_text = concat(new.id_last_modified,' ','insert data at ' , new.jabatan_last_modified);
            call insert_log_all(@id_user,@tgl_action,@log_text,@id_log_all);
            
            insert into mstr_jabatan_log(executed_function,id_pk_jabatan,jabatan_nama,jabatan_status,jabatan_create_date,jabatan_last_modified,id_create_data,id_last_modified,id_log_all) values('after insert',new.id_pk_jabatan,new.jabatan_nama,new.jabatan_status,new.jabatan_create_date,new.jabatan_last_modified,new.id_create_data,new.id_last_modified,@id_log_all);

            /* insert new jabatan to all hak akses*/
            set @id_jabatan = new.id_pk_jabatan;
            insert into tbl_hak_akses(id_fk_jabatan,id_fk_menu,hak_akses_status,hak_akses_create_date,hak_akses_last_modified,id_create_data,id_last_modified)
            select @id_jabatan,id_pk_menu,'nonaktif',@tgl_action,@tgl_action,@id_user,@id_user from mstr_menu;
        end
$$
DELIMITER ;
DELIMITER $$
CREATE TRIGGER `trg_after_update_jabatan` AFTER UPDATE ON `mstr_jabatan` FOR EACH ROW begin
            set @id_user = new.id_last_modified;
            set @tgl_action = new.jabatan_last_modified;
            set @log_text = concat(new.id_last_modified,' ','update data at ' , new.jabatan_last_modified);
            call insert_log_all(@id_user,@tgl_action,@log_text,@id_log_all);
            
            insert into mstr_jabatan_log(executed_function,id_pk_jabatan,jabatan_nama,jabatan_status,jabatan_create_date,jabatan_last_modified,id_create_data,id_last_modified,id_log_all) values('after update',new.id_pk_jabatan,new.jabatan_nama,new.jabatan_status,new.jabatan_create_date,new.jabatan_last_modified,new.id_create_data,new.id_last_modified,@id_log_all);
        end
$$
DELIMITER ;

-- --------------------------------------------------------

--
-- Table structure for table `mstr_jabatan_log`
--

CREATE TABLE `mstr_jabatan_log` (
  `id_pk_jabatan_log` int(11) NOT NULL,
  `executed_function` varchar(30) DEFAULT NULL,
  `id_pk_jabatan` int(11) DEFAULT NULL,
  `jabatan_nama` varchar(100) DEFAULT NULL,
  `jabatan_status` varchar(15) DEFAULT NULL,
  `jabatan_create_date` datetime DEFAULT NULL,
  `jabatan_last_modified` datetime DEFAULT NULL,
  `id_create_data` int(11) DEFAULT NULL,
  `id_last_modified` int(11) DEFAULT NULL,
  `id_log_all` int(11) DEFAULT NULL
) ENGINE=MyISAM DEFAULT CHARSET=latin1;

--
-- Dumping data for table `mstr_jabatan_log`
--

INSERT INTO `mstr_jabatan_log` (`id_pk_jabatan_log`, `executed_function`, `id_pk_jabatan`, `jabatan_nama`, `jabatan_status`, `jabatan_create_date`, `jabatan_last_modified`, `id_create_data`, `id_last_modified`, `id_log_all`) VALUES
(1, 'after insert', 1, 'admin', 'AKTIF', '2020-06-21 11:28:57', '2020-06-21 11:28:57', 1, 1, 5),
(2, 'after update', 1, 'admin', 'AKTIF', '2020-06-21 11:28:57', '2020-06-21 11:29:04', 1, 1, 8),
(3, 'after update', 1, 'admin', 'AKTIF', '2020-06-21 11:28:57', '2020-06-21 11:42:53', 1, 1, 48),
(4, 'after update', 1, 'admin', 'AKTIF', '2020-06-21 11:28:57', '2020-06-22 07:50:39', 1, 1, 98),
(5, 'after insert', 2, 'admin2', 'AKTIF', '2020-06-22 07:51:13', '2020-06-22 07:51:13', 1, 1, 140),
(6, 'after update', 2, 'admin2', 'AKTIF', '2020-06-22 07:51:13', '2020-06-22 07:51:42', 1, 1, 162),
(7, 'after insert', 3, 'admin3', 'AKTIF', '2020-06-22 07:53:15', '2020-06-22 07:53:15', 1, 1, 163),
(8, 'after insert', 4, 'admin4', 'AKTIF', '2020-06-22 08:02:21', '2020-06-22 08:02:21', 1, 1, 185),
(9, 'after update', 1, 'admin', 'AKTIF', '2020-06-21 11:28:57', '2020-06-22 12:33:02', 1, 1, 448),
(10, 'after update', 1, 'admin', 'AKTIF', '2020-06-21 11:28:57', '2020-06-22 02:55:01', 1, 1, 512),
(11, 'after update', 2, 'admin2', 'AKTIF', '2020-06-22 07:51:13', '2020-06-22 05:09:47', 1, 1, 571),
(12, 'after update', 2, 'admin2', 'AKTIF', '2020-06-22 07:51:13', '2020-06-22 05:24:03', 1, 1, 613),
(13, 'after update', 1, 'admin', 'AKTIF', '2020-06-21 11:28:57', '2020-06-22 06:10:43', 1, 1, 771),
(14, 'after update', 1, 'admin', 'AKTIF', '2020-06-21 11:28:57', '2020-06-26 10:14:31', 1, 1, 1108),
(15, 'after update', 1, 'admin', 'AKTIF', '2020-06-21 11:28:57', '2020-06-27 07:49:21', 1, 1, 1160),
(16, 'after update', 1, 'admin', 'AKTIF', '2020-06-21 11:28:57', '2020-06-30 09:26:57', 1, 1, 1420),
(17, 'after update', 1, 'admin', 'AKTIF', '2020-06-21 11:28:57', '2020-07-02 11:03:48', 1, 1, 1642),
(18, 'after update', 1, 'admin', 'AKTIF', '2020-06-21 11:28:57', '2020-07-06 08:51:37', 1, 1, 2065),
(19, 'after update', 1, 'admin', 'AKTIF', '2020-06-21 11:28:57', '2020-07-06 08:51:50', 1, 1, 2120),
(20, 'after update', 1, 'admin', 'AKTIF', '2020-06-21 11:28:57', '2020-07-06 08:51:56', 1, 1, 2174),
(21, 'after update', 1, 'admin', 'AKTIF', '2020-06-21 11:28:57', '2020-07-06 08:59:05', 1, 1, 2229),
(22, 'after update', 1, 'admin', 'AKTIF', '2020-06-21 11:28:57', '2020-07-06 08:59:26', 1, 1, 2283),
(23, 'after update', 2, 'admin2', 'nonaktif', '2020-06-22 07:51:13', '2020-07-06 08:59:34', 1, 1, 2338),
(24, 'after update', 3, 'admin3', 'nonaktif', '2020-06-22 07:53:15', '2020-07-06 08:59:37', 1, 1, 2339),
(25, 'after update', 4, 'admin4', 'nonaktif', '2020-06-22 08:02:21', '2020-07-06 08:59:40', 1, 1, 2340),
(26, 'after update', 1, 'admin', 'AKTIF', '2020-06-21 11:28:57', '2020-07-06 08:59:43', 1, 1, 2341),
(27, 'after update', 1, 'admin', 'AKTIF', '2020-06-21 11:28:57', '2020-07-06 08:59:58', 1, 1, 2395),
(28, 'after update', 1, 'admin', 'AKTIF', '2020-06-21 11:28:57', '2020-07-06 09:00:06', 1, 1, 2450),
(29, 'after update', 1, 'admin', 'AKTIF', '2020-06-21 11:28:57', '2020-07-06 09:00:15', 1, 1, 2504),
(30, 'after update', 1, 'admin', 'AKTIF', '2020-06-21 11:28:57', '2020-07-06 09:00:23', 1, 1, 2559),
(31, 'after update', 1, 'admin', 'AKTIF', '2020-06-21 11:28:57', '2020-07-06 09:00:58', 1, 1, 2613),
(32, 'after update', 1, 'admin', 'AKTIF', '2020-06-21 11:28:57', '2020-07-06 09:04:06', 1, 1, 2668),
(33, 'after update', 1, 'admin', 'AKTIF', '2020-06-21 11:28:57', '2020-07-06 09:05:48', 1, 1, 2722),
(34, 'after update', 1, 'admin', 'AKTIF', '2020-06-21 11:28:57', '2020-07-06 09:05:57', 1, 1, 2777),
(35, 'after update', 1, 'admin', 'AKTIF', '2020-06-21 11:28:57', '2020-07-06 09:06:26', 1, 1, 2831),
(36, 'after update', 1, 'admin', 'AKTIF', '2020-06-21 11:28:57', '2020-07-06 09:06:32', 1, 1, 2886),
(37, 'after update', 1, 'admin', 'AKTIF', '2020-06-21 11:28:57', '2020-07-06 09:06:51', 1, 1, 2940),
(38, 'after update', 1, 'admin', 'AKTIF', '2020-06-21 11:28:57', '2020-07-06 09:06:57', 1, 1, 2995),
(39, 'after update', 1, 'admin', 'AKTIF', '2020-06-21 11:28:57', '2020-07-06 09:09:07', 1, 1, 3049),
(40, 'after update', 1, 'admin', 'AKTIF', '2020-06-21 11:28:57', '2020-07-06 09:09:20', 1, 1, 3102),
(41, 'after update', 1, 'admin', 'AKTIF', '2020-06-21 11:28:57', '2020-07-06 09:09:52', 1, 1, 3156),
(42, 'after update', 1, 'admin', 'AKTIF', '2020-06-21 11:28:57', '2020-07-06 09:10:10', 1, 1, 3211),
(43, 'after update', 1, 'admin', 'AKTIF', '2020-06-21 11:28:57', '2020-07-06 09:13:14', 1, 1, 3270),
(44, 'after update', 1, 'admin', 'AKTIF', '2020-06-21 11:28:57', '2020-07-06 09:13:57', 1, 1, 3327),
(45, 'after update', 1, 'admin', 'AKTIF', '2020-06-21 11:28:57', '2020-07-06 09:14:01', 1, 1, 3383),
(46, 'after update', 1, 'admin', 'AKTIF', '2020-06-21 11:28:57', '2020-07-06 09:15:32', 1, 1, 3445),
(47, 'after update', 1, 'admin', 'AKTIF', '2020-06-21 11:28:57', '2020-07-06 09:44:02', 1, 1, 3591),
(48, 'after update', 1, 'admin', 'AKTIF', '2020-06-21 11:28:57', '2020-07-06 09:59:42', 1, 1, 3663),
(49, 'after update', 1, 'admin', 'AKTIF', '2020-06-21 11:28:57', '2020-07-06 09:59:57', 1, 1, 3726),
(50, 'after update', 1, 'admin', 'AKTIF', '2020-06-21 11:28:57', '2020-07-07 10:38:54', 1, 1, 4947),
(51, 'after update', 1, 'admin', 'AKTIF', '2020-06-21 11:28:57', '2020-07-10 09:49:58', 1, 1, 5976),
(52, 'after update', 1, 'admin', 'AKTIF', '2020-06-21 11:28:57', '2020-07-14 11:31:17', 1, 1, 7056),
(53, 'after update', 1, 'admin', 'AKTIF', '2020-06-21 11:28:57', '2020-07-15 08:21:05', 1, 2, 7188),
(54, 'after update', 1, 'admin', 'AKTIF', '2020-06-21 11:28:57', '2020-07-17 02:06:35', 1, 2, 7487);

-- --------------------------------------------------------

--
-- Table structure for table `mstr_marketplace`
--

CREATE TABLE `mstr_marketplace` (
  `id_pk_marketplace` int(11) NOT NULL,
  `marketplace_nama` varchar(100) DEFAULT NULL,
  `marketplace_ket` varchar(200) DEFAULT NULL,
  `marketplace_biaya` int(11) DEFAULT NULL,
  `marketplace_status` varchar(15) DEFAULT NULL,
  `marketplace_create_date` datetime DEFAULT NULL,
  `marketplace_last_modified` datetime DEFAULT NULL,
  `id_create_data` int(11) DEFAULT NULL,
  `id_last_modified` int(11) DEFAULT NULL
) ENGINE=InnoDB DEFAULT CHARSET=utf8mb4;

--
-- Dumping data for table `mstr_marketplace`
--

INSERT INTO `mstr_marketplace` (`id_pk_marketplace`, `marketplace_nama`, `marketplace_ket`, `marketplace_biaya`, `marketplace_status`, `marketplace_create_date`, `marketplace_last_modified`, `id_create_data`, `id_last_modified`) VALUES
(1, 'Tokopedia', '-', 50, 'aktif', '2020-06-27 09:02:02', '2020-06-27 09:20:39', 1, 1),
(2, 'Shopee', '-', 40, 'AKTIF', '2020-06-27 11:07:26', '2020-06-27 11:07:26', 1, 1),
(3, 'asdf', 'asdf', 123, 'AKTIF', '2020-07-23 04:53:22', '2020-07-23 04:53:22', 2, 2);

--
-- Triggers `mstr_marketplace`
--
DELIMITER $$
CREATE TRIGGER `trg_after_insert_marketplace` AFTER INSERT ON `mstr_marketplace` FOR EACH ROW begin
            set @id_user = new.id_last_modified;
            set @tgl_action = new.marketplace_last_modified;
            set @log_text = concat(new.id_last_modified,' ','insert data at' , new.marketplace_last_modified);
            call insert_log_all(@id_user,@tgl_action,@log_text,@id_log_all);
            
            insert into mstr_marketplace_log(executed_function,
            id_pk_marketplace,marketplace_nama,marketplace_ket,marketplace_biaya,marketplace_status,marketplace_create_date,marketplace_last_modified,id_create_data,id_last_modified,id_log_all) values ('after insert',new.id_pk_marketplace,new.marketplace_nama,new.marketplace_ket,new.marketplace_biaya,new.marketplace_status,new.marketplace_create_date,new.marketplace_last_modified,new.id_create_data,new.id_last_modified,@id_log_all);
        end
$$
DELIMITER ;
DELIMITER $$
CREATE TRIGGER `trg_after_update_marketplace` AFTER UPDATE ON `mstr_marketplace` FOR EACH ROW begin
            set @id_user = new.id_last_modified;
            set @tgl_action = new.marketplace_last_modified;
            set @log_text = concat(new.id_last_modified,' ','update data at' , new.marketplace_last_modified);
            call insert_log_all(@id_user,@tgl_action,@log_text,@id_log_all);
            
            insert into mstr_marketplace_log(executed_function,
            id_pk_marketplace,marketplace_nama,marketplace_ket,marketplace_biaya,marketplace_status,marketplace_create_date,marketplace_last_modified,id_create_data,id_last_modified,id_log_all) values ('after update',new.id_pk_marketplace,new.marketplace_nama,new.marketplace_ket,new.marketplace_biaya,new.marketplace_status,new.marketplace_create_date,new.marketplace_last_modified,new.id_create_data,new.id_last_modified,@id_log_all);
        end
$$
DELIMITER ;

-- --------------------------------------------------------

--
-- Table structure for table `mstr_marketplace_log`
--

CREATE TABLE `mstr_marketplace_log` (
  `id_pk_marketplace_log` int(11) NOT NULL,
  `executed_function` varchar(20) DEFAULT NULL,
  `id_pk_marketplace` int(11) DEFAULT NULL,
  `marketplace_nama` varchar(100) DEFAULT NULL,
  `marketplace_ket` varchar(200) DEFAULT NULL,
  `marketplace_biaya` int(11) DEFAULT NULL,
  `marketplace_status` varchar(15) DEFAULT NULL,
  `marketplace_create_date` datetime DEFAULT NULL,
  `marketplace_last_modified` datetime DEFAULT NULL,
  `id_create_data` int(11) DEFAULT NULL,
  `id_last_modified` int(11) DEFAULT NULL,
  `id_log_all` int(11) DEFAULT NULL
) ENGINE=InnoDB DEFAULT CHARSET=utf8mb4;

--
-- Dumping data for table `mstr_marketplace_log`
--

INSERT INTO `mstr_marketplace_log` (`id_pk_marketplace_log`, `executed_function`, `id_pk_marketplace`, `marketplace_nama`, `marketplace_ket`, `marketplace_biaya`, `marketplace_status`, `marketplace_create_date`, `marketplace_last_modified`, `id_create_data`, `id_last_modified`, `id_log_all`) VALUES
(1, 'after insert', 1, 'Tokopedia', '-', 40, 'AKTIF', '2020-06-27 09:02:02', '2020-06-27 09:02:02', 1, 1, 1209),
(2, 'after update', 1, 'Tokopedia2', '-', 40, 'AKTIF', '2020-06-27 09:02:02', '2020-06-27 09:19:09', 1, 1, 1210),
(3, 'after update', 1, 'Tokopedia', '-', 50, 'AKTIF', '2020-06-27 09:02:02', '2020-06-27 09:19:15', 1, 1, 1211),
(4, 'after update', 1, 'Tokopedia', '-', 50, 'nonaktif', '2020-06-27 09:02:02', '2020-06-27 09:20:39', 1, 1, 1212),
(5, 'after update', 1, 'Tokopedia', '-', 50, 'aktif', '2020-06-27 09:02:02', '2020-06-27 09:20:39', 1, 1, 1213),
(6, 'after insert', 2, 'Shopee', '-', 40, 'AKTIF', '2020-06-27 11:07:26', '2020-06-27 11:07:26', 1, 1, 1219),
(7, 'after insert', 3, 'asdf', 'asdf', 123, 'AKTIF', '2020-07-23 04:53:22', '2020-07-23 04:53:22', 2, 2, 418);

-- --------------------------------------------------------

--
-- Table structure for table `mstr_menu`
--

CREATE TABLE `mstr_menu` (
  `id_pk_menu` int(11) NOT NULL,
  `menu_name` varchar(100) DEFAULT NULL,
  `menu_display` varchar(100) DEFAULT NULL,
  `menu_icon` varchar(100) DEFAULT NULL,
  `menu_category` varchar(100) DEFAULT NULL,
  `menu_status` varchar(15) DEFAULT NULL,
  `menu_create_date` datetime DEFAULT NULL,
  `menu_last_modified` datetime DEFAULT NULL,
  `id_create_data` int(11) DEFAULT NULL,
  `id_last_modified` int(11) DEFAULT NULL
) ENGINE=MyISAM DEFAULT CHARSET=latin1;

--
-- Dumping data for table `mstr_menu`
--

INSERT INTO `mstr_menu` (`id_pk_menu`, `menu_name`, `menu_display`, `menu_icon`, `menu_category`, `menu_status`, `menu_create_date`, `menu_last_modified`, `id_create_data`, `id_last_modified`) VALUES
(1, 'menu', 'Menu', 'menu', 'GENERAL', 'AKTIF', '2020-06-21 11:27:06', '2020-07-24 08:07:10', 1, 2),
(2, 'roles', 'Role & Hak Akses', 'key', 'GENERAL', 'AKTIF', '2020-06-21 11:28:42', '2020-07-24 08:12:03', 1, 2),
(3, 'barang', 'Barang', 'storage', 'GENERAL', 'AKTIF', '2020-06-21 11:38:11', '2020-07-24 08:02:19', 1, 2),
(4, 'barang_jenis', 'Jenis Barang', 'bookmark', 'GENERAL', 'AKTIF', '2020-06-21 11:38:23', '2020-07-24 08:05:35', 1, 2),
(5, 'barang_merk', 'Merk Barang', 'tag', 'GENERAL', 'AKTIF', '2020-06-21 11:38:35', '2020-07-24 08:07:19', 1, 2),
(6, 'customer', 'Customer', 'globe', 'GENERAL', 'AKTIF', '2020-06-21 11:38:44', '2020-07-24 08:03:36', 1, 2),
(7, 'employee', 'Employee', 'assignment-account', 'GENERAL', 'AKTIF', '2020-06-21 11:38:54', '2020-07-24 08:05:19', 1, 2),
(8, 'pembelian', 'Pembelian Cabang', 'shopping-cart', 'CABANG', 'AKTIF', '2020-06-21 11:39:36', '2020-07-24 08:03:03', 1, 2),
(9, 'penerimaan/cabang', 'Penerimaan Cabang', 'assignment-return', 'CABANG', 'AKTIF', '2020-06-21 11:40:07', '2020-07-24 08:08:45', 1, 2),
(10, 'pengiriman/cabang', 'Pengiriman Cabang', 'truck', 'CABANG', 'AKTIF', '2020-06-21 11:40:52', '2020-07-24 08:08:18', 1, 2),
(11, 'pengiriman/permintaan_gudang', 'Pengiriman Permintaan', 'truck', 'GUDANG', 'AKTIF', '2020-06-21 11:41:04', '2020-07-24 08:08:21', 1, 2),
(12, 'penjualan', 'Penjualan Cabang', 'label-heart', 'CABANG', 'AKTIF', '2020-06-21 11:41:23', '2020-07-24 08:10:41', 1, 2),
(13, 'permintaan', 'Permintaan Cabang', 'assignment-alert', 'CABANG', 'AKTIF', '2020-06-21 11:41:33', '2020-07-24 08:11:16', 1, 2),
(14, 'retur', 'Retur Cabang', 'layers-off', 'CABANG', 'AKTIF', '2020-06-21 11:41:42', '2020-07-24 08:11:43', 1, 2),
(15, 'satuan', 'Satuan', 'edit', 'GENERAL', 'AKTIF', '2020-06-21 11:41:58', '2020-07-02 10:04:35', 1, 1),
(16, 'supplier', 'Supplier', 'gas-station', 'GENERAL', 'AKTIF', '2020-06-21 11:42:07', '2020-07-24 08:15:20', 1, 2),
(17, 'toko', 'Toko', 'store-24', 'GENERAL', 'AKTIF', '2020-06-21 11:42:16', '2020-07-24 08:04:29', 1, 2),
(18, 'user', 'User', 'library', 'GENERAL', 'AKTIF', '2020-06-21 11:42:28', '2020-07-24 08:15:59', 1, 2),
(19, 'warehouse', 'Warehouse', 'city-alt', 'GENERAL', 'AKTIF', '2020-06-21 11:42:37', '2020-07-24 08:16:20', 1, 2),
(20, 'toko/brg_cabang', 'STOK CABANG', 'edit', 'CABANG', 'nonaktif', '2020-06-22 12:12:04', '2020-06-22 02:52:25', 1, 1),
(21, 'toko/brg_cabang', 'Stok Cabang', 'dns', 'CABANG', 'AKTIF', '2020-06-22 07:50:23', '2020-07-24 08:13:50', 1, 2),
(22, 'pemenuhan/cabang', 'PEMENUHAN CABANG', 'edit', 'CABANG', 'nonaktif', '2020-06-22 12:32:52', '2020-06-22 02:52:08', 1, 1),
(23, 'penerimaan/gudang', 'Penerimaan Gudang', 'assignment-return', 'GUDANG', 'AKTIF', '2020-06-22 06:10:33', '2020-07-24 08:08:47', 1, 2),
(24, 'pengiriman/permintaan', 'Pengiriman Permintaan', 'truck', 'CABANG', 'AKTIF', '2020-06-26 10:07:22', '2020-07-24 08:08:24', 1, 2),
(25, 'marketplace', 'Marketplace', 'globe', 'GENERAL', 'AKTIF', '2020-06-27 07:36:59', '2020-07-24 08:06:54', 1, 2),
(26, 'penerimaan/permintaan', 'Penerimaan Permintaan', 'assignment-return', 'CABANG', 'AKTIF', '2020-06-30 09:26:26', '2020-07-24 08:08:50', 1, 2),
(27, 'retur/konfirmasi', 'Konfirmasi Retur', 'assignment-check', 'CABANG', 'AKTIF', '2020-07-02 11:03:30', '2020-07-24 08:06:08', 1, 2),
(28, 'toko/cabang_toko', 'Daftar Cabang', 'store', 'TOKO', 'AKTIF', '2020-07-06 08:49:56', '2020-07-24 08:04:41', 1, 2),
(29, 'toko/dashboard_toko', 'Dashboard Toko', 'chart', 'TOKO', 'AKTIF', '2020-07-06 09:13:00', '2020-07-24 08:05:00', 1, 2),
(30, 'toko/dashboard_cabang', 'Dashboard Cabang', 'chart', 'CABANG', 'AKTIF', '2020-07-06 09:15:25', '2020-07-24 08:04:54', 1, 2),
(31, 'warehouse/dashboard_gudang', 'Dashboard Gudang', 'chart', 'GUDANG', 'AKTIF', '2020-07-06 09:43:54', '2020-07-24 08:04:57', 1, 2),
(32, 'warehouse/brg_warehouse', 'Stok Gudang', 'dns', 'GUDANG', 'AKTIF', '2020-07-06 09:59:33', '2020-07-24 08:13:53', 1, 2),
(33, 'permintaan/lain_gudang', 'Permintaan Barang', 'assignment-alert', 'GUDANG', 'AKTIF', '2020-07-07 10:38:41', '2020-07-24 08:11:13', 1, 2),
(34, 'penawaran', 'Penawaran', 'email', 'CABANG', 'AKTIF', '2020-07-10 09:45:16', '2020-07-24 08:07:55', 1, 2),
(35, 'toko/pengaturan_cabang', 'Pengaturan Cabang', 'settings', 'CABANG', 'AKTIF', '2020-07-14 11:28:08', '2020-07-24 08:09:15', 1, 2),
(36, 'toko/pengaturan_toko', 'Pengaturan Toko', 'settings', 'TOKO', 'AKTIF', '2020-07-14 11:29:16', '2020-07-24 08:09:20', 1, 2),
(37, 'warehouse/pengaturan_wareouse', 'Pengaturan Gudang', 'settings', 'GUDANG', 'AKTIF', '2020-07-14 11:29:41', '2020-07-24 08:09:17', 1, 2),
(38, 'barang/katalog', 'Katalog', 'collection-item-5', 'GENERAL', 'AKTIF', '2020-07-15 08:20:40', '2020-07-24 08:05:49', 2, 2),
(39, 'toko/katalog', 'Katalog', 'collection-item-5', 'CABANG', 'AKTIF', '2020-07-15 08:20:56', '2020-07-24 08:05:56', 2, 2),
(40, 'log', 'Log Sistem', 'assignment', 'GENERAL', 'AKTIF', '2020-07-17 02:06:25', '2020-07-24 08:06:34', 2, 2);

--
-- Triggers `mstr_menu`
--
DELIMITER $$
CREATE TRIGGER `trg_after_insert_menu` AFTER INSERT ON `mstr_menu` FOR EACH ROW begin
            set @id_user = new.id_last_modified;
            set @tgl_action = new.menu_last_modified;
            set @log_text = concat(new.id_last_modified,' ','insert data at' , new.menu_last_modified);
            call insert_log_all(@id_user,@tgl_action,@log_text,@id_log_all);
            
            insert into mstr_menu_log(executed_function,id_pk_menu,menu_name,menu_display,menu_icon,menu_category,menu_status,menu_create_date,menu_last_modified,id_create_data,id_last_modified,id_log_all) values ('after insert',new.id_pk_menu,new.menu_name,new.menu_display,new.menu_icon,new.menu_category,new.menu_status,new.menu_create_date,new.menu_last_modified,new.id_create_data,new.id_last_modified,@id_log_all);
            
            /* insert new menu to all hak akses*/
            set @id_menu = new.id_pk_menu;
            insert into tbl_hak_akses(id_fk_jabatan,id_fk_menu,hak_akses_status,hak_akses_create_date,hak_akses_last_modified,id_create_data,id_last_modified)
            select id_pk_jabatan,@id_menu,'nonaktif',@tgl_action,@tgl_action,@id_user,@id_user from mstr_jabatan;
        end
$$
DELIMITER ;
DELIMITER $$
CREATE TRIGGER `trg_after_update_menu` AFTER UPDATE ON `mstr_menu` FOR EACH ROW begin
            set @id_user = new.id_last_modified;
            set @tgl_action = new.menu_last_modified;
            set @log_text = concat(new.id_last_modified,' ','update data at' , new.menu_last_modified);
            call insert_log_all(@id_user,@tgl_action,@log_text,@id_log_all);
            
            insert into mstr_menu_log(executed_function,id_pk_menu,menu_name,menu_display,menu_icon,menu_category,menu_status,menu_create_date,menu_last_modified,id_create_data,id_last_modified,id_log_all) values ('after update',new.id_pk_menu,new.menu_name,new.menu_display,new.menu_icon,new.menu_category,new.menu_status,new.menu_create_date,new.menu_last_modified,new.id_create_data,new.id_last_modified,@id_log_all);
        end
$$
DELIMITER ;

-- --------------------------------------------------------

--
-- Table structure for table `mstr_menu_log`
--

CREATE TABLE `mstr_menu_log` (
  `id_pk_menu_log` int(11) NOT NULL,
  `executed_function` varchar(30) DEFAULT NULL,
  `id_pk_menu` int(11) DEFAULT NULL,
  `menu_name` varchar(100) DEFAULT NULL,
  `menu_display` varchar(100) DEFAULT NULL,
  `menu_icon` varchar(100) DEFAULT NULL,
  `menu_category` varchar(100) DEFAULT NULL,
  `menu_status` varchar(15) DEFAULT NULL,
  `menu_create_date` datetime DEFAULT NULL,
  `menu_last_modified` datetime DEFAULT NULL,
  `id_create_data` int(11) DEFAULT NULL,
  `id_last_modified` int(11) DEFAULT NULL,
  `id_log_all` int(11) DEFAULT NULL
) ENGINE=MyISAM DEFAULT CHARSET=latin1;

--
-- Dumping data for table `mstr_menu_log`
--

INSERT INTO `mstr_menu_log` (`id_pk_menu_log`, `executed_function`, `id_pk_menu`, `menu_name`, `menu_display`, `menu_icon`, `menu_category`, `menu_status`, `menu_create_date`, `menu_last_modified`, `id_create_data`, `id_last_modified`, `id_log_all`) VALUES
(1, 'after insert', 1, 'menu', 'MENU', 'edit', 'GENERAL', 'AKTIF', '2020-06-21 11:27:06', '2020-06-21 11:27:06', 1, 1, 3),
(2, 'after insert', 2, 'role', 'ROLE', 'edit', 'GENERAL', 'AKTIF', '2020-06-21 11:28:42', '2020-06-21 11:28:42', 1, 1, 4),
(3, 'after insert', 3, 'barang', 'BARANG', 'edit', 'GENERAL', 'AKTIF', '2020-06-21 11:38:11', '2020-06-21 11:38:11', 1, 1, 13),
(4, 'after insert', 4, 'barang_jenis', 'JENIS BARANG', 'edit', 'GENERAL', 'AKTIF', '2020-06-21 11:38:23', '2020-06-21 11:38:23', 1, 1, 15),
(5, 'after insert', 5, 'barang_merk', 'MERK BARANG', 'edit', 'GENERAL', 'AKTIF', '2020-06-21 11:38:35', '2020-06-21 11:38:35', 1, 1, 17),
(6, 'after insert', 6, 'customer', 'CUSTOMER', 'edit', 'GENERAL', 'AKTIF', '2020-06-21 11:38:44', '2020-06-21 11:38:44', 1, 1, 19),
(7, 'after insert', 7, 'employee', 'EMPLOYEE', 'edit', 'GENERAL', 'AKTIF', '2020-06-21 11:38:54', '2020-06-21 11:38:54', 1, 1, 21),
(8, 'after insert', 8, 'pembelian', 'PEMBELIAN CABANG', 'edit', 'GENERAL', 'AKTIF', '2020-06-21 11:39:36', '2020-06-21 11:39:36', 1, 1, 23),
(9, 'after insert', 9, 'penerimaan/cabang', 'PENERIMAAN CABANG', 'edit', 'CABANG', 'AKTIF', '2020-06-21 11:40:07', '2020-06-21 11:40:07', 1, 1, 25),
(10, 'after update', 8, 'pembelian', 'PEMBELIAN CABANG', 'edit', 'CABANG', 'AKTIF', '2020-06-21 11:39:36', '2020-06-21 11:40:15', 1, 1, 27),
(11, 'after insert', 10, 'pengiriman/cabang', 'PENGIRIMAN CABANG', 'edit', 'CABANG', 'AKTIF', '2020-06-21 11:40:52', '2020-06-21 11:40:52', 1, 1, 28),
(12, 'after insert', 11, 'pengiriman/warehouse', 'PENGIRIMAN GUDANG', 'edit', 'GUDANG', 'AKTIF', '2020-06-21 11:41:04', '2020-06-21 11:41:04', 1, 1, 30),
(13, 'after insert', 12, 'penjualan', 'PENJUALAN CABANG', 'edit', 'CABANG', 'AKTIF', '2020-06-21 11:41:23', '2020-06-21 11:41:23', 1, 1, 32),
(14, 'after insert', 13, 'permintaan', 'PERMINTAAN CABANG', 'edit', 'CABANG', 'AKTIF', '2020-06-21 11:41:33', '2020-06-21 11:41:33', 1, 1, 34),
(15, 'after insert', 14, 'retur', 'RETUR CABANG', 'edit', 'CABANG', 'AKTIF', '2020-06-21 11:41:42', '2020-06-21 11:41:42', 1, 1, 36),
(16, 'after insert', 15, 'satuan', 'SATUAN', 'edit', 'GENERAL', 'AKTIF', '2020-06-21 11:41:58', '2020-06-21 11:41:58', 1, 1, 38),
(17, 'after insert', 16, 'supplier', 'SUPPLIER', 'edit', 'GENERAL', 'AKTIF', '2020-06-21 11:42:07', '2020-06-21 11:42:07', 1, 1, 40),
(18, 'after insert', 17, 'toko', 'TOKO', 'edit', 'GENERAL', 'AKTIF', '2020-06-21 11:42:16', '2020-06-21 11:42:16', 1, 1, 42),
(19, 'after insert', 18, 'user', 'USER', 'edit', 'GENERAL', 'AKTIF', '2020-06-21 11:42:28', '2020-06-21 11:42:28', 1, 1, 44),
(20, 'after insert', 19, 'warehouse', 'WAREHOUSE', 'edit', 'GENERAL', 'AKTIF', '2020-06-21 11:42:37', '2020-06-21 11:42:37', 1, 1, 46),
(21, 'after update', 2, 'roles', 'ROLE', 'edit', 'GENERAL', 'AKTIF', '2020-06-21 11:28:42', '2020-06-21 11:43:08', 1, 1, 87),
(22, 'after insert', 20, 'toko/brg_cabang', 'STOK CABANG', 'edit', 'CABANG', 'AKTIF', '2020-06-22 12:12:04', '2020-06-22 12:12:04', 1, 1, 94),
(23, 'after insert', 21, 'toko/brg_cabang', 'STOK CABANG', 'edit', 'CABANG', 'AKTIF', '2020-06-22 07:50:23', '2020-06-22 07:50:23', 1, 1, 96),
(24, 'after insert', 22, 'pemenuhan', 'PEMENUHAN CABANG', 'edit', 'CABANG', 'AKTIF', '2020-06-22 12:32:52', '2020-06-22 12:32:52', 1, 1, 443),
(25, 'after update', 22, 'pemenuhan/cabang', 'PEMENUHAN CABANG', 'edit', 'CABANG', 'AKTIF', '2020-06-22 12:32:52', '2020-06-22 12:33:51', 1, 1, 492),
(26, 'after update', 22, 'pemenuhan/cabang', 'PEMENUHAN CABANG', 'edit', 'CABANG', 'nonaktif', '2020-06-22 12:32:52', '2020-06-22 02:52:08', 1, 1, 510),
(27, 'after update', 20, 'toko/brg_cabang', 'STOK CABANG', 'edit', 'CABANG', 'nonaktif', '2020-06-22 12:12:04', '2020-06-22 02:52:25', 1, 1, 511),
(28, 'after insert', 23, 'penerimaan/gudang', 'PENERIMAAN GUDANG', 'edit', 'GUDANG', 'AKTIF', '2020-06-22 06:10:33', '2020-06-22 06:10:33', 1, 1, 766),
(29, 'after insert', 24, 'pengiriman/permintaan', 'PENGIRIMAN PERMINTAAN', 'edit', 'CABANG', 'AKTIF', '2020-06-26 10:07:22', '2020-06-26 10:07:22', 1, 1, 1103),
(30, 'after insert', 25, 'marketplace', 'MARKETPLACE', 'edit', 'GENERAL', 'AKTIF', '2020-06-27 07:36:59', '2020-06-27 07:36:59', 1, 1, 1155),
(31, 'after insert', 26, 'penerimaan/permintaan', 'PENERIMAAN PERMINTAAN', 'edit', 'TOKO', 'AKTIF', '2020-06-30 09:26:26', '2020-06-30 09:26:26', 1, 1, 1415),
(32, 'after update', 26, 'penerimaan/permintaan', 'PENERIMAAN PERMINTAAN', 'edit', 'CABANG', 'AKTIF', '2020-06-30 09:26:26', '2020-06-30 09:31:31', 1, 1, 1471),
(33, 'after update', 3, 'barang', 'Barang', 'edit', 'GENERAL', 'AKTIF', '2020-06-21 11:38:11', '2020-07-02 10:02:33', 1, 1, 1593),
(34, 'after update', 6, 'customer', 'Customer', 'edit', 'GENERAL', 'AKTIF', '2020-06-21 11:38:44', '2020-07-02 10:02:39', 1, 1, 1594),
(35, 'after update', 7, 'employee', 'Employee', 'edit', 'GENERAL', 'AKTIF', '2020-06-21 11:38:54', '2020-07-02 10:02:45', 1, 1, 1595),
(36, 'after update', 4, 'barang_jenis', 'Jenis Barang', 'edit', 'GENERAL', 'AKTIF', '2020-06-21 11:38:23', '2020-07-02 10:02:50', 1, 1, 1596),
(37, 'after update', 25, 'marketplace', 'Marketplace', 'edit', 'GENERAL', 'AKTIF', '2020-06-27 07:36:59', '2020-07-02 10:02:56', 1, 1, 1597),
(38, 'after update', 1, 'menu', 'Menu', 'edit', 'GENERAL', 'AKTIF', '2020-06-21 11:27:06', '2020-07-02 10:03:00', 1, 1, 1598),
(39, 'after update', 5, 'barang_merk', 'Merk Barang', 'edit', 'GENERAL', 'AKTIF', '2020-06-21 11:38:35', '2020-07-02 10:03:08', 1, 1, 1599),
(40, 'after update', 5, 'barang_merk', 'Pembelian Cabang', 'edit', 'GENERAL', 'AKTIF', '2020-06-21 11:38:35', '2020-07-02 10:03:13', 1, 1, 1600),
(41, 'after update', 5, 'barang_merk', 'Merk Barang', 'edit', 'GENERAL', 'AKTIF', '2020-06-21 11:38:35', '2020-07-02 10:03:24', 1, 1, 1601),
(42, 'after update', 8, 'pembelian', 'Pembelian Cabang', 'edit', 'CABANG', 'AKTIF', '2020-06-21 11:39:36', '2020-07-02 10:03:30', 1, 1, 1602),
(43, 'after update', 9, 'penerimaan/cabang', 'Penerimaan Cabang', 'edit', 'CABANG', 'AKTIF', '2020-06-21 11:40:07', '2020-07-02 10:03:35', 1, 1, 1603),
(44, 'after update', 23, 'penerimaan/gudang', 'Penerimaan Gudang', 'edit', 'GUDANG', 'AKTIF', '2020-06-22 06:10:33', '2020-07-02 10:03:42', 1, 1, 1604),
(45, 'after update', 26, 'penerimaan/permintaan', 'Penerimaan Permintaan', 'edit', 'CABANG', 'AKTIF', '2020-06-30 09:26:26', '2020-07-02 10:03:50', 1, 1, 1605),
(46, 'after update', 10, 'pengiriman/cabang', 'Pengiriman Cabang', 'edit', 'CABANG', 'AKTIF', '2020-06-21 11:40:52', '2020-07-02 10:03:58', 1, 1, 1606),
(47, 'after update', 11, 'pengiriman/warehouse', 'Pengiriman Gudang', 'edit', 'GUDANG', 'AKTIF', '2020-06-21 11:41:04', '2020-07-02 10:04:04', 1, 1, 1607),
(48, 'after update', 24, 'pengiriman/permintaan', 'Pengiriman Permintaan', 'edit', 'CABANG', 'AKTIF', '2020-06-26 10:07:22', '2020-07-02 10:04:11', 1, 1, 1608),
(49, 'after update', 12, 'penjualan', 'Penjualan Cabang', 'edit', 'CABANG', 'AKTIF', '2020-06-21 11:41:23', '2020-07-02 10:04:16', 1, 1, 1609),
(50, 'after update', 13, 'permintaan', 'Permintaan Cabang', 'edit', 'CABANG', 'AKTIF', '2020-06-21 11:41:33', '2020-07-02 10:04:21', 1, 1, 1610),
(51, 'after update', 14, 'retur', 'Retur Cabang', 'edit', 'CABANG', 'AKTIF', '2020-06-21 11:41:42', '2020-07-02 10:04:26', 1, 1, 1611),
(52, 'after update', 2, 'roles', 'Role', 'edit', 'GENERAL', 'AKTIF', '2020-06-21 11:28:42', '2020-07-02 10:04:30', 1, 1, 1612),
(53, 'after update', 15, 'satuan', 'Satuan', 'edit', 'GENERAL', 'AKTIF', '2020-06-21 11:41:58', '2020-07-02 10:04:35', 1, 1, 1613),
(54, 'after update', 21, 'toko/brg_cabang', 'Stok Cabang', 'edit', 'CABANG', 'AKTIF', '2020-06-22 07:50:23', '2020-07-02 10:04:39', 1, 1, 1614),
(55, 'after update', 16, 'supplier', 'Supplier', 'edit', 'GENERAL', 'AKTIF', '2020-06-21 11:42:07', '2020-07-02 10:04:45', 1, 1, 1615),
(56, 'after update', 17, 'toko', 'Toko', 'edit', 'GENERAL', 'AKTIF', '2020-06-21 11:42:16', '2020-07-02 10:04:49', 1, 1, 1616),
(57, 'after update', 18, 'user', 'User', 'edit', 'GENERAL', 'AKTIF', '2020-06-21 11:42:28', '2020-07-02 10:04:53', 1, 1, 1617),
(58, 'after update', 19, 'warehouse', 'Warehouse', 'edit', 'GENERAL', 'AKTIF', '2020-06-21 11:42:37', '2020-07-02 10:04:57', 1, 1, 1618),
(59, 'after insert', 27, 'retur/konfirmasi', 'Konfirmasi Retur', 'edit', 'CABANG', 'AKTIF', '2020-07-02 11:03:30', '2020-07-02 11:03:30', 1, 1, 1637),
(60, 'after insert', 28, 'toko/cabang_toko', 'Daftar Cabang', '-', 'TOKO', 'AKTIF', '2020-07-06 08:49:56', '2020-07-06 08:49:56', 1, 1, 2059),
(61, 'after update', 28, 'toko/cabang_toko', 'Daftar Cabang', '-', 'TOKO', 'AKTIF', '2020-07-06 08:49:56', '2020-07-06 08:50:57', 1, 1, 2064),
(62, 'after insert', 29, 'toko/beranda_toko', 'Beranda Toko', '-', 'TOKO', 'AKTIF', '2020-07-06 09:13:00', '2020-07-06 09:13:00', 1, 1, 3265),
(63, 'after insert', 30, 'toko/beranda_cabang', 'Beranda Cabang', '-', 'CABANG', 'AKTIF', '2020-07-06 09:15:25', '2020-07-06 09:15:25', 1, 1, 3440),
(64, 'after insert', 31, 'warehouse/beranda_gudang', 'Beranda Gudang', '-', 'GUDANG', 'AKTIF', '2020-07-06 09:43:54', '2020-07-06 09:43:54', 1, 1, 3586),
(65, 'after insert', 32, 'warehouse/brg_warehouse', 'Stok Gudang', '-', 'TOKO', 'AKTIF', '2020-07-06 09:59:33', '2020-07-06 09:59:33', 1, 1, 3658),
(66, 'after update', 32, 'warehouse/brg_warehouse', 'Stok Gudang', '-', 'GUDANG', 'AKTIF', '2020-07-06 09:59:33', '2020-07-06 10:00:29', 1, 1, 3789),
(67, 'after update', 11, 'permintaan_gudang', 'Pengiriman Permintaan', 'edit', 'GUDANG', 'AKTIF', '2020-06-21 11:41:04', '2020-07-07 10:37:51', 1, 1, 4941),
(68, 'after insert', 33, 'permintaaan/lain_gudang', 'Permintaan Barang', '-', 'GUDANG', 'AKTIF', '2020-07-07 10:38:41', '2020-07-07 10:38:41', 1, 1, 4942),
(69, 'after update', 33, 'permintaan/lain_gudang', 'Permintaan Barang', '-', 'GUDANG', 'AKTIF', '2020-07-07 10:38:41', '2020-07-07 10:40:07', 1, 1, 5012),
(70, 'after update', 11, 'pengiriman/permintaan_gudang', 'Pengiriman Permintaan', 'edit', 'GUDANG', 'AKTIF', '2020-06-21 11:41:04', '2020-07-07 12:59:36', 1, 1, 5031),
(71, 'after update', 30, 'toko/dashboard_cabang', 'Beranda Cabang', '-', 'CABANG', 'AKTIF', '2020-07-06 09:15:25', '2020-07-08 07:15:25', 1, 1, 5611),
(72, 'after insert', 34, 'penawaran', 'Penawaran', '-', 'CABANG', 'AKTIF', '2020-07-10 09:45:16', '2020-07-10 09:45:16', 1, 1, 5970),
(73, 'after update', 2, 'roles', 'Role & Hak Akses', 'edit', 'GENERAL', 'AKTIF', '2020-06-21 11:28:42', '2020-07-10 09:49:43', 1, 1, 5975),
(74, 'after update', 29, 'toko/dashboard_toko', 'Beranda Toko', '-', 'TOKO', 'AKTIF', '2020-07-06 09:13:00', '2020-07-10 01:11:36', 1, 1, 6046),
(75, 'after insert', 35, 'toko/pengaturan_cabang', 'Pengaturan Cabang', 'edit', 'CABANG', 'AKTIF', '2020-07-14 11:28:08', '2020-07-14 11:28:08', 1, 1, 7041),
(76, 'after insert', 36, 'toko/pengaturan_toko', 'Pengaturan Toko', 'edit', 'CABANG', 'AKTIF', '2020-07-14 11:29:16', '2020-07-14 11:29:16', 1, 1, 7046),
(77, 'after insert', 37, 'warehouse/pengaturan_wareouse', 'Pengaturan Gudang', 'edit', 'GUDANG', 'AKTIF', '2020-07-14 11:29:41', '2020-07-14 11:29:41', 1, 1, 7051),
(78, 'after update', 36, 'toko/pengaturan_toko', 'Pengaturan Toko', 'edit', 'TOKO', 'AKTIF', '2020-07-14 11:29:16', '2020-07-14 11:31:31', 1, 1, 7129),
(79, 'after update', 30, 'toko/dashboard_cabang', 'Dashboard Cabang', '-', 'CABANG', 'AKTIF', '2020-07-06 09:15:25', '2020-07-14 11:51:10', 1, 1, 7130),
(80, 'after update', 31, 'warehouse/beranda_gudang', 'Dashboard Gudang', '-', 'GUDANG', 'AKTIF', '2020-07-06 09:43:54', '2020-07-14 11:51:13', 1, 1, 7131),
(81, 'after update', 29, 'toko/dashboard_toko', 'Dashboard Toko', '-', 'TOKO', 'AKTIF', '2020-07-06 09:13:00', '2020-07-14 11:51:20', 1, 1, 7132),
(82, 'after update', 31, 'warehouse/dashboard_gudang', 'Dashboard Gudang', '-', 'GUDANG', 'AKTIF', '2020-07-06 09:43:54', '2020-07-14 11:51:35', 1, 1, 7133),
(83, 'after insert', 38, 'barang/katalog', 'Katalog', 'edit', 'GENERAL', 'AKTIF', '2020-07-15 08:20:40', '2020-07-15 08:20:40', 2, 2, 7178),
(84, 'after insert', 39, 'toko/katalog', 'Katalog', 'edit', 'CABANG', 'AKTIF', '2020-07-15 08:20:56', '2020-07-15 08:20:56', 2, 2, 7183),
(85, 'after insert', 40, 'log', 'Log Sistem', 'edit', 'GENERAL', 'AKTIF', '2020-07-17 02:06:25', '2020-07-17 02:06:25', 2, 2, 7482),
(86, 'after update', 3, 'barang', 'Barang', 'storage', 'GENERAL', 'AKTIF', '2020-06-21 11:38:11', '2020-07-24 08:02:19', 1, 2, 1675),
(87, 'after update', 8, 'pembelian', 'Pembelian Cabang', 'shopping-cart', 'CABANG', 'AKTIF', '2020-06-21 11:39:36', '2020-07-24 08:03:03', 1, 2, 1676),
(88, 'after update', 6, 'customer', 'Customer', 'globe', 'GENERAL', 'AKTIF', '2020-06-21 11:38:44', '2020-07-24 08:03:36', 1, 2, 1677),
(89, 'after update', 17, 'toko', 'Toko', 'store-24', 'GENERAL', 'AKTIF', '2020-06-21 11:42:16', '2020-07-24 08:04:29', 1, 2, 1678),
(90, 'after update', 28, 'toko/cabang_toko', 'Daftar Cabang', 'store', 'TOKO', 'AKTIF', '2020-07-06 08:49:56', '2020-07-24 08:04:41', 1, 2, 1679),
(91, 'after update', 30, 'toko/dashboard_cabang', 'Dashboard Cabang', 'chart', 'CABANG', 'AKTIF', '2020-07-06 09:15:25', '2020-07-24 08:04:54', 1, 2, 1680),
(92, 'after update', 31, 'warehouse/dashboard_gudang', 'Dashboard Gudang', 'chart', 'GUDANG', 'AKTIF', '2020-07-06 09:43:54', '2020-07-24 08:04:57', 1, 2, 1681),
(93, 'after update', 29, 'toko/dashboard_toko', 'Dashboard Toko', 'chart', 'TOKO', 'AKTIF', '2020-07-06 09:13:00', '2020-07-24 08:05:00', 1, 2, 1682),
(94, 'after update', 7, 'employee', 'Employee', 'assignment-account', 'GENERAL', 'AKTIF', '2020-06-21 11:38:54', '2020-07-24 08:05:19', 1, 2, 1683),
(95, 'after update', 4, 'barang_jenis', 'Jenis Barang', 'bookmark', 'GENERAL', 'AKTIF', '2020-06-21 11:38:23', '2020-07-24 08:05:35', 1, 2, 1684),
(96, 'after update', 38, 'barang/katalog', 'Katalog', 'collection-item-5', 'GENERAL', 'AKTIF', '2020-07-15 08:20:40', '2020-07-24 08:05:49', 2, 2, 1685),
(97, 'after update', 39, 'toko/katalog', 'Katalog', 'collection-item-5', 'CABANG', 'AKTIF', '2020-07-15 08:20:56', '2020-07-24 08:05:56', 2, 2, 1686),
(98, 'after update', 27, 'retur/konfirmasi', 'Konfirmasi Retur', 'assignment-check', 'CABANG', 'AKTIF', '2020-07-02 11:03:30', '2020-07-24 08:06:08', 1, 2, 1687),
(99, 'after update', 40, 'log', 'Log Sistem', 'assignment', 'GENERAL', 'AKTIF', '2020-07-17 02:06:25', '2020-07-24 08:06:34', 2, 2, 1688),
(100, 'after update', 25, 'marketplace', 'Marketplace', 'globe', 'GENERAL', 'AKTIF', '2020-06-27 07:36:59', '2020-07-24 08:06:54', 1, 2, 1689),
(101, 'after update', 1, 'menu', 'Menu', 'menu', 'GENERAL', 'AKTIF', '2020-06-21 11:27:06', '2020-07-24 08:07:10', 1, 2, 1690),
(102, 'after update', 5, 'barang_merk', 'Merk Barang', 'tag', 'GENERAL', 'AKTIF', '2020-06-21 11:38:35', '2020-07-24 08:07:19', 1, 2, 1691),
(103, 'after update', 34, 'penawaran', 'Penawaran', 'email', 'CABANG', 'AKTIF', '2020-07-10 09:45:16', '2020-07-24 08:07:55', 1, 2, 1692),
(104, 'after update', 10, 'pengiriman/cabang', 'Pengiriman Cabang', 'truck', 'CABANG', 'AKTIF', '2020-06-21 11:40:52', '2020-07-24 08:08:18', 1, 2, 1693),
(105, 'after update', 11, 'pengiriman/permintaan_gudang', 'Pengiriman Permintaan', 'truck', 'GUDANG', 'AKTIF', '2020-06-21 11:41:04', '2020-07-24 08:08:21', 1, 2, 1694),
(106, 'after update', 24, 'pengiriman/permintaan', 'Pengiriman Permintaan', 'truck', 'CABANG', 'AKTIF', '2020-06-26 10:07:22', '2020-07-24 08:08:24', 1, 2, 1695),
(107, 'after update', 9, 'penerimaan/cabang', 'Penerimaan Cabang', 'assignment-return', 'CABANG', 'AKTIF', '2020-06-21 11:40:07', '2020-07-24 08:08:45', 1, 2, 1696),
(108, 'after update', 23, 'penerimaan/gudang', 'Penerimaan Gudang', 'assignment-return', 'GUDANG', 'AKTIF', '2020-06-22 06:10:33', '2020-07-24 08:08:47', 1, 2, 1697),
(109, 'after update', 26, 'penerimaan/permintaan', 'Penerimaan Permintaan', 'assignment-return', 'CABANG', 'AKTIF', '2020-06-30 09:26:26', '2020-07-24 08:08:50', 1, 2, 1698),
(110, 'after update', 35, 'toko/pengaturan_cabang', 'Pengaturan Cabang', 'settings', 'CABANG', 'AKTIF', '2020-07-14 11:28:08', '2020-07-24 08:09:15', 1, 2, 1699),
(111, 'after update', 37, 'warehouse/pengaturan_wareouse', 'Pengaturan Gudang', 'settings', 'GUDANG', 'AKTIF', '2020-07-14 11:29:41', '2020-07-24 08:09:17', 1, 2, 1700),
(112, 'after update', 36, 'toko/pengaturan_toko', 'Pengaturan Toko', 'settings', 'TOKO', 'AKTIF', '2020-07-14 11:29:16', '2020-07-24 08:09:20', 1, 2, 1701),
(113, 'after update', 12, 'penjualan', 'Penjualan Cabang', 'label-heart', 'CABANG', 'AKTIF', '2020-06-21 11:41:23', '2020-07-24 08:10:41', 1, 2, 1702),
(114, 'after update', 33, 'permintaan/lain_gudang', 'Permintaan Barang', 'assignment-alert', 'GUDANG', 'AKTIF', '2020-07-07 10:38:41', '2020-07-24 08:11:13', 1, 2, 1703),
(115, 'after update', 13, 'permintaan', 'Permintaan Cabang', 'assignment-alert', 'CABANG', 'AKTIF', '2020-06-21 11:41:33', '2020-07-24 08:11:16', 1, 2, 1704),
(116, 'after update', 14, 'retur', 'Retur Cabang', 'layers-off', 'CABANG', 'AKTIF', '2020-06-21 11:41:42', '2020-07-24 08:11:43', 1, 2, 1705),
(117, 'after update', 2, 'roles', 'Role & Hak Akses', 'key', 'GENERAL', 'AKTIF', '2020-06-21 11:28:42', '2020-07-24 08:12:03', 1, 2, 1706),
(118, 'after update', 21, 'toko/brg_cabang', 'Stok Cabang', 'dns', 'CABANG', 'AKTIF', '2020-06-22 07:50:23', '2020-07-24 08:13:50', 1, 2, 1707),
(119, 'after update', 32, 'warehouse/brg_warehouse', 'Stok Gudang', 'dns', 'GUDANG', 'AKTIF', '2020-07-06 09:59:33', '2020-07-24 08:13:53', 1, 2, 1708),
(120, 'after update', 16, 'supplier', 'Supplier', 'gas-station', 'GENERAL', 'AKTIF', '2020-06-21 11:42:07', '2020-07-24 08:15:20', 1, 2, 1709),
(121, 'after update', 18, 'user', 'User', 'library', 'GENERAL', 'AKTIF', '2020-06-21 11:42:28', '2020-07-24 08:15:59', 1, 2, 1710),
(122, 'after update', 19, 'warehouse', 'Warehouse', 'city-alt', 'GENERAL', 'AKTIF', '2020-06-21 11:42:37', '2020-07-24 08:16:20', 1, 2, 1711);

-- --------------------------------------------------------

--
-- Table structure for table `mstr_pembelian`
--

CREATE TABLE `mstr_pembelian` (
  `id_pk_pembelian` int(11) NOT NULL,
  `pem_pk_nomor` varchar(100) DEFAULT NULL,
  `pem_tgl` date DEFAULT NULL,
  `pem_status` varchar(15) DEFAULT NULL,
  `id_fk_supp` int(11) DEFAULT NULL,
  `id_fk_cabang` int(11) DEFAULT NULL,
  `pem_create_date` datetime DEFAULT NULL,
  `pem_last_modified` datetime DEFAULT NULL,
  `id_create_data` int(11) DEFAULT NULL,
  `id_last_modified` int(11) DEFAULT NULL,
  `no_control` int(11) DEFAULT NULL COMMENT 'untuk tau udah nomor berapa untuk penomoran',
  `bln_control` int(11) DEFAULT NULL,
  `thn_control` int(11) DEFAULT NULL
) ENGINE=MyISAM DEFAULT CHARSET=latin1;

--
-- Dumping data for table `mstr_pembelian`
--

INSERT INTO `mstr_pembelian` (`id_pk_pembelian`, `pem_pk_nomor`, `pem_tgl`, `pem_status`, `id_fk_supp`, `id_fk_cabang`, `pem_create_date`, `pem_last_modified`, `id_create_data`, `id_last_modified`, `no_control`, `bln_control`, `thn_control`) VALUES
(1, 'nomorpembelian1', '1111-11-11', 'AKTIF', 1, 1, '2020-06-22 08:16:43', '2020-06-22 08:18:34', 1, 1, NULL, NULL, NULL),
(2, 'nomorpembelian2', '2000-12-22', 'AKTIF', 2, 1, '2020-06-22 08:26:28', '2020-06-22 08:27:08', 1, 1, 2, NULL, NULL),
(3, 'nomorpembelian1', '2222-02-22', 'AKTIF', 3, 2, '2020-06-22 05:28:46', '2020-06-22 05:28:46', 1, 1, NULL, NULL, NULL),
(4, 'pembelian1', '1111-11-11', 'AKTIF', 1, 2, '2020-07-07 10:34:54', '2020-07-17 10:40:25', 1, 2, NULL, NULL, NULL),
(5, 'CBGKRC1-PEMBELIAN-2020-07-11-000001', '2020-07-11', 'AKTIF', 1, 1, '2020-07-11 12:55:22', '2020-07-11 12:55:22', 1, 1, NULL, NULL, NULL),
(6, 'CBGKRC1-PEMBELIAN-2020-07-11-000001', '2020-07-11', 'AKTIF', 1, 1, '2020-07-11 12:55:29', '2020-07-11 12:55:29', 1, 1, NULL, NULL, NULL),
(7, 'CBGKRC1-PEMBELIAN-2020-07-11-000001', '2020-07-11', 'AKTIF', 1, 1, '2020-07-11 01:09:30', '2020-07-11 01:09:30', 1, 1, 1, 7, 20),
(8, 'CBGKRC1-PEMBELIAN-2020-07-11-000001', '2020-07-11', 'AKTIF', 1, 1, '2020-07-11 01:09:32', '2020-07-11 01:09:32', 1, 1, 1, 7, 20),
(9, 'CBGKRC1-PEMBELIAN-2020-07-18-000001', '2020-07-18', 'AKTIF', 1, 1, '2020-07-11 01:37:31', '2020-07-11 01:37:31', 1, 1, 1, 7, 20),
(10, 'CBGKRC1-PEMBELIAN-2020-07-18-000001', '2020-07-18', 'AKTIF', 1, 1, '2020-07-11 01:37:34', '2020-07-11 01:37:34', 1, 1, 1, 7, 20),
(11, 'CBGKRC1-PEMBELIAN-2020-07-18-000001', '2020-07-18', 'AKTIF', 1, 1, '2020-07-11 01:45:26', '2020-07-11 01:45:26', 1, 1, 1, 7, 20),
(12, 'CBGKRC1-PEMBELIAN-2020-07-18-000001', '2020-07-18', 'AKTIF', 1, 1, '2020-07-11 01:45:28', '2020-07-11 01:45:28', 1, 1, 1, 7, 20),
(13, 'CBGKRC1-PEMBELIAN-2020-07-18-000001', '2020-07-18', 'AKTIF', 1, 1, '2020-07-11 02:30:14', '2020-07-11 02:30:14', 1, 1, 1, 7, 2020),
(14, 'CBGKRC1-PEMBELIAN-2020-07-18-000002', '2020-07-18', 'AKTIF', 1, 1, '2020-07-11 02:30:16', '2020-07-11 02:30:16', 1, 1, 1, 7, 2020),
(15, 'CBGKRC1-PEMBELIAN-2020-07-18-000002', '2020-07-18', 'AKTIF', 1, 1, '2020-07-11 02:30:20', '2020-07-11 02:30:20', 1, 1, 1, 7, 2020),
(16, 'CBGKRC1-PEMBELIAN-2020-07-18-000002', '2020-07-18', 'AKTIF', 1, 1, '2020-07-11 02:31:26', '2020-07-11 02:31:26', 1, 1, 2, 7, 2020),
(17, 'CBGKRC1-PEMBELIAN-2020-07-18-000003', '2020-07-18', 'nonaktif', 1, 1, '2020-07-11 02:31:27', '2020-07-11 02:31:41', 1, 1, 3, 7, 2020),
(18, 'CBGKRC1-PEMBELIAN-2020-07-18-000004', '2020-07-18', 'nonaktif', 1, 1, '2020-07-11 02:31:30', '2020-07-11 02:31:35', 1, 1, 4, 7, 2020),
(19, 'CBGKRC1-PEMBELIAN-2020-07-18-000004', '2020-07-18', 'AKTIF', 1, 1, '2020-07-11 02:31:38', '2020-07-11 02:31:38', 1, 1, 4, 7, 2020),
(20, 'CBGKRC1-PEMBELIAN-2020-07-18-000005', '2020-07-18', 'AKTIF', 1, 1, '2020-07-11 02:31:44', '2020-07-11 02:31:44', 1, 1, 5, 7, 2020),
(21, 'nopemb12345', '2020-07-18', 'AKTIF', 1, 1, '2020-07-11 02:31:55', '2020-07-11 02:31:55', 1, 1, NULL, 7, 2020),
(22, 'CBGKRC1-PEMBELIAN-2020-07-18-000006', '2020-07-18', 'AKTIF', 1, 1, '2020-07-11 02:32:02', '2020-07-11 02:32:02', 1, 1, 6, 7, 2020);

--
-- Triggers `mstr_pembelian`
--
DELIMITER $$
CREATE TRIGGER `trg_after_insert_pembelian` AFTER INSERT ON `mstr_pembelian` FOR EACH ROW begin
            set @id_user = new.id_last_modified;
            set @tgl_action = new.pem_last_modified;
            set @log_text = concat(new.id_last_modified,' ','insert data at' , new.pem_last_modified);
            call insert_log_all(@id_user,@tgl_action,@log_text,@id_log_all);
            
            insert into mstr_pembelian_log(executed_function,id_pk_pembelian,pem_pk_nomor,pem_tgl,pem_status,id_fk_supp,id_fk_cabang,pem_create_date,pem_last_modified,id_create_data,id_last_modified,id_log_all) values ('after insert',new.id_pk_pembelian,new.pem_pk_nomor,new.pem_tgl,new.pem_status,new.id_fk_supp,new.id_fk_cabang,new.pem_create_date,new.pem_last_modified,new.id_create_data,new.id_last_modified,@id_log_all);
        end
$$
DELIMITER ;
DELIMITER $$
CREATE TRIGGER `trg_after_update_pembelian` AFTER UPDATE ON `mstr_pembelian` FOR EACH ROW begin
            set @id_user = new.id_last_modified;
            set @tgl_action = new.pem_last_modified;
            set @log_text = concat(new.id_last_modified,' ','update data at' , new.pem_last_modified);
            call insert_log_all(@id_user,@tgl_action,@log_text,@id_log_all);
            
            insert into mstr_pembelian_log(executed_function,id_pk_pembelian,pem_pk_nomor,pem_tgl,pem_status,id_fk_supp,id_fk_cabang,pem_create_date,pem_last_modified,id_create_data,id_last_modified,id_log_all) values ('after update',new.id_pk_pembelian,new.pem_pk_nomor,new.pem_tgl,new.pem_status,new.id_fk_supp,new.id_fk_cabang,new.pem_create_date,new.pem_last_modified,new.id_create_data,new.id_last_modified,@id_log_all);
        end
$$
DELIMITER ;

-- --------------------------------------------------------

--
-- Table structure for table `mstr_pembelian_log`
--

CREATE TABLE `mstr_pembelian_log` (
  `id_pk_pembelian_log` int(11) NOT NULL,
  `executed_function` varchar(30) DEFAULT NULL,
  `id_pk_pembelian` int(11) DEFAULT NULL,
  `pem_pk_nomor` varchar(100) DEFAULT NULL,
  `pem_tgl` date DEFAULT NULL,
  `pem_status` varchar(15) DEFAULT NULL,
  `id_fk_supp` int(11) DEFAULT NULL,
  `id_fk_cabang` int(11) DEFAULT NULL,
  `pem_create_date` datetime DEFAULT NULL,
  `pem_last_modified` datetime DEFAULT NULL,
  `id_create_data` int(11) DEFAULT NULL,
  `id_last_modified` int(11) DEFAULT NULL,
  `id_log_all` int(11) DEFAULT NULL
) ENGINE=MyISAM DEFAULT CHARSET=latin1;

--
-- Dumping data for table `mstr_pembelian_log`
--

INSERT INTO `mstr_pembelian_log` (`id_pk_pembelian_log`, `executed_function`, `id_pk_pembelian`, `pem_pk_nomor`, `pem_tgl`, `pem_status`, `id_fk_supp`, `id_fk_cabang`, `pem_create_date`, `pem_last_modified`, `id_create_data`, `id_last_modified`, `id_log_all`) VALUES
(1, 'after insert', 1, 'nomorpembelian1', '1111-11-11', 'AKTIF', 1, 1, '2020-06-22 08:16:43', '2020-06-22 08:16:43', 1, 1, 236),
(2, 'after update', 1, 'nomorpembelian1', '1111-11-11', 'AKTIF', 1, 1, '2020-06-22 08:16:43', '2020-06-22 08:18:34', 1, 1, 239),
(3, 'after insert', 2, 'nomorpembelian2', '2000-12-22', 'AKTIF', 2, 1, '2020-06-22 08:26:28', '2020-06-22 08:26:28', 1, 1, 244),
(4, 'after update', 2, 'nomorpembelian2', '2000-12-22', 'AKTIF', 2, 1, '2020-06-22 08:26:28', '2020-06-22 08:26:54', 1, 1, 254),
(5, 'after update', 2, 'nomorpembelian2', '2000-12-22', 'AKTIF', 2, 1, '2020-06-22 08:26:28', '2020-06-22 08:27:08', 1, 1, 258),
(6, 'after insert', 3, 'nomorpembelian1', '2222-02-22', 'AKTIF', 3, 2, '2020-06-22 05:28:46', '2020-06-22 05:28:46', 1, 1, 640),
(7, 'after insert', 4, 'pembelian1', '1111-11-11', 'AKTIF', 1, 2, '2020-07-07 10:34:54', '2020-07-07 10:34:54', 1, 1, 4881),
(8, 'after update', 2, 'nomorpembelian2', '2000-12-22', 'AKTIF', 2, 1, '2020-06-22 08:26:28', '2020-06-22 08:27:08', 1, 1, 6053),
(9, 'after insert', 5, 'CBGKRC1-PEMBELIAN-2020-07-11-000001', '2020-07-11', 'AKTIF', 1, 1, '2020-07-11 12:55:22', '2020-07-11 12:55:22', 1, 1, 6384),
(10, 'after insert', 6, 'CBGKRC1-PEMBELIAN-2020-07-11-000001', '2020-07-11', 'AKTIF', 1, 1, '2020-07-11 12:55:29', '2020-07-11 12:55:29', 1, 1, 6385),
(11, 'after insert', 7, 'CBGKRC1-PEMBELIAN-2020-07-11-000001', '2020-07-11', 'AKTIF', 1, 1, '2020-07-11 01:09:30', '2020-07-11 01:09:30', 1, 1, 6449),
(12, 'after insert', 8, 'CBGKRC1-PEMBELIAN-2020-07-11-000001', '2020-07-11', 'AKTIF', 1, 1, '2020-07-11 01:09:32', '2020-07-11 01:09:32', 1, 1, 6450),
(13, 'after insert', 9, 'CBGKRC1-PEMBELIAN-2020-07-18-000001', '2020-07-18', 'AKTIF', 1, 1, '2020-07-11 01:37:31', '2020-07-11 01:37:31', 1, 1, 6640),
(14, 'after insert', 10, 'CBGKRC1-PEMBELIAN-2020-07-18-000001', '2020-07-18', 'AKTIF', 1, 1, '2020-07-11 01:37:34', '2020-07-11 01:37:34', 1, 1, 6641),
(15, 'after insert', 11, 'CBGKRC1-PEMBELIAN-2020-07-18-000001', '2020-07-18', 'AKTIF', 1, 1, '2020-07-11 01:45:26', '2020-07-11 01:45:26', 1, 1, 6684),
(16, 'after insert', 12, 'CBGKRC1-PEMBELIAN-2020-07-18-000001', '2020-07-18', 'AKTIF', 1, 1, '2020-07-11 01:45:28', '2020-07-11 01:45:28', 1, 1, 6685),
(17, 'after insert', 13, 'CBGKRC1-PEMBELIAN-2020-07-18-000001', '2020-07-18', 'AKTIF', 1, 1, '2020-07-11 02:30:14', '2020-07-11 02:30:14', 1, 1, 6700),
(18, 'after insert', 14, 'CBGKRC1-PEMBELIAN-2020-07-18-000002', '2020-07-18', 'AKTIF', 1, 1, '2020-07-11 02:30:16', '2020-07-11 02:30:16', 1, 1, 6701),
(19, 'after insert', 15, 'CBGKRC1-PEMBELIAN-2020-07-18-000002', '2020-07-18', 'AKTIF', 1, 1, '2020-07-11 02:30:20', '2020-07-11 02:30:20', 1, 1, 6702),
(20, 'after insert', 16, 'CBGKRC1-PEMBELIAN-2020-07-18-000002', '2020-07-18', 'AKTIF', 1, 1, '2020-07-11 02:31:26', '2020-07-11 02:31:26', 1, 1, 6717),
(21, 'after insert', 17, 'CBGKRC1-PEMBELIAN-2020-07-18-000003', '2020-07-18', 'AKTIF', 1, 1, '2020-07-11 02:31:27', '2020-07-11 02:31:27', 1, 1, 6718),
(22, 'after insert', 18, 'CBGKRC1-PEMBELIAN-2020-07-18-000004', '2020-07-18', 'AKTIF', 1, 1, '2020-07-11 02:31:30', '2020-07-11 02:31:30', 1, 1, 6719),
(23, 'after update', 18, 'CBGKRC1-PEMBELIAN-2020-07-18-000004', '2020-07-18', 'nonaktif', 1, 1, '2020-07-11 02:31:30', '2020-07-11 02:31:35', 1, 1, 6727),
(24, 'after insert', 19, 'CBGKRC1-PEMBELIAN-2020-07-18-000004', '2020-07-18', 'AKTIF', 1, 1, '2020-07-11 02:31:38', '2020-07-11 02:31:38', 1, 1, 6728),
(25, 'after update', 17, 'CBGKRC1-PEMBELIAN-2020-07-18-000003', '2020-07-18', 'nonaktif', 1, 1, '2020-07-11 02:31:27', '2020-07-11 02:31:41', 1, 1, 6729),
(26, 'after insert', 20, 'CBGKRC1-PEMBELIAN-2020-07-18-000005', '2020-07-18', 'AKTIF', 1, 1, '2020-07-11 02:31:44', '2020-07-11 02:31:44', 1, 1, 6730),
(27, 'after insert', 21, 'nopemb12345', '2020-07-18', 'AKTIF', 1, 1, '2020-07-11 02:31:55', '2020-07-11 02:31:55', 1, 1, 6731),
(28, 'after insert', 22, 'CBGKRC1-PEMBELIAN-2020-07-18-000006', '2020-07-18', 'AKTIF', 1, 1, '2020-07-11 02:32:02', '2020-07-11 02:32:02', 1, 1, 6732),
(29, 'after update', 4, 'pembelian1', '1111-11-11', 'AKTIF', 1, 2, '2020-07-07 10:34:54', '2020-07-17 10:40:25', 1, 2, 8249);

-- --------------------------------------------------------

--
-- Table structure for table `mstr_penawaran`
--

CREATE TABLE `mstr_penawaran` (
  `id_pk_penawaran` int(11) NOT NULL,
  `penawaran_subject` varchar(100) DEFAULT NULL,
  `penawaran_content` varchar(100) DEFAULT NULL,
  `penawaran_notes` varchar(100) DEFAULT NULL,
  `penawaran_file` varchar(100) DEFAULT NULL,
  `penawaran_tgl` datetime DEFAULT NULL,
  `penawaran_refrensi` varchar(100) DEFAULT NULL,
  `penawaran_status` varchar(30) DEFAULT NULL,
  `id_fk_cabang` int(11) DEFAULT NULL,
  `penawaran_create_date` datetime DEFAULT NULL,
  `penawaran_last_modified` datetime DEFAULT NULL,
  `id_create_date` int(11) DEFAULT NULL,
  `id_last_modified` int(11) DEFAULT NULL
) ENGINE=InnoDB DEFAULT CHARSET=utf8mb4;

--
-- Dumping data for table `mstr_penawaran`
--

INSERT INTO `mstr_penawaran` (`id_pk_penawaran`, `penawaran_subject`, `penawaran_content`, `penawaran_notes`, `penawaran_file`, `penawaran_tgl`, `penawaran_refrensi`, `penawaran_status`, `id_fk_cabang`, `penawaran_create_date`, `penawaran_last_modified`, `id_create_date`, `id_last_modified`) VALUES
(1, 'Subjek', 'Konten', 'notes', 'TH8621.jpg', '2020-07-16 00:00:00', 'Penawar', 'AKTIF', 1, '2020-07-14 08:51:57', '2020-07-14 09:00:03', 1, 1),
(2, 'Subjek2', 'Ikonten2', 'notesn2', 'noimage.jpg', '2020-07-15 00:00:00', 'Penawaran 22', 'AKTIF', 1, '2020-07-14 08:54:35', '2020-07-14 09:02:38', 1, 1);

--
-- Triggers `mstr_penawaran`
--
DELIMITER $$
CREATE TRIGGER `trg_after_insert_penawaran` AFTER INSERT ON `mstr_penawaran` FOR EACH ROW begin
            set @id_user = new.id_last_modified;
            set @tgl_action = new.penawaran_last_modified;
            set @log_text = concat(new.id_last_modified,' ','insert data at' , new.penawaran_last_modified);
            call insert_log_all(@id_user,@tgl_action,@log_text,@id_log_all);
            
            insert into mstr_penawaran_log(executed_function,id_pk_penawaran,penawaran_subject,penawaran_content,penawaran_notes,penawaran_file,penawaran_tgl,penawaran_refrensi,penawaran_status,id_fk_cabang,penawaran_create_date,penawaran_last_modified,id_create_date,id_last_modified,id_log_all) values ('after insert',new.id_pk_penawaran,new.penawaran_subject,new.penawaran_content,new.penawaran_notes,new.penawaran_file,new.penawaran_tgl,new.penawaran_refrensi,new.penawaran_status,new.id_fk_cabang,new.penawaran_create_date,new.penawaran_last_modified,new.id_create_date,new.id_last_modified,@id_log_all);
        end
$$
DELIMITER ;
DELIMITER $$
CREATE TRIGGER `trg_after_update_penawaran` AFTER UPDATE ON `mstr_penawaran` FOR EACH ROW begin
            set @id_user = new.id_last_modified;
            set @tgl_action = new.penawaran_last_modified;
            set @log_text = concat(new.id_last_modified,' ','update data at' , new.penawaran_last_modified);
            call insert_log_all(@id_user,@tgl_action,@log_text,@id_log_all);
            
            insert into mstr_penawaran_log(executed_function,id_pk_penawaran,penawaran_subject,penawaran_content,penawaran_notes,penawaran_file,penawaran_tgl,penawaran_refrensi,penawaran_status,id_fk_cabang,penawaran_create_date,penawaran_last_modified,id_create_date,id_last_modified,id_log_all) values ('after update',new.id_pk_penawaran,new.penawaran_subject,new.penawaran_content,new.penawaran_notes,new.penawaran_file,new.penawaran_tgl,new.penawaran_refrensi,new.penawaran_status,new.id_fk_cabang,new.penawaran_create_date,new.penawaran_last_modified,new.id_create_date,new.id_last_modified,@id_log_all);
        end
$$
DELIMITER ;

-- --------------------------------------------------------

--
-- Table structure for table `mstr_penawaran_log`
--

CREATE TABLE `mstr_penawaran_log` (
  `id_pk_penawaran_log` int(11) NOT NULL,
  `executed_function` varchar(30) DEFAULT NULL,
  `id_pk_penawaran` int(11) DEFAULT NULL,
  `penawaran_subject` varchar(100) DEFAULT NULL,
  `penawaran_content` varchar(100) DEFAULT NULL,
  `penawaran_notes` varchar(100) DEFAULT NULL,
  `penawaran_file` varchar(100) DEFAULT NULL,
  `penawaran_tgl` datetime DEFAULT NULL,
  `penawaran_refrensi` varchar(100) DEFAULT NULL,
  `penawaran_status` varchar(30) DEFAULT NULL,
  `id_fk_cabang` int(11) DEFAULT NULL,
  `penawaran_create_date` datetime DEFAULT NULL,
  `penawaran_last_modified` datetime DEFAULT NULL,
  `id_create_date` int(11) DEFAULT NULL,
  `id_last_modified` int(11) DEFAULT NULL,
  `id_log_all` int(11) DEFAULT NULL
) ENGINE=InnoDB DEFAULT CHARSET=utf8mb4;

--
-- Dumping data for table `mstr_penawaran_log`
--

INSERT INTO `mstr_penawaran_log` (`id_pk_penawaran_log`, `executed_function`, `id_pk_penawaran`, `penawaran_subject`, `penawaran_content`, `penawaran_notes`, `penawaran_file`, `penawaran_tgl`, `penawaran_refrensi`, `penawaran_status`, `id_fk_cabang`, `penawaran_create_date`, `penawaran_last_modified`, `id_create_date`, `id_last_modified`, `id_log_all`) VALUES
(1, 'after insert', 1, 'Subjek', 'Konten', 'notes', 'granite_floor1.jpg', '2020-07-16 00:00:00', 'Penawar', 'AKTIF', 1, '2020-07-14 08:51:57', '2020-07-14 08:51:57', 1, 1, 7135),
(2, 'after insert', 2, 'subjek', 'ikonten', 'notesn', 'noimage.jpg', '2020-07-15 00:00:00', 'Penawaran 2', 'AKTIF', 1, '2020-07-14 08:54:35', '2020-07-14 08:54:35', 1, 1, 7136),
(3, 'after update', 1, 'Subjek', 'Konten', 'notes', 'TH8621.jpg', '2020-07-16 00:00:00', 'Penawar', 'AKTIF', 1, '2020-07-14 08:51:57', '2020-07-14 09:00:03', 1, 1, 7137),
(4, 'after update', 2, 'Subjek2', 'Ikonten2', 'notesn2', 'noimage.jpg', '2020-07-15 00:00:00', 'Penawaran 22', 'AKTIF', 1, '2020-07-14 08:54:35', '2020-07-14 09:02:38', 1, 1, 7138);

-- --------------------------------------------------------

--
-- Table structure for table `mstr_penerimaan`
--

CREATE TABLE `mstr_penerimaan` (
  `id_pk_penerimaan` int(11) NOT NULL,
  `penerimaan_tgl` datetime DEFAULT NULL,
  `penerimaan_status` varchar(15) DEFAULT NULL,
  `penerimaan_tipe` varchar(30) DEFAULT NULL,
  `id_fk_pembelian` int(11) DEFAULT NULL,
  `id_fk_retur` int(11) DEFAULT NULL,
  `penerimaan_tempat` varchar(30) DEFAULT NULL COMMENT 'warehouse/cabang',
  `id_fk_warehouse` int(11) DEFAULT NULL,
  `id_fk_cabang` int(11) DEFAULT NULL,
  `penerimaan_create_date` datetime DEFAULT NULL,
  `penerimaan_last_modified` datetime DEFAULT NULL,
  `id_create_data` int(11) DEFAULT NULL,
  `id_last_modified` int(11) DEFAULT NULL,
  `no_control` int(11) DEFAULT NULL COMMENT 'untuk tau udah nomor berapa untuk penomoran',
  `bln_control` int(11) DEFAULT NULL,
  `thn_control` int(11) DEFAULT NULL
) ENGINE=InnoDB DEFAULT CHARSET=utf8mb4;

--
-- Dumping data for table `mstr_penerimaan`
--

INSERT INTO `mstr_penerimaan` (`id_pk_penerimaan`, `penerimaan_tgl`, `penerimaan_status`, `penerimaan_tipe`, `id_fk_pembelian`, `id_fk_retur`, `penerimaan_tempat`, `id_fk_warehouse`, `id_fk_cabang`, `penerimaan_create_date`, `penerimaan_last_modified`, `id_create_data`, `id_last_modified`, `no_control`, `bln_control`, `thn_control`) VALUES
(9, '2020-07-01 12:17:51', 'nonaktif', 'permintaan', 0, 0, 'CABANG', NULL, 1, '2020-07-01 12:17:51', '2020-07-01 12:28:21', 1, 1, NULL, NULL, NULL),
(10, '2020-07-01 12:18:24', 'nonaktif', 'permintaan', 0, 0, 'CABANG', NULL, 1, '2020-07-01 12:18:24', '2020-07-01 12:28:17', 1, 1, NULL, NULL, NULL),
(11, '2020-07-01 12:29:02', 'nonaktif', 'permintaan', 0, 0, 'CABANG', NULL, 1, '2020-07-01 12:29:02', '2020-07-01 12:29:09', 1, 1, NULL, NULL, NULL),
(12, '2020-07-01 12:29:20', 'nonaktif', 'permintaan', 0, 0, 'CABANG', NULL, 1, '2020-07-01 12:29:20', '2020-07-01 12:30:28', 1, 1, NULL, NULL, NULL),
(13, '2020-07-01 12:29:22', 'nonaktif', 'permintaan', 0, 0, 'CABANG', NULL, 1, '2020-07-01 12:29:22', '2020-07-01 12:29:30', 1, 1, NULL, NULL, NULL),
(14, '2020-07-01 12:31:57', 'nonaktif', 'permintaan', 0, 0, 'CABANG', NULL, 1, '2020-07-01 12:31:57', '2020-07-01 12:32:03', 1, 1, NULL, NULL, NULL),
(15, '2020-07-01 12:33:04', 'nonaktif', 'permintaan', 0, 0, 'CABANG', NULL, 1, '2020-07-01 12:33:04', '2020-07-01 12:33:11', 1, 1, NULL, NULL, NULL),
(16, '1111-11-11 00:00:00', 'AKTIF', 'pembelian', 1, 0, 'CABANG', NULL, 1, '2020-07-01 12:36:05', '2020-07-01 12:36:21', 1, 1, NULL, NULL, NULL),
(17, '2020-07-18 00:00:00', 'AKTIF', 'pembelian', 1, 0, 'CABANG', NULL, 1, '2020-07-04 09:52:12', '2020-07-04 09:52:12', 1, 1, NULL, NULL, NULL),
(18, '2020-07-03 00:00:00', 'AKTIF', 'pembelian', 1, 0, 'CABANG', NULL, 1, '2020-07-04 09:54:07', '2020-07-04 09:54:07', 1, 1, NULL, NULL, NULL),
(19, '1111-11-11 00:00:00', 'nonaktif', 'pembelian', 4, 0, 'WAREHOUSE', 1, NULL, '2020-07-07 10:35:22', '2020-07-07 10:35:52', 1, 1, NULL, NULL, NULL),
(20, '2020-07-22 14:28:54', 'aktif', 'permintaan', 0, 0, 'CABANG', NULL, 1, '2020-07-22 02:28:54', '2020-07-22 02:28:54', 2, 2, NULL, NULL, NULL),
(21, '2020-07-22 14:31:31', 'aktif', 'permintaan', 0, 0, 'Cabang', NULL, 1, '2020-07-22 02:31:31', '2020-07-22 02:31:31', 2, 2, NULL, NULL, NULL),
(22, '2020-07-24 00:00:00', 'AKTIF', 'pembelian', 4, 0, 'CABANG', NULL, 2, '2020-07-24 07:38:20', '2020-07-24 07:40:08', 2, 2, NULL, NULL, NULL),
(23, '2020-07-25 00:00:00', 'AKTIF', 'retur', 0, 1, 'CABANG', NULL, 2, '2020-07-24 07:40:36', '2020-07-24 07:40:36', 2, 2, NULL, NULL, NULL);

--
-- Triggers `mstr_penerimaan`
--
DELIMITER $$
CREATE TRIGGER `trg_after_insert_penerimaan` AFTER INSERT ON `mstr_penerimaan` FOR EACH ROW begin
            set @id_user = new.id_last_modified;
            set @tgl_action = new.penerimaan_last_modified;
            set @log_text = concat(new.id_last_modified,' ','insert data at' , new.penerimaan_last_modified);
            call insert_log_all(@id_user,@tgl_action,@log_text,@id_log_all);
            
            insert into mstr_penerimaan_log(executed_function,id_pk_penerimaan,penerimaan_tgl,penerimaan_status,penerimaan_tipe,id_fk_retur,id_fk_pembelian,penerimaan_tempat,id_fk_warehouse,id_fk_cabang,penerimaan_create_date,penerimaan_last_modified,id_create_data,id_last_modified,id_log_all) values ('after insert',new.id_pk_penerimaan,new.penerimaan_tgl,new.penerimaan_status,new.penerimaan_tipe,new.id_fk_retur,new.id_fk_pembelian,new.penerimaan_tempat,new.id_fk_warehouse,new.id_fk_cabang,new.penerimaan_create_date,new.penerimaan_last_modified,new.id_create_data,new.id_last_modified,@id_log_all);
        end
$$
DELIMITER ;
DELIMITER $$
CREATE TRIGGER `trg_after_update_penerimaan` AFTER UPDATE ON `mstr_penerimaan` FOR EACH ROW begin
            set @id_user = new.id_last_modified;
            set @tgl_action = new.penerimaan_last_modified;
            set @log_text = concat(new.id_last_modified,' ','update data at' , new.penerimaan_last_modified);
            call insert_log_all(@id_user,@tgl_action,@log_text,@id_log_all);
            
            insert into mstr_penerimaan_log(executed_function,id_pk_penerimaan,penerimaan_tgl,penerimaan_status,penerimaan_tipe,id_fk_retur,id_fk_pembelian,penerimaan_tempat,id_fk_warehouse,id_fk_cabang,penerimaan_create_date,penerimaan_last_modified,id_create_data,id_last_modified,id_log_all) values ('after update',new.id_pk_penerimaan,new.penerimaan_tgl,new.penerimaan_status,new.penerimaan_tipe,new.id_fk_retur,new.id_fk_pembelian,new.penerimaan_tempat,new.id_fk_warehouse,new.id_fk_cabang,new.penerimaan_create_date,new.penerimaan_last_modified,new.id_create_data,new.id_last_modified,@id_log_all);
        end
$$
DELIMITER ;

-- --------------------------------------------------------

--
-- Table structure for table `mstr_penerimaan_log`
--

CREATE TABLE `mstr_penerimaan_log` (
  `id_pk_penerimaan_log` int(11) NOT NULL,
  `executed_function` varchar(30) DEFAULT NULL,
  `id_pk_penerimaan` int(11) DEFAULT NULL,
  `penerimaan_tgl` datetime DEFAULT NULL,
  `penerimaan_status` varchar(15) DEFAULT NULL,
  `penerimaan_tipe` varchar(30) DEFAULT NULL,
  `id_fk_pembelian` int(11) DEFAULT NULL,
  `id_fk_retur` int(11) DEFAULT NULL,
  `penerimaan_tempat` varchar(30) DEFAULT NULL COMMENT 'warehouse/cabang',
  `id_fk_warehouse` int(11) DEFAULT NULL,
  `id_fk_cabang` int(11) DEFAULT NULL,
  `penerimaan_create_date` datetime DEFAULT NULL,
  `penerimaan_last_modified` datetime DEFAULT NULL,
  `id_create_data` int(11) DEFAULT NULL,
  `id_last_modified` int(11) DEFAULT NULL,
  `id_log_all` int(11) DEFAULT NULL
) ENGINE=InnoDB DEFAULT CHARSET=utf8mb4;

--
-- Dumping data for table `mstr_penerimaan_log`
--

INSERT INTO `mstr_penerimaan_log` (`id_pk_penerimaan_log`, `executed_function`, `id_pk_penerimaan`, `penerimaan_tgl`, `penerimaan_status`, `penerimaan_tipe`, `id_fk_pembelian`, `id_fk_retur`, `penerimaan_tempat`, `id_fk_warehouse`, `id_fk_cabang`, `penerimaan_create_date`, `penerimaan_last_modified`, `id_create_data`, `id_last_modified`, `id_log_all`) VALUES
(1, 'after insert', 1, '2020-07-01 12:08:45', 'aktif', NULL, 0, 0, 'CABANG', NULL, 1, '2020-07-01 12:08:45', '2020-07-01 12:08:45', 1, 1, 1472),
(2, 'after insert', 2, '2020-07-01 12:10:36', 'aktif', NULL, 0, 0, 'CABANG', NULL, 1, '2020-07-01 12:10:36', '2020-07-01 12:10:36', 1, 1, 1474),
(3, 'after insert', 3, '2020-07-01 12:11:01', 'aktif', NULL, 0, 0, 'CABANG', NULL, 1, '2020-07-01 12:11:01', '2020-07-01 12:11:01', 1, 1, 1476),
(4, 'after insert', 4, '2020-07-01 12:11:27', 'aktif', NULL, 0, 0, 'CABANG', NULL, 1, '2020-07-01 12:11:27', '2020-07-01 12:11:27', 1, 1, 1478),
(5, 'after insert', 5, '2020-07-01 12:12:32', 'aktif', 'permintaan', 0, 0, 'CABANG', NULL, 1, '2020-07-01 12:12:32', '2020-07-01 12:12:32', 1, 1, 1484),
(6, 'after insert', 6, '2020-07-01 12:13:14', 'aktif', 'permintaan', 0, 0, 'CABANG', NULL, 1, '2020-07-01 12:13:14', '2020-07-01 12:13:14', 1, 1, 1490),
(7, 'after insert', 7, '2020-07-01 12:13:38', 'aktif', 'permintaan', 0, 0, 'CABANG', NULL, 1, '2020-07-01 12:13:38', '2020-07-01 12:13:38', 1, 1, 1496),
(8, 'after insert', 8, '2020-07-01 12:14:19', 'aktif', 'permintaan', 0, 0, 'CABANG', NULL, 1, '2020-07-01 12:14:19', '2020-07-01 12:14:19', 1, 1, 1502),
(9, 'after insert', 9, '2020-07-01 12:17:51', 'aktif', 'permintaan', 0, 0, 'CABANG', NULL, 1, '2020-07-01 12:17:51', '2020-07-01 12:17:51', 1, 1, 1508),
(10, 'after insert', 10, '2020-07-01 12:18:24', 'aktif', 'permintaan', 0, 0, 'CABANG', NULL, 1, '2020-07-01 12:18:24', '2020-07-01 12:18:24', 1, 1, 1514),
(11, 'after update', 10, '2020-07-01 12:18:24', 'nonaktif', 'permintaan', 0, 0, 'CABANG', NULL, 1, '2020-07-01 12:18:24', '2020-07-01 12:28:17', 1, 1, 1520),
(12, 'after update', 9, '2020-07-01 12:17:51', 'nonaktif', 'permintaan', 0, 0, 'CABANG', NULL, 1, '2020-07-01 12:17:51', '2020-07-01 12:28:21', 1, 1, 1523),
(13, 'after insert', 11, '2020-07-01 12:29:02', 'aktif', 'permintaan', 0, 0, 'CABANG', NULL, 1, '2020-07-01 12:29:02', '2020-07-01 12:29:02', 1, 1, 1527),
(14, 'after update', 11, '2020-07-01 12:29:02', 'nonaktif', 'permintaan', 0, 0, 'CABANG', NULL, 1, '2020-07-01 12:29:02', '2020-07-01 12:29:09', 1, 1, 1533),
(15, 'after insert', 12, '2020-07-01 12:29:20', 'aktif', 'permintaan', 0, 0, 'CABANG', NULL, 1, '2020-07-01 12:29:20', '2020-07-01 12:29:20', 1, 1, 1536),
(16, 'after insert', 13, '2020-07-01 12:29:22', 'aktif', 'permintaan', 0, 0, 'CABANG', NULL, 1, '2020-07-01 12:29:22', '2020-07-01 12:29:22', 1, 1, 1542),
(17, 'after update', 13, '2020-07-01 12:29:22', 'nonaktif', 'permintaan', 0, 0, 'CABANG', NULL, 1, '2020-07-01 12:29:22', '2020-07-01 12:29:30', 1, 1, 1548),
(18, 'after update', 12, '2020-07-01 12:29:20', 'nonaktif', 'permintaan', 0, 0, 'CABANG', NULL, 1, '2020-07-01 12:29:20', '2020-07-01 12:30:28', 1, 1, 1551),
(19, 'after insert', 14, '2020-07-01 12:31:57', 'aktif', 'permintaan', 0, 0, 'CABANG', NULL, 1, '2020-07-01 12:31:57', '2020-07-01 12:31:57', 1, 1, 1554),
(20, 'after update', 14, '2020-07-01 12:31:57', 'nonaktif', 'permintaan', 0, 0, 'CABANG', NULL, 1, '2020-07-01 12:31:57', '2020-07-01 12:32:03', 1, 1, 1560),
(21, 'after insert', 15, '2020-07-01 12:33:04', 'aktif', 'permintaan', 0, 0, 'CABANG', NULL, 1, '2020-07-01 12:33:04', '2020-07-01 12:33:04', 1, 1, 1563),
(22, 'after update', 15, '2020-07-01 12:33:04', 'nonaktif', 'permintaan', 0, 0, 'CABANG', NULL, 1, '2020-07-01 12:33:04', '2020-07-01 12:33:11', 1, 1, 1569),
(23, 'after insert', 16, '1111-11-11 00:00:00', 'AKTIF', 'pembelian', 1, 0, 'CABANG', NULL, 1, '2020-07-01 12:36:05', '2020-07-01 12:36:05', 1, 1, 1575),
(24, 'after update', 16, '1111-11-11 00:00:00', 'AKTIF', 'pembelian', 1, 0, 'CABANG', NULL, 1, '2020-07-01 12:36:05', '2020-07-01 12:36:21', 1, 1, 1584),
(25, 'after insert', 17, '2020-07-18 00:00:00', 'AKTIF', 'pembelian', 1, 0, 'CABANG', NULL, 1, '2020-07-04 09:52:12', '2020-07-04 09:52:12', 1, 1, 1971),
(26, 'after insert', 18, '2020-07-03 00:00:00', 'AKTIF', 'pembelian', 1, 0, 'CABANG', NULL, 1, '2020-07-04 09:54:07', '2020-07-04 09:54:07', 1, 1, 2038),
(27, 'after insert', 19, '1111-11-11 00:00:00', 'AKTIF', 'pembelian', 4, 0, 'WAREHOUSE', 1, NULL, '2020-07-07 10:35:22', '2020-07-07 10:35:22', 1, 1, 4902),
(28, 'after update', 19, '1111-11-11 00:00:00', 'AKTIF', 'pembelian', 4, 0, 'WAREHOUSE', 1, NULL, '2020-07-07 10:35:22', '2020-07-07 10:35:42', 1, 1, 4915),
(29, 'after update', 19, '1111-11-11 00:00:00', 'nonaktif', 'pembelian', 4, 0, 'WAREHOUSE', 1, NULL, '2020-07-07 10:35:22', '2020-07-07 10:35:52', 1, 1, 4928),
(30, 'after insert', 20, '2020-07-22 14:28:54', 'aktif', 'permintaan', 0, 0, 'CABANG', NULL, 1, '2020-07-22 02:28:54', '2020-07-22 02:28:54', 2, 2, 195),
(31, 'after insert', 21, '2020-07-22 14:31:31', 'aktif', 'permintaan', 0, 0, 'Cabang', NULL, 1, '2020-07-22 02:31:31', '2020-07-22 02:31:31', 2, 2, 222),
(32, 'after insert', 22, '2020-07-24 00:00:00', 'AKTIF', 'pembelian', 4, 0, 'CABANG', NULL, 2, '2020-07-24 07:38:20', '2020-07-24 07:38:20', 2, 2, 1366),
(33, 'after update', 22, '2020-07-24 00:00:00', 'AKTIF', 'pembelian', 4, 0, 'CABANG', NULL, 2, '2020-07-24 07:38:20', '2020-07-24 07:38:48', 2, 2, 1381),
(34, 'after update', 22, '2020-07-24 00:00:00', 'AKTIF', 'pembelian', 4, 0, 'CABANG', NULL, 2, '2020-07-24 07:38:20', '2020-07-24 07:38:54', 2, 2, 1382),
(35, 'after update', 22, '2020-07-24 00:00:00', 'AKTIF', 'pembelian', 4, 0, 'CABANG', NULL, 2, '2020-07-24 07:38:20', '2020-07-24 07:40:02', 2, 2, 1383),
(36, 'after update', 22, '2020-07-24 00:00:00', 'AKTIF', 'pembelian', 4, 0, 'CABANG', NULL, 2, '2020-07-24 07:38:20', '2020-07-24 07:40:08', 2, 2, 1398),
(37, 'after insert', 23, '2020-07-25 00:00:00', 'AKTIF', 'retur', 0, 1, 'CABANG', NULL, 2, '2020-07-24 07:40:36', '2020-07-24 07:40:36', 2, 2, 1413);

-- --------------------------------------------------------

--
-- Table structure for table `mstr_pengiriman`
--

CREATE TABLE `mstr_pengiriman` (
  `id_pk_pengiriman` int(11) NOT NULL,
  `pengiriman_no` varchar(50) DEFAULT NULL,
  `pengiriman_tgl` datetime DEFAULT NULL,
  `pengiriman_status` varchar(15) DEFAULT NULL,
  `pengiriman_tipe` varchar(30) DEFAULT NULL,
  `id_fk_penjualan` int(11) DEFAULT NULL,
  `id_fk_retur` int(11) DEFAULT NULL,
  `pengiriman_tempat` varchar(30) DEFAULT NULL COMMENT 'warehouse/cabang',
  `id_fk_warehouse` int(11) DEFAULT NULL,
  `id_fk_cabang` int(11) DEFAULT NULL,
  `pengiriman_create_date` datetime DEFAULT NULL,
  `pengiriman_last_modified` datetime DEFAULT NULL,
  `id_create_data` int(11) DEFAULT NULL,
  `id_last_modified` int(11) DEFAULT NULL,
  `no_control` int(11) DEFAULT NULL,
  `bln_control` int(11) DEFAULT NULL,
  `thn_control` int(11) DEFAULT NULL
) ENGINE=InnoDB DEFAULT CHARSET=utf8mb4;

--
-- Dumping data for table `mstr_pengiriman`
--

INSERT INTO `mstr_pengiriman` (`id_pk_pengiriman`, `pengiriman_no`, `pengiriman_tgl`, `pengiriman_status`, `pengiriman_tipe`, `id_fk_penjualan`, `id_fk_retur`, `pengiriman_tempat`, `id_fk_warehouse`, `id_fk_cabang`, `pengiriman_create_date`, `pengiriman_last_modified`, `id_create_data`, `id_last_modified`, `no_control`, `bln_control`, `thn_control`) VALUES
(14, NULL, '2020-06-29 17:02:24', 'nonaktif', 'retur', 17, 0, 'cabang', NULL, 2, '2020-06-29 05:02:24', '2020-06-29 05:26:28', 1, 1, NULL, NULL, NULL),
(15, NULL, '2020-06-29 17:44:13', 'aktif', 'retur', 17, 0, 'cabang', NULL, 2, '2020-06-29 05:44:13', '2020-06-29 05:44:13', 1, 1, NULL, NULL, NULL),
(16, NULL, '2020-06-29 17:44:27', 'aktif', 'retur', 17, 0, 'cabang', NULL, 2, '2020-06-29 05:44:27', '2020-06-29 05:44:27', 1, 1, NULL, NULL, NULL),
(17, NULL, '2020-06-29 17:44:49', 'aktif', 'retur', 17, 0, 'cabang', NULL, 2, '2020-06-29 05:44:49', '2020-06-29 05:44:49', 1, 1, NULL, NULL, NULL),
(18, NULL, '2020-06-29 17:44:54', 'aktif', 'retur', 17, 0, 'cabang', NULL, 2, '2020-06-29 05:44:54', '2020-06-29 05:44:54', 1, 1, NULL, NULL, NULL),
(19, NULL, '2020-06-29 17:50:13', 'aktif', 'retur', 17, 0, 'cabang', NULL, 2, '2020-06-29 05:50:13', '2020-06-29 05:50:13', 1, 1, NULL, NULL, NULL),
(20, NULL, '2020-06-29 17:52:47', 'aktif', 'retur', 17, 0, 'cabang', NULL, 2, '2020-06-29 05:52:47', '2020-06-29 05:52:47', 1, 1, NULL, NULL, NULL),
(21, NULL, '2020-06-29 17:53:44', 'aktif', 'retur', 17, 0, 'cabang', NULL, 2, '2020-06-29 05:53:44', '2020-06-29 05:53:44', 1, 1, NULL, NULL, NULL),
(22, NULL, '2020-06-29 17:54:11', 'nonaktif', 'permintaan', 17, 0, 'cabang', NULL, 2, '2020-06-29 05:54:11', '2020-06-29 05:54:56', 1, 1, NULL, NULL, NULL),
(23, NULL, '2020-06-29 17:55:39', 'aktif', 'permintaan', 17, 0, 'cabang', NULL, 2, '2020-06-29 05:55:39', '2020-06-29 05:55:39', 1, 1, NULL, NULL, NULL),
(24, NULL, '2020-06-29 17:55:43', 'aktif', 'permintaan', 17, 0, 'cabang', NULL, 2, '2020-06-29 05:55:43', '2020-06-29 05:55:43', 1, 1, NULL, NULL, NULL),
(25, NULL, '2020-06-29 17:55:46', 'nonaktif', 'permintaan', 17, 0, 'cabang', NULL, 2, '2020-06-29 05:55:46', '2020-06-29 05:55:59', 1, 1, NULL, NULL, NULL),
(26, NULL, '2020-06-29 17:55:49', 'nonaktif', 'permintaan', 17, 0, 'cabang', NULL, 2, '2020-06-29 05:55:49', '2020-06-29 05:56:03', 1, 1, NULL, NULL, NULL),
(27, NULL, '2020-06-29 17:59:17', 'aktif', 'permintaan', 17, 0, 'cabang', NULL, 2, '2020-06-29 05:59:17', '2020-06-29 05:59:17', 1, 1, NULL, NULL, NULL),
(28, NULL, '2020-06-29 18:02:14', 'nonaktif', 'permintaan', 17, 0, 'cabang', NULL, 2, '2020-06-29 06:02:14', '2020-06-29 06:04:32', 1, 1, NULL, NULL, NULL),
(29, NULL, '2020-06-29 18:04:37', 'nonaktif', 'permintaan', 17, 0, 'cabang', NULL, 2, '2020-06-29 06:04:37', '2020-06-29 06:07:05', 1, 1, NULL, NULL, NULL),
(30, NULL, '2020-06-29 18:07:08', 'aktif', 'permintaan', 17, 0, 'cabang', NULL, 2, '2020-06-29 06:07:08', '2020-06-29 06:07:08', 1, 1, NULL, NULL, NULL),
(31, NULL, '2020-06-29 18:09:05', 'aktif', 'permintaan', 17, 0, 'cabang', NULL, 2, '2020-06-29 06:09:05', '2020-06-29 06:09:05', 1, 1, NULL, NULL, NULL),
(32, NULL, '2020-06-29 18:09:34', 'aktif', 'permintaan', 17, 0, 'cabang', NULL, 2, '2020-06-29 06:09:34', '2020-06-29 06:09:34', 1, 1, NULL, NULL, NULL),
(33, NULL, '2020-06-29 18:10:03', 'aktif', 'permintaan', 17, 0, 'cabang', NULL, 2, '2020-06-29 06:10:03', '2020-06-29 06:10:03', 1, 1, NULL, NULL, NULL),
(34, NULL, '2020-06-29 18:10:26', 'nonaktif', 'permintaan', 17, 0, 'cabang', NULL, 2, '2020-06-29 06:10:26', '2020-06-29 06:18:59', 1, 1, NULL, NULL, NULL),
(35, NULL, '2020-06-29 18:10:43', 'aktif', 'permintaan', 17, 0, 'cabang', NULL, 2, '2020-06-29 06:10:43', '2020-06-29 06:10:43', 1, 1, NULL, NULL, NULL),
(36, NULL, '2020-06-29 18:11:11', 'aktif', 'permintaan', 17, 0, 'cabang', NULL, 2, '2020-06-29 06:11:11', '2020-06-29 06:11:11', 1, 1, NULL, NULL, NULL),
(37, NULL, '2020-06-29 18:11:38', 'aktif', 'permintaan', 17, 0, 'cabang', NULL, 2, '2020-06-29 06:11:38', '2020-06-29 06:11:38', 1, 1, NULL, NULL, NULL),
(38, NULL, '2020-06-29 18:11:47', 'aktif', 'permintaan', 17, 0, 'cabang', NULL, 2, '2020-06-29 06:11:47', '2020-06-29 06:11:47', 1, 1, NULL, NULL, NULL),
(39, NULL, '2020-06-29 18:11:58', 'aktif', 'permintaan', 17, 0, 'cabang', NULL, 2, '2020-06-29 06:11:58', '2020-06-29 06:11:58', 1, 1, NULL, NULL, NULL),
(40, NULL, '2020-06-29 18:13:19', 'aktif', 'permintaan', 17, 0, 'cabang', NULL, 2, '2020-06-29 06:13:19', '2020-06-29 06:13:19', 1, 1, NULL, NULL, NULL),
(41, NULL, '2020-06-29 18:18:49', 'nonaktif', 'permintaan', 17, 0, 'cabang', NULL, 2, '2020-06-29 06:18:49', '2020-06-29 06:26:23', 1, 1, NULL, NULL, NULL),
(42, NULL, '2020-06-29 18:26:31', 'nonaktif', 'permintaan', 17, 0, 'cabang', NULL, 2, '2020-06-29 06:26:31', '2020-06-29 06:26:37', 1, 1, NULL, NULL, NULL),
(43, NULL, '1111-11-11 00:00:00', 'nonaktif', 'penjualan', 17, 0, 'cabang', NULL, 2, '2020-06-29 06:27:12', '2020-06-29 06:27:46', 1, 1, NULL, NULL, NULL),
(44, NULL, '2020-07-07 13:21:04', 'nonaktif', 'permintaan', 17, 0, 'warehouse', 1, NULL, '2020-07-07 01:21:04', '2020-07-07 01:24:20', 1, 1, NULL, NULL, NULL),
(45, NULL, '2020-07-07 13:22:34', 'nonaktif', 'permintaan', 17, 0, 'warehouse', 1, NULL, '2020-07-07 01:22:34', '2020-07-07 01:24:24', 1, 1, NULL, NULL, NULL),
(46, NULL, '2020-07-07 13:23:43', 'nonaktif', 'permintaan', 17, 0, 'warehouse', 1, NULL, '2020-07-07 01:23:43', '2020-07-07 01:24:22', 1, 1, NULL, NULL, NULL),
(47, NULL, '2020-07-07 13:25:51', 'nonaktif', 'permintaan', 17, 0, 'warehouse', 1, NULL, '2020-07-07 01:25:51', '2020-07-07 01:30:53', 1, 1, NULL, NULL, NULL),
(48, NULL, '2020-07-07 13:26:50', 'nonaktif', 'permintaan', 17, 0, 'warehouse', 1, NULL, '2020-07-07 01:26:50', '2020-07-07 01:31:08', 1, 1, NULL, NULL, NULL),
(49, NULL, '2020-07-07 13:27:00', 'nonaktif', 'permintaan', 17, 0, 'warehouse', 1, NULL, '2020-07-07 01:27:00', '2020-07-07 01:30:59', 1, 1, NULL, NULL, NULL),
(50, NULL, '2020-07-07 13:28:53', 'aktif', 'permintaan', 17, 0, 'warehouse', 1, NULL, '2020-07-07 01:28:53', '2020-07-07 01:28:53', 1, 1, NULL, NULL, NULL),
(51, NULL, '2020-07-07 13:29:11', 'aktif', 'permintaan', 17, 0, 'warehouse', 1, NULL, '2020-07-07 01:29:11', '2020-07-07 01:29:11', 1, 1, NULL, NULL, NULL),
(52, NULL, '2020-07-07 13:29:27', 'aktif', 'permintaan', 17, 0, 'warehouse', 1, NULL, '2020-07-07 01:29:27', '2020-07-07 01:29:27', 1, 1, NULL, NULL, NULL),
(53, NULL, '2020-07-07 13:29:36', 'aktif', 'permintaan', 17, 0, 'warehouse', 1, NULL, '2020-07-07 01:29:36', '2020-07-07 01:29:36', 1, 1, NULL, NULL, NULL),
(54, NULL, '2020-07-07 13:29:45', 'aktif', 'permintaan', 17, 0, 'warehouse', 1, NULL, '2020-07-07 01:29:45', '2020-07-07 01:29:45', 1, 1, NULL, NULL, NULL),
(55, NULL, '2020-07-07 13:30:19', 'aktif', 'permintaan', 17, 0, 'warehouse', 1, NULL, '2020-07-07 01:30:19', '2020-07-07 01:30:19', 1, 1, NULL, NULL, NULL),
(56, NULL, '2020-07-07 13:30:28', 'nonaktif', 'permintaan', 17, 0, 'warehouse', 1, NULL, '2020-07-07 01:30:28', '2020-07-07 01:31:05', 1, 1, NULL, NULL, NULL),
(57, NULL, '2020-07-07 13:31:20', 'nonaktif', 'permintaan', 17, 0, 'warehouse', 1, NULL, '2020-07-07 01:31:20', '2020-07-07 01:47:10', 1, 1, NULL, NULL, NULL),
(58, NULL, '2020-07-07 13:31:31', 'nonaktif', 'permintaan', 17, 0, 'warehouse', 1, NULL, '2020-07-07 01:31:31', '2020-07-07 01:47:50', 1, 1, NULL, NULL, NULL),
(59, NULL, '2020-07-07 13:40:36', 'nonaktif', 'permintaan', 17, 0, 'warehouse', 1, NULL, '2020-07-07 01:40:36', '2020-07-07 01:47:52', 1, 1, NULL, NULL, NULL),
(60, NULL, '2020-07-07 13:41:51', 'nonaktif', 'permintaan', 17, 0, 'warehouse', 1, NULL, '2020-07-07 01:41:51', '2020-07-07 01:46:52', 1, 1, NULL, NULL, NULL),
(61, NULL, '2020-07-07 13:42:03', 'nonaktif', 'permintaan', 17, 0, 'warehouse', 1, NULL, '2020-07-07 01:42:03', '2020-07-07 01:47:55', 1, 1, NULL, NULL, NULL),
(62, NULL, '2020-07-07 13:47:36', 'nonaktif', 'permintaan', 17, 0, 'warehouse', 1, NULL, '2020-07-07 01:47:36', '2020-07-07 01:47:57', 1, 1, NULL, NULL, NULL),
(63, NULL, '2020-07-07 13:48:05', 'nonaktif', 'permintaan', 17, 0, 'warehouse', 1, NULL, '2020-07-07 01:48:05', '2020-07-07 01:48:12', 1, 1, NULL, NULL, NULL),
(64, NULL, '2020-07-07 13:53:52', 'nonaktif', 'permintaan', 17, 0, 'cabang', NULL, 1, '2020-07-07 01:53:52', '2020-07-07 01:54:09', 1, 1, NULL, NULL, NULL),
(65, NULL, '2020-07-07 13:54:21', 'aktif', 'permintaan', 17, 0, 'cabang', NULL, 1, '2020-07-07 01:54:21', '2020-07-07 01:54:21', 1, 1, NULL, NULL, NULL),
(66, NULL, '2020-07-07 14:02:25', 'aktif', 'permintaan', 17, 0, 'warehouse', 1, NULL, '2020-07-07 02:02:25', '2020-07-07 02:02:25', 1, 1, NULL, NULL, NULL),
(67, NULL, '2020-07-07 14:03:58', 'aktif', 'permintaan', 17, 0, 'warehouse', 1, NULL, '2020-07-07 02:03:58', '2020-07-07 02:03:58', 1, 1, NULL, NULL, NULL),
(68, NULL, '2020-07-07 14:05:55', 'nonaktif', 'permintaan', 17, 0, 'warehouse', 1, NULL, '2020-07-07 02:05:55', '2020-07-07 02:06:34', 1, 1, NULL, NULL, NULL),
(69, 'MSTRCABANG3-PENGIRIMAN-0-00-00-000001', '1111-11-11 00:00:00', 'AKTIF', 'penjualan', 0, 1, 'cabang', NULL, 2, '2020-07-19 01:03:10', '2020-07-19 01:03:10', 2, 2, NULL, NULL, NULL),
(70, 'MSTRCABANG3-PENGIRIMAN-1111-11-11-000001', '1111-11-11 00:00:00', 'AKTIF', 'penjualan', 0, 1, 'cabang', NULL, 2, '2020-07-19 01:04:20', '2020-07-19 01:04:20', 2, 2, NULL, NULL, NULL),
(71, 'MSTRCABANG3-PENGIRIMAN-1111-11-11-000001', '1111-11-11 00:00:00', 'AKTIF', 'penjualan', 0, 1, 'cabang', NULL, 2, '2020-07-19 01:04:30', '2020-07-19 01:04:30', 2, 2, NULL, NULL, NULL),
(72, 'MSTRCABANG3-PENGIRIMAN-1111-11-11-000001', '1111-11-11 00:00:00', 'AKTIF', 'penjualan', 0, 1, 'cabang', NULL, 2, '2020-07-19 01:05:26', '2020-07-19 01:05:26', 2, 2, 1, 7, 2020),
(73, 'MSTRCABANG3-PENGIRIMAN-1111-11-11-000001', '1111-11-11 00:00:00', 'AKTIF', 'penjualan', 0, 1, 'cabang', NULL, 2, '2020-07-19 01:05:28', '2020-07-19 01:05:28', 2, 2, 1, 7, 2020),
(74, 'MSTRCABANG3-PENGIRIMAN-2020-07-19-000002', '2020-07-19 00:00:00', 'AKTIF', 'penjualan', 0, 1, 'cabang', NULL, 2, '2020-07-19 01:06:34', '2020-07-19 01:06:34', 2, 2, 2, 7, 2020),
(75, 'MSTRCABANG3-PENGIRIMAN-2020-07-19-000003', '2020-07-19 00:00:00', 'AKTIF', 'penjualan', 0, 1, 'cabang', NULL, 2, '2020-07-19 01:06:37', '2020-07-19 01:06:37', 2, 2, 3, 7, 2020);

--
-- Triggers `mstr_pengiriman`
--
DELIMITER $$
CREATE TRIGGER `trg_after_insert_pengiriman` AFTER INSERT ON `mstr_pengiriman` FOR EACH ROW begin
            set @id_user = new.id_last_modified;
            set @tgl_action = new.pengiriman_last_modified;
            set @log_text = concat(new.id_last_modified,' ','insert data at' , new.pengiriman_last_modified);
            call insert_log_all(@id_user,@tgl_action,@log_text,@id_log_all);
            
            insert into mstr_pengiriman_log(executed_function,id_pk_pengiriman,pengiriman_tgl,pengiriman_status,pengiriman_tipe,id_fk_penjualan,id_fk_retur,pengiriman_tempat,id_fk_warehouse,id_fk_cabang,pengiriman_create_date,pengiriman_last_modified,id_create_data,id_last_modified,pengiriman_no,no_control,bln_control,thn_control,id_log_all) values ('after insert',new.id_pk_pengiriman,new.pengiriman_tgl,new.pengiriman_status,new.pengiriman_tipe,new.id_fk_penjualan,new.id_fk_retur,new.pengiriman_tempat,new.id_fk_warehouse,new.id_fk_cabang,new.pengiriman_create_date,new.pengiriman_last_modified,new.id_create_data,new.id_last_modified,new.pengiriman_no,new.no_control,new.bln_control,new.thn_control,@id_log_all);
        end
$$
DELIMITER ;
DELIMITER $$
CREATE TRIGGER `trg_after_update_pengiriman` AFTER UPDATE ON `mstr_pengiriman` FOR EACH ROW begin
            set @id_user = new.id_last_modified;
            set @tgl_action = new.pengiriman_last_modified;
            set @log_text = concat(new.id_last_modified,' ','update data at' , new.pengiriman_last_modified);
            call insert_log_all(@id_user,@tgl_action,@log_text,@id_log_all);
            
            insert into mstr_pengiriman_log(executed_function,id_pk_pengiriman,pengiriman_tgl,pengiriman_status,pengiriman_tipe,id_fk_penjualan,id_fk_retur,pengiriman_tempat,id_fk_warehouse,id_fk_cabang,pengiriman_create_date,pengiriman_last_modified,id_create_data,id_last_modified,pengiriman_no,no_control,bln_control,thn_control,id_log_all) values ('after update',new.id_pk_pengiriman,new.pengiriman_tgl,new.pengiriman_status,new.pengiriman_tipe,new.id_fk_penjualan,new.id_fk_retur,new.pengiriman_tempat,new.id_fk_warehouse,new.id_fk_cabang,new.pengiriman_create_date,new.pengiriman_last_modified,new.id_create_data,new.id_last_modified,new.pengiriman_no,new.no_control,new.bln_control,new.thn_control,@id_log_all);
        end
$$
DELIMITER ;

-- --------------------------------------------------------

--
-- Table structure for table `mstr_pengiriman_log`
--

CREATE TABLE `mstr_pengiriman_log` (
  `id_pk_pengiriman_log` int(11) NOT NULL,
  `executed_function` varchar(30) DEFAULT NULL,
  `id_pk_pengiriman` int(11) DEFAULT NULL,
  `pengiriman_no` varchar(50) DEFAULT NULL,
  `pengiriman_tgl` datetime DEFAULT NULL,
  `pengiriman_status` varchar(15) DEFAULT NULL,
  `pengiriman_tipe` varchar(30) DEFAULT NULL,
  `id_fk_penjualan` int(11) DEFAULT NULL,
  `id_fk_retur` int(11) DEFAULT NULL,
  `pengiriman_tempat` varchar(30) DEFAULT NULL COMMENT 'warehouse/cabang',
  `id_fk_warehouse` int(11) DEFAULT NULL,
  `id_fk_cabang` int(11) DEFAULT NULL,
  `pengiriman_create_date` datetime DEFAULT NULL,
  `pengiriman_last_modified` datetime DEFAULT NULL,
  `id_create_data` int(11) DEFAULT NULL,
  `id_last_modified` int(11) DEFAULT NULL,
  `no_control` int(11) DEFAULT NULL,
  `bln_control` int(11) DEFAULT NULL,
  `thn_control` int(11) DEFAULT NULL,
  `id_log_all` int(11) DEFAULT NULL
) ENGINE=InnoDB DEFAULT CHARSET=utf8mb4;

--
-- Dumping data for table `mstr_pengiriman_log`
--

INSERT INTO `mstr_pengiriman_log` (`id_pk_pengiriman_log`, `executed_function`, `id_pk_pengiriman`, `pengiriman_no`, `pengiriman_tgl`, `pengiriman_status`, `pengiriman_tipe`, `id_fk_penjualan`, `id_fk_retur`, `pengiriman_tempat`, `id_fk_warehouse`, `id_fk_cabang`, `pengiriman_create_date`, `pengiriman_last_modified`, `id_create_data`, `id_last_modified`, `no_control`, `bln_control`, `thn_control`, `id_log_all`) VALUES
(1, 'after insert', 1, NULL, '2020-06-29 16:45:45', 'aktif', 'permintaan', 0, 0, 'cabang', NULL, 2, '2020-06-29 04:45:45', '2020-06-29 04:45:45', 1, 1, NULL, NULL, NULL, 1248),
(2, 'after insert', 2, NULL, '2020-06-29 16:45:45', 'aktif', 'permintaan', 0, 0, 'cabang', NULL, 2, '2020-06-29 04:45:45', '2020-06-29 04:45:45', 1, 1, NULL, NULL, NULL, 1249),
(3, 'after insert', 3, NULL, '2020-06-29 16:50:34', 'aktif', 'permintaan', 0, 0, 'cabang', NULL, 2, '2020-06-29 04:50:34', '2020-06-29 04:50:34', 1, 1, NULL, NULL, NULL, 1250),
(4, 'after insert', 4, NULL, '2020-06-29 16:50:34', 'aktif', 'permintaan', 0, 0, 'cabang', NULL, 2, '2020-06-29 04:50:34', '2020-06-29 04:50:34', 1, 1, NULL, NULL, NULL, 1251),
(5, 'after insert', 5, NULL, '2020-06-29 16:55:55', 'aktif', 'permintaan', 0, 0, 'cabang', NULL, 2, '2020-06-29 04:55:55', '2020-06-29 04:55:55', 1, 1, NULL, NULL, NULL, 1252),
(6, 'after insert', 6, NULL, '2020-06-29 16:55:55', 'aktif', 'permintaan', 0, 0, 'cabang', NULL, 2, '2020-06-29 04:55:55', '2020-06-29 04:55:55', 1, 1, NULL, NULL, NULL, 1253),
(7, 'after insert', 7, NULL, '2020-06-29 16:58:12', 'aktif', 'permintaan', 0, 0, 'cabang', NULL, 2, '2020-06-29 04:58:12', '2020-06-29 04:58:12', 1, 1, NULL, NULL, NULL, 1255),
(8, 'after insert', 8, NULL, '2020-06-29 16:58:12', 'aktif', 'permintaan', 0, 0, 'cabang', NULL, 2, '2020-06-29 04:58:12', '2020-06-29 04:58:12', 1, 1, NULL, NULL, NULL, 1256),
(9, 'after insert', 9, NULL, '2020-06-29 17:01:57', 'aktif', 'permintaan', 0, 0, 'cabang', NULL, 2, '2020-06-29 05:01:57', '2020-06-29 05:01:57', 1, 1, NULL, NULL, NULL, 1258),
(10, 'after insert', 10, NULL, '2020-06-29 17:01:57', 'aktif', 'permintaan', 0, 0, 'cabang', NULL, 2, '2020-06-29 05:01:57', '2020-06-29 05:01:57', 1, 1, NULL, NULL, NULL, 1259),
(11, 'after insert', 11, NULL, '2020-06-29 17:02:08', 'aktif', 'permintaan', 0, 0, 'cabang', NULL, 2, '2020-06-29 05:02:08', '2020-06-29 05:02:08', 1, 1, NULL, NULL, NULL, 1261),
(12, 'after insert', 12, NULL, '2020-06-29 17:02:18', 'aktif', 'permintaan', 0, 0, 'cabang', NULL, 2, '2020-06-29 05:02:18', '2020-06-29 05:02:18', 1, 1, NULL, NULL, NULL, 1264),
(13, 'after insert', 13, NULL, '2020-06-29 17:02:21', 'aktif', 'permintaan', 0, 0, 'cabang', NULL, 2, '2020-06-29 05:02:21', '2020-06-29 05:02:21', 1, 1, NULL, NULL, NULL, 1267),
(14, 'after insert', 14, NULL, '2020-06-29 17:02:24', 'aktif', 'permintaan', 0, 0, 'cabang', NULL, 2, '2020-06-29 05:02:24', '2020-06-29 05:02:24', 1, 1, NULL, NULL, NULL, 1270),
(15, 'after update', 14, NULL, '2020-06-29 17:02:24', 'nonaktif', 'permintaan', 0, 0, 'cabang', NULL, 2, '2020-06-29 05:02:24', '2020-06-29 05:26:28', 1, 1, NULL, NULL, NULL, 1273),
(16, 'after update', 11, NULL, '2020-06-29 17:02:08', 'nonaktif', 'permintaan', 0, 0, 'cabang', NULL, 2, '2020-06-29 05:02:08', '2020-06-29 05:33:23', 1, 1, NULL, NULL, NULL, 1275),
(17, 'after update', 12, NULL, '2020-06-29 17:02:18', 'nonaktif', 'permintaan', 0, 0, 'cabang', NULL, 2, '2020-06-29 05:02:18', '2020-06-29 05:33:37', 1, 1, NULL, NULL, NULL, 1277),
(18, 'after update', 13, NULL, '2020-06-29 17:02:21', 'nonaktif', 'permintaan', 0, 0, 'cabang', NULL, 2, '2020-06-29 05:02:21', '2020-06-29 05:40:13', 1, 1, NULL, NULL, NULL, 1279),
(19, 'after insert', 15, NULL, '2020-06-29 17:44:13', 'aktif', 'permintaan', 0, 0, 'cabang', NULL, 2, '2020-06-29 05:44:13', '2020-06-29 05:44:13', 1, 1, NULL, NULL, NULL, 1285),
(20, 'after insert', 16, NULL, '2020-06-29 17:44:27', 'aktif', 'permintaan', 0, 0, 'cabang', NULL, 2, '2020-06-29 05:44:27', '2020-06-29 05:44:27', 1, 1, NULL, NULL, NULL, 1288),
(21, 'after insert', 17, NULL, '2020-06-29 17:44:49', 'aktif', 'permintaan', 0, 0, 'cabang', NULL, 2, '2020-06-29 05:44:49', '2020-06-29 05:44:49', 1, 1, NULL, NULL, NULL, 1291),
(22, 'after insert', 18, NULL, '2020-06-29 17:44:54', 'aktif', 'permintaan', 0, 0, 'cabang', NULL, 2, '2020-06-29 05:44:54', '2020-06-29 05:44:54', 1, 1, NULL, NULL, NULL, 1294),
(23, 'after insert', 19, NULL, '2020-06-29 17:50:13', 'aktif', 'permintaan', 0, 0, 'cabang', NULL, 2, '2020-06-29 05:50:13', '2020-06-29 05:50:13', 1, 1, NULL, NULL, NULL, 1301),
(24, 'after insert', 20, NULL, '2020-06-29 17:52:47', 'aktif', 'permintaan', 0, 0, 'cabang', NULL, 2, '2020-06-29 05:52:47', '2020-06-29 05:52:47', 1, 1, NULL, NULL, NULL, 1304),
(25, 'after insert', 21, NULL, '2020-06-29 17:53:44', 'aktif', 'permintaan', 0, 0, 'cabang', NULL, 2, '2020-06-29 05:53:44', '2020-06-29 05:53:44', 1, 1, NULL, NULL, NULL, 1307),
(26, 'after insert', 22, NULL, '2020-06-29 17:54:11', 'aktif', 'permintaan', 0, 0, 'cabang', NULL, 2, '2020-06-29 05:54:11', '2020-06-29 05:54:11', 1, 1, NULL, NULL, NULL, 1310),
(27, 'after update', 22, NULL, '2020-06-29 17:54:11', 'nonaktif', 'permintaan', 0, 0, 'cabang', NULL, 2, '2020-06-29 05:54:11', '2020-06-29 05:54:56', 1, 1, NULL, NULL, NULL, 1313),
(28, 'after insert', 23, NULL, '2020-06-29 17:55:39', 'aktif', 'permintaan', 0, 0, 'cabang', NULL, 2, '2020-06-29 05:55:39', '2020-06-29 05:55:39', 1, 1, NULL, NULL, NULL, 1319),
(29, 'after insert', 24, NULL, '2020-06-29 17:55:43', 'aktif', 'permintaan', 0, 0, 'cabang', NULL, 2, '2020-06-29 05:55:43', '2020-06-29 05:55:43', 1, 1, NULL, NULL, NULL, 1322),
(30, 'after insert', 25, NULL, '2020-06-29 17:55:46', 'aktif', 'permintaan', 0, 0, 'cabang', NULL, 2, '2020-06-29 05:55:46', '2020-06-29 05:55:46', 1, 1, NULL, NULL, NULL, 1325),
(31, 'after insert', 26, NULL, '2020-06-29 17:55:49', 'aktif', 'permintaan', 0, 0, 'cabang', NULL, 2, '2020-06-29 05:55:49', '2020-06-29 05:55:49', 1, 1, NULL, NULL, NULL, 1328),
(32, 'after update', 25, NULL, '2020-06-29 17:55:46', 'nonaktif', 'permintaan', 0, 0, 'cabang', NULL, 2, '2020-06-29 05:55:46', '2020-06-29 05:55:59', 1, 1, NULL, NULL, NULL, 1331),
(33, 'after update', 26, NULL, '2020-06-29 17:55:49', 'nonaktif', 'permintaan', 0, 0, 'cabang', NULL, 2, '2020-06-29 05:55:49', '2020-06-29 05:56:03', 1, 1, NULL, NULL, NULL, 1334),
(34, 'after insert', 27, NULL, '2020-06-29 17:59:17', 'aktif', 'permintaan', 0, 0, 'cabang', NULL, 2, '2020-06-29 05:59:17', '2020-06-29 05:59:17', 1, 1, NULL, NULL, NULL, 1337),
(35, 'after insert', 28, NULL, '2020-06-29 18:02:14', 'aktif', 'permintaan', 0, 0, 'cabang', NULL, 2, '2020-06-29 06:02:14', '2020-06-29 06:02:14', 1, 1, NULL, NULL, NULL, 1340),
(36, 'after update', 28, NULL, '2020-06-29 18:02:14', 'nonaktif', 'permintaan', 0, 0, 'cabang', NULL, 2, '2020-06-29 06:02:14', '2020-06-29 06:04:32', 1, 1, NULL, NULL, NULL, 1343),
(37, 'after insert', 29, NULL, '2020-06-29 18:04:37', 'aktif', 'permintaan', 0, 0, 'cabang', NULL, 2, '2020-06-29 06:04:37', '2020-06-29 06:04:37', 1, 1, NULL, NULL, NULL, 1346),
(38, 'after update', 29, NULL, '2020-06-29 18:04:37', 'nonaktif', 'permintaan', 0, 0, 'cabang', NULL, 2, '2020-06-29 06:04:37', '2020-06-29 06:07:05', 1, 1, NULL, NULL, NULL, 1349),
(39, 'after insert', 30, NULL, '2020-06-29 18:07:08', 'aktif', 'permintaan', 0, 0, 'cabang', NULL, 2, '2020-06-29 06:07:08', '2020-06-29 06:07:08', 1, 1, NULL, NULL, NULL, 1352),
(40, 'after insert', 31, NULL, '2020-06-29 18:09:05', 'aktif', 'permintaan', 0, 0, 'cabang', NULL, 2, '2020-06-29 06:09:05', '2020-06-29 06:09:05', 1, 1, NULL, NULL, NULL, 1357),
(41, 'after insert', 32, NULL, '2020-06-29 18:09:34', 'aktif', 'permintaan', 0, 0, 'cabang', NULL, 2, '2020-06-29 06:09:34', '2020-06-29 06:09:34', 1, 1, NULL, NULL, NULL, 1359),
(42, 'after insert', 33, NULL, '2020-06-29 18:10:03', 'aktif', 'permintaan', 0, 0, 'cabang', NULL, 2, '2020-06-29 06:10:03', '2020-06-29 06:10:03', 1, 1, NULL, NULL, NULL, 1361),
(43, 'after insert', 34, NULL, '2020-06-29 18:10:26', 'aktif', 'permintaan', 0, 0, 'cabang', NULL, 2, '2020-06-29 06:10:26', '2020-06-29 06:10:26', 1, 1, NULL, NULL, NULL, 1364),
(44, 'after insert', 35, NULL, '2020-06-29 18:10:43', 'aktif', 'permintaan', 0, 0, 'cabang', NULL, 2, '2020-06-29 06:10:43', '2020-06-29 06:10:43', 1, 1, NULL, NULL, NULL, 1367),
(45, 'after insert', 36, NULL, '2020-06-29 18:11:11', 'aktif', 'permintaan', 0, 0, 'cabang', NULL, 2, '2020-06-29 06:11:11', '2020-06-29 06:11:11', 1, 1, NULL, NULL, NULL, 1370),
(46, 'after insert', 37, NULL, '2020-06-29 18:11:38', 'aktif', 'permintaan', 0, 0, 'cabang', NULL, 2, '2020-06-29 06:11:38', '2020-06-29 06:11:38', 1, 1, NULL, NULL, NULL, 1372),
(47, 'after insert', 38, NULL, '2020-06-29 18:11:47', 'aktif', 'permintaan', 0, 0, 'cabang', NULL, 2, '2020-06-29 06:11:47', '2020-06-29 06:11:47', 1, 1, NULL, NULL, NULL, 1374),
(48, 'after insert', 39, NULL, '2020-06-29 18:11:58', 'aktif', 'permintaan', 0, 0, 'cabang', NULL, 2, '2020-06-29 06:11:58', '2020-06-29 06:11:58', 1, 1, NULL, NULL, NULL, 1376),
(49, 'after insert', 40, NULL, '2020-06-29 18:13:19', 'aktif', 'permintaan', 0, 0, 'cabang', NULL, 2, '2020-06-29 06:13:19', '2020-06-29 06:13:19', 1, 1, NULL, NULL, NULL, 1378),
(50, 'after insert', 41, NULL, '2020-06-29 18:18:49', 'aktif', 'permintaan', 0, 0, 'cabang', NULL, 2, '2020-06-29 06:18:49', '2020-06-29 06:18:49', 1, 1, NULL, NULL, NULL, 1380),
(51, 'after update', 34, NULL, '2020-06-29 18:10:26', 'nonaktif', 'permintaan', 0, 0, 'cabang', NULL, 2, '2020-06-29 06:10:26', '2020-06-29 06:18:59', 1, 1, NULL, NULL, NULL, 1384),
(52, 'after update', 41, NULL, '2020-06-29 18:18:49', 'nonaktif', 'permintaan', 0, 0, 'cabang', NULL, 2, '2020-06-29 06:18:49', '2020-06-29 06:26:23', 1, 1, NULL, NULL, NULL, 1388),
(53, 'after insert', 42, NULL, '2020-06-29 18:26:31', 'aktif', 'permintaan', 0, 0, 'cabang', NULL, 2, '2020-06-29 06:26:31', '2020-06-29 06:26:31', 1, 1, NULL, NULL, NULL, 1392),
(54, 'after update', 42, NULL, '2020-06-29 18:26:31', 'nonaktif', 'permintaan', 0, 0, 'cabang', NULL, 2, '2020-06-29 06:26:31', '2020-06-29 06:26:37', 1, 1, NULL, NULL, NULL, 1396),
(55, 'after insert', 43, NULL, '1111-11-11 00:00:00', 'AKTIF', 'penjualan', 2, 0, 'cabang', NULL, 2, '2020-06-29 06:27:12', '2020-06-29 06:27:12', 1, 1, NULL, NULL, NULL, 1400),
(56, 'after update', 43, NULL, '1111-11-11 00:00:00', 'AKTIF', 'penjualan', 2, 0, 'cabang', NULL, 2, '2020-06-29 06:27:12', '2020-06-29 06:27:36', 1, 1, NULL, NULL, NULL, 1405),
(57, 'after update', 43, NULL, '1111-11-11 00:00:00', 'nonaktif', 'penjualan', 2, 0, 'cabang', NULL, 2, '2020-06-29 06:27:12', '2020-06-29 06:27:46', 1, 1, NULL, NULL, NULL, 1410),
(58, 'after insert', 44, NULL, '2020-07-07 13:21:04', 'aktif', 'permintaan', 0, 0, 'warehouse', 1, NULL, '2020-07-07 01:21:04', '2020-07-07 01:21:04', 1, 1, NULL, NULL, NULL, 5038),
(59, 'after insert', 45, NULL, '2020-07-07 13:22:34', 'aktif', 'permintaan', 0, 0, 'warehouse', 1, NULL, '2020-07-07 01:22:34', '2020-07-07 01:22:34', 1, 1, NULL, NULL, NULL, 5084),
(60, 'after insert', 46, NULL, '2020-07-07 13:23:43', 'aktif', 'permintaan', 0, 0, 'warehouse', 1, NULL, '2020-07-07 01:23:43', '2020-07-07 01:23:43', 1, 1, NULL, NULL, NULL, 5103),
(61, 'after update', 44, NULL, '2020-07-07 13:21:04', 'nonaktif', 'permintaan', 0, 0, 'warehouse', 1, NULL, '2020-07-07 01:21:04', '2020-07-07 01:24:20', 1, 1, NULL, NULL, NULL, 5114),
(62, 'after update', 46, NULL, '2020-07-07 13:23:43', 'nonaktif', 'permintaan', 0, 0, 'warehouse', 1, NULL, '2020-07-07 01:23:43', '2020-07-07 01:24:22', 1, 1, NULL, NULL, NULL, 5120),
(63, 'after update', 45, NULL, '2020-07-07 13:22:34', 'nonaktif', 'permintaan', 0, 0, 'warehouse', 1, NULL, '2020-07-07 01:22:34', '2020-07-07 01:24:24', 1, 1, NULL, NULL, NULL, 5131),
(64, 'after insert', 47, NULL, '2020-07-07 13:25:51', 'aktif', 'permintaan', 0, 0, 'warehouse', 1, NULL, '2020-07-07 01:25:51', '2020-07-07 01:25:51', 1, 1, NULL, NULL, NULL, 5158),
(65, 'after insert', 48, NULL, '2020-07-07 13:26:50', 'aktif', 'permintaan', 0, 0, 'warehouse', 1, NULL, '2020-07-07 01:26:50', '2020-07-07 01:26:50', 1, 1, NULL, NULL, NULL, 5186),
(66, 'after insert', 49, NULL, '2020-07-07 13:27:00', 'aktif', 'permintaan', 0, 0, 'warehouse', 1, NULL, '2020-07-07 01:27:00', '2020-07-07 01:27:00', 1, 1, NULL, NULL, NULL, 5196),
(67, 'after insert', 50, NULL, '2020-07-07 13:28:53', 'aktif', 'permintaan', 0, 0, 'warehouse', 1, NULL, '2020-07-07 01:28:53', '2020-07-07 01:28:53', 1, 1, NULL, NULL, NULL, 5207),
(68, 'after insert', 51, NULL, '2020-07-07 13:29:11', 'aktif', 'permintaan', 0, 0, 'warehouse', 1, NULL, '2020-07-07 01:29:11', '2020-07-07 01:29:11', 1, 1, NULL, NULL, NULL, 5209),
(69, 'after insert', 52, NULL, '2020-07-07 13:29:27', 'aktif', 'permintaan', 0, 0, 'warehouse', 1, NULL, '2020-07-07 01:29:27', '2020-07-07 01:29:27', 1, 1, NULL, NULL, NULL, 5211),
(70, 'after insert', 53, NULL, '2020-07-07 13:29:36', 'aktif', 'permintaan', 0, 0, 'warehouse', 1, NULL, '2020-07-07 01:29:36', '2020-07-07 01:29:36', 1, 1, NULL, NULL, NULL, 5213),
(71, 'after insert', 54, NULL, '2020-07-07 13:29:45', 'aktif', 'permintaan', 0, 0, 'warehouse', 1, NULL, '2020-07-07 01:29:45', '2020-07-07 01:29:45', 1, 1, NULL, NULL, NULL, 5215),
(72, 'after insert', 55, NULL, '2020-07-07 13:30:19', 'aktif', 'permintaan', 0, 0, 'warehouse', 1, NULL, '2020-07-07 01:30:19', '2020-07-07 01:30:19', 1, 1, NULL, NULL, NULL, 5217),
(73, 'after insert', 56, NULL, '2020-07-07 13:30:28', 'aktif', 'permintaan', 0, 0, 'warehouse', 1, NULL, '2020-07-07 01:30:28', '2020-07-07 01:30:28', 1, 1, NULL, NULL, NULL, 5219),
(74, 'after update', 47, NULL, '2020-07-07 13:25:51', 'nonaktif', 'permintaan', 0, 0, 'warehouse', 1, NULL, '2020-07-07 01:25:51', '2020-07-07 01:30:52', 1, 1, NULL, NULL, NULL, 5247),
(75, 'after update', 47, NULL, '2020-07-07 13:25:51', 'nonaktif', 'permintaan', 0, 0, 'warehouse', 1, NULL, '2020-07-07 01:25:51', '2020-07-07 01:30:53', 1, 1, NULL, NULL, NULL, 5251),
(76, 'after update', 49, NULL, '2020-07-07 13:27:00', 'nonaktif', 'permintaan', 0, 0, 'warehouse', 1, NULL, '2020-07-07 01:27:00', '2020-07-07 01:30:59', 1, 1, NULL, NULL, NULL, 5261),
(77, 'after update', 56, NULL, '2020-07-07 13:30:28', 'nonaktif', 'permintaan', 0, 0, 'warehouse', 1, NULL, '2020-07-07 01:30:28', '2020-07-07 01:31:05', 1, 1, NULL, NULL, NULL, 5272),
(78, 'after update', 48, NULL, '2020-07-07 13:26:50', 'nonaktif', 'permintaan', 0, 0, 'warehouse', 1, NULL, '2020-07-07 01:26:50', '2020-07-07 01:31:08', 1, 1, NULL, NULL, NULL, 5276),
(79, 'after insert', 57, NULL, '2020-07-07 13:31:20', 'aktif', 'permintaan', 0, 0, 'warehouse', 1, NULL, '2020-07-07 01:31:20', '2020-07-07 01:31:20', 1, 1, NULL, NULL, NULL, 5286),
(80, 'after insert', 58, NULL, '2020-07-07 13:31:31', 'aktif', 'permintaan', 0, 0, 'warehouse', 1, NULL, '2020-07-07 01:31:31', '2020-07-07 01:31:31', 1, 1, NULL, NULL, NULL, 5305),
(81, 'after insert', 59, NULL, '2020-07-07 13:40:36', 'aktif', 'permintaan', 0, 0, 'warehouse', 1, NULL, '2020-07-07 01:40:36', '2020-07-07 01:40:36', 1, 1, NULL, NULL, NULL, 5316),
(82, 'after insert', 60, NULL, '2020-07-07 13:41:51', 'aktif', 'permintaan', 0, 0, 'warehouse', 1, NULL, '2020-07-07 01:41:51', '2020-07-07 01:41:51', 1, 1, NULL, NULL, NULL, 5326),
(83, 'after insert', 61, NULL, '2020-07-07 13:42:03', 'aktif', 'permintaan', 0, 0, 'warehouse', 1, NULL, '2020-07-07 01:42:03', '2020-07-07 01:42:03', 1, 1, NULL, NULL, NULL, 5336),
(84, 'after update', 60, NULL, '2020-07-07 13:41:51', 'nonaktif', 'permintaan', 0, 0, 'warehouse', 1, NULL, '2020-07-07 01:41:51', '2020-07-07 01:46:19', 1, 1, NULL, NULL, NULL, 5355),
(85, 'after update', 60, NULL, '2020-07-07 13:41:51', 'nonaktif', 'permintaan', 0, 0, 'warehouse', 1, NULL, '2020-07-07 01:41:51', '2020-07-07 01:46:52', 1, 1, NULL, NULL, NULL, 5358),
(86, 'after update', 57, NULL, '2020-07-07 13:31:20', 'nonaktif', 'permintaan', 0, 0, 'warehouse', 1, NULL, '2020-07-07 01:31:20', '2020-07-07 01:47:10', 1, 1, NULL, NULL, NULL, 5368),
(87, 'after insert', 62, NULL, '2020-07-07 13:47:36', 'aktif', 'permintaan', 0, 0, 'warehouse', 1, NULL, '2020-07-07 01:47:36', '2020-07-07 01:47:36', 1, 1, NULL, NULL, NULL, 5378),
(88, 'after update', 58, NULL, '2020-07-07 13:31:31', 'nonaktif', 'permintaan', 0, 0, 'warehouse', 1, NULL, '2020-07-07 01:31:31', '2020-07-07 01:47:50', 1, 1, NULL, NULL, NULL, 5388),
(89, 'after update', 59, NULL, '2020-07-07 13:40:36', 'nonaktif', 'permintaan', 0, 0, 'warehouse', 1, NULL, '2020-07-07 01:40:36', '2020-07-07 01:47:52', 1, 1, NULL, NULL, NULL, 5393),
(90, 'after update', 61, NULL, '2020-07-07 13:42:03', 'nonaktif', 'permintaan', 0, 0, 'warehouse', 1, NULL, '2020-07-07 01:42:03', '2020-07-07 01:47:55', 1, 1, NULL, NULL, NULL, 5397),
(91, 'after update', 62, NULL, '2020-07-07 13:47:36', 'nonaktif', 'permintaan', 0, 0, 'warehouse', 1, NULL, '2020-07-07 01:47:36', '2020-07-07 01:47:57', 1, 1, NULL, NULL, NULL, 5401),
(92, 'after insert', 63, NULL, '2020-07-07 13:48:05', 'aktif', 'permintaan', 0, 0, 'warehouse', 1, NULL, '2020-07-07 01:48:05', '2020-07-07 01:48:05', 1, 1, NULL, NULL, NULL, 5411),
(93, 'after update', 63, NULL, '2020-07-07 13:48:05', 'nonaktif', 'permintaan', 0, 0, 'warehouse', 1, NULL, '2020-07-07 01:48:05', '2020-07-07 01:48:12', 1, 1, NULL, NULL, NULL, 5421),
(94, 'after insert', 64, NULL, '2020-07-07 13:53:52', 'aktif', 'permintaan', 0, 0, 'cabang', NULL, 1, '2020-07-07 01:53:52', '2020-07-07 01:53:52', 1, 1, NULL, NULL, NULL, 5443),
(95, 'after update', 64, NULL, '2020-07-07 13:53:52', 'nonaktif', 'permintaan', 0, 0, 'cabang', NULL, 1, '2020-07-07 01:53:52', '2020-07-07 01:54:09', 1, 1, NULL, NULL, NULL, 5474),
(96, 'after insert', 65, NULL, '2020-07-07 13:54:21', 'aktif', 'permintaan', 0, 0, 'cabang', NULL, 1, '2020-07-07 01:54:21', '2020-07-07 01:54:21', 1, 1, NULL, NULL, NULL, 5505),
(97, 'after insert', 66, NULL, '2020-07-07 14:02:25', 'aktif', 'permintaan', 0, 0, 'warehouse', 1, NULL, '2020-07-07 02:02:25', '2020-07-07 02:02:25', 1, 1, NULL, NULL, NULL, 5548),
(98, 'after insert', 67, NULL, '2020-07-07 14:03:58', 'aktif', 'permintaan', 0, 0, 'warehouse', 1, NULL, '2020-07-07 02:03:58', '2020-07-07 02:03:58', 1, 1, NULL, NULL, NULL, 5558),
(99, 'after insert', 68, NULL, '2020-07-07 14:05:55', 'aktif', 'permintaan', 0, 0, 'warehouse', 1, NULL, '2020-07-07 02:05:55', '2020-07-07 02:05:55', 1, 1, NULL, NULL, NULL, 5560),
(100, 'after update', 68, NULL, '2020-07-07 14:05:55', 'nonaktif', 'permintaan', 0, 0, 'warehouse', 1, NULL, '2020-07-07 02:05:55', '2020-07-07 02:06:34', 1, 1, NULL, NULL, NULL, 5575),
(101, 'after update', 14, NULL, '2020-06-29 17:02:24', 'nonaktif', 'permintaan', 17, 0, 'cabang', NULL, 2, '2020-06-29 05:02:24', '2020-06-29 05:26:28', 1, 1, NULL, NULL, NULL, 9052),
(102, 'after update', 15, NULL, '2020-06-29 17:44:13', 'aktif', 'permintaan', 17, 0, 'cabang', NULL, 2, '2020-06-29 05:44:13', '2020-06-29 05:44:13', 1, 1, NULL, NULL, NULL, 9053),
(103, 'after update', 16, NULL, '2020-06-29 17:44:27', 'aktif', 'permintaan', 17, 0, 'cabang', NULL, 2, '2020-06-29 05:44:27', '2020-06-29 05:44:27', 1, 1, NULL, NULL, NULL, 9054),
(104, 'after update', 17, NULL, '2020-06-29 17:44:49', 'aktif', 'permintaan', 17, 0, 'cabang', NULL, 2, '2020-06-29 05:44:49', '2020-06-29 05:44:49', 1, 1, NULL, NULL, NULL, 9055),
(105, 'after update', 18, NULL, '2020-06-29 17:44:54', 'aktif', 'permintaan', 17, 0, 'cabang', NULL, 2, '2020-06-29 05:44:54', '2020-06-29 05:44:54', 1, 1, NULL, NULL, NULL, 9056),
(106, 'after update', 19, NULL, '2020-06-29 17:50:13', 'aktif', 'permintaan', 17, 0, 'cabang', NULL, 2, '2020-06-29 05:50:13', '2020-06-29 05:50:13', 1, 1, NULL, NULL, NULL, 9057),
(107, 'after update', 20, NULL, '2020-06-29 17:52:47', 'aktif', 'permintaan', 17, 0, 'cabang', NULL, 2, '2020-06-29 05:52:47', '2020-06-29 05:52:47', 1, 1, NULL, NULL, NULL, 9058),
(108, 'after update', 21, NULL, '2020-06-29 17:53:44', 'aktif', 'permintaan', 17, 0, 'cabang', NULL, 2, '2020-06-29 05:53:44', '2020-06-29 05:53:44', 1, 1, NULL, NULL, NULL, 9059),
(109, 'after update', 22, NULL, '2020-06-29 17:54:11', 'nonaktif', 'permintaan', 17, 0, 'cabang', NULL, 2, '2020-06-29 05:54:11', '2020-06-29 05:54:56', 1, 1, NULL, NULL, NULL, 9060),
(110, 'after update', 23, NULL, '2020-06-29 17:55:39', 'aktif', 'permintaan', 17, 0, 'cabang', NULL, 2, '2020-06-29 05:55:39', '2020-06-29 05:55:39', 1, 1, NULL, NULL, NULL, 9061),
(111, 'after update', 24, NULL, '2020-06-29 17:55:43', 'aktif', 'permintaan', 17, 0, 'cabang', NULL, 2, '2020-06-29 05:55:43', '2020-06-29 05:55:43', 1, 1, NULL, NULL, NULL, 9062),
(112, 'after update', 25, NULL, '2020-06-29 17:55:46', 'nonaktif', 'permintaan', 17, 0, 'cabang', NULL, 2, '2020-06-29 05:55:46', '2020-06-29 05:55:59', 1, 1, NULL, NULL, NULL, 9063),
(113, 'after update', 26, NULL, '2020-06-29 17:55:49', 'nonaktif', 'permintaan', 17, 0, 'cabang', NULL, 2, '2020-06-29 05:55:49', '2020-06-29 05:56:03', 1, 1, NULL, NULL, NULL, 9064),
(114, 'after update', 27, NULL, '2020-06-29 17:59:17', 'aktif', 'permintaan', 17, 0, 'cabang', NULL, 2, '2020-06-29 05:59:17', '2020-06-29 05:59:17', 1, 1, NULL, NULL, NULL, 9065),
(115, 'after update', 28, NULL, '2020-06-29 18:02:14', 'nonaktif', 'permintaan', 17, 0, 'cabang', NULL, 2, '2020-06-29 06:02:14', '2020-06-29 06:04:32', 1, 1, NULL, NULL, NULL, 9066),
(116, 'after update', 29, NULL, '2020-06-29 18:04:37', 'nonaktif', 'permintaan', 17, 0, 'cabang', NULL, 2, '2020-06-29 06:04:37', '2020-06-29 06:07:05', 1, 1, NULL, NULL, NULL, 9067),
(117, 'after update', 30, NULL, '2020-06-29 18:07:08', 'aktif', 'permintaan', 17, 0, 'cabang', NULL, 2, '2020-06-29 06:07:08', '2020-06-29 06:07:08', 1, 1, NULL, NULL, NULL, 9068),
(118, 'after update', 31, NULL, '2020-06-29 18:09:05', 'aktif', 'permintaan', 17, 0, 'cabang', NULL, 2, '2020-06-29 06:09:05', '2020-06-29 06:09:05', 1, 1, NULL, NULL, NULL, 9069),
(119, 'after update', 32, NULL, '2020-06-29 18:09:34', 'aktif', 'permintaan', 17, 0, 'cabang', NULL, 2, '2020-06-29 06:09:34', '2020-06-29 06:09:34', 1, 1, NULL, NULL, NULL, 9070),
(120, 'after update', 33, NULL, '2020-06-29 18:10:03', 'aktif', 'permintaan', 17, 0, 'cabang', NULL, 2, '2020-06-29 06:10:03', '2020-06-29 06:10:03', 1, 1, NULL, NULL, NULL, 9071),
(121, 'after update', 34, NULL, '2020-06-29 18:10:26', 'nonaktif', 'permintaan', 17, 0, 'cabang', NULL, 2, '2020-06-29 06:10:26', '2020-06-29 06:18:59', 1, 1, NULL, NULL, NULL, 9072),
(122, 'after update', 35, NULL, '2020-06-29 18:10:43', 'aktif', 'permintaan', 17, 0, 'cabang', NULL, 2, '2020-06-29 06:10:43', '2020-06-29 06:10:43', 1, 1, NULL, NULL, NULL, 9073),
(123, 'after update', 36, NULL, '2020-06-29 18:11:11', 'aktif', 'permintaan', 17, 0, 'cabang', NULL, 2, '2020-06-29 06:11:11', '2020-06-29 06:11:11', 1, 1, NULL, NULL, NULL, 9074),
(124, 'after update', 37, NULL, '2020-06-29 18:11:38', 'aktif', 'permintaan', 17, 0, 'cabang', NULL, 2, '2020-06-29 06:11:38', '2020-06-29 06:11:38', 1, 1, NULL, NULL, NULL, 9075),
(125, 'after update', 38, NULL, '2020-06-29 18:11:47', 'aktif', 'permintaan', 17, 0, 'cabang', NULL, 2, '2020-06-29 06:11:47', '2020-06-29 06:11:47', 1, 1, NULL, NULL, NULL, 9076),
(126, 'after update', 39, NULL, '2020-06-29 18:11:58', 'aktif', 'permintaan', 17, 0, 'cabang', NULL, 2, '2020-06-29 06:11:58', '2020-06-29 06:11:58', 1, 1, NULL, NULL, NULL, 9077),
(127, 'after update', 40, NULL, '2020-06-29 18:13:19', 'aktif', 'permintaan', 17, 0, 'cabang', NULL, 2, '2020-06-29 06:13:19', '2020-06-29 06:13:19', 1, 1, NULL, NULL, NULL, 9078),
(128, 'after update', 41, NULL, '2020-06-29 18:18:49', 'nonaktif', 'permintaan', 17, 0, 'cabang', NULL, 2, '2020-06-29 06:18:49', '2020-06-29 06:26:23', 1, 1, NULL, NULL, NULL, 9079),
(129, 'after update', 42, NULL, '2020-06-29 18:26:31', 'nonaktif', 'permintaan', 17, 0, 'cabang', NULL, 2, '2020-06-29 06:26:31', '2020-06-29 06:26:37', 1, 1, NULL, NULL, NULL, 9080),
(130, 'after update', 43, NULL, '1111-11-11 00:00:00', 'nonaktif', 'penjualan', 17, 0, 'cabang', NULL, 2, '2020-06-29 06:27:12', '2020-06-29 06:27:46', 1, 1, NULL, NULL, NULL, 9081),
(131, 'after update', 44, NULL, '2020-07-07 13:21:04', 'nonaktif', 'permintaan', 17, 0, 'warehouse', 1, NULL, '2020-07-07 01:21:04', '2020-07-07 01:24:20', 1, 1, NULL, NULL, NULL, 9082),
(132, 'after update', 45, NULL, '2020-07-07 13:22:34', 'nonaktif', 'permintaan', 17, 0, 'warehouse', 1, NULL, '2020-07-07 01:22:34', '2020-07-07 01:24:24', 1, 1, NULL, NULL, NULL, 9083),
(133, 'after update', 46, NULL, '2020-07-07 13:23:43', 'nonaktif', 'permintaan', 17, 0, 'warehouse', 1, NULL, '2020-07-07 01:23:43', '2020-07-07 01:24:22', 1, 1, NULL, NULL, NULL, 9084),
(134, 'after update', 47, NULL, '2020-07-07 13:25:51', 'nonaktif', 'permintaan', 17, 0, 'warehouse', 1, NULL, '2020-07-07 01:25:51', '2020-07-07 01:30:53', 1, 1, NULL, NULL, NULL, 9085),
(135, 'after update', 48, NULL, '2020-07-07 13:26:50', 'nonaktif', 'permintaan', 17, 0, 'warehouse', 1, NULL, '2020-07-07 01:26:50', '2020-07-07 01:31:08', 1, 1, NULL, NULL, NULL, 9086),
(136, 'after update', 49, NULL, '2020-07-07 13:27:00', 'nonaktif', 'permintaan', 17, 0, 'warehouse', 1, NULL, '2020-07-07 01:27:00', '2020-07-07 01:30:59', 1, 1, NULL, NULL, NULL, 9087),
(137, 'after update', 50, NULL, '2020-07-07 13:28:53', 'aktif', 'permintaan', 17, 0, 'warehouse', 1, NULL, '2020-07-07 01:28:53', '2020-07-07 01:28:53', 1, 1, NULL, NULL, NULL, 9088),
(138, 'after update', 51, NULL, '2020-07-07 13:29:11', 'aktif', 'permintaan', 17, 0, 'warehouse', 1, NULL, '2020-07-07 01:29:11', '2020-07-07 01:29:11', 1, 1, NULL, NULL, NULL, 9089),
(139, 'after update', 52, NULL, '2020-07-07 13:29:27', 'aktif', 'permintaan', 17, 0, 'warehouse', 1, NULL, '2020-07-07 01:29:27', '2020-07-07 01:29:27', 1, 1, NULL, NULL, NULL, 9090),
(140, 'after update', 53, NULL, '2020-07-07 13:29:36', 'aktif', 'permintaan', 17, 0, 'warehouse', 1, NULL, '2020-07-07 01:29:36', '2020-07-07 01:29:36', 1, 1, NULL, NULL, NULL, 9091),
(141, 'after update', 54, NULL, '2020-07-07 13:29:45', 'aktif', 'permintaan', 17, 0, 'warehouse', 1, NULL, '2020-07-07 01:29:45', '2020-07-07 01:29:45', 1, 1, NULL, NULL, NULL, 9092),
(142, 'after update', 55, NULL, '2020-07-07 13:30:19', 'aktif', 'permintaan', 17, 0, 'warehouse', 1, NULL, '2020-07-07 01:30:19', '2020-07-07 01:30:19', 1, 1, NULL, NULL, NULL, 9093),
(143, 'after update', 56, NULL, '2020-07-07 13:30:28', 'nonaktif', 'permintaan', 17, 0, 'warehouse', 1, NULL, '2020-07-07 01:30:28', '2020-07-07 01:31:05', 1, 1, NULL, NULL, NULL, 9094),
(144, 'after update', 57, NULL, '2020-07-07 13:31:20', 'nonaktif', 'permintaan', 17, 0, 'warehouse', 1, NULL, '2020-07-07 01:31:20', '2020-07-07 01:47:10', 1, 1, NULL, NULL, NULL, 9095),
(145, 'after update', 58, NULL, '2020-07-07 13:31:31', 'nonaktif', 'permintaan', 17, 0, 'warehouse', 1, NULL, '2020-07-07 01:31:31', '2020-07-07 01:47:50', 1, 1, NULL, NULL, NULL, 9096),
(146, 'after update', 59, NULL, '2020-07-07 13:40:36', 'nonaktif', 'permintaan', 17, 0, 'warehouse', 1, NULL, '2020-07-07 01:40:36', '2020-07-07 01:47:52', 1, 1, NULL, NULL, NULL, 9097),
(147, 'after update', 60, NULL, '2020-07-07 13:41:51', 'nonaktif', 'permintaan', 17, 0, 'warehouse', 1, NULL, '2020-07-07 01:41:51', '2020-07-07 01:46:52', 1, 1, NULL, NULL, NULL, 9098),
(148, 'after update', 61, NULL, '2020-07-07 13:42:03', 'nonaktif', 'permintaan', 17, 0, 'warehouse', 1, NULL, '2020-07-07 01:42:03', '2020-07-07 01:47:55', 1, 1, NULL, NULL, NULL, 9099),
(149, 'after update', 62, NULL, '2020-07-07 13:47:36', 'nonaktif', 'permintaan', 17, 0, 'warehouse', 1, NULL, '2020-07-07 01:47:36', '2020-07-07 01:47:57', 1, 1, NULL, NULL, NULL, 9100),
(150, 'after update', 63, NULL, '2020-07-07 13:48:05', 'nonaktif', 'permintaan', 17, 0, 'warehouse', 1, NULL, '2020-07-07 01:48:05', '2020-07-07 01:48:12', 1, 1, NULL, NULL, NULL, 9101),
(151, 'after update', 64, NULL, '2020-07-07 13:53:52', 'nonaktif', 'permintaan', 17, 0, 'cabang', NULL, 1, '2020-07-07 01:53:52', '2020-07-07 01:54:09', 1, 1, NULL, NULL, NULL, 9102),
(152, 'after update', 65, NULL, '2020-07-07 13:54:21', 'aktif', 'permintaan', 17, 0, 'cabang', NULL, 1, '2020-07-07 01:54:21', '2020-07-07 01:54:21', 1, 1, NULL, NULL, NULL, 9103),
(153, 'after update', 66, NULL, '2020-07-07 14:02:25', 'aktif', 'permintaan', 17, 0, 'warehouse', 1, NULL, '2020-07-07 02:02:25', '2020-07-07 02:02:25', 1, 1, NULL, NULL, NULL, 9104),
(154, 'after update', 67, NULL, '2020-07-07 14:03:58', 'aktif', 'permintaan', 17, 0, 'warehouse', 1, NULL, '2020-07-07 02:03:58', '2020-07-07 02:03:58', 1, 1, NULL, NULL, NULL, 9105),
(155, 'after update', 68, NULL, '2020-07-07 14:05:55', 'nonaktif', 'permintaan', 17, 0, 'warehouse', 1, NULL, '2020-07-07 02:05:55', '2020-07-07 02:06:34', 1, 1, NULL, NULL, NULL, 9106),
(156, 'after insert', 69, 'MSTRCABANG3-PENGIRIMAN-0-00-00-000001', '1111-11-11 00:00:00', 'AKTIF', 'penjualan', 1, 0, 'cabang', NULL, 2, '2020-07-19 01:03:10', '2020-07-19 01:03:10', 2, 2, NULL, NULL, NULL, 9107),
(157, 'after insert', 70, 'MSTRCABANG3-PENGIRIMAN-1111-11-11-000001', '1111-11-11 00:00:00', 'AKTIF', 'penjualan', 1, 0, 'cabang', NULL, 2, '2020-07-19 01:04:20', '2020-07-19 01:04:20', 2, 2, NULL, NULL, NULL, 9119),
(158, 'after insert', 71, 'MSTRCABANG3-PENGIRIMAN-1111-11-11-000001', '1111-11-11 00:00:00', 'AKTIF', 'penjualan', 1, 0, 'cabang', NULL, 2, '2020-07-19 01:04:30', '2020-07-19 01:04:30', 2, 2, NULL, NULL, NULL, 9131),
(159, 'after insert', 72, 'MSTRCABANG3-PENGIRIMAN-1111-11-11-000001', '1111-11-11 00:00:00', 'AKTIF', 'penjualan', 1, 0, 'cabang', NULL, 2, '2020-07-19 01:05:26', '2020-07-19 01:05:26', 2, 2, 1, 7, 2020, 9143),
(160, 'after insert', 73, 'MSTRCABANG3-PENGIRIMAN-1111-11-11-000001', '1111-11-11 00:00:00', 'AKTIF', 'penjualan', 1, 0, 'cabang', NULL, 2, '2020-07-19 01:05:28', '2020-07-19 01:05:28', 2, 2, 1, 7, 2020, 9155),
(161, 'after insert', 74, 'MSTRCABANG3-PENGIRIMAN-2020-07-19-000002', '2020-07-19 00:00:00', 'AKTIF', 'penjualan', 1, 0, 'cabang', NULL, 2, '2020-07-19 01:06:34', '2020-07-19 01:06:34', 2, 2, 2, 7, 2020, 9167),
(162, 'after insert', 75, 'MSTRCABANG3-PENGIRIMAN-2020-07-19-000003', '2020-07-19 00:00:00', 'AKTIF', 'penjualan', 1, 0, 'cabang', NULL, 2, '2020-07-19 01:06:37', '2020-07-19 01:06:37', 2, 2, 3, 7, 2020, 9179),
(163, 'after update', 14, NULL, '2020-06-29 17:02:24', 'nonaktif', 'retur', 17, 0, 'cabang', NULL, 2, '2020-06-29 05:02:24', '2020-06-29 05:26:28', 1, 1, NULL, NULL, NULL, 370),
(164, 'after update', 15, NULL, '2020-06-29 17:44:13', 'aktif', 'retur', 17, 0, 'cabang', NULL, 2, '2020-06-29 05:44:13', '2020-06-29 05:44:13', 1, 1, NULL, NULL, NULL, 371),
(165, 'after update', 16, NULL, '2020-06-29 17:44:27', 'aktif', 'retur', 17, 0, 'cabang', NULL, 2, '2020-06-29 05:44:27', '2020-06-29 05:44:27', 1, 1, NULL, NULL, NULL, 372),
(166, 'after update', 17, NULL, '2020-06-29 17:44:49', 'aktif', 'retur', 17, 0, 'cabang', NULL, 2, '2020-06-29 05:44:49', '2020-06-29 05:44:49', 1, 1, NULL, NULL, NULL, 373),
(167, 'after update', 18, NULL, '2020-06-29 17:44:54', 'aktif', 'retur', 17, 0, 'cabang', NULL, 2, '2020-06-29 05:44:54', '2020-06-29 05:44:54', 1, 1, NULL, NULL, NULL, 374),
(168, 'after update', 19, NULL, '2020-06-29 17:50:13', 'aktif', 'retur', 17, 0, 'cabang', NULL, 2, '2020-06-29 05:50:13', '2020-06-29 05:50:13', 1, 1, NULL, NULL, NULL, 375),
(169, 'after update', 20, NULL, '2020-06-29 17:52:47', 'aktif', 'retur', 17, 0, 'cabang', NULL, 2, '2020-06-29 05:52:47', '2020-06-29 05:52:47', 1, 1, NULL, NULL, NULL, 376),
(170, 'after update', 21, NULL, '2020-06-29 17:53:44', 'aktif', 'retur', 17, 0, 'cabang', NULL, 2, '2020-06-29 05:53:44', '2020-06-29 05:53:44', 1, 1, NULL, NULL, NULL, 377),
(171, 'after update', 69, 'MSTRCABANG3-PENGIRIMAN-0-00-00-000001', '1111-11-11 00:00:00', 'AKTIF', 'penjualan', 0, 1, 'cabang', NULL, 2, '2020-07-19 01:03:10', '2020-07-19 01:03:10', 2, 2, NULL, NULL, NULL, 378),
(172, 'after update', 70, 'MSTRCABANG3-PENGIRIMAN-1111-11-11-000001', '1111-11-11 00:00:00', 'AKTIF', 'penjualan', 0, 1, 'cabang', NULL, 2, '2020-07-19 01:04:20', '2020-07-19 01:04:20', 2, 2, NULL, NULL, NULL, 379),
(173, 'after update', 71, 'MSTRCABANG3-PENGIRIMAN-1111-11-11-000001', '1111-11-11 00:00:00', 'AKTIF', 'penjualan', 0, 1, 'cabang', NULL, 2, '2020-07-19 01:04:30', '2020-07-19 01:04:30', 2, 2, NULL, NULL, NULL, 380),
(174, 'after update', 72, 'MSTRCABANG3-PENGIRIMAN-1111-11-11-000001', '1111-11-11 00:00:00', 'AKTIF', 'penjualan', 0, 1, 'cabang', NULL, 2, '2020-07-19 01:05:26', '2020-07-19 01:05:26', 2, 2, 1, 7, 2020, 381),
(175, 'after update', 73, 'MSTRCABANG3-PENGIRIMAN-1111-11-11-000001', '1111-11-11 00:00:00', 'AKTIF', 'penjualan', 0, 1, 'cabang', NULL, 2, '2020-07-19 01:05:28', '2020-07-19 01:05:28', 2, 2, 1, 7, 2020, 382),
(176, 'after update', 74, 'MSTRCABANG3-PENGIRIMAN-2020-07-19-000002', '2020-07-19 00:00:00', 'AKTIF', 'penjualan', 0, 1, 'cabang', NULL, 2, '2020-07-19 01:06:34', '2020-07-19 01:06:34', 2, 2, 2, 7, 2020, 383),
(177, 'after update', 75, 'MSTRCABANG3-PENGIRIMAN-2020-07-19-000003', '2020-07-19 00:00:00', 'AKTIF', 'penjualan', 0, 1, 'cabang', NULL, 2, '2020-07-19 01:06:37', '2020-07-19 01:06:37', 2, 2, 3, 7, 2020, 384);

-- --------------------------------------------------------

--
-- Table structure for table `mstr_penjualan`
--

CREATE TABLE `mstr_penjualan` (
  `id_pk_penjualan` int(11) NOT NULL,
  `penj_nomor` varchar(100) DEFAULT NULL,
  `penj_tgl` datetime DEFAULT NULL,
  `penj_dateline_tgl` datetime DEFAULT NULL,
  `penj_jenis` varchar(50) DEFAULT NULL,
  `penj_tipe_pembayaran` varchar(50) DEFAULT NULL,
  `penj_status` varchar(15) DEFAULT NULL,
  `id_fk_customer` int(11) DEFAULT NULL,
  `id_fk_cabang` int(11) DEFAULT NULL,
  `penj_create_date` datetime DEFAULT NULL,
  `penj_last_modified` datetime DEFAULT NULL,
  `id_create_data` int(11) DEFAULT NULL,
  `id_last_modified` int(11) DEFAULT NULL,
  `no_control` int(11) DEFAULT NULL COMMENT 'untuk tau udah nomor berapa untuk penomoran',
  `bln_control` int(11) DEFAULT NULL,
  `thn_control` int(11) DEFAULT NULL
) ENGINE=MyISAM DEFAULT CHARSET=latin1;

--
-- Dumping data for table `mstr_penjualan`
--

INSERT INTO `mstr_penjualan` (`id_pk_penjualan`, `penj_nomor`, `penj_tgl`, `penj_dateline_tgl`, `penj_jenis`, `penj_tipe_pembayaran`, `penj_status`, `id_fk_customer`, `id_fk_cabang`, `penj_create_date`, `penj_last_modified`, `id_create_data`, `id_last_modified`, `no_control`, `bln_control`, `thn_control`) VALUES
(1, 'nomorpenjualan1', '2020-09-09 00:00:00', '2222-02-22 00:00:00', 'ONLINE', 'DP', 'AKTIF', 1, 2, '2020-06-22 09:39:50', '2020-07-18 11:00:50', 1, 2, NULL, NULL, NULL),
(2, 'nomorpenjualan4', '2020-09-09 00:00:00', '3333-03-31 00:00:00', 'ONLINE', 'DP', 'AKTIF', 1, 1, '2020-06-22 05:37:45', '2020-06-27 11:07:50', 1, 2, NULL, NULL, NULL),
(3, 'nopenj12', '2020-09-09 00:00:00', '2222-02-22 00:00:00', 'OFFLINE', 'FULL PAYMENT', 'AKTIF', 1, 1, '2020-06-22 06:42:00', '2020-06-22 06:45:42', 1, 2, NULL, NULL, NULL),
(4, 'nopenj123', '2020-09-09 00:00:00', '2222-02-22 00:00:00', 'OFFLINE', 'FULL PAYMENT', 'AKTIF', 1, 1, '2020-06-22 06:42:24', '2020-06-22 06:45:40', 1, 2, NULL, NULL, NULL),
(5, 'nopenj1234', '2020-06-09 00:00:00', '2222-02-22 00:00:00', 'OFFLINE', 'FULL PAYMENT', 'AKTIF', 1, 1, '2020-06-22 06:42:38', '2020-06-22 06:45:37', 1, 2, NULL, NULL, NULL),
(6, 'nopenj1234', '2020-06-09 00:00:00', '2222-02-22 00:00:00', 'OFFLINE', 'FULL PAYMENT', 'AKTIF', 1, 1, '2020-06-22 06:44:01', '2020-06-22 06:45:35', 1, 2, NULL, NULL, NULL),
(7, 'nompern1234', '2020-06-09 00:00:00', '2222-02-22 00:00:00', 'OFFLINE', 'FULL PAYMENT', 'AKTIF', 1, 1, '2020-06-22 06:44:21', '2020-06-22 06:44:21', 1, 2, NULL, NULL, NULL),
(8, 'nopenj90', '2020-05-09 00:00:00', '2222-02-22 00:00:00', 'OFFLINE', 'FULL PAYMENT', 'AKTIF', 1, 1, '2020-06-22 06:45:17', '2020-06-22 06:45:33', 1, 2, NULL, NULL, NULL),
(9, 'nomorpenjualan1', '2019-11-11 00:00:00', '2222-02-22 00:00:00', 'ONLINE', 'DP', 'AKTIF', 1, 1, '2020-06-22 09:39:50', '2020-06-22 06:55:38', 1, 2, NULL, NULL, NULL),
(10, 'nomorpenjualan4', '2019-02-22 00:00:00', '3333-03-31 00:00:00', 'ONLINE', 'DP', 'AKTIF', 1, 1, '2020-06-22 05:37:45', '2020-06-27 11:07:50', 1, 2, NULL, NULL, NULL),
(11, 'nopenj12', '2019-11-11 00:00:00', '2222-02-22 00:00:00', 'OFFLINE', 'FULL PAYMENT', 'nonaktif', 1, 1, '2020-06-22 06:42:00', '2020-06-22 06:45:42', 1, 2, NULL, NULL, NULL),
(12, 'nopenj123', '2019-11-11 00:00:00', '2222-02-22 00:00:00', 'OFFLINE', 'FULL PAYMENT', 'nonaktif', 1, 1, '2020-06-22 06:42:24', '2020-06-22 06:45:40', 1, 2, NULL, NULL, NULL),
(13, 'nopenj1234', '2019-11-11 00:00:00', '2222-02-22 00:00:00', 'OFFLINE', 'FULL PAYMENT', 'nonaktif', 1, 1, '2020-06-22 06:42:38', '2020-06-22 06:45:37', 1, 2, NULL, NULL, NULL),
(14, 'nopenj1234', '2019-11-11 00:00:00', '2222-02-22 00:00:00', 'OFFLINE', 'FULL PAYMENT', 'nonaktif', 1, 1, '2020-06-22 06:44:01', '2020-06-22 06:45:35', 1, 2, NULL, NULL, NULL),
(15, 'nompern1234', '2019-11-11 00:00:00', '2222-02-22 00:00:00', 'OFFLINE', 'FULL PAYMENT', 'AKTIF', 1, 1, '2020-06-22 06:44:21', '2020-06-22 06:44:21', 1, 2, NULL, NULL, NULL),
(16, 'nopenj90', '2019-11-11 00:00:00', '2222-02-22 00:00:00', 'OFFLINE', 'FULL PAYMENT', 'nonaktif', 1, 1, '2020-06-22 06:45:17', '2020-06-22 06:45:33', 1, 2, NULL, NULL, NULL),
(17, 'anomorpenjualan1', '2018-11-11 00:00:00', '2222-02-22 00:00:00', 'ONLINE', 'DP', 'AKTIF', 1, 1, '2020-06-22 09:39:50', '2020-06-22 06:55:38', 1, 2, NULL, NULL, NULL),
(18, 'anomorpenjualan4', '2018-02-22 00:00:00', '3333-03-31 00:00:00', 'ONLINE', 'DP', 'AKTIF', 1, 1, '2020-06-22 05:37:45', '2020-06-27 11:07:50', 1, 2, NULL, NULL, NULL),
(19, 'anopenj12', '2018-11-11 00:00:00', '2222-02-22 00:00:00', 'OFFLINE', 'FULL PAYMENT', 'nonaktif', 1, 1, '2020-06-22 06:42:00', '2020-06-22 06:45:42', 1, 2, NULL, NULL, NULL),
(20, 'anopenj123', '2018-11-11 00:00:00', '2222-02-22 00:00:00', 'OFFLINE', 'FULL PAYMENT', 'nonaktif', 1, 1, '2020-06-22 06:42:24', '2020-06-22 06:45:40', 1, 2, NULL, NULL, NULL),
(21, 'anopenj1234', '2018-11-11 00:00:00', '2222-02-22 00:00:00', 'OFFLINE', 'FULL PAYMENT', 'nonaktif', 1, 1, '2020-06-22 06:42:38', '2020-06-22 06:45:37', 1, 2, NULL, NULL, NULL),
(22, 'anopenj1234', '2018-11-11 00:00:00', '2222-02-22 00:00:00', 'OFFLINE', 'FULL PAYMENT', 'nonaktif', 1, 1, '2020-06-22 06:44:01', '2020-06-22 06:45:35', 1, 2, NULL, NULL, NULL),
(23, 'anompern1234', '2018-11-11 00:00:00', '2222-02-22 00:00:00', 'OFFLINE', 'FULL PAYMENT', 'AKTIF', 1, 1, '2020-06-22 06:44:21', '2020-06-22 06:44:21', 1, 2, NULL, NULL, NULL),
(24, 'anopenj90', '2018-11-11 00:00:00', '2222-02-22 00:00:00', 'OFFLINE', 'FULL PAYMENT', 'nonaktif', 1, 1, '2020-06-22 06:45:17', '2020-06-22 06:45:33', 1, 2, NULL, NULL, NULL),
(25, 'nomorpenjualan1', '2019-03-11 00:00:00', '2222-02-22 00:00:00', 'ONLINE', 'DP', 'AKTIF', 1, 1, '2020-06-22 09:39:50', '2020-06-22 06:55:38', 1, 2, NULL, NULL, NULL),
(26, 'nomorpenjualan4', '2019-02-22 00:00:00', '3333-03-31 00:00:00', 'ONLINE', 'DP', 'AKTIF', 1, 1, '2020-06-22 05:37:45', '2020-06-27 11:07:50', 1, 2, NULL, NULL, NULL),
(27, 'nopenj12', '2019-03-11 00:00:00', '2222-02-22 00:00:00', 'OFFLINE', 'FULL PAYMENT', 'nonaktif', 1, 1, '2020-06-22 06:42:00', '2020-06-22 06:45:42', 1, 2, NULL, NULL, NULL),
(28, 'nopenj123', '2019-03-11 00:00:00', '2222-02-22 00:00:00', 'OFFLINE', 'FULL PAYMENT', 'nonaktif', 1, 1, '2020-06-22 06:42:24', '2020-06-22 06:45:40', 1, 2, NULL, NULL, NULL),
(29, 'nopenj1234', '2019-03-11 00:00:00', '2222-02-22 00:00:00', 'OFFLINE', 'FULL PAYMENT', 'nonaktif', 1, 1, '2020-06-22 06:42:38', '2020-06-22 06:45:37', 1, 2, NULL, NULL, NULL),
(30, 'nopenj1234', '2019-02-11 00:00:00', '2222-02-22 00:00:00', 'OFFLINE', 'FULL PAYMENT', 'nonaktif', 1, 1, '2020-06-22 06:44:01', '2020-06-22 06:45:35', 1, 2, NULL, NULL, NULL),
(31, 'nompern1234', '2019-02-11 00:00:00', '2222-02-22 00:00:00', 'OFFLINE', 'FULL PAYMENT', 'AKTIF', 1, 1, '2020-06-22 06:44:21', '2020-06-22 06:44:21', 1, 2, NULL, NULL, NULL),
(32, 'nopenj90', '2019-02-11 00:00:00', '2222-02-22 00:00:00', 'OFFLINE', 'FULL PAYMENT', 'nonaktif', 1, 1, '2020-06-22 06:45:17', '2020-06-22 06:45:33', 1, 2, NULL, NULL, NULL),
(33, 'anomorpenjualan1', '2018-02-11 00:00:00', '2222-02-22 00:00:00', 'ONLINE', 'DP', 'AKTIF', 1, 1, '2020-06-22 09:39:50', '2020-06-22 06:55:38', 1, 2, NULL, NULL, NULL),
(34, 'anomorpenjualan4', '2018-02-22 00:00:00', '3333-03-31 00:00:00', 'ONLINE', 'DP', 'AKTIF', 1, 1, '2020-06-22 05:37:45', '2020-06-27 11:07:50', 1, 2, NULL, NULL, NULL),
(35, 'anopenj12', '2018-01-11 00:00:00', '2222-02-22 00:00:00', 'OFFLINE', 'FULL PAYMENT', 'nonaktif', 1, 1, '2020-06-22 06:42:00', '2020-06-22 06:45:42', 1, 2, NULL, NULL, NULL),
(36, 'anopenj123', '2018-01-11 00:00:00', '2222-02-22 00:00:00', 'OFFLINE', 'FULL PAYMENT', 'nonaktif', 1, 1, '2020-06-22 06:42:24', '2020-06-22 06:45:40', 1, 2, NULL, NULL, NULL),
(37, 'anopenj1234', '2018-01-11 00:00:00', '2222-02-22 00:00:00', 'OFFLINE', 'FULL PAYMENT', 'nonaktif', 1, 1, '2020-06-22 06:42:38', '2020-06-22 06:45:37', 1, 2, NULL, NULL, NULL),
(38, 'anopenj1234', '2018-01-11 00:00:00', '2222-02-22 00:00:00', 'OFFLINE', 'FULL PAYMENT', 'nonaktif', 1, 1, '2020-06-22 06:44:01', '2020-06-22 06:45:35', 1, 2, NULL, NULL, NULL),
(39, 'anompern1234', '2018-09-11 00:00:00', '2222-02-22 00:00:00', 'OFFLINE', 'FULL PAYMENT', 'AKTIF', 1, 1, '2020-06-22 06:44:21', '2020-06-22 06:44:21', 1, 2, NULL, NULL, NULL),
(40, 'anopenj90', '2018-09-11 00:00:00', '2222-02-22 00:00:00', 'OFFLINE', 'FULL PAYMENT', 'nonaktif', 1, 1, '2020-06-22 06:45:17', '2020-06-22 06:45:33', 1, 2, NULL, NULL, NULL),
(41, 'nomorpenjualan1', '2019-03-11 00:00:00', '2222-02-22 00:00:00', 'ONLINE', 'DP', 'AKTIF', 1, 1, '2020-06-22 09:39:50', '2020-06-22 06:55:38', 1, 2, NULL, NULL, NULL),
(42, 'nomorpenjualan4', '2019-02-22 00:00:00', '3333-03-31 00:00:00', 'ONLINE', 'DP', 'AKTIF', 1, 1, '2020-06-22 05:37:45', '2020-06-27 11:07:50', 1, 2, NULL, NULL, NULL),
(43, 'nopenj12', '2019-08-11 00:00:00', '2222-02-22 00:00:00', 'OFFLINE', 'FULL PAYMENT', 'aktif', 1, 1, '2020-06-22 06:42:00', '2020-06-22 06:45:42', 1, 2, NULL, NULL, NULL),
(44, 'nopenj123', '2019-08-11 00:00:00', '2222-02-22 00:00:00', 'OFFLINE', 'FULL PAYMENT', 'aktif', 1, 1, '2020-06-22 06:42:24', '2020-06-22 06:45:40', 1, 2, NULL, NULL, NULL),
(45, 'nopenj1234', '2019-08-11 00:00:00', '2222-02-22 00:00:00', 'OFFLINE', 'FULL PAYMENT', 'aktif', 1, 1, '2020-06-22 06:42:38', '2020-06-22 06:45:37', 1, 2, NULL, NULL, NULL),
(46, 'nopenj1234', '2019-02-11 00:00:00', '2222-02-22 00:00:00', 'OFFLINE', 'FULL PAYMENT', 'aktif', 1, 1, '2020-06-22 06:44:01', '2020-06-22 06:45:35', 1, 2, NULL, NULL, NULL),
(47, 'nompern1234', '2019-02-11 00:00:00', '2222-02-22 00:00:00', 'OFFLINE', 'FULL PAYMENT', 'AKTIF', 1, 1, '2020-06-22 06:44:21', '2020-06-22 06:44:21', 1, 2, NULL, NULL, NULL),
(48, 'nopenj90', '2019-02-11 00:00:00', '2222-02-22 00:00:00', 'OFFLINE', 'FULL PAYMENT', 'aktif', 1, 1, '2020-06-22 06:45:17', '2020-06-22 06:45:33', 1, 2, NULL, NULL, NULL),
(49, 'anomorpenjualan1', '2018-02-11 00:00:00', '2222-02-22 00:00:00', 'ONLINE', 'DP', 'AKTIF', 1, 1, '2020-06-22 09:39:50', '2020-06-22 06:55:38', 1, 2, NULL, NULL, NULL),
(50, 'anomorpenjualan4', '2018-02-22 00:00:00', '3333-08-31 00:00:00', 'ONLINE', 'DP', 'AKTIF', 1, 1, '2020-06-22 05:37:45', '2020-06-27 11:07:50', 1, 2, NULL, NULL, NULL),
(51, 'anopenj12', '2018-12-11 00:00:00', '2222-02-22 00:00:00', 'OFFLINE', 'FULL PAYMENT', 'aktif', 1, 1, '2020-06-22 06:42:00', '2020-06-22 06:45:42', 1, 2, NULL, NULL, NULL),
(52, 'anopenj123', '2018-12-11 00:00:00', '2222-02-22 00:00:00', 'OFFLINE', 'FULL PAYMENT', 'aktif', 1, 1, '2020-06-22 06:42:24', '2020-06-22 06:45:40', 1, 2, NULL, NULL, NULL),
(53, 'anopenj1234', '2018-12-11 00:00:00', '2222-02-22 00:00:00', 'OFFLINE', 'FULL PAYMENT', 'aktif', 1, 1, '2020-06-22 06:42:38', '2020-06-22 06:45:37', 1, 2, NULL, NULL, NULL),
(54, 'anopenj1234', '2018-12-11 00:00:00', '2222-02-22 00:00:00', 'OFFLINE', 'FULL PAYMENT', 'aktif', 1, 1, '2020-06-22 06:44:01', '2020-06-22 06:45:35', 1, 2, NULL, NULL, NULL),
(55, 'anompern1234', '2018-04-11 00:00:00', '2222-02-22 00:00:00', 'OFFLINE', 'FULL PAYMENT', 'AKTIF', 1, 1, '2020-06-22 06:44:21', '2020-06-22 06:44:21', 1, 2, NULL, NULL, NULL),
(56, 'anopenj90', '2018-04-11 00:00:00', '2222-02-22 00:00:00', 'OFFLINE', 'FULL PAYMENT', 'aktif', 1, 1, '2020-06-22 06:45:17', '2020-06-22 06:45:33', 1, 2, NULL, NULL, NULL),
(57, 'nomorpenjualan1', '2020-03-11 00:00:00', '2222-02-22 00:00:00', 'ONLINE', 'DP', 'AKTIF', 1, 1, '2020-06-22 09:39:50', '2020-06-22 06:55:38', 1, 2, NULL, NULL, NULL),
(58, 'nomorpenjualan4', '2020-02-22 00:00:00', '3333-03-31 00:00:00', 'ONLINE', 'DP', 'AKTIF', 1, 1, '2020-06-22 05:37:45', '2020-06-27 11:07:50', 1, 2, NULL, NULL, NULL),
(59, 'nopenj12', '2020-08-11 00:00:00', '2222-02-22 00:00:00', 'OFFLINE', 'FULL PAYMENT', 'aktif', 1, 1, '2020-06-22 06:42:00', '2020-06-22 06:45:42', 1, 2, NULL, NULL, NULL),
(60, 'nopenj123', '2020-08-11 00:00:00', '2222-02-22 00:00:00', 'OFFLINE', 'FULL PAYMENT', 'aktif', 1, 1, '2020-06-22 06:42:24', '2020-06-22 06:45:40', 1, 2, NULL, NULL, NULL),
(61, 'nopenj1234', '2020-08-11 00:00:00', '2222-02-22 00:00:00', 'OFFLINE', 'FULL PAYMENT', 'aktif', 1, 1, '2020-06-22 06:42:38', '2020-06-22 06:45:37', 1, 2, NULL, NULL, NULL),
(62, 'nopenj1234', '2020-02-11 00:00:00', '2222-02-22 00:00:00', 'OFFLINE', 'FULL PAYMENT', 'aktif', 1, 1, '2020-06-22 06:44:01', '2020-06-22 06:45:35', 1, 2, NULL, NULL, NULL),
(63, 'nompern1234', '2020-02-11 00:00:00', '2222-02-22 00:00:00', 'OFFLINE', 'FULL PAYMENT', 'AKTIF', 1, 1, '2020-06-22 06:44:21', '2020-06-22 06:44:21', 1, 2, NULL, NULL, NULL),
(64, 'nopenj90', '2020-02-11 00:00:00', '2222-02-22 00:00:00', 'OFFLINE', 'FULL PAYMENT', 'aktif', 1, 1, '2020-06-22 06:45:17', '2020-06-22 06:45:33', 1, 2, NULL, NULL, NULL),
(65, 'anomorpenjualan1', '2020-02-11 00:00:00', '2222-02-22 00:00:00', 'ONLINE', 'DP', 'AKTIF', 1, 1, '2020-06-22 09:39:50', '2020-06-22 06:55:38', 1, 2, NULL, NULL, NULL),
(66, 'anomorpenjualan4', '2020-02-22 00:00:00', '3333-08-31 00:00:00', 'ONLINE', 'DP', 'AKTIF', 1, 1, '2020-06-22 05:37:45', '2020-06-27 11:07:50', 1, 2, NULL, NULL, NULL),
(67, 'anopenj12', '2020-12-11 00:00:00', '2222-02-22 00:00:00', 'OFFLINE', 'FULL PAYMENT', 'aktif', 1, 1, '2020-06-22 06:42:00', '2020-06-22 06:45:42', 1, 2, NULL, NULL, NULL),
(68, 'anopenj123', '2020-12-11 00:00:00', '2222-02-22 00:00:00', 'OFFLINE', 'FULL PAYMENT', 'aktif', 1, 1, '2020-06-22 06:42:24', '2020-06-22 06:45:40', 1, 2, NULL, NULL, NULL),
(69, 'anopenj1234', '2020-12-11 00:00:00', '2222-02-22 00:00:00', 'OFFLINE', 'FULL PAYMENT', 'aktif', 1, 1, '2020-06-22 06:42:38', '2020-06-22 06:45:37', 1, 2, NULL, NULL, NULL),
(70, 'anopenj1234', '2020-12-11 00:00:00', '2222-02-22 00:00:00', 'OFFLINE', 'FULL PAYMENT', 'aktif', 1, 1, '2020-06-22 06:44:01', '2020-06-22 06:45:35', 1, 2, NULL, NULL, NULL),
(71, 'anompern1234', '2020-04-11 00:00:00', '2222-02-22 00:00:00', 'OFFLINE', 'FULL PAYMENT', 'AKTIF', 1, 1, '2020-06-22 06:44:21', '2020-06-22 06:44:21', 1, 2, NULL, NULL, NULL),
(72, 'anopenj90', '2020-04-11 00:00:00', '2222-02-22 00:00:00', 'OFFLINE', 'FULL PAYMENT', 'aktif', 1, 1, '2020-06-22 06:45:17', '2020-06-22 06:45:33', 1, 2, NULL, NULL, NULL),
(73, 'nomorpenjualan1', '2020-03-11 00:00:00', '2222-02-22 00:00:00', 'ONLINE', 'DP', 'AKTIF', 1, 1, '2020-06-22 09:39:50', '2020-06-22 06:55:38', 1, 2, NULL, NULL, NULL),
(74, 'nomorpenjualan4', '2020-02-22 00:00:00', '3333-03-31 00:00:00', 'ONLINE', 'DP', 'AKTIF', 1, 1, '2020-06-22 05:37:45', '2020-06-27 11:07:50', 1, 2, NULL, NULL, NULL),
(75, 'nopenj12', '2020-05-11 00:00:00', '2222-02-22 00:00:00', 'OFFLINE', 'FULL PAYMENT', 'aktif', 1, 1, '2020-06-22 06:42:00', '2020-06-22 06:45:42', 1, 2, NULL, NULL, NULL),
(76, 'nopenj123', '2020-05-11 00:00:00', '2222-02-22 00:00:00', 'OFFLINE', 'FULL PAYMENT', 'aktif', 1, 1, '2020-06-22 06:42:24', '2020-06-22 06:45:40', 1, 2, NULL, NULL, NULL),
(77, 'nopenj1234', '2020-05-11 00:00:00', '2222-02-22 00:00:00', 'OFFLINE', 'FULL PAYMENT', 'aktif', 1, 1, '2020-06-22 06:42:38', '2020-06-22 06:45:37', 1, 2, NULL, NULL, NULL),
(78, 'nopenj1234', '2020-02-11 00:00:00', '2222-02-22 00:00:00', 'OFFLINE', 'FULL PAYMENT', 'aktif', 1, 1, '2020-06-22 06:44:01', '2020-06-22 06:45:35', 1, 2, NULL, NULL, NULL),
(79, 'nompern1234', '2020-06-11 00:00:00', '2222-06-22 00:00:00', 'OFFLINE', 'FULL PAYMENT', 'AKTIF', 1, 1, '2020-06-22 06:44:21', '2020-06-22 06:44:21', 1, 2, NULL, NULL, NULL),
(80, 'nopenj90', '2020-06-11 00:00:00', '2222-06-22 00:00:00', 'OFFLINE', 'FULL PAYMENT', 'aktif', 1, 1, '2020-06-22 06:45:17', '2020-06-22 06:45:33', 1, 2, NULL, NULL, NULL),
(81, 'anomorpenjualan1', '2020-06-11 00:00:00', '2222-02-22 00:00:00', 'ONLINE', 'DP', 'AKTIF', 1, 1, '2020-06-22 09:39:50', '2020-06-22 06:55:38', 1, 2, NULL, NULL, NULL),
(82, 'anomorpenjualan4', '2020-02-22 00:00:00', '3333-08-31 00:00:00', 'ONLINE', 'DP', 'AKTIF', 1, 1, '2020-06-22 05:37:45', '2020-06-27 11:07:50', 1, 2, NULL, NULL, NULL),
(83, 'anopenj12', '2020-09-11 00:00:00', '2222-02-22 00:00:00', 'OFFLINE', 'FULL PAYMENT', 'aktif', 1, 1, '2020-06-22 06:42:00', '2020-06-22 06:45:42', 1, 2, NULL, NULL, NULL),
(84, 'anopenj123', '2020-09-11 00:00:00', '2222-02-22 00:00:00', 'OFFLINE', 'FULL PAYMENT', 'aktif', 1, 1, '2020-06-22 06:42:24', '2020-06-22 06:45:40', 1, 2, NULL, NULL, NULL),
(85, 'anopenj1234', '2020-09-11 00:00:00', '2222-02-22 00:00:00', 'OFFLINE', 'FULL PAYMENT', 'aktif', 1, 1, '2020-06-22 06:42:38', '2020-06-22 06:45:37', 1, 2, NULL, NULL, NULL),
(86, 'anopenj1234', '2020-09-11 00:00:00', '2222-02-22 00:00:00', 'OFFLINE', 'FULL PAYMENT', 'aktif', 1, 1, '2020-06-22 06:44:01', '2020-06-22 06:45:35', 1, 2, NULL, NULL, NULL),
(87, 'anompern1234', '2020-04-11 00:00:00', '2222-02-22 00:00:00', 'OFFLINE', 'FULL PAYMENT', 'AKTIF', 1, 1, '2020-06-22 06:44:21', '2020-06-22 06:44:21', 1, 2, NULL, NULL, NULL),
(88, 'anopenj90', '2020-04-11 00:00:00', '2222-02-22 00:00:00', 'OFFLINE', 'FULL PAYMENT', 'aktif', 1, 1, '2020-06-22 06:45:17', '2020-06-22 06:45:33', 1, 2, NULL, NULL, NULL),
(89, 'nomorpenjualan1', '2020-09-09 00:00:00', '2222-02-22 00:00:00', 'ONLINE', 'DP', 'AKTIF', 1, 2, '2020-06-22 09:39:50', '2020-06-22 06:55:38', 1, 2, NULL, NULL, NULL),
(90, 'nomorpenjualan4', '2020-09-09 00:00:00', '3333-03-31 00:00:00', 'ONLINE', 'DP', 'AKTIF', 1, 2, '2020-06-22 05:37:45', '2020-06-27 11:07:50', 1, 2, NULL, NULL, NULL),
(91, 'nopenj12', '2020-09-09 00:00:00', '2222-02-22 00:00:00', 'OFFLINE', 'FULL PAYMENT', 'AKTIF', 1, 2, '2020-06-22 06:42:00', '2020-06-22 06:45:42', 1, 2, NULL, NULL, NULL),
(92, 'nopenj123', '2020-09-09 00:00:00', '2222-02-22 00:00:00', 'OFFLINE', 'FULL PAYMENT', 'AKTIF', 1, 2, '2020-06-22 06:42:24', '2020-06-22 06:45:40', 1, 2, NULL, NULL, NULL),
(93, 'nopenj1234', '2020-06-09 00:00:00', '2222-02-22 00:00:00', 'OFFLINE', 'FULL PAYMENT', 'AKTIF', 1, 2, '2020-06-22 06:42:38', '2020-06-22 06:45:37', 1, 2, NULL, NULL, NULL),
(94, 'nopenj1234', '2020-06-09 00:00:00', '2222-02-22 00:00:00', 'OFFLINE', 'FULL PAYMENT', 'AKTIF', 1, 2, '2020-06-22 06:44:01', '2020-06-22 06:45:35', 1, 2, NULL, NULL, NULL),
(95, 'nompern1234', '2020-06-09 00:00:00', '2222-02-22 00:00:00', 'OFFLINE', 'FULL PAYMENT', 'AKTIF', 1, 2, '2020-06-22 06:44:21', '2020-06-22 06:44:21', 1, 2, NULL, NULL, NULL),
(96, 'nopenj90', '2020-05-09 00:00:00', '2222-02-22 00:00:00', 'OFFLINE', 'FULL PAYMENT', 'AKTIF', 1, 2, '2020-06-22 06:45:17', '2020-06-22 06:45:33', 1, 2, NULL, NULL, NULL),
(97, 'nomorpenjualan1', '2019-11-11 00:00:00', '2222-02-22 00:00:00', 'ONLINE', 'DP', 'AKTIF', 1, 2, '2020-06-22 09:39:50', '2020-06-22 06:55:38', 1, 2, NULL, NULL, NULL),
(98, 'nomorpenjualan4', '2019-02-22 00:00:00', '3333-03-31 00:00:00', 'ONLINE', 'DP', 'AKTIF', 1, 2, '2020-06-22 05:37:45', '2020-06-27 11:07:50', 1, 2, NULL, NULL, NULL),
(99, 'nopenj12', '2019-11-11 00:00:00', '2222-02-22 00:00:00', 'OFFLINE', 'FULL PAYMENT', 'nonaktif', 1, 2, '2020-06-22 06:42:00', '2020-06-22 06:45:42', 1, 2, NULL, NULL, NULL),
(100, 'nopenj123', '2019-11-11 00:00:00', '2222-02-22 00:00:00', 'OFFLINE', 'FULL PAYMENT', 'nonaktif', 1, 2, '2020-06-22 06:42:24', '2020-06-22 06:45:40', 1, 2, NULL, NULL, NULL),
(101, 'nopenj1234', '2019-11-11 00:00:00', '2222-02-22 00:00:00', 'OFFLINE', 'FULL PAYMENT', 'nonaktif', 1, 2, '2020-06-22 06:42:38', '2020-06-22 06:45:37', 1, 2, NULL, NULL, NULL),
(102, 'nopenj1234', '2019-11-11 00:00:00', '2222-02-22 00:00:00', 'OFFLINE', 'FULL PAYMENT', 'nonaktif', 1, 2, '2020-06-22 06:44:01', '2020-06-22 06:45:35', 1, 2, NULL, NULL, NULL),
(103, 'nompern1234', '2019-11-11 00:00:00', '2222-02-22 00:00:00', 'OFFLINE', 'FULL PAYMENT', 'AKTIF', 1, 2, '2020-06-22 06:44:21', '2020-06-22 06:44:21', 1, 2, NULL, NULL, NULL),
(104, 'nopenj90', '2019-11-11 00:00:00', '2222-02-22 00:00:00', 'OFFLINE', 'FULL PAYMENT', 'nonaktif', 1, 2, '2020-06-22 06:45:17', '2020-06-22 06:45:33', 1, 2, NULL, NULL, NULL),
(105, 'anomorpenjualan1', '2018-11-11 00:00:00', '2222-02-22 00:00:00', 'ONLINE', 'DP', 'AKTIF', 1, 2, '2020-06-22 09:39:50', '2020-06-22 06:55:38', 1, 2, NULL, NULL, NULL),
(106, 'anomorpenjualan4', '2018-02-22 00:00:00', '3333-03-31 00:00:00', 'ONLINE', 'DP', 'AKTIF', 1, 2, '2020-06-22 05:37:45', '2020-06-27 11:07:50', 1, 2, NULL, NULL, NULL),
(107, 'anopenj12', '2018-11-11 00:00:00', '2222-02-22 00:00:00', 'OFFLINE', 'FULL PAYMENT', 'nonaktif', 1, 2, '2020-06-22 06:42:00', '2020-06-22 06:45:42', 1, 2, NULL, NULL, NULL),
(108, 'anopenj123', '2018-11-11 00:00:00', '2222-02-22 00:00:00', 'OFFLINE', 'FULL PAYMENT', 'nonaktif', 1, 2, '2020-06-22 06:42:24', '2020-06-22 06:45:40', 1, 2, NULL, NULL, NULL),
(109, 'anopenj1234', '2018-11-11 00:00:00', '2222-02-22 00:00:00', 'OFFLINE', 'FULL PAYMENT', 'nonaktif', 1, 2, '2020-06-22 06:42:38', '2020-06-22 06:45:37', 1, 2, NULL, NULL, NULL),
(110, 'anopenj1234', '2018-11-11 00:00:00', '2222-02-22 00:00:00', 'OFFLINE', 'FULL PAYMENT', 'nonaktif', 1, 2, '2020-06-22 06:44:01', '2020-06-22 06:45:35', 1, 2, NULL, NULL, NULL),
(111, 'anompern1234', '2018-11-11 00:00:00', '2222-02-22 00:00:00', 'OFFLINE', 'FULL PAYMENT', 'AKTIF', 1, 2, '2020-06-22 06:44:21', '2020-06-22 06:44:21', 1, 2, NULL, NULL, NULL),
(112, 'anopenj90', '2018-11-11 00:00:00', '2222-02-22 00:00:00', 'OFFLINE', 'FULL PAYMENT', 'nonaktif', 1, 2, '2020-06-22 06:45:17', '2020-06-22 06:45:33', 1, 2, NULL, NULL, NULL),
(113, 'nomorpenjualan1', '2019-03-11 00:00:00', '2222-02-22 00:00:00', 'ONLINE', 'DP', 'AKTIF', 1, 2, '2020-06-22 09:39:50', '2020-06-22 06:55:38', 1, 2, NULL, NULL, NULL),
(114, 'nomorpenjualan4', '2019-02-22 00:00:00', '3333-03-31 00:00:00', 'ONLINE', 'DP', 'AKTIF', 1, 2, '2020-06-22 05:37:45', '2020-06-27 11:07:50', 1, 2, NULL, NULL, NULL),
(115, 'nopenj12', '2019-03-11 00:00:00', '2222-02-22 00:00:00', 'OFFLINE', 'FULL PAYMENT', 'nonaktif', 1, 2, '2020-06-22 06:42:00', '2020-06-22 06:45:42', 1, 2, NULL, NULL, NULL),
(116, 'nopenj123', '2019-03-11 00:00:00', '2222-02-22 00:00:00', 'OFFLINE', 'FULL PAYMENT', 'nonaktif', 1, 2, '2020-06-22 06:42:24', '2020-06-22 06:45:40', 1, 2, NULL, NULL, NULL),
(117, 'nopenj1234', '2019-03-11 00:00:00', '2222-02-22 00:00:00', 'OFFLINE', 'FULL PAYMENT', 'nonaktif', 1, 2, '2020-06-22 06:42:38', '2020-06-22 06:45:37', 1, 2, NULL, NULL, NULL),
(118, 'nopenj1234', '2019-02-11 00:00:00', '2222-02-22 00:00:00', 'OFFLINE', 'FULL PAYMENT', 'nonaktif', 1, 2, '2020-06-22 06:44:01', '2020-06-22 06:45:35', 1, 2, NULL, NULL, NULL),
(119, 'nompern1234', '2019-02-11 00:00:00', '2222-02-22 00:00:00', 'OFFLINE', 'FULL PAYMENT', 'AKTIF', 1, 2, '2020-06-22 06:44:21', '2020-06-22 06:44:21', 1, 2, NULL, NULL, NULL),
(120, 'nopenj90', '2019-02-11 00:00:00', '2222-02-22 00:00:00', 'OFFLINE', 'FULL PAYMENT', 'nonaktif', 1, 2, '2020-06-22 06:45:17', '2020-06-22 06:45:33', 1, 2, NULL, NULL, NULL),
(121, 'anomorpenjualan1', '2018-02-11 00:00:00', '2222-02-22 00:00:00', 'ONLINE', 'DP', 'AKTIF', 1, 2, '2020-06-22 09:39:50', '2020-07-24 04:41:16', 1, 2, NULL, NULL, NULL),
(122, 'anomorpenjualan4', '2018-02-22 00:00:00', '3333-03-31 00:00:00', 'ONLINE', 'DP', 'AKTIF', 1, 2, '2020-06-22 05:37:45', '2020-06-27 11:07:50', 1, 2, NULL, NULL, NULL),
(123, 'anopenj12', '2018-01-11 00:00:00', '2222-02-22 00:00:00', 'OFFLINE', 'FULL PAYMENT', 'nonaktif', 1, 2, '2020-06-22 06:42:00', '2020-06-22 06:45:42', 1, 2, NULL, NULL, NULL),
(124, 'anopenj123', '2018-01-11 00:00:00', '2222-02-22 00:00:00', 'OFFLINE', 'FULL PAYMENT', 'nonaktif', 1, 2, '2020-06-22 06:42:24', '2020-06-22 06:45:40', 1, 2, NULL, NULL, NULL),
(125, 'anopenj1234', '2018-01-11 00:00:00', '2222-02-22 00:00:00', 'OFFLINE', 'FULL PAYMENT', 'nonaktif', 1, 2, '2020-06-22 06:42:38', '2020-06-22 06:45:37', 1, 2, NULL, NULL, NULL),
(126, 'anopenj1234', '2018-01-11 00:00:00', '2222-02-22 00:00:00', 'OFFLINE', 'FULL PAYMENT', 'nonaktif', 1, 2, '2020-06-22 06:44:01', '2020-06-22 06:45:35', 1, 2, NULL, NULL, NULL),
(127, 'anompern1234', '2018-09-11 00:00:00', '2222-02-22 00:00:00', 'OFFLINE', 'FULL PAYMENT', 'AKTIF', 1, 2, '2020-06-22 06:44:21', '2020-06-22 06:44:21', 1, 2, NULL, NULL, NULL),
(128, 'anopenj90', '2018-09-11 00:00:00', '2222-02-22 00:00:00', 'OFFLINE', 'FULL PAYMENT', 'nonaktif', 1, 2, '2020-06-22 06:45:17', '2020-06-22 06:45:33', 1, 2, NULL, NULL, NULL),
(129, 'nomorpenjualan1', '2019-03-11 00:00:00', '2222-02-22 00:00:00', 'ONLINE', 'DP', 'AKTIF', 1, 2, '2020-06-22 09:39:50', '2020-06-22 06:55:38', 1, 2, NULL, NULL, NULL),
(130, 'nomorpenjualan4', '2019-02-22 00:00:00', '3333-03-31 00:00:00', 'ONLINE', 'DP', 'AKTIF', 1, 2, '2020-06-22 05:37:45', '2020-06-27 11:07:50', 1, 2, NULL, NULL, NULL),
(131, 'nopenj12', '2019-08-11 00:00:00', '2222-02-22 00:00:00', 'OFFLINE', 'FULL PAYMENT', 'aktif', 1, 2, '2020-06-22 06:42:00', '2020-06-22 06:45:42', 1, 2, NULL, NULL, NULL),
(132, 'nopenj123', '2019-08-11 00:00:00', '2222-02-22 00:00:00', 'OFFLINE', 'FULL PAYMENT', 'aktif', 1, 2, '2020-06-22 06:42:24', '2020-06-22 06:45:40', 1, 2, NULL, NULL, NULL),
(133, 'nopenj1234', '2019-08-11 00:00:00', '2222-02-22 00:00:00', 'OFFLINE', 'FULL PAYMENT', 'aktif', 1, 2, '2020-06-22 06:42:38', '2020-06-22 06:45:37', 1, 2, NULL, NULL, NULL),
(134, 'nopenj1234', '2019-02-11 00:00:00', '2222-02-22 00:00:00', 'OFFLINE', 'FULL PAYMENT', 'aktif', 1, 2, '2020-06-22 06:44:01', '2020-06-22 06:45:35', 1, 2, NULL, NULL, NULL),
(135, 'nompern1234', '2019-02-11 00:00:00', '2222-02-22 00:00:00', 'OFFLINE', 'FULL PAYMENT', 'AKTIF', 1, 2, '2020-06-22 06:44:21', '2020-06-22 06:44:21', 1, 2, NULL, NULL, NULL),
(136, 'nopenj90', '2019-02-11 00:00:00', '2222-02-22 00:00:00', 'OFFLINE', 'FULL PAYMENT', 'aktif', 1, 2, '2020-06-22 06:45:17', '2020-06-22 06:45:33', 1, 2, NULL, NULL, NULL),
(137, 'anomorpenjualan1', '2018-02-11 00:00:00', '2222-02-22 00:00:00', 'ONLINE', 'DP', 'AKTIF', 1, 2, '2020-06-22 09:39:50', '2020-06-22 06:55:38', 1, 2, NULL, NULL, NULL),
(138, 'anomorpenjualan4', '2018-02-22 00:00:00', '3333-08-31 00:00:00', 'ONLINE', 'DP', 'AKTIF', 1, 2, '2020-06-22 05:37:45', '2020-06-27 11:07:50', 1, 2, NULL, NULL, NULL),
(139, 'anopenj12', '2018-12-11 00:00:00', '2222-02-22 00:00:00', 'OFFLINE', 'FULL PAYMENT', 'aktif', 1, 2, '2020-06-22 06:42:00', '2020-06-22 06:45:42', 1, 2, NULL, NULL, NULL),
(140, 'anopenj123', '2018-12-11 00:00:00', '2222-02-22 00:00:00', 'OFFLINE', 'FULL PAYMENT', 'aktif', 1, 2, '2020-06-22 06:42:24', '2020-06-22 06:45:40', 1, 2, NULL, NULL, NULL),
(141, 'anopenj1234', '2018-12-11 00:00:00', '2222-02-22 00:00:00', 'OFFLINE', 'FULL PAYMENT', 'aktif', 1, 2, '2020-06-22 06:42:38', '2020-06-22 06:45:37', 1, 2, NULL, NULL, NULL),
(142, 'anopenj1234', '2018-12-11 00:00:00', '2222-02-22 00:00:00', 'OFFLINE', 'FULL PAYMENT', 'aktif', 1, 2, '2020-06-22 06:44:01', '2020-06-22 06:45:35', 1, 2, NULL, NULL, NULL),
(143, 'anompern1234', '2018-04-11 00:00:00', '2222-02-22 00:00:00', 'OFFLINE', 'FULL PAYMENT', 'AKTIF', 1, 2, '2020-06-22 06:44:21', '2020-06-22 06:44:21', 1, 2, NULL, NULL, NULL),
(144, 'anopenj90', '2018-04-11 00:00:00', '2222-02-22 00:00:00', 'OFFLINE', 'FULL PAYMENT', 'aktif', 1, 2, '2020-06-22 06:45:17', '2020-06-22 06:45:33', 1, 2, NULL, NULL, NULL),
(145, 'nomorpenjualan1', '2020-03-11 00:00:00', '2222-02-22 00:00:00', 'ONLINE', 'DP', 'AKTIF', 1, 2, '2020-06-22 09:39:50', '2020-06-22 06:55:38', 1, 2, NULL, NULL, NULL),
(146, 'nomorpenjualan4', '2020-02-22 00:00:00', '3333-03-31 00:00:00', 'ONLINE', 'DP', 'AKTIF', 1, 2, '2020-06-22 05:37:45', '2020-06-27 11:07:50', 1, 2, NULL, NULL, NULL),
(147, 'nopenj12', '2020-08-11 00:00:00', '2222-02-22 00:00:00', 'OFFLINE', 'FULL PAYMENT', 'aktif', 1, 2, '2020-06-22 06:42:00', '2020-06-22 06:45:42', 1, 2, NULL, NULL, NULL),
(148, 'nopenj123', '2020-08-11 00:00:00', '2222-02-22 00:00:00', 'OFFLINE', 'FULL PAYMENT', 'aktif', 1, 2, '2020-06-22 06:42:24', '2020-06-22 06:45:40', 1, 2, NULL, NULL, NULL),
(149, 'nopenj1234', '2020-08-11 00:00:00', '2222-02-22 00:00:00', 'OFFLINE', 'FULL PAYMENT', 'aktif', 1, 2, '2020-06-22 06:42:38', '2020-06-22 06:45:37', 1, 2, NULL, NULL, NULL),
(150, 'nopenj1234', '2020-02-11 00:00:00', '2222-02-22 00:00:00', 'OFFLINE', 'FULL PAYMENT', 'aktif', 1, 2, '2020-06-22 06:44:01', '2020-06-22 06:45:35', 1, 2, NULL, NULL, NULL),
(151, 'nompern1234', '2020-02-11 00:00:00', '2222-02-22 00:00:00', 'OFFLINE', 'FULL PAYMENT', 'AKTIF', 1, 2, '2020-06-22 06:44:21', '2020-06-22 06:44:21', 1, 2, NULL, NULL, NULL),
(152, 'nopenj90', '2020-02-11 00:00:00', '2222-02-22 00:00:00', 'OFFLINE', 'FULL PAYMENT', 'aktif', 1, 2, '2020-06-22 06:45:17', '2020-06-22 06:45:33', 1, 2, NULL, NULL, NULL),
(153, 'anomorpenjualan1', '2020-02-11 00:00:00', '2222-02-22 00:00:00', 'ONLINE', 'DP', 'AKTIF', 1, 2, '2020-06-22 09:39:50', '2020-06-22 06:55:38', 1, 2, NULL, NULL, NULL),
(154, 'anomorpenjualan4', '2020-02-22 00:00:00', '3333-08-31 00:00:00', 'ONLINE', 'DP', 'AKTIF', 1, 2, '2020-06-22 05:37:45', '2020-06-27 11:07:50', 1, 2, NULL, NULL, NULL),
(155, 'anopenj12', '2020-12-11 00:00:00', '2222-02-22 00:00:00', 'OFFLINE', 'FULL PAYMENT', 'nonaktif', 1, 2, '2020-06-22 06:42:00', '2020-07-24 04:55:52', 1, 2, NULL, NULL, NULL),
(156, 'anopenj123', '2020-12-11 00:00:00', '2222-02-22 00:00:00', 'OFFLINE', 'FULL PAYMENT', 'nonaktif', 1, 2, '2020-06-22 06:42:24', '2020-07-24 04:55:55', 1, 2, NULL, NULL, NULL),
(157, 'anopenj1234', '2020-12-11 00:00:00', '2222-02-22 00:00:00', 'OFFLINE', 'FULL PAYMENT', 'nonaktif', 1, 2, '2020-06-22 06:42:38', '2020-07-24 04:55:59', 1, 2, NULL, NULL, NULL),
(158, 'anopenj1234', '2020-12-11 00:00:00', '2222-02-22 00:00:00', 'OFFLINE', 'FULL PAYMENT', 'nonaktif', 1, 2, '2020-06-22 06:44:01', '2020-07-24 04:56:03', 1, 2, NULL, NULL, NULL),
(159, 'anompern1234', '2020-04-11 00:00:00', '2222-02-22 00:00:00', 'OFFLINE', 'FULL PAYMENT', 'AKTIF', 1, 2, '2020-06-22 06:44:21', '2020-06-22 06:44:21', 1, 2, NULL, NULL, NULL),
(160, 'anopenj90', '2020-04-11 00:00:00', '2222-02-22 00:00:00', 'OFFLINE', 'FULL PAYMENT', 'aktif', 1, 2, '2020-06-22 06:45:17', '2020-06-22 06:45:33', 1, 2, NULL, NULL, NULL),
(161, 'nomorpenjualan1', '2020-03-11 00:00:00', '2222-02-22 00:00:00', 'ONLINE', 'DP', 'AKTIF', 1, 2, '2020-06-22 09:39:50', '2020-06-22 06:55:38', 1, 2, NULL, NULL, NULL),
(162, 'nomorpenjualan4', '2020-02-22 00:00:00', '3333-03-31 00:00:00', 'ONLINE', 'DP', 'AKTIF', 1, 2, '2020-06-22 05:37:45', '2020-06-27 11:07:50', 1, 2, NULL, NULL, NULL),
(163, 'nopenj12', '2020-05-11 00:00:00', '2222-02-22 00:00:00', 'OFFLINE', 'FULL PAYMENT', 'aktif', 1, 2, '2020-06-22 06:42:00', '2020-06-22 06:45:42', 1, 2, NULL, NULL, NULL),
(164, 'nopenj123', '2020-05-11 00:00:00', '2222-02-22 00:00:00', 'OFFLINE', 'FULL PAYMENT', 'aktif', 1, 2, '2020-06-22 06:42:24', '2020-06-22 06:45:40', 1, 2, NULL, NULL, NULL),
(165, 'nopenj1234', '2020-05-11 00:00:00', '2222-02-22 00:00:00', 'OFFLINE', 'FULL PAYMENT', 'aktif', 1, 2, '2020-06-22 06:42:38', '2020-06-22 06:45:37', 1, 2, NULL, NULL, NULL),
(166, 'nopenj1234', '2020-02-11 00:00:00', '2222-02-22 00:00:00', 'OFFLINE', 'FULL PAYMENT', 'aktif', 1, 2, '2020-06-22 06:44:01', '2020-06-22 06:45:35', 1, 2, NULL, NULL, NULL),
(167, 'nomorpenjualan1', '2020-09-09 00:00:00', '2222-02-22 00:00:00', 'ONLINE', 'DP', 'AKTIF', 1, 2, '2020-06-22 09:39:50', '2020-06-22 06:55:38', 1, 2, NULL, NULL, NULL),
(168, 'nomorpenjualan4', '2020-09-09 00:00:00', '3333-03-31 00:00:00', 'ONLINE', 'DP', 'AKTIF', 1, 2, '2020-06-22 05:37:45', '2020-06-27 11:07:50', 1, 2, NULL, NULL, NULL),
(169, 'nopenj12', '2020-09-09 00:00:00', '2222-02-22 00:00:00', 'OFFLINE', 'FULL PAYMENT', 'AKTIF', 1, 2, '2020-06-22 06:42:00', '2020-06-22 06:45:42', 1, 2, NULL, NULL, NULL),
(170, 'nopenj123', '2020-09-09 00:00:00', '2222-02-22 00:00:00', 'OFFLINE', 'FULL PAYMENT', 'AKTIF', 1, 2, '2020-06-22 06:42:24', '2020-06-22 06:45:40', 1, 2, NULL, NULL, NULL),
(171, 'nopenj1234', '2020-06-09 00:00:00', '2222-02-22 00:00:00', 'OFFLINE', 'FULL PAYMENT', 'AKTIF', 1, 2, '2020-06-22 06:42:38', '2020-06-22 06:45:37', 1, 2, NULL, NULL, NULL),
(172, 'nopenj1234', '2020-06-09 00:00:00', '2222-02-22 00:00:00', 'OFFLINE', 'FULL PAYMENT', 'AKTIF', 1, 2, '2020-06-22 06:44:01', '2020-06-22 06:45:35', 1, 2, NULL, NULL, NULL),
(173, 'nompern1234', '2020-06-09 00:00:00', '2222-02-22 00:00:00', 'OFFLINE', 'FULL PAYMENT', 'AKTIF', 1, 2, '2020-06-22 06:44:21', '2020-06-22 06:44:21', 1, 2, NULL, NULL, NULL),
(174, 'nopenj90', '2020-05-09 00:00:00', '2222-02-22 00:00:00', 'OFFLINE', 'FULL PAYMENT', 'AKTIF', 1, 2, '2020-06-22 06:45:17', '2020-06-22 06:45:33', 1, 2, NULL, NULL, NULL),
(175, 'nomorpenjualan1', '2019-11-11 00:00:00', '2222-02-22 00:00:00', 'ONLINE', 'DP', 'AKTIF', 1, 2, '2020-06-22 09:39:50', '2020-06-22 06:55:38', 1, 2, NULL, NULL, NULL),
(176, 'nomorpenjualan4', '2019-02-22 00:00:00', '3333-03-31 00:00:00', 'ONLINE', 'DP', 'AKTIF', 1, 2, '2020-06-22 05:37:45', '2020-06-27 11:07:50', 1, 2, NULL, NULL, NULL),
(177, 'nopenj12', '2019-11-11 00:00:00', '2222-02-22 00:00:00', 'OFFLINE', 'FULL PAYMENT', 'nonaktif', 1, 2, '2020-06-22 06:42:00', '2020-06-22 06:45:42', 1, 2, NULL, NULL, NULL),
(178, 'nopenj123', '2019-11-11 00:00:00', '2222-02-22 00:00:00', 'OFFLINE', 'FULL PAYMENT', 'nonaktif', 1, 2, '2020-06-22 06:42:24', '2020-06-22 06:45:40', 1, 2, NULL, NULL, NULL),
(179, 'nopenj1234', '2019-11-11 00:00:00', '2222-02-22 00:00:00', 'OFFLINE', 'FULL PAYMENT', 'nonaktif', 1, 2, '2020-06-22 06:42:38', '2020-06-22 06:45:37', 1, 2, NULL, NULL, NULL),
(180, 'nopenj1234', '2019-11-11 00:00:00', '2222-02-22 00:00:00', 'OFFLINE', 'FULL PAYMENT', 'nonaktif', 1, 2, '2020-06-22 06:44:01', '2020-06-22 06:45:35', 1, 2, NULL, NULL, NULL),
(181, 'nompern1234', '2019-11-11 00:00:00', '2222-02-22 00:00:00', 'OFFLINE', 'FULL PAYMENT', 'AKTIF', 1, 2, '2020-06-22 06:44:21', '2020-06-22 06:44:21', 1, 2, NULL, NULL, NULL),
(182, 'nopenj90', '2019-11-11 00:00:00', '2222-02-22 00:00:00', 'OFFLINE', 'FULL PAYMENT', 'nonaktif', 1, 2, '2020-06-22 06:45:17', '2020-06-22 06:45:33', 1, 2, NULL, NULL, NULL),
(183, 'anomorpenjualan1', '2018-11-11 00:00:00', '2222-02-22 00:00:00', 'ONLINE', 'DP', 'AKTIF', 1, 2, '2020-06-22 09:39:50', '2020-06-22 06:55:38', 1, 2, NULL, NULL, NULL),
(184, 'anomorpenjualan4', '2018-02-22 00:00:00', '3333-03-31 00:00:00', 'ONLINE', 'DP', 'AKTIF', 1, 2, '2020-06-22 05:37:45', '2020-06-27 11:07:50', 1, 2, NULL, NULL, NULL),
(185, 'anopenj12', '2018-11-11 00:00:00', '2222-02-22 00:00:00', 'OFFLINE', 'FULL PAYMENT', 'nonaktif', 1, 2, '2020-06-22 06:42:00', '2020-06-22 06:45:42', 1, 2, NULL, NULL, NULL),
(186, 'anopenj123', '2018-11-11 00:00:00', '2222-02-22 00:00:00', 'OFFLINE', 'FULL PAYMENT', 'nonaktif', 1, 2, '2020-06-22 06:42:24', '2020-06-22 06:45:40', 1, 2, NULL, NULL, NULL),
(187, 'anopenj1234', '2018-11-11 00:00:00', '2222-02-22 00:00:00', 'OFFLINE', 'FULL PAYMENT', 'nonaktif', 1, 2, '2020-06-22 06:42:38', '2020-06-22 06:45:37', 1, 2, NULL, NULL, NULL),
(188, 'anopenj1234', '2018-11-11 00:00:00', '2222-02-22 00:00:00', 'OFFLINE', 'FULL PAYMENT', 'nonaktif', 1, 2, '2020-06-22 06:44:01', '2020-06-22 06:45:35', 1, 2, NULL, NULL, NULL),
(189, 'anompern1234', '2018-11-11 00:00:00', '2222-02-22 00:00:00', 'OFFLINE', 'FULL PAYMENT', 'AKTIF', 1, 2, '2020-06-22 06:44:21', '2020-06-22 06:44:21', 1, 2, NULL, NULL, NULL),
(190, 'anopenj90', '2018-11-11 00:00:00', '2222-02-22 00:00:00', 'OFFLINE', 'FULL PAYMENT', 'nonaktif', 1, 2, '2020-06-22 06:45:17', '2020-06-22 06:45:33', 1, 2, NULL, NULL, NULL),
(191, 'nomorpenjualan1', '2019-03-11 00:00:00', '2222-02-22 00:00:00', 'ONLINE', 'DP', 'AKTIF', 1, 2, '2020-06-22 09:39:50', '2020-06-22 06:55:38', 1, 2, NULL, NULL, NULL),
(192, 'nomorpenjualan4', '2019-02-22 00:00:00', '3333-03-31 00:00:00', 'ONLINE', 'DP', 'AKTIF', 1, 2, '2020-06-22 05:37:45', '2020-06-27 11:07:50', 1, 2, NULL, NULL, NULL),
(193, 'nopenj12', '2019-03-11 00:00:00', '2222-02-22 00:00:00', 'OFFLINE', 'FULL PAYMENT', 'nonaktif', 1, 2, '2020-06-22 06:42:00', '2020-06-22 06:45:42', 1, 2, NULL, NULL, NULL),
(194, 'nopenj123', '2019-03-11 00:00:00', '2222-02-22 00:00:00', 'OFFLINE', 'FULL PAYMENT', 'nonaktif', 1, 2, '2020-06-22 06:42:24', '2020-06-22 06:45:40', 1, 2, NULL, NULL, NULL),
(195, 'nopenj1234', '2019-03-11 00:00:00', '2222-02-22 00:00:00', 'OFFLINE', 'FULL PAYMENT', 'nonaktif', 1, 2, '2020-06-22 06:42:38', '2020-06-22 06:45:37', 1, 2, NULL, NULL, NULL),
(196, 'nopenj1234', '2019-02-11 00:00:00', '2222-02-22 00:00:00', 'OFFLINE', 'FULL PAYMENT', 'nonaktif', 1, 2, '2020-06-22 06:44:01', '2020-06-22 06:45:35', 1, 2, NULL, NULL, NULL),
(197, 'nompern1234', '2019-02-11 00:00:00', '2222-02-22 00:00:00', 'OFFLINE', 'FULL PAYMENT', 'AKTIF', 1, 2, '2020-06-22 06:44:21', '2020-06-22 06:44:21', 1, 2, NULL, NULL, NULL),
(198, 'nopenj90', '2019-02-11 00:00:00', '2222-02-22 00:00:00', 'OFFLINE', 'FULL PAYMENT', 'nonaktif', 1, 2, '2020-06-22 06:45:17', '2020-06-22 06:45:33', 1, 2, NULL, NULL, NULL),
(199, 'anomorpenjualan1', '2018-02-11 00:00:00', '2222-02-22 00:00:00', 'ONLINE', 'DP', 'AKTIF', 1, 2, '2020-06-22 09:39:50', '2020-06-22 06:55:38', 1, 2, NULL, NULL, NULL),
(200, 'anomorpenjualan4', '2018-02-22 00:00:00', '3333-03-31 00:00:00', 'ONLINE', 'DP', 'AKTIF', 1, 2, '2020-06-22 05:37:45', '2020-06-27 11:07:50', 1, 2, NULL, NULL, NULL),
(201, 'anopenj12', '2018-01-11 00:00:00', '2222-02-22 00:00:00', 'OFFLINE', 'FULL PAYMENT', 'nonaktif', 1, 2, '2020-06-22 06:42:00', '2020-06-22 06:45:42', 1, 2, NULL, NULL, NULL),
(202, 'anopenj123', '2018-01-11 00:00:00', '2222-02-22 00:00:00', 'OFFLINE', 'FULL PAYMENT', 'nonaktif', 1, 2, '2020-06-22 06:42:24', '2020-06-22 06:45:40', 1, 2, NULL, NULL, NULL),
(203, 'anopenj1234', '2018-01-11 00:00:00', '2222-02-22 00:00:00', 'OFFLINE', 'FULL PAYMENT', 'nonaktif', 1, 2, '2020-06-22 06:42:38', '2020-06-22 06:45:37', 1, 2, NULL, NULL, NULL),
(204, 'anopenj1234', '2018-01-11 00:00:00', '2222-02-22 00:00:00', 'OFFLINE', 'FULL PAYMENT', 'nonaktif', 1, 2, '2020-06-22 06:44:01', '2020-06-22 06:45:35', 1, 2, NULL, NULL, NULL),
(205, 'anompern1234', '2018-09-11 00:00:00', '2222-02-22 00:00:00', 'OFFLINE', 'FULL PAYMENT', 'AKTIF', 1, 2, '2020-06-22 06:44:21', '2020-06-22 06:44:21', 1, 2, NULL, NULL, NULL),
(206, 'anopenj90', '2018-09-11 00:00:00', '2222-02-22 00:00:00', 'OFFLINE', 'FULL PAYMENT', 'nonaktif', 1, 2, '2020-06-22 06:45:17', '2020-06-22 06:45:33', 1, 2, NULL, NULL, NULL),
(207, 'nomorpenjualan1', '2019-03-11 00:00:00', '2222-02-22 00:00:00', 'ONLINE', 'DP', 'AKTIF', 1, 2, '2020-06-22 09:39:50', '2020-06-22 06:55:38', 1, 2, NULL, NULL, NULL),
(208, 'nomorpenjualan4', '2019-02-22 00:00:00', '3333-03-31 00:00:00', 'ONLINE', 'DP', 'AKTIF', 1, 2, '2020-06-22 05:37:45', '2020-06-27 11:07:50', 1, 2, NULL, NULL, NULL),
(209, 'nopenj12', '2019-08-11 00:00:00', '2222-02-22 00:00:00', 'OFFLINE', 'FULL PAYMENT', 'aktif', 1, 2, '2020-06-22 06:42:00', '2020-06-22 06:45:42', 1, 2, NULL, NULL, NULL),
(210, 'nopenj123', '2019-08-11 00:00:00', '2222-02-22 00:00:00', 'OFFLINE', 'FULL PAYMENT', 'aktif', 1, 2, '2020-06-22 06:42:24', '2020-06-22 06:45:40', 1, 2, NULL, NULL, NULL),
(211, 'nopenj1234', '2019-08-11 00:00:00', '2222-02-22 00:00:00', 'OFFLINE', 'FULL PAYMENT', 'aktif', 1, 2, '2020-06-22 06:42:38', '2020-06-22 06:45:37', 1, 2, NULL, NULL, NULL),
(212, 'nopenj1234', '2019-02-11 00:00:00', '2222-02-22 00:00:00', 'OFFLINE', 'FULL PAYMENT', 'aktif', 1, 2, '2020-06-22 06:44:01', '2020-06-22 06:45:35', 1, 2, NULL, NULL, NULL),
(213, 'nompern1234', '2019-02-11 00:00:00', '2222-02-22 00:00:00', 'OFFLINE', 'FULL PAYMENT', 'AKTIF', 1, 2, '2020-06-22 06:44:21', '2020-06-22 06:44:21', 1, 2, NULL, NULL, NULL),
(214, 'nopenj90', '2019-02-11 00:00:00', '2222-02-22 00:00:00', 'OFFLINE', 'FULL PAYMENT', 'aktif', 1, 2, '2020-06-22 06:45:17', '2020-06-22 06:45:33', 1, 2, NULL, NULL, NULL),
(215, 'anomorpenjualan1', '2018-02-11 00:00:00', '2222-02-22 00:00:00', 'ONLINE', 'DP', 'AKTIF', 1, 2, '2020-06-22 09:39:50', '2020-06-22 06:55:38', 1, 2, NULL, NULL, NULL),
(216, 'anomorpenjualan4', '2018-02-22 00:00:00', '3333-08-31 00:00:00', 'ONLINE', 'DP', 'AKTIF', 1, 2, '2020-06-22 05:37:45', '2020-06-27 11:07:50', 1, 2, NULL, NULL, NULL),
(217, 'anopenj12', '2018-12-11 00:00:00', '2222-02-22 00:00:00', 'OFFLINE', 'FULL PAYMENT', 'aktif', 1, 2, '2020-06-22 06:42:00', '2020-06-22 06:45:42', 1, 2, NULL, NULL, NULL),
(218, 'anopenj123', '2018-12-11 00:00:00', '2222-02-22 00:00:00', 'OFFLINE', 'FULL PAYMENT', 'aktif', 1, 2, '2020-06-22 06:42:24', '2020-06-22 06:45:40', 1, 2, NULL, NULL, NULL),
(219, 'anopenj1234', '2018-12-11 00:00:00', '2222-02-22 00:00:00', 'OFFLINE', 'FULL PAYMENT', 'aktif', 1, 2, '2020-06-22 06:42:38', '2020-06-22 06:45:37', 1, 2, NULL, NULL, NULL),
(220, 'anopenj1234', '2018-12-11 00:00:00', '2222-02-22 00:00:00', 'OFFLINE', 'FULL PAYMENT', 'aktif', 1, 2, '2020-06-22 06:44:01', '2020-06-22 06:45:35', 1, 2, NULL, NULL, NULL),
(221, 'anompern1234', '2018-04-11 00:00:00', '2222-02-22 00:00:00', 'OFFLINE', 'FULL PAYMENT', 'AKTIF', 1, 2, '2020-06-22 06:44:21', '2020-06-22 06:44:21', 1, 2, NULL, NULL, NULL),
(222, 'anopenj90', '2018-04-11 00:00:00', '2222-02-22 00:00:00', 'OFFLINE', 'FULL PAYMENT', 'aktif', 1, 2, '2020-06-22 06:45:17', '2020-06-22 06:45:33', 1, 2, NULL, NULL, NULL),
(223, 'nomorpenjualan1', '2020-03-11 00:00:00', '2222-02-22 00:00:00', 'ONLINE', 'DP', 'AKTIF', 1, 2, '2020-06-22 09:39:50', '2020-06-22 06:55:38', 1, 2, NULL, NULL, NULL),
(224, 'nomorpenjualan4', '2020-02-22 00:00:00', '3333-03-31 00:00:00', 'ONLINE', 'DP', 'AKTIF', 1, 2, '2020-06-22 05:37:45', '2020-06-27 11:07:50', 1, 2, NULL, NULL, NULL),
(225, 'nopenj12', '2020-08-11 00:00:00', '2222-02-22 00:00:00', 'OFFLINE', 'FULL PAYMENT', 'aktif', 1, 2, '2020-06-22 06:42:00', '2020-06-22 06:45:42', 1, 2, NULL, NULL, NULL),
(226, 'nopenj123', '2020-08-11 00:00:00', '2222-02-22 00:00:00', 'OFFLINE', 'FULL PAYMENT', 'aktif', 1, 2, '2020-06-22 06:42:24', '2020-06-22 06:45:40', 1, 2, NULL, NULL, NULL),
(227, 'nopenj1234', '2020-08-11 00:00:00', '2222-02-22 00:00:00', 'OFFLINE', 'FULL PAYMENT', 'aktif', 1, 2, '2020-06-22 06:42:38', '2020-06-22 06:45:37', 1, 2, NULL, NULL, NULL),
(228, 'nopenj1234', '2020-02-11 00:00:00', '2222-02-22 00:00:00', 'OFFLINE', 'FULL PAYMENT', 'aktif', 1, 2, '2020-06-22 06:44:01', '2020-06-22 06:45:35', 1, 2, NULL, NULL, NULL),
(229, 'nompern1234', '2020-02-11 00:00:00', '2222-02-22 00:00:00', 'OFFLINE', 'FULL PAYMENT', 'AKTIF', 1, 2, '2020-06-22 06:44:21', '2020-06-22 06:44:21', 1, 2, NULL, NULL, NULL),
(230, 'nopenj90', '2020-02-11 00:00:00', '2222-02-22 00:00:00', 'OFFLINE', 'FULL PAYMENT', 'aktif', 1, 2, '2020-06-22 06:45:17', '2020-06-22 06:45:33', 1, 2, NULL, NULL, NULL),
(231, 'anomorpenjualan1', '2020-02-11 00:00:00', '2222-02-22 00:00:00', 'ONLINE', 'DP', 'AKTIF', 1, 2, '2020-06-22 09:39:50', '2020-06-22 06:55:38', 1, 2, NULL, NULL, NULL),
(232, 'anomorpenjualan4', '2020-02-22 00:00:00', '3333-08-31 00:00:00', 'ONLINE', 'DP', 'AKTIF', 1, 2, '2020-06-22 05:37:45', '2020-06-27 11:07:50', 1, 2, NULL, NULL, NULL),
(233, 'anopenj12', '2020-12-11 00:00:00', '2222-02-22 00:00:00', 'OFFLINE', 'FULL PAYMENT', 'aktif', 1, 2, '2020-06-22 06:42:00', '2020-06-22 06:45:42', 1, 2, NULL, NULL, NULL),
(234, 'anopenj123', '2020-12-11 00:00:00', '2222-02-22 00:00:00', 'OFFLINE', 'FULL PAYMENT', 'aktif', 1, 2, '2020-06-22 06:42:24', '2020-06-22 06:45:40', 1, 2, NULL, NULL, NULL),
(235, 'anopenj1234', '2020-12-11 00:00:00', '2222-02-22 00:00:00', 'OFFLINE', 'FULL PAYMENT', 'aktif', 1, 2, '2020-06-22 06:42:38', '2020-06-22 06:45:37', 1, 2, NULL, NULL, NULL),
(236, 'anopenj1234', '2020-12-11 00:00:00', '2222-02-22 00:00:00', 'OFFLINE', 'FULL PAYMENT', 'aktif', 1, 2, '2020-06-22 06:44:01', '2020-06-22 06:45:35', 1, 2, NULL, NULL, NULL),
(237, 'anompern1234', '2020-04-11 00:00:00', '2222-02-22 00:00:00', 'OFFLINE', 'FULL PAYMENT', 'AKTIF', 1, 2, '2020-06-22 06:44:21', '2020-06-22 06:44:21', 1, 2, NULL, NULL, NULL),
(238, 'anopenj90', '2020-04-11 00:00:00', '2222-02-22 00:00:00', 'OFFLINE', 'FULL PAYMENT', 'aktif', 1, 2, '2020-06-22 06:45:17', '2020-06-22 06:45:33', 1, 2, NULL, NULL, NULL),
(239, 'nomorpenjualan1', '2020-03-11 00:00:00', '2222-02-22 00:00:00', 'ONLINE', 'DP', 'AKTIF', 1, 2, '2020-06-22 09:39:50', '2020-06-22 06:55:38', 1, 2, NULL, NULL, NULL),
(240, 'nomorpenjualan4', '2020-02-22 00:00:00', '3333-03-31 00:00:00', 'ONLINE', 'DP', 'AKTIF', 1, 2, '2020-06-22 05:37:45', '2020-06-27 11:07:50', 1, 2, NULL, NULL, NULL),
(241, 'nopenj12', '2020-05-11 00:00:00', '2222-02-22 00:00:00', 'OFFLINE', 'FULL PAYMENT', 'aktif', 1, 2, '2020-06-22 06:42:00', '2020-06-22 06:45:42', 1, 2, NULL, NULL, NULL),
(242, 'nopenj123', '2020-05-11 00:00:00', '2222-02-22 00:00:00', 'OFFLINE', 'FULL PAYMENT', 'aktif', 1, 2, '2020-06-22 06:42:24', '2020-06-22 06:45:40', 1, 2, NULL, NULL, NULL),
(243, 'nopenj1234', '2020-05-11 00:00:00', '2222-02-22 00:00:00', 'OFFLINE', 'FULL PAYMENT', 'aktif', 1, 2, '2020-06-22 06:42:38', '2020-06-22 06:45:37', 1, 2, NULL, NULL, NULL),
(244, 'nopenj1234', '2020-02-11 00:00:00', '2222-02-22 00:00:00', 'OFFLINE', 'FULL PAYMENT', 'aktif', 1, 2, '2020-06-22 06:44:01', '2020-06-22 06:45:35', 1, 2, NULL, NULL, NULL),
(245, 'MSTRCABANG3-PENJUALAN-2020-07-18-000001', '2020-07-18 00:00:00', '1111-11-11 00:00:00', 'OFFLINE', 'FULL PAYMENT', 'AKTIF', 1, 2, '2020-07-11 05:51:38', '2020-07-11 05:51:38', 1, 2, 1, 7, 2020),
(246, 'MSTRCABANG3-PENJUALAN-2020-07-18-000002', '2020-07-18 00:00:00', '1111-11-11 00:00:00', 'OFFLINE', 'FULL PAYMENT', 'nonaktif', 1, 2, '2020-07-11 05:52:13', '2020-07-11 05:52:30', 1, 2, 2, 7, 2020),
(247, 'MSTRCABANG3-PENJUALAN-2020-07-18-000003', '2020-07-18 00:00:00', '1111-11-11 00:00:00', 'OFFLINE', 'FULL PAYMENT', 'nonaktif', 1, 2, '2020-07-11 05:52:14', '2020-07-11 05:52:23', 1, 2, 3, 7, 2020),
(248, 'MSTRCABANG3-PENJUALAN-2020-07-18-000003', '2020-07-18 00:00:00', '1111-11-11 00:00:00', 'OFFLINE', 'FULL PAYMENT', 'AKTIF', 1, 2, '2020-07-11 05:52:25', '2020-07-11 05:52:25', 1, 2, 3, 7, 2020),
(249, 'MSTRCABANG3-PENJUALAN-2020-07-18-000004', '2020-07-18 00:00:00', '1111-11-11 00:00:00', 'ONLINE', 'FULL PAYMENT', 'AKTIF', 1, 2, '2020-07-11 05:52:33', '2020-07-18 12:46:27', 1, 2, 4, 7, 2020),
(250, 'MSTRCABANG3-PENJUALAN-2020-07-24-000005', '2020-07-24 00:00:00', '0020-12-22 00:00:00', 'OFFLINE', 'FULL PAYMENT', 'AKTIF', 1, 2, '2020-07-24 04:55:20', '2020-07-24 06:00:49', 2, 2, 5, 7, 2020);

--
-- Triggers `mstr_penjualan`
--
DELIMITER $$
CREATE TRIGGER `trg_after_insert_penjualan` AFTER INSERT ON `mstr_penjualan` FOR EACH ROW begin
            set @id_user = new.id_last_modified;
            set @tgl_action = new.penj_last_modified;
            set @log_text = concat(new.id_last_modified,' ','insert data at' , new.penj_last_modified);
            call insert_log_all(@id_user,@tgl_action,@log_text,@id_log_all);
            
            insert into mstr_penjualan_log(executed_function,id_pk_penjualan,penj_nomor,penj_tgl,penj_dateline_tgl,penj_jenis,penj_tipe_pembayaran,penj_status,id_fk_customer,id_fk_cabang,penj_create_date,penj_last_modified,id_create_data,id_last_modified,id_log_all) values ('after insert',new.id_pk_penjualan,new.penj_nomor,new.penj_tgl,new.penj_dateline_tgl,new.penj_jenis,new.penj_tipe_pembayaran,new.penj_status,new.id_fk_customer,new.id_fk_cabang,new.penj_create_date,new.penj_last_modified,new.id_create_data,new.id_last_modified,@id_log_all);
        end
$$
DELIMITER ;
DELIMITER $$
CREATE TRIGGER `trg_after_update_penjualan` AFTER UPDATE ON `mstr_penjualan` FOR EACH ROW begin
            set @id_user = new.id_last_modified;
            set @tgl_action = new.penj_last_modified;
            set @log_text = concat(new.id_last_modified,' ','update data at' , new.penj_last_modified);
            call insert_log_all(@id_user,@tgl_action,@log_text,@id_log_all);
            
            insert into mstr_penjualan_log(executed_function,id_pk_penjualan,penj_nomor,penj_tgl,penj_dateline_tgl,penj_jenis,penj_tipe_pembayaran,penj_status,id_fk_customer,id_fk_cabang,penj_create_date,penj_last_modified,id_create_data,id_last_modified,id_log_all) values ('after update',new.id_pk_penjualan,new.penj_nomor,new.penj_tgl,new.penj_dateline_tgl,new.penj_jenis,new.penj_tipe_pembayaran,new.penj_status,new.id_fk_customer,new.id_fk_cabang,new.penj_create_date,new.penj_last_modified,new.id_create_data,new.id_last_modified,@id_log_all);
        end
$$
DELIMITER ;

-- --------------------------------------------------------

--
-- Table structure for table `mstr_penjualan_log`
--

CREATE TABLE `mstr_penjualan_log` (
  `id_pk_penjualan_log` int(11) NOT NULL,
  `executed_function` varchar(30) DEFAULT NULL,
  `id_pk_penjualan` int(11) DEFAULT NULL,
  `penj_nomor` varchar(30) DEFAULT NULL,
  `penj_tgl` datetime DEFAULT NULL,
  `penj_dateline_tgl` datetime DEFAULT NULL,
  `penj_jenis` varchar(50) DEFAULT NULL,
  `penj_tipe_pembayaran` varchar(50) DEFAULT NULL,
  `penj_status` varchar(15) DEFAULT NULL,
  `id_fk_customer` int(11) DEFAULT NULL,
  `id_fk_cabang` int(11) DEFAULT NULL,
  `penj_create_date` datetime DEFAULT NULL,
  `penj_last_modified` datetime DEFAULT NULL,
  `id_create_data` int(11) DEFAULT NULL,
  `id_last_modified` int(11) DEFAULT NULL,
  `id_log_all` int(11) DEFAULT NULL
) ENGINE=MyISAM DEFAULT CHARSET=latin1;

--
-- Dumping data for table `mstr_penjualan_log`
--

INSERT INTO `mstr_penjualan_log` (`id_pk_penjualan_log`, `executed_function`, `id_pk_penjualan`, `penj_nomor`, `penj_tgl`, `penj_dateline_tgl`, `penj_jenis`, `penj_tipe_pembayaran`, `penj_status`, `id_fk_customer`, `id_fk_cabang`, `penj_create_date`, `penj_last_modified`, `id_create_data`, `id_last_modified`, `id_log_all`) VALUES
(1, 'after insert', 1, 'nomorpenjualan1', '1111-11-11 00:00:00', '2222-02-22 00:00:00', 'ONLINE', 'DP', 'AKTIF', 1, 1, '2020-06-22 09:39:50', '2020-06-22 09:39:50', 1, 1, 318),
(2, 'after update', 1, 'nomorpenjualan1', '1111-11-11 00:00:00', '2222-02-22 00:00:00', 'ONLINE', 'DP', 'AKTIF', 1, 1, '2020-06-22 09:39:50', '2020-06-22 09:53:30', 1, 1, 326),
(3, 'after update', 1, 'nomorpenjualan1', '1111-11-11 00:00:00', '2222-02-22 00:00:00', 'ONLINE', 'DP', 'AKTIF', 1, 1, '2020-06-22 09:39:50', '2020-06-22 09:55:58', 1, 1, 328),
(4, 'after update', 1, 'nomorpenjualan1', '1111-11-11 00:00:00', '2222-02-22 00:00:00', 'ONLINE', 'DP', 'AKTIF', 1, 1, '2020-06-22 09:39:50', '2020-06-22 10:05:28', 1, 1, 338),
(5, 'after insert', 2, 'nomorpenjualan1', '2222-02-22 00:00:00', '3333-03-31 00:00:00', 'ONLINE', 'DP', 'AKTIF', 1, 2, '2020-06-22 05:37:45', '2020-06-22 05:37:45', 1, 1, 657),
(6, 'after update', 2, 'nomorpenjualan4', '2222-02-22 00:00:00', '3333-03-31 00:00:00', 'ONLINE', 'DP', 'AKTIF', 1, 2, '2020-06-22 05:37:45', '2020-06-22 06:05:31', 1, 1, 754),
(7, 'after insert', 3, 'nopenj12', '1111-11-11 00:00:00', '2222-02-22 00:00:00', 'OFFLINE', 'FULL PAYMENT', 'AKTIF', 1, 2, '2020-06-22 06:42:00', '2020-06-22 06:42:00', 1, 1, 816),
(8, 'after insert', 4, 'nopenj123', '1111-11-11 00:00:00', '2222-02-22 00:00:00', 'OFFLINE', 'FULL PAYMENT', 'AKTIF', 1, 2, '2020-06-22 06:42:24', '2020-06-22 06:42:24', 1, 1, 817),
(9, 'after insert', 5, 'nopenj1234', '1111-11-11 00:00:00', '2222-02-22 00:00:00', 'OFFLINE', 'FULL PAYMENT', 'AKTIF', 1, 2, '2020-06-22 06:42:38', '2020-06-22 06:42:38', 1, 1, 820),
(10, 'after insert', 6, 'nopenj1234', '1111-11-11 00:00:00', '2222-02-22 00:00:00', 'OFFLINE', 'FULL PAYMENT', 'AKTIF', 1, 2, '2020-06-22 06:44:01', '2020-06-22 06:44:01', 1, 1, 823),
(11, 'after insert', 7, 'nompern1234', '1111-11-11 00:00:00', '2222-02-22 00:00:00', 'OFFLINE', 'FULL PAYMENT', 'AKTIF', 1, 2, '2020-06-22 06:44:21', '2020-06-22 06:44:21', 1, 1, 826),
(12, 'after insert', 8, 'nopenj90', '1111-11-11 00:00:00', '2222-02-22 00:00:00', 'OFFLINE', 'FULL PAYMENT', 'AKTIF', 1, 2, '2020-06-22 06:45:17', '2020-06-22 06:45:17', 1, 1, 827),
(13, 'after update', 8, 'nopenj90', '1111-11-11 00:00:00', '2222-02-22 00:00:00', 'OFFLINE', 'FULL PAYMENT', 'nonaktif', 1, 2, '2020-06-22 06:45:17', '2020-06-22 06:45:33', 1, 1, 828),
(14, 'after update', 6, 'nopenj1234', '1111-11-11 00:00:00', '2222-02-22 00:00:00', 'OFFLINE', 'FULL PAYMENT', 'nonaktif', 1, 2, '2020-06-22 06:44:01', '2020-06-22 06:45:35', 1, 1, 829),
(15, 'after update', 5, 'nopenj1234', '1111-11-11 00:00:00', '2222-02-22 00:00:00', 'OFFLINE', 'FULL PAYMENT', 'nonaktif', 1, 2, '2020-06-22 06:42:38', '2020-06-22 06:45:37', 1, 1, 830),
(16, 'after update', 4, 'nopenj123', '1111-11-11 00:00:00', '2222-02-22 00:00:00', 'OFFLINE', 'FULL PAYMENT', 'nonaktif', 1, 2, '2020-06-22 06:42:24', '2020-06-22 06:45:40', 1, 1, 831),
(17, 'after update', 3, 'nopenj12', '1111-11-11 00:00:00', '2222-02-22 00:00:00', 'OFFLINE', 'FULL PAYMENT', 'nonaktif', 1, 2, '2020-06-22 06:42:00', '2020-06-22 06:45:42', 1, 1, 832),
(18, 'after update', 1, 'nomorpenjualan1', '1111-11-11 00:00:00', '2222-02-22 00:00:00', 'ONLINE', 'DP', 'AKTIF', 1, 1, '2020-06-22 09:39:50', '2020-06-22 06:55:38', 1, 1, 837),
(19, 'after update', 2, 'nomorpenjualan4', '2222-02-22 00:00:00', '3333-03-31 00:00:00', 'ONLINE', 'DP', 'AKTIF', 1, 2, '2020-06-22 05:37:45', '2020-06-27 11:05:31', 1, 1, 1214),
(20, 'after update', 2, 'nomorpenjualan4', '2222-02-22 00:00:00', '3333-03-31 00:00:00', 'ONLINE', 'DP', 'AKTIF', 1, 2, '2020-06-22 05:37:45', '2020-06-27 11:07:37', 1, 1, 1220),
(21, 'after update', 2, 'nomorpenjualan4', '2222-02-22 00:00:00', '3333-03-31 00:00:00', 'ONLINE', 'DP', 'AKTIF', 1, 2, '2020-06-22 05:37:45', '2020-06-27 11:07:50', 1, 1, 1225),
(22, 'after update', 1, 'nomorpenjualan1', '1111-11-11 00:00:00', '2222-02-22 00:00:00', 'ONLINE', 'DP', 'AKTIF', 1, 1, '2020-06-22 09:39:50', '2020-06-22 06:55:38', 1, 1, 1695),
(23, 'after update', 1, 'nomorpenjualan1', '1111-11-11 00:00:00', '2222-02-22 00:00:00', 'ONLINE', 'DP', 'AKTIF', 1, 1, '2020-06-22 09:39:50', '2020-06-22 06:55:38', 1, 1, 1696),
(24, 'after update', 2, 'nomorpenjualan4', '2222-02-22 00:00:00', '3333-03-31 00:00:00', 'ONLINE', 'DP', 'AKTIF', 1, 1, '2020-06-22 05:37:45', '2020-06-27 11:07:50', 1, 1, 1697),
(25, 'after update', 3, 'nopenj12', '1111-11-11 00:00:00', '2222-02-22 00:00:00', 'OFFLINE', 'FULL PAYMENT', 'nonaktif', 1, 1, '2020-06-22 06:42:00', '2020-06-22 06:45:42', 1, 1, 1698),
(26, 'after update', 4, 'nopenj123', '1111-11-11 00:00:00', '2222-02-22 00:00:00', 'OFFLINE', 'FULL PAYMENT', 'nonaktif', 1, 1, '2020-06-22 06:42:24', '2020-06-22 06:45:40', 1, 1, 1699),
(27, 'after update', 5, 'nopenj1234', '1111-11-11 00:00:00', '2222-02-22 00:00:00', 'OFFLINE', 'FULL PAYMENT', 'nonaktif', 1, 1, '2020-06-22 06:42:38', '2020-06-22 06:45:37', 1, 1, 1700),
(28, 'after update', 6, 'nopenj1234', '1111-11-11 00:00:00', '2222-02-22 00:00:00', 'OFFLINE', 'FULL PAYMENT', 'nonaktif', 1, 1, '2020-06-22 06:44:01', '2020-06-22 06:45:35', 1, 1, 1701),
(29, 'after update', 7, 'nompern1234', '1111-11-11 00:00:00', '2222-02-22 00:00:00', 'OFFLINE', 'FULL PAYMENT', 'AKTIF', 1, 1, '2020-06-22 06:44:21', '2020-06-22 06:44:21', 1, 1, 1702),
(30, 'after update', 8, 'nopenj90', '1111-11-11 00:00:00', '2222-02-22 00:00:00', 'OFFLINE', 'FULL PAYMENT', 'nonaktif', 1, 1, '2020-06-22 06:45:17', '2020-06-22 06:45:33', 1, 1, 1703),
(31, 'after update', 1, 'nomorpenjualan1', '1111-11-11 00:00:00', '2222-02-22 00:00:00', 'ONLINE', 'DP', 'AKTIF', 1, 1, '2020-06-22 09:39:50', '2020-06-22 06:55:38', 1, 1, 5612),
(32, 'after update', 2, 'nomorpenjualan4', '2222-02-22 00:00:00', '3333-03-31 00:00:00', 'ONLINE', 'DP', 'AKTIF', 1, 1, '2020-06-22 05:37:45', '2020-06-27 11:07:50', 1, 1, 5613),
(33, 'after update', 3, 'nopenj12', '1111-11-11 00:00:00', '2222-02-22 00:00:00', 'OFFLINE', 'FULL PAYMENT', 'AKTIF', 1, 1, '2020-06-22 06:42:00', '2020-06-22 06:45:42', 1, 1, 5614),
(34, 'after update', 4, 'nopenj123', '1111-11-11 00:00:00', '2222-02-22 00:00:00', 'OFFLINE', 'FULL PAYMENT', 'AKTIF', 1, 1, '2020-06-22 06:42:24', '2020-06-22 06:45:40', 1, 1, 5615),
(35, 'after update', 5, 'nopenj1234', '1111-11-11 00:00:00', '2222-02-22 00:00:00', 'OFFLINE', 'FULL PAYMENT', 'AKTIF', 1, 1, '2020-06-22 06:42:38', '2020-06-22 06:45:37', 1, 1, 5616),
(36, 'after update', 6, 'nopenj1234', '1111-11-11 00:00:00', '2222-02-22 00:00:00', 'OFFLINE', 'FULL PAYMENT', 'AKTIF', 1, 1, '2020-06-22 06:44:01', '2020-06-22 06:45:35', 1, 1, 5617),
(37, 'after update', 7, 'nompern1234', '1111-11-11 00:00:00', '2222-02-22 00:00:00', 'OFFLINE', 'FULL PAYMENT', 'AKTIF', 1, 1, '2020-06-22 06:44:21', '2020-06-22 06:44:21', 1, 1, 5618),
(38, 'after update', 8, 'nopenj90', '1111-11-11 00:00:00', '2222-02-22 00:00:00', 'OFFLINE', 'FULL PAYMENT', 'AKTIF', 1, 1, '2020-06-22 06:45:17', '2020-06-22 06:45:33', 1, 1, 5619),
(39, 'after update', 1, 'nomorpenjualan1', '2020-07-09 00:00:00', '2222-02-22 00:00:00', 'ONLINE', 'DP', 'AKTIF', 1, 1, '2020-06-22 09:39:50', '2020-06-22 06:55:38', 1, 1, 5620),
(40, 'after update', 2, 'nomorpenjualan4', '2020-07-09 00:00:00', '3333-03-31 00:00:00', 'ONLINE', 'DP', 'AKTIF', 1, 1, '2020-06-22 05:37:45', '2020-06-27 11:07:50', 1, 1, 5621),
(41, 'after update', 1, 'nomorpenjualan1', '2019-07-09 00:00:00', '2222-02-22 00:00:00', 'ONLINE', 'DP', 'AKTIF', 1, 1, '2020-06-22 09:39:50', '2020-06-22 06:55:38', 1, 1, 5622),
(42, 'after update', 2, 'nomorpenjualan4', '2019-07-09 00:00:00', '3333-03-31 00:00:00', 'ONLINE', 'DP', 'AKTIF', 1, 1, '2020-06-22 05:37:45', '2020-06-27 11:07:50', 1, 1, 5623),
(43, 'after update', 3, 'nopenj12', '2019-07-09 00:00:00', '2222-02-22 00:00:00', 'OFFLINE', 'FULL PAYMENT', 'AKTIF', 1, 1, '2020-06-22 06:42:00', '2020-06-22 06:45:42', 1, 1, 5624),
(44, 'after update', 4, 'nopenj123', '2019-07-09 00:00:00', '2222-02-22 00:00:00', 'OFFLINE', 'FULL PAYMENT', 'AKTIF', 1, 1, '2020-06-22 06:42:24', '2020-06-22 06:45:40', 1, 1, 5625),
(45, 'after update', 5, 'nopenj1234', '2019-07-09 00:00:00', '2222-02-22 00:00:00', 'OFFLINE', 'FULL PAYMENT', 'AKTIF', 1, 1, '2020-06-22 06:42:38', '2020-06-22 06:45:37', 1, 1, 5626),
(46, 'after update', 6, 'nopenj1234', '2019-07-09 00:00:00', '2222-02-22 00:00:00', 'OFFLINE', 'FULL PAYMENT', 'AKTIF', 1, 1, '2020-06-22 06:44:01', '2020-06-22 06:45:35', 1, 1, 5627),
(47, 'after update', 1, 'nomorpenjualan1', '2018-07-09 00:00:00', '2222-02-22 00:00:00', 'ONLINE', 'DP', 'AKTIF', 1, 1, '2020-06-22 09:39:50', '2020-06-22 06:55:38', 1, 1, 5628),
(48, 'after update', 2, 'nomorpenjualan4', '2018-07-09 00:00:00', '3333-03-31 00:00:00', 'ONLINE', 'DP', 'AKTIF', 1, 1, '2020-06-22 05:37:45', '2020-06-27 11:07:50', 1, 1, 5629),
(49, 'after update', 3, 'nopenj12', '2018-07-09 00:00:00', '2222-02-22 00:00:00', 'OFFLINE', 'FULL PAYMENT', 'AKTIF', 1, 1, '2020-06-22 06:42:00', '2020-06-22 06:45:42', 1, 1, 5630),
(50, 'after update', 4, 'nopenj123', '2018-07-09 00:00:00', '2222-02-22 00:00:00', 'OFFLINE', 'FULL PAYMENT', 'AKTIF', 1, 1, '2020-06-22 06:42:24', '2020-06-22 06:45:40', 1, 1, 5631),
(51, 'after update', 5, 'nopenj1234', '2018-07-09 00:00:00', '2222-02-22 00:00:00', 'OFFLINE', 'FULL PAYMENT', 'AKTIF', 1, 1, '2020-06-22 06:42:38', '2020-06-22 06:45:37', 1, 1, 5632),
(52, 'after update', 6, 'nopenj1234', '2018-07-09 00:00:00', '2222-02-22 00:00:00', 'OFFLINE', 'FULL PAYMENT', 'AKTIF', 1, 1, '2020-06-22 06:44:01', '2020-06-22 06:45:35', 1, 1, 5633),
(53, 'after update', 7, 'nompern1234', '2018-07-09 00:00:00', '2222-02-22 00:00:00', 'OFFLINE', 'FULL PAYMENT', 'AKTIF', 1, 1, '2020-06-22 06:44:21', '2020-06-22 06:44:21', 1, 1, 5634),
(54, 'after update', 8, 'nopenj90', '2018-07-09 00:00:00', '2222-02-22 00:00:00', 'OFFLINE', 'FULL PAYMENT', 'AKTIF', 1, 1, '2020-06-22 06:45:17', '2020-06-22 06:45:33', 1, 1, 5635),
(55, 'after update', 1, 'nomorpenjualan1', '2020-07-09 00:00:00', '2222-02-22 00:00:00', 'ONLINE', 'DP', 'AKTIF', 1, 1, '2020-06-22 09:39:50', '2020-06-22 06:55:38', 1, 1, 5636),
(56, 'after update', 2, 'nomorpenjualan4', '2020-07-09 00:00:00', '3333-03-31 00:00:00', 'ONLINE', 'DP', 'AKTIF', 1, 1, '2020-06-22 05:37:45', '2020-06-27 11:07:50', 1, 1, 5637),
(57, 'after update', 3, 'nopenj12', '2020-07-09 00:00:00', '2222-02-22 00:00:00', 'OFFLINE', 'FULL PAYMENT', 'AKTIF', 1, 1, '2020-06-22 06:42:00', '2020-06-22 06:45:42', 1, 1, 5638),
(58, 'after update', 4, 'nopenj123', '2020-07-09 00:00:00', '2222-02-22 00:00:00', 'OFFLINE', 'FULL PAYMENT', 'AKTIF', 1, 1, '2020-06-22 06:42:24', '2020-06-22 06:45:40', 1, 1, 5639),
(59, 'after update', 5, 'nopenj1234', '2020-07-09 00:00:00', '2222-02-22 00:00:00', 'OFFLINE', 'FULL PAYMENT', 'AKTIF', 1, 1, '2020-06-22 06:42:38', '2020-06-22 06:45:37', 1, 1, 5640),
(60, 'after update', 6, 'nopenj1234', '2020-07-09 00:00:00', '2222-02-22 00:00:00', 'OFFLINE', 'FULL PAYMENT', 'AKTIF', 1, 1, '2020-06-22 06:44:01', '2020-06-22 06:45:35', 1, 1, 5641),
(61, 'after update', 7, 'nompern1234', '2020-07-09 00:00:00', '2222-02-22 00:00:00', 'OFFLINE', 'FULL PAYMENT', 'AKTIF', 1, 1, '2020-06-22 06:44:21', '2020-06-22 06:44:21', 1, 1, 5642),
(62, 'after update', 8, 'nopenj90', '2020-07-09 00:00:00', '2222-02-22 00:00:00', 'OFFLINE', 'FULL PAYMENT', 'AKTIF', 1, 1, '2020-06-22 06:45:17', '2020-06-22 06:45:33', 1, 1, 5643),
(63, 'after update', 5, 'nopenj1234', '2019-07-09 00:00:00', '2222-02-22 00:00:00', 'OFFLINE', 'FULL PAYMENT', 'AKTIF', 1, 1, '2020-06-22 06:42:38', '2020-06-22 06:45:37', 1, 1, 5644),
(64, 'after update', 6, 'nopenj1234', '2019-07-09 00:00:00', '2222-02-22 00:00:00', 'OFFLINE', 'FULL PAYMENT', 'AKTIF', 1, 1, '2020-06-22 06:44:01', '2020-06-22 06:45:35', 1, 1, 5645),
(65, 'after update', 7, 'nompern1234', '2019-07-09 00:00:00', '2222-02-22 00:00:00', 'OFFLINE', 'FULL PAYMENT', 'AKTIF', 1, 1, '2020-06-22 06:44:21', '2020-06-22 06:44:21', 1, 1, 5646),
(66, 'after update', 8, 'nopenj90', '2019-07-09 00:00:00', '2222-02-22 00:00:00', 'OFFLINE', 'FULL PAYMENT', 'AKTIF', 1, 1, '2020-06-22 06:45:17', '2020-06-22 06:45:33', 1, 1, 5647),
(67, 'after update', 6, 'nopenj1234', '2019-07-09 00:00:00', '2222-02-22 00:00:00', 'OFFLINE', 'FULL PAYMENT', 'AKTIF', 1, 1, '2020-06-22 06:44:01', '2020-06-22 06:45:35', 1, 1, 5648),
(68, 'after update', 7, 'nompern1234', '2019-07-09 00:00:00', '2222-02-22 00:00:00', 'OFFLINE', 'FULL PAYMENT', 'AKTIF', 1, 1, '2020-06-22 06:44:21', '2020-06-22 06:44:21', 1, 1, 5649),
(69, 'after update', 8, 'nopenj90', '2019-07-09 00:00:00', '2222-02-22 00:00:00', 'OFFLINE', 'FULL PAYMENT', 'AKTIF', 1, 1, '2020-06-22 06:45:17', '2020-06-22 06:45:33', 1, 1, 5650),
(70, 'after update', 8, 'nopenj90', '2018-07-09 00:00:00', '2222-02-22 00:00:00', 'OFFLINE', 'FULL PAYMENT', 'AKTIF', 1, 1, '2020-06-22 06:45:17', '2020-06-22 06:45:33', 1, 1, 5651),
(71, 'after update', 8, 'nopenj90', '2021-07-09 00:00:00', '2222-02-22 00:00:00', 'OFFLINE', 'FULL PAYMENT', 'AKTIF', 1, 1, '2020-06-22 06:45:17', '2020-06-22 06:45:33', 1, 1, 5652),
(72, 'after update', 8, 'nopenj90', '2020-07-09 00:00:00', '2222-02-22 00:00:00', 'OFFLINE', 'FULL PAYMENT', 'AKTIF', 1, 1, '2020-06-22 06:45:17', '2020-06-22 06:45:33', 1, 1, 5653),
(73, 'after update', 1, 'nomorpenjualan1', '2020-07-09 00:00:00', '2222-02-22 00:00:00', 'ONLINE', 'DP', 'AKTIF', 1, 1, '2020-06-22 09:39:50', '2020-06-22 06:55:38', 1, 1, 5654),
(74, 'after update', 2, 'nomorpenjualan4', '2020-07-09 00:00:00', '3333-03-31 00:00:00', 'ONLINE', 'DP', 'AKTIF', 1, 1, '2020-06-22 05:37:45', '2020-06-27 11:07:50', 1, 1, 5655),
(75, 'after update', 3, 'nopenj12', '2020-07-09 00:00:00', '2222-02-22 00:00:00', 'OFFLINE', 'FULL PAYMENT', 'AKTIF', 1, 1, '2020-06-22 06:42:00', '2020-06-22 06:45:42', 1, 1, 5656),
(76, 'after update', 4, 'nopenj123', '2020-07-09 00:00:00', '2222-02-22 00:00:00', 'OFFLINE', 'FULL PAYMENT', 'AKTIF', 1, 1, '2020-06-22 06:42:24', '2020-06-22 06:45:40', 1, 1, 5657),
(77, 'after update', 5, 'nopenj1234', '2020-07-09 00:00:00', '2222-02-22 00:00:00', 'OFFLINE', 'FULL PAYMENT', 'AKTIF', 1, 1, '2020-06-22 06:42:38', '2020-06-22 06:45:37', 1, 1, 5658),
(78, 'after update', 6, 'nopenj1234', '2020-07-09 00:00:00', '2222-02-22 00:00:00', 'OFFLINE', 'FULL PAYMENT', 'AKTIF', 1, 1, '2020-06-22 06:44:01', '2020-06-22 06:45:35', 1, 1, 5659),
(79, 'after update', 7, 'nompern1234', '2020-07-09 00:00:00', '2222-02-22 00:00:00', 'OFFLINE', 'FULL PAYMENT', 'AKTIF', 1, 1, '2020-06-22 06:44:21', '2020-06-22 06:44:21', 1, 1, 5660),
(80, 'after update', 8, 'nopenj90', '2020-07-09 00:00:00', '2222-02-22 00:00:00', 'OFFLINE', 'FULL PAYMENT', 'AKTIF', 1, 1, '2020-06-22 06:45:17', '2020-06-22 06:45:33', 1, 1, 5661),
(81, 'after update', 8, 'nopenj90', '2019-07-09 00:00:00', '2222-02-22 00:00:00', 'OFFLINE', 'FULL PAYMENT', 'AKTIF', 1, 1, '2020-06-22 06:45:17', '2020-06-22 06:45:33', 1, 1, 5662),
(82, 'after update', 8, 'nopenj90', '2018-07-09 00:00:00', '2222-02-22 00:00:00', 'OFFLINE', 'FULL PAYMENT', 'AKTIF', 1, 1, '2020-06-22 06:45:17', '2020-06-22 06:45:33', 1, 1, 5663),
(83, 'after update', 1, 'nomorpenjualan1', '2020-07-09 00:00:00', '2222-02-22 00:00:00', 'ONLINE', 'DP', 'AKTIF', 1, 1, '2020-06-22 09:39:50', '2020-06-22 06:55:38', 1, 1, 5664),
(84, 'after update', 2, 'nomorpenjualan4', '2020-07-09 00:00:00', '3333-03-31 00:00:00', 'ONLINE', 'DP', 'AKTIF', 1, 1, '2020-06-22 05:37:45', '2020-06-27 11:07:50', 1, 1, 5665),
(85, 'after update', 3, 'nopenj12', '2020-07-09 00:00:00', '2222-02-22 00:00:00', 'OFFLINE', 'FULL PAYMENT', 'AKTIF', 1, 1, '2020-06-22 06:42:00', '2020-06-22 06:45:42', 1, 1, 5666),
(86, 'after update', 4, 'nopenj123', '2020-07-09 00:00:00', '2222-02-22 00:00:00', 'OFFLINE', 'FULL PAYMENT', 'AKTIF', 1, 1, '2020-06-22 06:42:24', '2020-06-22 06:45:40', 1, 1, 5667),
(87, 'after update', 5, 'nopenj1234', '2020-07-09 00:00:00', '2222-02-22 00:00:00', 'OFFLINE', 'FULL PAYMENT', 'AKTIF', 1, 1, '2020-06-22 06:42:38', '2020-06-22 06:45:37', 1, 1, 5668),
(88, 'after update', 6, 'nopenj1234', '2020-07-09 00:00:00', '2222-02-22 00:00:00', 'OFFLINE', 'FULL PAYMENT', 'AKTIF', 1, 1, '2020-06-22 06:44:01', '2020-06-22 06:45:35', 1, 1, 5669),
(89, 'after update', 7, 'nompern1234', '2020-07-09 00:00:00', '2222-02-22 00:00:00', 'OFFLINE', 'FULL PAYMENT', 'AKTIF', 1, 1, '2020-06-22 06:44:21', '2020-06-22 06:44:21', 1, 1, 5670),
(90, 'after update', 8, 'nopenj90', '2020-07-09 00:00:00', '2222-02-22 00:00:00', 'OFFLINE', 'FULL PAYMENT', 'AKTIF', 1, 1, '2020-06-22 06:45:17', '2020-06-22 06:45:33', 1, 1, 5671),
(91, 'after update', 5, 'nopenj1234', '2019-07-09 00:00:00', '2222-02-22 00:00:00', 'OFFLINE', 'FULL PAYMENT', 'AKTIF', 1, 1, '2020-06-22 06:42:38', '2020-06-22 06:45:37', 1, 1, 5672),
(92, 'after update', 6, 'nopenj1234', '2019-07-09 00:00:00', '2222-02-22 00:00:00', 'OFFLINE', 'FULL PAYMENT', 'AKTIF', 1, 1, '2020-06-22 06:44:01', '2020-06-22 06:45:35', 1, 1, 5673),
(93, 'after update', 7, 'nompern1234', '2019-07-09 00:00:00', '2222-02-22 00:00:00', 'OFFLINE', 'FULL PAYMENT', 'AKTIF', 1, 1, '2020-06-22 06:44:21', '2020-06-22 06:44:21', 1, 1, 5674),
(94, 'after update', 8, 'nopenj90', '2019-07-09 00:00:00', '2222-02-22 00:00:00', 'OFFLINE', 'FULL PAYMENT', 'AKTIF', 1, 1, '2020-06-22 06:45:17', '2020-06-22 06:45:33', 1, 1, 5675),
(95, 'after update', 8, 'nopenj90', '2018-07-09 00:00:00', '2222-02-22 00:00:00', 'OFFLINE', 'FULL PAYMENT', 'AKTIF', 1, 1, '2020-06-22 06:45:17', '2020-06-22 06:45:33', 1, 1, 5676),
(96, 'after update', 1, 'nomorpenjualan1', '2020-09-09 00:00:00', '2222-02-22 00:00:00', 'ONLINE', 'DP', 'AKTIF', 1, 1, '2020-06-22 09:39:50', '2020-06-22 06:55:38', 1, 1, 5677),
(97, 'after update', 2, 'nomorpenjualan4', '2020-09-09 00:00:00', '3333-03-31 00:00:00', 'ONLINE', 'DP', 'AKTIF', 1, 1, '2020-06-22 05:37:45', '2020-06-27 11:07:50', 1, 1, 5678),
(98, 'after update', 3, 'nopenj12', '2020-09-09 00:00:00', '2222-02-22 00:00:00', 'OFFLINE', 'FULL PAYMENT', 'AKTIF', 1, 1, '2020-06-22 06:42:00', '2020-06-22 06:45:42', 1, 1, 5679),
(99, 'after update', 4, 'nopenj123', '2020-09-09 00:00:00', '2222-02-22 00:00:00', 'OFFLINE', 'FULL PAYMENT', 'AKTIF', 1, 1, '2020-06-22 06:42:24', '2020-06-22 06:45:40', 1, 1, 5680),
(100, 'after update', 5, 'nopenj1234', '2020-09-09 00:00:00', '2222-02-22 00:00:00', 'OFFLINE', 'FULL PAYMENT', 'AKTIF', 1, 1, '2020-06-22 06:42:38', '2020-06-22 06:45:37', 1, 1, 5681),
(101, 'after update', 6, 'nopenj1234', '2020-09-09 00:00:00', '2222-02-22 00:00:00', 'OFFLINE', 'FULL PAYMENT', 'AKTIF', 1, 1, '2020-06-22 06:44:01', '2020-06-22 06:45:35', 1, 1, 5682),
(102, 'after update', 7, 'nompern1234', '2020-09-09 00:00:00', '2222-02-22 00:00:00', 'OFFLINE', 'FULL PAYMENT', 'AKTIF', 1, 1, '2020-06-22 06:44:21', '2020-06-22 06:44:21', 1, 1, 5683),
(103, 'after update', 8, 'nopenj90', '2020-09-09 00:00:00', '2222-02-22 00:00:00', 'OFFLINE', 'FULL PAYMENT', 'AKTIF', 1, 1, '2020-06-22 06:45:17', '2020-06-22 06:45:33', 1, 1, 5684),
(104, 'after update', 5, 'nopenj1234', '2020-06-09 00:00:00', '2222-02-22 00:00:00', 'OFFLINE', 'FULL PAYMENT', 'AKTIF', 1, 1, '2020-06-22 06:42:38', '2020-06-22 06:45:37', 1, 1, 5685),
(105, 'after update', 6, 'nopenj1234', '2020-06-09 00:00:00', '2222-02-22 00:00:00', 'OFFLINE', 'FULL PAYMENT', 'AKTIF', 1, 1, '2020-06-22 06:44:01', '2020-06-22 06:45:35', 1, 1, 5686),
(106, 'after update', 7, 'nompern1234', '2020-06-09 00:00:00', '2222-02-22 00:00:00', 'OFFLINE', 'FULL PAYMENT', 'AKTIF', 1, 1, '2020-06-22 06:44:21', '2020-06-22 06:44:21', 1, 1, 5687),
(107, 'after update', 8, 'nopenj90', '2020-06-09 00:00:00', '2222-02-22 00:00:00', 'OFFLINE', 'FULL PAYMENT', 'AKTIF', 1, 1, '2020-06-22 06:45:17', '2020-06-22 06:45:33', 1, 1, 5688),
(108, 'after update', 8, 'nopenj90', '2020-05-09 00:00:00', '2222-02-22 00:00:00', 'OFFLINE', 'FULL PAYMENT', 'AKTIF', 1, 1, '2020-06-22 06:45:17', '2020-06-22 06:45:33', 1, 1, 5689),
(109, 'after insert', 9, 'nomorpenjualan1', '2019-11-11 00:00:00', '2222-02-22 00:00:00', 'ONLINE', 'DP', 'AKTIF', 1, 1, '2020-06-22 09:39:50', '2020-06-22 06:55:38', 1, 1, 5690),
(110, 'after insert', 10, 'nomorpenjualan4', '2019-02-22 00:00:00', '3333-03-31 00:00:00', 'ONLINE', 'DP', 'AKTIF', 1, 1, '2020-06-22 05:37:45', '2020-06-27 11:07:50', 1, 1, 5691),
(111, 'after insert', 11, 'nopenj12', '2019-11-11 00:00:00', '2222-02-22 00:00:00', 'OFFLINE', 'FULL PAYMENT', 'nonaktif', 1, 1, '2020-06-22 06:42:00', '2020-06-22 06:45:42', 1, 1, 5692),
(112, 'after insert', 12, 'nopenj123', '2019-11-11 00:00:00', '2222-02-22 00:00:00', 'OFFLINE', 'FULL PAYMENT', 'nonaktif', 1, 1, '2020-06-22 06:42:24', '2020-06-22 06:45:40', 1, 1, 5693),
(113, 'after insert', 13, 'nopenj1234', '2019-11-11 00:00:00', '2222-02-22 00:00:00', 'OFFLINE', 'FULL PAYMENT', 'nonaktif', 1, 1, '2020-06-22 06:42:38', '2020-06-22 06:45:37', 1, 1, 5694),
(114, 'after insert', 14, 'nopenj1234', '2019-11-11 00:00:00', '2222-02-22 00:00:00', 'OFFLINE', 'FULL PAYMENT', 'nonaktif', 1, 1, '2020-06-22 06:44:01', '2020-06-22 06:45:35', 1, 1, 5695),
(115, 'after insert', 15, 'nompern1234', '2019-11-11 00:00:00', '2222-02-22 00:00:00', 'OFFLINE', 'FULL PAYMENT', 'AKTIF', 1, 1, '2020-06-22 06:44:21', '2020-06-22 06:44:21', 1, 1, 5696),
(116, 'after insert', 16, 'nopenj90', '2019-11-11 00:00:00', '2222-02-22 00:00:00', 'OFFLINE', 'FULL PAYMENT', 'nonaktif', 1, 1, '2020-06-22 06:45:17', '2020-06-22 06:45:33', 1, 1, 5697),
(117, 'after insert', 17, 'anomorpenjualan1', '2018-11-11 00:00:00', '2222-02-22 00:00:00', 'ONLINE', 'DP', 'AKTIF', 1, 1, '2020-06-22 09:39:50', '2020-06-22 06:55:38', 1, 1, 5698),
(118, 'after insert', 18, 'anomorpenjualan4', '2018-02-22 00:00:00', '3333-03-31 00:00:00', 'ONLINE', 'DP', 'AKTIF', 1, 1, '2020-06-22 05:37:45', '2020-06-27 11:07:50', 1, 1, 5699),
(119, 'after insert', 19, 'anopenj12', '2018-11-11 00:00:00', '2222-02-22 00:00:00', 'OFFLINE', 'FULL PAYMENT', 'nonaktif', 1, 1, '2020-06-22 06:42:00', '2020-06-22 06:45:42', 1, 1, 5700),
(120, 'after insert', 20, 'anopenj123', '2018-11-11 00:00:00', '2222-02-22 00:00:00', 'OFFLINE', 'FULL PAYMENT', 'nonaktif', 1, 1, '2020-06-22 06:42:24', '2020-06-22 06:45:40', 1, 1, 5701),
(121, 'after insert', 21, 'anopenj1234', '2018-11-11 00:00:00', '2222-02-22 00:00:00', 'OFFLINE', 'FULL PAYMENT', 'nonaktif', 1, 1, '2020-06-22 06:42:38', '2020-06-22 06:45:37', 1, 1, 5702),
(122, 'after insert', 22, 'anopenj1234', '2018-11-11 00:00:00', '2222-02-22 00:00:00', 'OFFLINE', 'FULL PAYMENT', 'nonaktif', 1, 1, '2020-06-22 06:44:01', '2020-06-22 06:45:35', 1, 1, 5703),
(123, 'after insert', 23, 'anompern1234', '2018-11-11 00:00:00', '2222-02-22 00:00:00', 'OFFLINE', 'FULL PAYMENT', 'AKTIF', 1, 1, '2020-06-22 06:44:21', '2020-06-22 06:44:21', 1, 1, 5704),
(124, 'after insert', 24, 'anopenj90', '2018-11-11 00:00:00', '2222-02-22 00:00:00', 'OFFLINE', 'FULL PAYMENT', 'nonaktif', 1, 1, '2020-06-22 06:45:17', '2020-06-22 06:45:33', 1, 1, 5705),
(125, 'after insert', 25, 'nomorpenjualan1', '2019-03-11 00:00:00', '2222-02-22 00:00:00', 'ONLINE', 'DP', 'AKTIF', 1, 1, '2020-06-22 09:39:50', '2020-06-22 06:55:38', 1, 1, 5706),
(126, 'after insert', 26, 'nomorpenjualan4', '2019-02-22 00:00:00', '3333-03-31 00:00:00', 'ONLINE', 'DP', 'AKTIF', 1, 1, '2020-06-22 05:37:45', '2020-06-27 11:07:50', 1, 1, 5707),
(127, 'after insert', 27, 'nopenj12', '2019-03-11 00:00:00', '2222-02-22 00:00:00', 'OFFLINE', 'FULL PAYMENT', 'nonaktif', 1, 1, '2020-06-22 06:42:00', '2020-06-22 06:45:42', 1, 1, 5708),
(128, 'after insert', 28, 'nopenj123', '2019-03-11 00:00:00', '2222-02-22 00:00:00', 'OFFLINE', 'FULL PAYMENT', 'nonaktif', 1, 1, '2020-06-22 06:42:24', '2020-06-22 06:45:40', 1, 1, 5709),
(129, 'after insert', 29, 'nopenj1234', '2019-03-11 00:00:00', '2222-02-22 00:00:00', 'OFFLINE', 'FULL PAYMENT', 'nonaktif', 1, 1, '2020-06-22 06:42:38', '2020-06-22 06:45:37', 1, 1, 5710),
(130, 'after insert', 30, 'nopenj1234', '2019-02-11 00:00:00', '2222-02-22 00:00:00', 'OFFLINE', 'FULL PAYMENT', 'nonaktif', 1, 1, '2020-06-22 06:44:01', '2020-06-22 06:45:35', 1, 1, 5711),
(131, 'after insert', 31, 'nompern1234', '2019-02-11 00:00:00', '2222-02-22 00:00:00', 'OFFLINE', 'FULL PAYMENT', 'AKTIF', 1, 1, '2020-06-22 06:44:21', '2020-06-22 06:44:21', 1, 1, 5712),
(132, 'after insert', 32, 'nopenj90', '2019-02-11 00:00:00', '2222-02-22 00:00:00', 'OFFLINE', 'FULL PAYMENT', 'nonaktif', 1, 1, '2020-06-22 06:45:17', '2020-06-22 06:45:33', 1, 1, 5713),
(133, 'after insert', 33, 'anomorpenjualan1', '2018-02-11 00:00:00', '2222-02-22 00:00:00', 'ONLINE', 'DP', 'AKTIF', 1, 1, '2020-06-22 09:39:50', '2020-06-22 06:55:38', 1, 1, 5714),
(134, 'after insert', 34, 'anomorpenjualan4', '2018-02-22 00:00:00', '3333-03-31 00:00:00', 'ONLINE', 'DP', 'AKTIF', 1, 1, '2020-06-22 05:37:45', '2020-06-27 11:07:50', 1, 1, 5715),
(135, 'after insert', 35, 'anopenj12', '2018-01-11 00:00:00', '2222-02-22 00:00:00', 'OFFLINE', 'FULL PAYMENT', 'nonaktif', 1, 1, '2020-06-22 06:42:00', '2020-06-22 06:45:42', 1, 1, 5716),
(136, 'after insert', 36, 'anopenj123', '2018-01-11 00:00:00', '2222-02-22 00:00:00', 'OFFLINE', 'FULL PAYMENT', 'nonaktif', 1, 1, '2020-06-22 06:42:24', '2020-06-22 06:45:40', 1, 1, 5717),
(137, 'after insert', 37, 'anopenj1234', '2018-01-11 00:00:00', '2222-02-22 00:00:00', 'OFFLINE', 'FULL PAYMENT', 'nonaktif', 1, 1, '2020-06-22 06:42:38', '2020-06-22 06:45:37', 1, 1, 5718),
(138, 'after insert', 38, 'anopenj1234', '2018-01-11 00:00:00', '2222-02-22 00:00:00', 'OFFLINE', 'FULL PAYMENT', 'nonaktif', 1, 1, '2020-06-22 06:44:01', '2020-06-22 06:45:35', 1, 1, 5719),
(139, 'after insert', 39, 'anompern1234', '2018-09-11 00:00:00', '2222-02-22 00:00:00', 'OFFLINE', 'FULL PAYMENT', 'AKTIF', 1, 1, '2020-06-22 06:44:21', '2020-06-22 06:44:21', 1, 1, 5720),
(140, 'after insert', 40, 'anopenj90', '2018-09-11 00:00:00', '2222-02-22 00:00:00', 'OFFLINE', 'FULL PAYMENT', 'nonaktif', 1, 1, '2020-06-22 06:45:17', '2020-06-22 06:45:33', 1, 1, 5721),
(141, 'after insert', 41, 'nomorpenjualan1', '2019-03-11 00:00:00', '2222-02-22 00:00:00', 'ONLINE', 'DP', 'AKTIF', 1, 1, '2020-06-22 09:39:50', '2020-06-22 06:55:38', 1, 1, 5722),
(142, 'after insert', 42, 'nomorpenjualan4', '2019-02-22 00:00:00', '3333-03-31 00:00:00', 'ONLINE', 'DP', 'AKTIF', 1, 1, '2020-06-22 05:37:45', '2020-06-27 11:07:50', 1, 1, 5723),
(143, 'after insert', 43, 'nopenj12', '2019-08-11 00:00:00', '2222-02-22 00:00:00', 'OFFLINE', 'FULL PAYMENT', 'aktif', 1, 1, '2020-06-22 06:42:00', '2020-06-22 06:45:42', 1, 1, 5724),
(144, 'after insert', 44, 'nopenj123', '2019-08-11 00:00:00', '2222-02-22 00:00:00', 'OFFLINE', 'FULL PAYMENT', 'aktif', 1, 1, '2020-06-22 06:42:24', '2020-06-22 06:45:40', 1, 1, 5725),
(145, 'after insert', 45, 'nopenj1234', '2019-08-11 00:00:00', '2222-02-22 00:00:00', 'OFFLINE', 'FULL PAYMENT', 'aktif', 1, 1, '2020-06-22 06:42:38', '2020-06-22 06:45:37', 1, 1, 5726),
(146, 'after insert', 46, 'nopenj1234', '2019-02-11 00:00:00', '2222-02-22 00:00:00', 'OFFLINE', 'FULL PAYMENT', 'aktif', 1, 1, '2020-06-22 06:44:01', '2020-06-22 06:45:35', 1, 1, 5727),
(147, 'after insert', 47, 'nompern1234', '2019-02-11 00:00:00', '2222-02-22 00:00:00', 'OFFLINE', 'FULL PAYMENT', 'AKTIF', 1, 1, '2020-06-22 06:44:21', '2020-06-22 06:44:21', 1, 1, 5728),
(148, 'after insert', 48, 'nopenj90', '2019-02-11 00:00:00', '2222-02-22 00:00:00', 'OFFLINE', 'FULL PAYMENT', 'aktif', 1, 1, '2020-06-22 06:45:17', '2020-06-22 06:45:33', 1, 1, 5729),
(149, 'after insert', 49, 'anomorpenjualan1', '2018-02-11 00:00:00', '2222-02-22 00:00:00', 'ONLINE', 'DP', 'AKTIF', 1, 1, '2020-06-22 09:39:50', '2020-06-22 06:55:38', 1, 1, 5730),
(150, 'after insert', 50, 'anomorpenjualan4', '2018-02-22 00:00:00', '3333-08-31 00:00:00', 'ONLINE', 'DP', 'AKTIF', 1, 1, '2020-06-22 05:37:45', '2020-06-27 11:07:50', 1, 1, 5731),
(151, 'after insert', 51, 'anopenj12', '2018-12-11 00:00:00', '2222-02-22 00:00:00', 'OFFLINE', 'FULL PAYMENT', 'aktif', 1, 1, '2020-06-22 06:42:00', '2020-06-22 06:45:42', 1, 1, 5732),
(152, 'after insert', 52, 'anopenj123', '2018-12-11 00:00:00', '2222-02-22 00:00:00', 'OFFLINE', 'FULL PAYMENT', 'aktif', 1, 1, '2020-06-22 06:42:24', '2020-06-22 06:45:40', 1, 1, 5733),
(153, 'after insert', 53, 'anopenj1234', '2018-12-11 00:00:00', '2222-02-22 00:00:00', 'OFFLINE', 'FULL PAYMENT', 'aktif', 1, 1, '2020-06-22 06:42:38', '2020-06-22 06:45:37', 1, 1, 5734),
(154, 'after insert', 54, 'anopenj1234', '2018-12-11 00:00:00', '2222-02-22 00:00:00', 'OFFLINE', 'FULL PAYMENT', 'aktif', 1, 1, '2020-06-22 06:44:01', '2020-06-22 06:45:35', 1, 1, 5735),
(155, 'after insert', 55, 'anompern1234', '2018-04-11 00:00:00', '2222-02-22 00:00:00', 'OFFLINE', 'FULL PAYMENT', 'AKTIF', 1, 1, '2020-06-22 06:44:21', '2020-06-22 06:44:21', 1, 1, 5736),
(156, 'after insert', 56, 'anopenj90', '2018-04-11 00:00:00', '2222-02-22 00:00:00', 'OFFLINE', 'FULL PAYMENT', 'aktif', 1, 1, '2020-06-22 06:45:17', '2020-06-22 06:45:33', 1, 1, 5737),
(157, 'after insert', 57, 'nomorpenjualan1', '2020-03-11 00:00:00', '2222-02-22 00:00:00', 'ONLINE', 'DP', 'AKTIF', 1, 1, '2020-06-22 09:39:50', '2020-06-22 06:55:38', 1, 1, 5738),
(158, 'after insert', 58, 'nomorpenjualan4', '2020-02-22 00:00:00', '3333-03-31 00:00:00', 'ONLINE', 'DP', 'AKTIF', 1, 1, '2020-06-22 05:37:45', '2020-06-27 11:07:50', 1, 1, 5739),
(159, 'after insert', 59, 'nopenj12', '2020-08-11 00:00:00', '2222-02-22 00:00:00', 'OFFLINE', 'FULL PAYMENT', 'aktif', 1, 1, '2020-06-22 06:42:00', '2020-06-22 06:45:42', 1, 1, 5740),
(160, 'after insert', 60, 'nopenj123', '2020-08-11 00:00:00', '2222-02-22 00:00:00', 'OFFLINE', 'FULL PAYMENT', 'aktif', 1, 1, '2020-06-22 06:42:24', '2020-06-22 06:45:40', 1, 1, 5741),
(161, 'after insert', 61, 'nopenj1234', '2020-08-11 00:00:00', '2222-02-22 00:00:00', 'OFFLINE', 'FULL PAYMENT', 'aktif', 1, 1, '2020-06-22 06:42:38', '2020-06-22 06:45:37', 1, 1, 5742),
(162, 'after insert', 62, 'nopenj1234', '2020-02-11 00:00:00', '2222-02-22 00:00:00', 'OFFLINE', 'FULL PAYMENT', 'aktif', 1, 1, '2020-06-22 06:44:01', '2020-06-22 06:45:35', 1, 1, 5743),
(163, 'after insert', 63, 'nompern1234', '2020-02-11 00:00:00', '2222-02-22 00:00:00', 'OFFLINE', 'FULL PAYMENT', 'AKTIF', 1, 1, '2020-06-22 06:44:21', '2020-06-22 06:44:21', 1, 1, 5744),
(164, 'after insert', 64, 'nopenj90', '2020-02-11 00:00:00', '2222-02-22 00:00:00', 'OFFLINE', 'FULL PAYMENT', 'aktif', 1, 1, '2020-06-22 06:45:17', '2020-06-22 06:45:33', 1, 1, 5745),
(165, 'after insert', 65, 'anomorpenjualan1', '2020-02-11 00:00:00', '2222-02-22 00:00:00', 'ONLINE', 'DP', 'AKTIF', 1, 1, '2020-06-22 09:39:50', '2020-06-22 06:55:38', 1, 1, 5746),
(166, 'after insert', 66, 'anomorpenjualan4', '2020-02-22 00:00:00', '3333-08-31 00:00:00', 'ONLINE', 'DP', 'AKTIF', 1, 1, '2020-06-22 05:37:45', '2020-06-27 11:07:50', 1, 1, 5747),
(167, 'after insert', 67, 'anopenj12', '2020-12-11 00:00:00', '2222-02-22 00:00:00', 'OFFLINE', 'FULL PAYMENT', 'aktif', 1, 1, '2020-06-22 06:42:00', '2020-06-22 06:45:42', 1, 1, 5748),
(168, 'after insert', 68, 'anopenj123', '2020-12-11 00:00:00', '2222-02-22 00:00:00', 'OFFLINE', 'FULL PAYMENT', 'aktif', 1, 1, '2020-06-22 06:42:24', '2020-06-22 06:45:40', 1, 1, 5749),
(169, 'after insert', 69, 'anopenj1234', '2020-12-11 00:00:00', '2222-02-22 00:00:00', 'OFFLINE', 'FULL PAYMENT', 'aktif', 1, 1, '2020-06-22 06:42:38', '2020-06-22 06:45:37', 1, 1, 5750),
(170, 'after insert', 70, 'anopenj1234', '2020-12-11 00:00:00', '2222-02-22 00:00:00', 'OFFLINE', 'FULL PAYMENT', 'aktif', 1, 1, '2020-06-22 06:44:01', '2020-06-22 06:45:35', 1, 1, 5751),
(171, 'after insert', 71, 'anompern1234', '2020-04-11 00:00:00', '2222-02-22 00:00:00', 'OFFLINE', 'FULL PAYMENT', 'AKTIF', 1, 1, '2020-06-22 06:44:21', '2020-06-22 06:44:21', 1, 1, 5752),
(172, 'after insert', 72, 'anopenj90', '2020-04-11 00:00:00', '2222-02-22 00:00:00', 'OFFLINE', 'FULL PAYMENT', 'aktif', 1, 1, '2020-06-22 06:45:17', '2020-06-22 06:45:33', 1, 1, 5753),
(173, 'after insert', 73, 'nomorpenjualan1', '2020-03-11 00:00:00', '2222-02-22 00:00:00', 'ONLINE', 'DP', 'AKTIF', 1, 1, '2020-06-22 09:39:50', '2020-06-22 06:55:38', 1, 1, 5754),
(174, 'after insert', 74, 'nomorpenjualan4', '2020-02-22 00:00:00', '3333-03-31 00:00:00', 'ONLINE', 'DP', 'AKTIF', 1, 1, '2020-06-22 05:37:45', '2020-06-27 11:07:50', 1, 1, 5755),
(175, 'after insert', 75, 'nopenj12', '2020-05-11 00:00:00', '2222-02-22 00:00:00', 'OFFLINE', 'FULL PAYMENT', 'aktif', 1, 1, '2020-06-22 06:42:00', '2020-06-22 06:45:42', 1, 1, 5756),
(176, 'after insert', 76, 'nopenj123', '2020-05-11 00:00:00', '2222-02-22 00:00:00', 'OFFLINE', 'FULL PAYMENT', 'aktif', 1, 1, '2020-06-22 06:42:24', '2020-06-22 06:45:40', 1, 1, 5757),
(177, 'after insert', 77, 'nopenj1234', '2020-05-11 00:00:00', '2222-02-22 00:00:00', 'OFFLINE', 'FULL PAYMENT', 'aktif', 1, 1, '2020-06-22 06:42:38', '2020-06-22 06:45:37', 1, 1, 5758),
(178, 'after insert', 78, 'nopenj1234', '2020-02-11 00:00:00', '2222-02-22 00:00:00', 'OFFLINE', 'FULL PAYMENT', 'aktif', 1, 1, '2020-06-22 06:44:01', '2020-06-22 06:45:35', 1, 1, 5759),
(179, 'after insert', 79, 'nompern1234', '2020-06-11 00:00:00', '2222-06-22 00:00:00', 'OFFLINE', 'FULL PAYMENT', 'AKTIF', 1, 1, '2020-06-22 06:44:21', '2020-06-22 06:44:21', 1, 1, 5760),
(180, 'after insert', 80, 'nopenj90', '2020-06-11 00:00:00', '2222-06-22 00:00:00', 'OFFLINE', 'FULL PAYMENT', 'aktif', 1, 1, '2020-06-22 06:45:17', '2020-06-22 06:45:33', 1, 1, 5761),
(181, 'after insert', 81, 'anomorpenjualan1', '2020-06-11 00:00:00', '2222-02-22 00:00:00', 'ONLINE', 'DP', 'AKTIF', 1, 1, '2020-06-22 09:39:50', '2020-06-22 06:55:38', 1, 1, 5762),
(182, 'after insert', 82, 'anomorpenjualan4', '2020-02-22 00:00:00', '3333-08-31 00:00:00', 'ONLINE', 'DP', 'AKTIF', 1, 1, '2020-06-22 05:37:45', '2020-06-27 11:07:50', 1, 1, 5763),
(183, 'after insert', 83, 'anopenj12', '2020-09-11 00:00:00', '2222-02-22 00:00:00', 'OFFLINE', 'FULL PAYMENT', 'aktif', 1, 1, '2020-06-22 06:42:00', '2020-06-22 06:45:42', 1, 1, 5764),
(184, 'after insert', 84, 'anopenj123', '2020-09-11 00:00:00', '2222-02-22 00:00:00', 'OFFLINE', 'FULL PAYMENT', 'aktif', 1, 1, '2020-06-22 06:42:24', '2020-06-22 06:45:40', 1, 1, 5765),
(185, 'after insert', 85, 'anopenj1234', '2020-09-11 00:00:00', '2222-02-22 00:00:00', 'OFFLINE', 'FULL PAYMENT', 'aktif', 1, 1, '2020-06-22 06:42:38', '2020-06-22 06:45:37', 1, 1, 5766),
(186, 'after insert', 86, 'anopenj1234', '2020-09-11 00:00:00', '2222-02-22 00:00:00', 'OFFLINE', 'FULL PAYMENT', 'aktif', 1, 1, '2020-06-22 06:44:01', '2020-06-22 06:45:35', 1, 1, 5767),
(187, 'after insert', 87, 'anompern1234', '2020-04-11 00:00:00', '2222-02-22 00:00:00', 'OFFLINE', 'FULL PAYMENT', 'AKTIF', 1, 1, '2020-06-22 06:44:21', '2020-06-22 06:44:21', 1, 1, 5768),
(188, 'after insert', 88, 'anopenj90', '2020-04-11 00:00:00', '2222-02-22 00:00:00', 'OFFLINE', 'FULL PAYMENT', 'aktif', 1, 1, '2020-06-22 06:45:17', '2020-06-22 06:45:33', 1, 1, 5769),
(189, 'after insert', 89, 'nomorpenjualan1', '2020-09-09 00:00:00', '2222-02-22 00:00:00', 'ONLINE', 'DP', 'AKTIF', 1, 2, '2020-06-22 09:39:50', '2020-06-22 06:55:38', 1, 1, 5814),
(190, 'after insert', 90, 'nomorpenjualan4', '2020-09-09 00:00:00', '3333-03-31 00:00:00', 'ONLINE', 'DP', 'AKTIF', 1, 2, '2020-06-22 05:37:45', '2020-06-27 11:07:50', 1, 1, 5815),
(191, 'after insert', 91, 'nopenj12', '2020-09-09 00:00:00', '2222-02-22 00:00:00', 'OFFLINE', 'FULL PAYMENT', 'AKTIF', 1, 2, '2020-06-22 06:42:00', '2020-06-22 06:45:42', 1, 1, 5816),
(192, 'after insert', 92, 'nopenj123', '2020-09-09 00:00:00', '2222-02-22 00:00:00', 'OFFLINE', 'FULL PAYMENT', 'AKTIF', 1, 2, '2020-06-22 06:42:24', '2020-06-22 06:45:40', 1, 1, 5817),
(193, 'after insert', 93, 'nopenj1234', '2020-06-09 00:00:00', '2222-02-22 00:00:00', 'OFFLINE', 'FULL PAYMENT', 'AKTIF', 1, 2, '2020-06-22 06:42:38', '2020-06-22 06:45:37', 1, 1, 5818),
(194, 'after insert', 94, 'nopenj1234', '2020-06-09 00:00:00', '2222-02-22 00:00:00', 'OFFLINE', 'FULL PAYMENT', 'AKTIF', 1, 2, '2020-06-22 06:44:01', '2020-06-22 06:45:35', 1, 1, 5819),
(195, 'after insert', 95, 'nompern1234', '2020-06-09 00:00:00', '2222-02-22 00:00:00', 'OFFLINE', 'FULL PAYMENT', 'AKTIF', 1, 2, '2020-06-22 06:44:21', '2020-06-22 06:44:21', 1, 1, 5820),
(196, 'after insert', 96, 'nopenj90', '2020-05-09 00:00:00', '2222-02-22 00:00:00', 'OFFLINE', 'FULL PAYMENT', 'AKTIF', 1, 2, '2020-06-22 06:45:17', '2020-06-22 06:45:33', 1, 1, 5821),
(197, 'after insert', 97, 'nomorpenjualan1', '2019-11-11 00:00:00', '2222-02-22 00:00:00', 'ONLINE', 'DP', 'AKTIF', 1, 2, '2020-06-22 09:39:50', '2020-06-22 06:55:38', 1, 1, 5822),
(198, 'after insert', 98, 'nomorpenjualan4', '2019-02-22 00:00:00', '3333-03-31 00:00:00', 'ONLINE', 'DP', 'AKTIF', 1, 2, '2020-06-22 05:37:45', '2020-06-27 11:07:50', 1, 1, 5823),
(199, 'after insert', 99, 'nopenj12', '2019-11-11 00:00:00', '2222-02-22 00:00:00', 'OFFLINE', 'FULL PAYMENT', 'nonaktif', 1, 2, '2020-06-22 06:42:00', '2020-06-22 06:45:42', 1, 1, 5824),
(200, 'after insert', 100, 'nopenj123', '2019-11-11 00:00:00', '2222-02-22 00:00:00', 'OFFLINE', 'FULL PAYMENT', 'nonaktif', 1, 2, '2020-06-22 06:42:24', '2020-06-22 06:45:40', 1, 1, 5825),
(201, 'after insert', 101, 'nopenj1234', '2019-11-11 00:00:00', '2222-02-22 00:00:00', 'OFFLINE', 'FULL PAYMENT', 'nonaktif', 1, 2, '2020-06-22 06:42:38', '2020-06-22 06:45:37', 1, 1, 5826),
(202, 'after insert', 102, 'nopenj1234', '2019-11-11 00:00:00', '2222-02-22 00:00:00', 'OFFLINE', 'FULL PAYMENT', 'nonaktif', 1, 2, '2020-06-22 06:44:01', '2020-06-22 06:45:35', 1, 1, 5827),
(203, 'after insert', 103, 'nompern1234', '2019-11-11 00:00:00', '2222-02-22 00:00:00', 'OFFLINE', 'FULL PAYMENT', 'AKTIF', 1, 2, '2020-06-22 06:44:21', '2020-06-22 06:44:21', 1, 1, 5828),
(204, 'after insert', 104, 'nopenj90', '2019-11-11 00:00:00', '2222-02-22 00:00:00', 'OFFLINE', 'FULL PAYMENT', 'nonaktif', 1, 2, '2020-06-22 06:45:17', '2020-06-22 06:45:33', 1, 1, 5829),
(205, 'after insert', 105, 'anomorpenjualan1', '2018-11-11 00:00:00', '2222-02-22 00:00:00', 'ONLINE', 'DP', 'AKTIF', 1, 2, '2020-06-22 09:39:50', '2020-06-22 06:55:38', 1, 1, 5830),
(206, 'after insert', 106, 'anomorpenjualan4', '2018-02-22 00:00:00', '3333-03-31 00:00:00', 'ONLINE', 'DP', 'AKTIF', 1, 2, '2020-06-22 05:37:45', '2020-06-27 11:07:50', 1, 1, 5831),
(207, 'after insert', 107, 'anopenj12', '2018-11-11 00:00:00', '2222-02-22 00:00:00', 'OFFLINE', 'FULL PAYMENT', 'nonaktif', 1, 2, '2020-06-22 06:42:00', '2020-06-22 06:45:42', 1, 1, 5832),
(208, 'after insert', 108, 'anopenj123', '2018-11-11 00:00:00', '2222-02-22 00:00:00', 'OFFLINE', 'FULL PAYMENT', 'nonaktif', 1, 2, '2020-06-22 06:42:24', '2020-06-22 06:45:40', 1, 1, 5833),
(209, 'after insert', 109, 'anopenj1234', '2018-11-11 00:00:00', '2222-02-22 00:00:00', 'OFFLINE', 'FULL PAYMENT', 'nonaktif', 1, 2, '2020-06-22 06:42:38', '2020-06-22 06:45:37', 1, 1, 5834),
(210, 'after insert', 110, 'anopenj1234', '2018-11-11 00:00:00', '2222-02-22 00:00:00', 'OFFLINE', 'FULL PAYMENT', 'nonaktif', 1, 2, '2020-06-22 06:44:01', '2020-06-22 06:45:35', 1, 1, 5835),
(211, 'after insert', 111, 'anompern1234', '2018-11-11 00:00:00', '2222-02-22 00:00:00', 'OFFLINE', 'FULL PAYMENT', 'AKTIF', 1, 2, '2020-06-22 06:44:21', '2020-06-22 06:44:21', 1, 1, 5836),
(212, 'after insert', 112, 'anopenj90', '2018-11-11 00:00:00', '2222-02-22 00:00:00', 'OFFLINE', 'FULL PAYMENT', 'nonaktif', 1, 2, '2020-06-22 06:45:17', '2020-06-22 06:45:33', 1, 1, 5837),
(213, 'after insert', 113, 'nomorpenjualan1', '2019-03-11 00:00:00', '2222-02-22 00:00:00', 'ONLINE', 'DP', 'AKTIF', 1, 2, '2020-06-22 09:39:50', '2020-06-22 06:55:38', 1, 1, 5838),
(214, 'after insert', 114, 'nomorpenjualan4', '2019-02-22 00:00:00', '3333-03-31 00:00:00', 'ONLINE', 'DP', 'AKTIF', 1, 2, '2020-06-22 05:37:45', '2020-06-27 11:07:50', 1, 1, 5839),
(215, 'after insert', 115, 'nopenj12', '2019-03-11 00:00:00', '2222-02-22 00:00:00', 'OFFLINE', 'FULL PAYMENT', 'nonaktif', 1, 2, '2020-06-22 06:42:00', '2020-06-22 06:45:42', 1, 1, 5840),
(216, 'after insert', 116, 'nopenj123', '2019-03-11 00:00:00', '2222-02-22 00:00:00', 'OFFLINE', 'FULL PAYMENT', 'nonaktif', 1, 2, '2020-06-22 06:42:24', '2020-06-22 06:45:40', 1, 1, 5841),
(217, 'after insert', 117, 'nopenj1234', '2019-03-11 00:00:00', '2222-02-22 00:00:00', 'OFFLINE', 'FULL PAYMENT', 'nonaktif', 1, 2, '2020-06-22 06:42:38', '2020-06-22 06:45:37', 1, 1, 5842),
(218, 'after insert', 118, 'nopenj1234', '2019-02-11 00:00:00', '2222-02-22 00:00:00', 'OFFLINE', 'FULL PAYMENT', 'nonaktif', 1, 2, '2020-06-22 06:44:01', '2020-06-22 06:45:35', 1, 1, 5843),
(219, 'after insert', 119, 'nompern1234', '2019-02-11 00:00:00', '2222-02-22 00:00:00', 'OFFLINE', 'FULL PAYMENT', 'AKTIF', 1, 2, '2020-06-22 06:44:21', '2020-06-22 06:44:21', 1, 1, 5844),
(220, 'after insert', 120, 'nopenj90', '2019-02-11 00:00:00', '2222-02-22 00:00:00', 'OFFLINE', 'FULL PAYMENT', 'nonaktif', 1, 2, '2020-06-22 06:45:17', '2020-06-22 06:45:33', 1, 1, 5845),
(221, 'after insert', 121, 'anomorpenjualan1', '2018-02-11 00:00:00', '2222-02-22 00:00:00', 'ONLINE', 'DP', 'AKTIF', 1, 2, '2020-06-22 09:39:50', '2020-06-22 06:55:38', 1, 1, 5846),
(222, 'after insert', 122, 'anomorpenjualan4', '2018-02-22 00:00:00', '3333-03-31 00:00:00', 'ONLINE', 'DP', 'AKTIF', 1, 2, '2020-06-22 05:37:45', '2020-06-27 11:07:50', 1, 1, 5847),
(223, 'after insert', 123, 'anopenj12', '2018-01-11 00:00:00', '2222-02-22 00:00:00', 'OFFLINE', 'FULL PAYMENT', 'nonaktif', 1, 2, '2020-06-22 06:42:00', '2020-06-22 06:45:42', 1, 1, 5848),
(224, 'after insert', 124, 'anopenj123', '2018-01-11 00:00:00', '2222-02-22 00:00:00', 'OFFLINE', 'FULL PAYMENT', 'nonaktif', 1, 2, '2020-06-22 06:42:24', '2020-06-22 06:45:40', 1, 1, 5849),
(225, 'after insert', 125, 'anopenj1234', '2018-01-11 00:00:00', '2222-02-22 00:00:00', 'OFFLINE', 'FULL PAYMENT', 'nonaktif', 1, 2, '2020-06-22 06:42:38', '2020-06-22 06:45:37', 1, 1, 5850),
(226, 'after insert', 126, 'anopenj1234', '2018-01-11 00:00:00', '2222-02-22 00:00:00', 'OFFLINE', 'FULL PAYMENT', 'nonaktif', 1, 2, '2020-06-22 06:44:01', '2020-06-22 06:45:35', 1, 1, 5851),
(227, 'after insert', 127, 'anompern1234', '2018-09-11 00:00:00', '2222-02-22 00:00:00', 'OFFLINE', 'FULL PAYMENT', 'AKTIF', 1, 2, '2020-06-22 06:44:21', '2020-06-22 06:44:21', 1, 1, 5852),
(228, 'after insert', 128, 'anopenj90', '2018-09-11 00:00:00', '2222-02-22 00:00:00', 'OFFLINE', 'FULL PAYMENT', 'nonaktif', 1, 2, '2020-06-22 06:45:17', '2020-06-22 06:45:33', 1, 1, 5853),
(229, 'after insert', 129, 'nomorpenjualan1', '2019-03-11 00:00:00', '2222-02-22 00:00:00', 'ONLINE', 'DP', 'AKTIF', 1, 2, '2020-06-22 09:39:50', '2020-06-22 06:55:38', 1, 1, 5854),
(230, 'after insert', 130, 'nomorpenjualan4', '2019-02-22 00:00:00', '3333-03-31 00:00:00', 'ONLINE', 'DP', 'AKTIF', 1, 2, '2020-06-22 05:37:45', '2020-06-27 11:07:50', 1, 1, 5855),
(231, 'after insert', 131, 'nopenj12', '2019-08-11 00:00:00', '2222-02-22 00:00:00', 'OFFLINE', 'FULL PAYMENT', 'aktif', 1, 2, '2020-06-22 06:42:00', '2020-06-22 06:45:42', 1, 1, 5856),
(232, 'after insert', 132, 'nopenj123', '2019-08-11 00:00:00', '2222-02-22 00:00:00', 'OFFLINE', 'FULL PAYMENT', 'aktif', 1, 2, '2020-06-22 06:42:24', '2020-06-22 06:45:40', 1, 1, 5857),
(233, 'after insert', 133, 'nopenj1234', '2019-08-11 00:00:00', '2222-02-22 00:00:00', 'OFFLINE', 'FULL PAYMENT', 'aktif', 1, 2, '2020-06-22 06:42:38', '2020-06-22 06:45:37', 1, 1, 5858),
(234, 'after insert', 134, 'nopenj1234', '2019-02-11 00:00:00', '2222-02-22 00:00:00', 'OFFLINE', 'FULL PAYMENT', 'aktif', 1, 2, '2020-06-22 06:44:01', '2020-06-22 06:45:35', 1, 1, 5859),
(235, 'after insert', 135, 'nompern1234', '2019-02-11 00:00:00', '2222-02-22 00:00:00', 'OFFLINE', 'FULL PAYMENT', 'AKTIF', 1, 2, '2020-06-22 06:44:21', '2020-06-22 06:44:21', 1, 1, 5860),
(236, 'after insert', 136, 'nopenj90', '2019-02-11 00:00:00', '2222-02-22 00:00:00', 'OFFLINE', 'FULL PAYMENT', 'aktif', 1, 2, '2020-06-22 06:45:17', '2020-06-22 06:45:33', 1, 1, 5861),
(237, 'after insert', 137, 'anomorpenjualan1', '2018-02-11 00:00:00', '2222-02-22 00:00:00', 'ONLINE', 'DP', 'AKTIF', 1, 2, '2020-06-22 09:39:50', '2020-06-22 06:55:38', 1, 1, 5862),
(238, 'after insert', 138, 'anomorpenjualan4', '2018-02-22 00:00:00', '3333-08-31 00:00:00', 'ONLINE', 'DP', 'AKTIF', 1, 2, '2020-06-22 05:37:45', '2020-06-27 11:07:50', 1, 1, 5863),
(239, 'after insert', 139, 'anopenj12', '2018-12-11 00:00:00', '2222-02-22 00:00:00', 'OFFLINE', 'FULL PAYMENT', 'aktif', 1, 2, '2020-06-22 06:42:00', '2020-06-22 06:45:42', 1, 1, 5864),
(240, 'after insert', 140, 'anopenj123', '2018-12-11 00:00:00', '2222-02-22 00:00:00', 'OFFLINE', 'FULL PAYMENT', 'aktif', 1, 2, '2020-06-22 06:42:24', '2020-06-22 06:45:40', 1, 1, 5865),
(241, 'after insert', 141, 'anopenj1234', '2018-12-11 00:00:00', '2222-02-22 00:00:00', 'OFFLINE', 'FULL PAYMENT', 'aktif', 1, 2, '2020-06-22 06:42:38', '2020-06-22 06:45:37', 1, 1, 5866),
(242, 'after insert', 142, 'anopenj1234', '2018-12-11 00:00:00', '2222-02-22 00:00:00', 'OFFLINE', 'FULL PAYMENT', 'aktif', 1, 2, '2020-06-22 06:44:01', '2020-06-22 06:45:35', 1, 1, 5867),
(243, 'after insert', 143, 'anompern1234', '2018-04-11 00:00:00', '2222-02-22 00:00:00', 'OFFLINE', 'FULL PAYMENT', 'AKTIF', 1, 2, '2020-06-22 06:44:21', '2020-06-22 06:44:21', 1, 1, 5868),
(244, 'after insert', 144, 'anopenj90', '2018-04-11 00:00:00', '2222-02-22 00:00:00', 'OFFLINE', 'FULL PAYMENT', 'aktif', 1, 2, '2020-06-22 06:45:17', '2020-06-22 06:45:33', 1, 1, 5869),
(245, 'after insert', 145, 'nomorpenjualan1', '2020-03-11 00:00:00', '2222-02-22 00:00:00', 'ONLINE', 'DP', 'AKTIF', 1, 2, '2020-06-22 09:39:50', '2020-06-22 06:55:38', 1, 1, 5870),
(246, 'after insert', 146, 'nomorpenjualan4', '2020-02-22 00:00:00', '3333-03-31 00:00:00', 'ONLINE', 'DP', 'AKTIF', 1, 2, '2020-06-22 05:37:45', '2020-06-27 11:07:50', 1, 1, 5871),
(247, 'after insert', 147, 'nopenj12', '2020-08-11 00:00:00', '2222-02-22 00:00:00', 'OFFLINE', 'FULL PAYMENT', 'aktif', 1, 2, '2020-06-22 06:42:00', '2020-06-22 06:45:42', 1, 1, 5872),
(248, 'after insert', 148, 'nopenj123', '2020-08-11 00:00:00', '2222-02-22 00:00:00', 'OFFLINE', 'FULL PAYMENT', 'aktif', 1, 2, '2020-06-22 06:42:24', '2020-06-22 06:45:40', 1, 1, 5873),
(249, 'after insert', 149, 'nopenj1234', '2020-08-11 00:00:00', '2222-02-22 00:00:00', 'OFFLINE', 'FULL PAYMENT', 'aktif', 1, 2, '2020-06-22 06:42:38', '2020-06-22 06:45:37', 1, 1, 5874),
(250, 'after insert', 150, 'nopenj1234', '2020-02-11 00:00:00', '2222-02-22 00:00:00', 'OFFLINE', 'FULL PAYMENT', 'aktif', 1, 2, '2020-06-22 06:44:01', '2020-06-22 06:45:35', 1, 1, 5875),
(251, 'after insert', 151, 'nompern1234', '2020-02-11 00:00:00', '2222-02-22 00:00:00', 'OFFLINE', 'FULL PAYMENT', 'AKTIF', 1, 2, '2020-06-22 06:44:21', '2020-06-22 06:44:21', 1, 1, 5876),
(252, 'after insert', 152, 'nopenj90', '2020-02-11 00:00:00', '2222-02-22 00:00:00', 'OFFLINE', 'FULL PAYMENT', 'aktif', 1, 2, '2020-06-22 06:45:17', '2020-06-22 06:45:33', 1, 1, 5877),
(253, 'after insert', 153, 'anomorpenjualan1', '2020-02-11 00:00:00', '2222-02-22 00:00:00', 'ONLINE', 'DP', 'AKTIF', 1, 2, '2020-06-22 09:39:50', '2020-06-22 06:55:38', 1, 1, 5878),
(254, 'after insert', 154, 'anomorpenjualan4', '2020-02-22 00:00:00', '3333-08-31 00:00:00', 'ONLINE', 'DP', 'AKTIF', 1, 2, '2020-06-22 05:37:45', '2020-06-27 11:07:50', 1, 1, 5879),
(255, 'after insert', 155, 'anopenj12', '2020-12-11 00:00:00', '2222-02-22 00:00:00', 'OFFLINE', 'FULL PAYMENT', 'aktif', 1, 2, '2020-06-22 06:42:00', '2020-06-22 06:45:42', 1, 1, 5880),
(256, 'after insert', 156, 'anopenj123', '2020-12-11 00:00:00', '2222-02-22 00:00:00', 'OFFLINE', 'FULL PAYMENT', 'aktif', 1, 2, '2020-06-22 06:42:24', '2020-06-22 06:45:40', 1, 1, 5881),
(257, 'after insert', 157, 'anopenj1234', '2020-12-11 00:00:00', '2222-02-22 00:00:00', 'OFFLINE', 'FULL PAYMENT', 'aktif', 1, 2, '2020-06-22 06:42:38', '2020-06-22 06:45:37', 1, 1, 5882),
(258, 'after insert', 158, 'anopenj1234', '2020-12-11 00:00:00', '2222-02-22 00:00:00', 'OFFLINE', 'FULL PAYMENT', 'aktif', 1, 2, '2020-06-22 06:44:01', '2020-06-22 06:45:35', 1, 1, 5883),
(259, 'after insert', 159, 'anompern1234', '2020-04-11 00:00:00', '2222-02-22 00:00:00', 'OFFLINE', 'FULL PAYMENT', 'AKTIF', 1, 2, '2020-06-22 06:44:21', '2020-06-22 06:44:21', 1, 1, 5884),
(260, 'after insert', 160, 'anopenj90', '2020-04-11 00:00:00', '2222-02-22 00:00:00', 'OFFLINE', 'FULL PAYMENT', 'aktif', 1, 2, '2020-06-22 06:45:17', '2020-06-22 06:45:33', 1, 1, 5885),
(261, 'after insert', 161, 'nomorpenjualan1', '2020-03-11 00:00:00', '2222-02-22 00:00:00', 'ONLINE', 'DP', 'AKTIF', 1, 2, '2020-06-22 09:39:50', '2020-06-22 06:55:38', 1, 1, 5886),
(262, 'after insert', 162, 'nomorpenjualan4', '2020-02-22 00:00:00', '3333-03-31 00:00:00', 'ONLINE', 'DP', 'AKTIF', 1, 2, '2020-06-22 05:37:45', '2020-06-27 11:07:50', 1, 1, 5887),
(263, 'after insert', 163, 'nopenj12', '2020-05-11 00:00:00', '2222-02-22 00:00:00', 'OFFLINE', 'FULL PAYMENT', 'aktif', 1, 2, '2020-06-22 06:42:00', '2020-06-22 06:45:42', 1, 1, 5888),
(264, 'after insert', 164, 'nopenj123', '2020-05-11 00:00:00', '2222-02-22 00:00:00', 'OFFLINE', 'FULL PAYMENT', 'aktif', 1, 2, '2020-06-22 06:42:24', '2020-06-22 06:45:40', 1, 1, 5889),
(265, 'after insert', 165, 'nopenj1234', '2020-05-11 00:00:00', '2222-02-22 00:00:00', 'OFFLINE', 'FULL PAYMENT', 'aktif', 1, 2, '2020-06-22 06:42:38', '2020-06-22 06:45:37', 1, 1, 5890),
(266, 'after insert', 166, 'nopenj1234', '2020-02-11 00:00:00', '2222-02-22 00:00:00', 'OFFLINE', 'FULL PAYMENT', 'aktif', 1, 2, '2020-06-22 06:44:01', '2020-06-22 06:45:35', 1, 1, 5891),
(267, 'after insert', 167, 'nomorpenjualan1', '2020-09-09 00:00:00', '2222-02-22 00:00:00', 'ONLINE', 'DP', 'AKTIF', 1, 2, '2020-06-22 09:39:50', '2020-06-22 06:55:38', 1, 1, 5892),
(268, 'after insert', 168, 'nomorpenjualan4', '2020-09-09 00:00:00', '3333-03-31 00:00:00', 'ONLINE', 'DP', 'AKTIF', 1, 2, '2020-06-22 05:37:45', '2020-06-27 11:07:50', 1, 1, 5893),
(269, 'after insert', 169, 'nopenj12', '2020-09-09 00:00:00', '2222-02-22 00:00:00', 'OFFLINE', 'FULL PAYMENT', 'AKTIF', 1, 2, '2020-06-22 06:42:00', '2020-06-22 06:45:42', 1, 1, 5894),
(270, 'after insert', 170, 'nopenj123', '2020-09-09 00:00:00', '2222-02-22 00:00:00', 'OFFLINE', 'FULL PAYMENT', 'AKTIF', 1, 2, '2020-06-22 06:42:24', '2020-06-22 06:45:40', 1, 1, 5895),
(271, 'after insert', 171, 'nopenj1234', '2020-06-09 00:00:00', '2222-02-22 00:00:00', 'OFFLINE', 'FULL PAYMENT', 'AKTIF', 1, 2, '2020-06-22 06:42:38', '2020-06-22 06:45:37', 1, 1, 5896);
INSERT INTO `mstr_penjualan_log` (`id_pk_penjualan_log`, `executed_function`, `id_pk_penjualan`, `penj_nomor`, `penj_tgl`, `penj_dateline_tgl`, `penj_jenis`, `penj_tipe_pembayaran`, `penj_status`, `id_fk_customer`, `id_fk_cabang`, `penj_create_date`, `penj_last_modified`, `id_create_data`, `id_last_modified`, `id_log_all`) VALUES
(272, 'after insert', 172, 'nopenj1234', '2020-06-09 00:00:00', '2222-02-22 00:00:00', 'OFFLINE', 'FULL PAYMENT', 'AKTIF', 1, 2, '2020-06-22 06:44:01', '2020-06-22 06:45:35', 1, 1, 5897),
(273, 'after insert', 173, 'nompern1234', '2020-06-09 00:00:00', '2222-02-22 00:00:00', 'OFFLINE', 'FULL PAYMENT', 'AKTIF', 1, 2, '2020-06-22 06:44:21', '2020-06-22 06:44:21', 1, 1, 5898),
(274, 'after insert', 174, 'nopenj90', '2020-05-09 00:00:00', '2222-02-22 00:00:00', 'OFFLINE', 'FULL PAYMENT', 'AKTIF', 1, 2, '2020-06-22 06:45:17', '2020-06-22 06:45:33', 1, 1, 5899),
(275, 'after insert', 175, 'nomorpenjualan1', '2019-11-11 00:00:00', '2222-02-22 00:00:00', 'ONLINE', 'DP', 'AKTIF', 1, 2, '2020-06-22 09:39:50', '2020-06-22 06:55:38', 1, 1, 5900),
(276, 'after insert', 176, 'nomorpenjualan4', '2019-02-22 00:00:00', '3333-03-31 00:00:00', 'ONLINE', 'DP', 'AKTIF', 1, 2, '2020-06-22 05:37:45', '2020-06-27 11:07:50', 1, 1, 5901),
(277, 'after insert', 177, 'nopenj12', '2019-11-11 00:00:00', '2222-02-22 00:00:00', 'OFFLINE', 'FULL PAYMENT', 'nonaktif', 1, 2, '2020-06-22 06:42:00', '2020-06-22 06:45:42', 1, 1, 5902),
(278, 'after insert', 178, 'nopenj123', '2019-11-11 00:00:00', '2222-02-22 00:00:00', 'OFFLINE', 'FULL PAYMENT', 'nonaktif', 1, 2, '2020-06-22 06:42:24', '2020-06-22 06:45:40', 1, 1, 5903),
(279, 'after insert', 179, 'nopenj1234', '2019-11-11 00:00:00', '2222-02-22 00:00:00', 'OFFLINE', 'FULL PAYMENT', 'nonaktif', 1, 2, '2020-06-22 06:42:38', '2020-06-22 06:45:37', 1, 1, 5904),
(280, 'after insert', 180, 'nopenj1234', '2019-11-11 00:00:00', '2222-02-22 00:00:00', 'OFFLINE', 'FULL PAYMENT', 'nonaktif', 1, 2, '2020-06-22 06:44:01', '2020-06-22 06:45:35', 1, 1, 5905),
(281, 'after insert', 181, 'nompern1234', '2019-11-11 00:00:00', '2222-02-22 00:00:00', 'OFFLINE', 'FULL PAYMENT', 'AKTIF', 1, 2, '2020-06-22 06:44:21', '2020-06-22 06:44:21', 1, 1, 5906),
(282, 'after insert', 182, 'nopenj90', '2019-11-11 00:00:00', '2222-02-22 00:00:00', 'OFFLINE', 'FULL PAYMENT', 'nonaktif', 1, 2, '2020-06-22 06:45:17', '2020-06-22 06:45:33', 1, 1, 5907),
(283, 'after insert', 183, 'anomorpenjualan1', '2018-11-11 00:00:00', '2222-02-22 00:00:00', 'ONLINE', 'DP', 'AKTIF', 1, 2, '2020-06-22 09:39:50', '2020-06-22 06:55:38', 1, 1, 5908),
(284, 'after insert', 184, 'anomorpenjualan4', '2018-02-22 00:00:00', '3333-03-31 00:00:00', 'ONLINE', 'DP', 'AKTIF', 1, 2, '2020-06-22 05:37:45', '2020-06-27 11:07:50', 1, 1, 5909),
(285, 'after insert', 185, 'anopenj12', '2018-11-11 00:00:00', '2222-02-22 00:00:00', 'OFFLINE', 'FULL PAYMENT', 'nonaktif', 1, 2, '2020-06-22 06:42:00', '2020-06-22 06:45:42', 1, 1, 5910),
(286, 'after insert', 186, 'anopenj123', '2018-11-11 00:00:00', '2222-02-22 00:00:00', 'OFFLINE', 'FULL PAYMENT', 'nonaktif', 1, 2, '2020-06-22 06:42:24', '2020-06-22 06:45:40', 1, 1, 5911),
(287, 'after insert', 187, 'anopenj1234', '2018-11-11 00:00:00', '2222-02-22 00:00:00', 'OFFLINE', 'FULL PAYMENT', 'nonaktif', 1, 2, '2020-06-22 06:42:38', '2020-06-22 06:45:37', 1, 1, 5912),
(288, 'after insert', 188, 'anopenj1234', '2018-11-11 00:00:00', '2222-02-22 00:00:00', 'OFFLINE', 'FULL PAYMENT', 'nonaktif', 1, 2, '2020-06-22 06:44:01', '2020-06-22 06:45:35', 1, 1, 5913),
(289, 'after insert', 189, 'anompern1234', '2018-11-11 00:00:00', '2222-02-22 00:00:00', 'OFFLINE', 'FULL PAYMENT', 'AKTIF', 1, 2, '2020-06-22 06:44:21', '2020-06-22 06:44:21', 1, 1, 5914),
(290, 'after insert', 190, 'anopenj90', '2018-11-11 00:00:00', '2222-02-22 00:00:00', 'OFFLINE', 'FULL PAYMENT', 'nonaktif', 1, 2, '2020-06-22 06:45:17', '2020-06-22 06:45:33', 1, 1, 5915),
(291, 'after insert', 191, 'nomorpenjualan1', '2019-03-11 00:00:00', '2222-02-22 00:00:00', 'ONLINE', 'DP', 'AKTIF', 1, 2, '2020-06-22 09:39:50', '2020-06-22 06:55:38', 1, 1, 5916),
(292, 'after insert', 192, 'nomorpenjualan4', '2019-02-22 00:00:00', '3333-03-31 00:00:00', 'ONLINE', 'DP', 'AKTIF', 1, 2, '2020-06-22 05:37:45', '2020-06-27 11:07:50', 1, 1, 5917),
(293, 'after insert', 193, 'nopenj12', '2019-03-11 00:00:00', '2222-02-22 00:00:00', 'OFFLINE', 'FULL PAYMENT', 'nonaktif', 1, 2, '2020-06-22 06:42:00', '2020-06-22 06:45:42', 1, 1, 5918),
(294, 'after insert', 194, 'nopenj123', '2019-03-11 00:00:00', '2222-02-22 00:00:00', 'OFFLINE', 'FULL PAYMENT', 'nonaktif', 1, 2, '2020-06-22 06:42:24', '2020-06-22 06:45:40', 1, 1, 5919),
(295, 'after insert', 195, 'nopenj1234', '2019-03-11 00:00:00', '2222-02-22 00:00:00', 'OFFLINE', 'FULL PAYMENT', 'nonaktif', 1, 2, '2020-06-22 06:42:38', '2020-06-22 06:45:37', 1, 1, 5920),
(296, 'after insert', 196, 'nopenj1234', '2019-02-11 00:00:00', '2222-02-22 00:00:00', 'OFFLINE', 'FULL PAYMENT', 'nonaktif', 1, 2, '2020-06-22 06:44:01', '2020-06-22 06:45:35', 1, 1, 5921),
(297, 'after insert', 197, 'nompern1234', '2019-02-11 00:00:00', '2222-02-22 00:00:00', 'OFFLINE', 'FULL PAYMENT', 'AKTIF', 1, 2, '2020-06-22 06:44:21', '2020-06-22 06:44:21', 1, 1, 5922),
(298, 'after insert', 198, 'nopenj90', '2019-02-11 00:00:00', '2222-02-22 00:00:00', 'OFFLINE', 'FULL PAYMENT', 'nonaktif', 1, 2, '2020-06-22 06:45:17', '2020-06-22 06:45:33', 1, 1, 5923),
(299, 'after insert', 199, 'anomorpenjualan1', '2018-02-11 00:00:00', '2222-02-22 00:00:00', 'ONLINE', 'DP', 'AKTIF', 1, 2, '2020-06-22 09:39:50', '2020-06-22 06:55:38', 1, 1, 5924),
(300, 'after insert', 200, 'anomorpenjualan4', '2018-02-22 00:00:00', '3333-03-31 00:00:00', 'ONLINE', 'DP', 'AKTIF', 1, 2, '2020-06-22 05:37:45', '2020-06-27 11:07:50', 1, 1, 5925),
(301, 'after insert', 201, 'anopenj12', '2018-01-11 00:00:00', '2222-02-22 00:00:00', 'OFFLINE', 'FULL PAYMENT', 'nonaktif', 1, 2, '2020-06-22 06:42:00', '2020-06-22 06:45:42', 1, 1, 5926),
(302, 'after insert', 202, 'anopenj123', '2018-01-11 00:00:00', '2222-02-22 00:00:00', 'OFFLINE', 'FULL PAYMENT', 'nonaktif', 1, 2, '2020-06-22 06:42:24', '2020-06-22 06:45:40', 1, 1, 5927),
(303, 'after insert', 203, 'anopenj1234', '2018-01-11 00:00:00', '2222-02-22 00:00:00', 'OFFLINE', 'FULL PAYMENT', 'nonaktif', 1, 2, '2020-06-22 06:42:38', '2020-06-22 06:45:37', 1, 1, 5928),
(304, 'after insert', 204, 'anopenj1234', '2018-01-11 00:00:00', '2222-02-22 00:00:00', 'OFFLINE', 'FULL PAYMENT', 'nonaktif', 1, 2, '2020-06-22 06:44:01', '2020-06-22 06:45:35', 1, 1, 5929),
(305, 'after insert', 205, 'anompern1234', '2018-09-11 00:00:00', '2222-02-22 00:00:00', 'OFFLINE', 'FULL PAYMENT', 'AKTIF', 1, 2, '2020-06-22 06:44:21', '2020-06-22 06:44:21', 1, 1, 5930),
(306, 'after insert', 206, 'anopenj90', '2018-09-11 00:00:00', '2222-02-22 00:00:00', 'OFFLINE', 'FULL PAYMENT', 'nonaktif', 1, 2, '2020-06-22 06:45:17', '2020-06-22 06:45:33', 1, 1, 5931),
(307, 'after insert', 207, 'nomorpenjualan1', '2019-03-11 00:00:00', '2222-02-22 00:00:00', 'ONLINE', 'DP', 'AKTIF', 1, 2, '2020-06-22 09:39:50', '2020-06-22 06:55:38', 1, 1, 5932),
(308, 'after insert', 208, 'nomorpenjualan4', '2019-02-22 00:00:00', '3333-03-31 00:00:00', 'ONLINE', 'DP', 'AKTIF', 1, 2, '2020-06-22 05:37:45', '2020-06-27 11:07:50', 1, 1, 5933),
(309, 'after insert', 209, 'nopenj12', '2019-08-11 00:00:00', '2222-02-22 00:00:00', 'OFFLINE', 'FULL PAYMENT', 'aktif', 1, 2, '2020-06-22 06:42:00', '2020-06-22 06:45:42', 1, 1, 5934),
(310, 'after insert', 210, 'nopenj123', '2019-08-11 00:00:00', '2222-02-22 00:00:00', 'OFFLINE', 'FULL PAYMENT', 'aktif', 1, 2, '2020-06-22 06:42:24', '2020-06-22 06:45:40', 1, 1, 5935),
(311, 'after insert', 211, 'nopenj1234', '2019-08-11 00:00:00', '2222-02-22 00:00:00', 'OFFLINE', 'FULL PAYMENT', 'aktif', 1, 2, '2020-06-22 06:42:38', '2020-06-22 06:45:37', 1, 1, 5936),
(312, 'after insert', 212, 'nopenj1234', '2019-02-11 00:00:00', '2222-02-22 00:00:00', 'OFFLINE', 'FULL PAYMENT', 'aktif', 1, 2, '2020-06-22 06:44:01', '2020-06-22 06:45:35', 1, 1, 5937),
(313, 'after insert', 213, 'nompern1234', '2019-02-11 00:00:00', '2222-02-22 00:00:00', 'OFFLINE', 'FULL PAYMENT', 'AKTIF', 1, 2, '2020-06-22 06:44:21', '2020-06-22 06:44:21', 1, 1, 5938),
(314, 'after insert', 214, 'nopenj90', '2019-02-11 00:00:00', '2222-02-22 00:00:00', 'OFFLINE', 'FULL PAYMENT', 'aktif', 1, 2, '2020-06-22 06:45:17', '2020-06-22 06:45:33', 1, 1, 5939),
(315, 'after insert', 215, 'anomorpenjualan1', '2018-02-11 00:00:00', '2222-02-22 00:00:00', 'ONLINE', 'DP', 'AKTIF', 1, 2, '2020-06-22 09:39:50', '2020-06-22 06:55:38', 1, 1, 5940),
(316, 'after insert', 216, 'anomorpenjualan4', '2018-02-22 00:00:00', '3333-08-31 00:00:00', 'ONLINE', 'DP', 'AKTIF', 1, 2, '2020-06-22 05:37:45', '2020-06-27 11:07:50', 1, 1, 5941),
(317, 'after insert', 217, 'anopenj12', '2018-12-11 00:00:00', '2222-02-22 00:00:00', 'OFFLINE', 'FULL PAYMENT', 'aktif', 1, 2, '2020-06-22 06:42:00', '2020-06-22 06:45:42', 1, 1, 5942),
(318, 'after insert', 218, 'anopenj123', '2018-12-11 00:00:00', '2222-02-22 00:00:00', 'OFFLINE', 'FULL PAYMENT', 'aktif', 1, 2, '2020-06-22 06:42:24', '2020-06-22 06:45:40', 1, 1, 5943),
(319, 'after insert', 219, 'anopenj1234', '2018-12-11 00:00:00', '2222-02-22 00:00:00', 'OFFLINE', 'FULL PAYMENT', 'aktif', 1, 2, '2020-06-22 06:42:38', '2020-06-22 06:45:37', 1, 1, 5944),
(320, 'after insert', 220, 'anopenj1234', '2018-12-11 00:00:00', '2222-02-22 00:00:00', 'OFFLINE', 'FULL PAYMENT', 'aktif', 1, 2, '2020-06-22 06:44:01', '2020-06-22 06:45:35', 1, 1, 5945),
(321, 'after insert', 221, 'anompern1234', '2018-04-11 00:00:00', '2222-02-22 00:00:00', 'OFFLINE', 'FULL PAYMENT', 'AKTIF', 1, 2, '2020-06-22 06:44:21', '2020-06-22 06:44:21', 1, 1, 5946),
(322, 'after insert', 222, 'anopenj90', '2018-04-11 00:00:00', '2222-02-22 00:00:00', 'OFFLINE', 'FULL PAYMENT', 'aktif', 1, 2, '2020-06-22 06:45:17', '2020-06-22 06:45:33', 1, 1, 5947),
(323, 'after insert', 223, 'nomorpenjualan1', '2020-03-11 00:00:00', '2222-02-22 00:00:00', 'ONLINE', 'DP', 'AKTIF', 1, 2, '2020-06-22 09:39:50', '2020-06-22 06:55:38', 1, 1, 5948),
(324, 'after insert', 224, 'nomorpenjualan4', '2020-02-22 00:00:00', '3333-03-31 00:00:00', 'ONLINE', 'DP', 'AKTIF', 1, 2, '2020-06-22 05:37:45', '2020-06-27 11:07:50', 1, 1, 5949),
(325, 'after insert', 225, 'nopenj12', '2020-08-11 00:00:00', '2222-02-22 00:00:00', 'OFFLINE', 'FULL PAYMENT', 'aktif', 1, 2, '2020-06-22 06:42:00', '2020-06-22 06:45:42', 1, 1, 5950),
(326, 'after insert', 226, 'nopenj123', '2020-08-11 00:00:00', '2222-02-22 00:00:00', 'OFFLINE', 'FULL PAYMENT', 'aktif', 1, 2, '2020-06-22 06:42:24', '2020-06-22 06:45:40', 1, 1, 5951),
(327, 'after insert', 227, 'nopenj1234', '2020-08-11 00:00:00', '2222-02-22 00:00:00', 'OFFLINE', 'FULL PAYMENT', 'aktif', 1, 2, '2020-06-22 06:42:38', '2020-06-22 06:45:37', 1, 1, 5952),
(328, 'after insert', 228, 'nopenj1234', '2020-02-11 00:00:00', '2222-02-22 00:00:00', 'OFFLINE', 'FULL PAYMENT', 'aktif', 1, 2, '2020-06-22 06:44:01', '2020-06-22 06:45:35', 1, 1, 5953),
(329, 'after insert', 229, 'nompern1234', '2020-02-11 00:00:00', '2222-02-22 00:00:00', 'OFFLINE', 'FULL PAYMENT', 'AKTIF', 1, 2, '2020-06-22 06:44:21', '2020-06-22 06:44:21', 1, 1, 5954),
(330, 'after insert', 230, 'nopenj90', '2020-02-11 00:00:00', '2222-02-22 00:00:00', 'OFFLINE', 'FULL PAYMENT', 'aktif', 1, 2, '2020-06-22 06:45:17', '2020-06-22 06:45:33', 1, 1, 5955),
(331, 'after insert', 231, 'anomorpenjualan1', '2020-02-11 00:00:00', '2222-02-22 00:00:00', 'ONLINE', 'DP', 'AKTIF', 1, 2, '2020-06-22 09:39:50', '2020-06-22 06:55:38', 1, 1, 5956),
(332, 'after insert', 232, 'anomorpenjualan4', '2020-02-22 00:00:00', '3333-08-31 00:00:00', 'ONLINE', 'DP', 'AKTIF', 1, 2, '2020-06-22 05:37:45', '2020-06-27 11:07:50', 1, 1, 5957),
(333, 'after insert', 233, 'anopenj12', '2020-12-11 00:00:00', '2222-02-22 00:00:00', 'OFFLINE', 'FULL PAYMENT', 'aktif', 1, 2, '2020-06-22 06:42:00', '2020-06-22 06:45:42', 1, 1, 5958),
(334, 'after insert', 234, 'anopenj123', '2020-12-11 00:00:00', '2222-02-22 00:00:00', 'OFFLINE', 'FULL PAYMENT', 'aktif', 1, 2, '2020-06-22 06:42:24', '2020-06-22 06:45:40', 1, 1, 5959),
(335, 'after insert', 235, 'anopenj1234', '2020-12-11 00:00:00', '2222-02-22 00:00:00', 'OFFLINE', 'FULL PAYMENT', 'aktif', 1, 2, '2020-06-22 06:42:38', '2020-06-22 06:45:37', 1, 1, 5960),
(336, 'after insert', 236, 'anopenj1234', '2020-12-11 00:00:00', '2222-02-22 00:00:00', 'OFFLINE', 'FULL PAYMENT', 'aktif', 1, 2, '2020-06-22 06:44:01', '2020-06-22 06:45:35', 1, 1, 5961),
(337, 'after insert', 237, 'anompern1234', '2020-04-11 00:00:00', '2222-02-22 00:00:00', 'OFFLINE', 'FULL PAYMENT', 'AKTIF', 1, 2, '2020-06-22 06:44:21', '2020-06-22 06:44:21', 1, 1, 5962),
(338, 'after insert', 238, 'anopenj90', '2020-04-11 00:00:00', '2222-02-22 00:00:00', 'OFFLINE', 'FULL PAYMENT', 'aktif', 1, 2, '2020-06-22 06:45:17', '2020-06-22 06:45:33', 1, 1, 5963),
(339, 'after insert', 239, 'nomorpenjualan1', '2020-03-11 00:00:00', '2222-02-22 00:00:00', 'ONLINE', 'DP', 'AKTIF', 1, 2, '2020-06-22 09:39:50', '2020-06-22 06:55:38', 1, 1, 5964),
(340, 'after insert', 240, 'nomorpenjualan4', '2020-02-22 00:00:00', '3333-03-31 00:00:00', 'ONLINE', 'DP', 'AKTIF', 1, 2, '2020-06-22 05:37:45', '2020-06-27 11:07:50', 1, 1, 5965),
(341, 'after insert', 241, 'nopenj12', '2020-05-11 00:00:00', '2222-02-22 00:00:00', 'OFFLINE', 'FULL PAYMENT', 'aktif', 1, 2, '2020-06-22 06:42:00', '2020-06-22 06:45:42', 1, 1, 5966),
(342, 'after insert', 242, 'nopenj123', '2020-05-11 00:00:00', '2222-02-22 00:00:00', 'OFFLINE', 'FULL PAYMENT', 'aktif', 1, 2, '2020-06-22 06:42:24', '2020-06-22 06:45:40', 1, 1, 5967),
(343, 'after insert', 243, 'nopenj1234', '2020-05-11 00:00:00', '2222-02-22 00:00:00', 'OFFLINE', 'FULL PAYMENT', 'aktif', 1, 2, '2020-06-22 06:42:38', '2020-06-22 06:45:37', 1, 1, 5968),
(344, 'after insert', 244, 'nopenj1234', '2020-02-11 00:00:00', '2222-02-22 00:00:00', 'OFFLINE', 'FULL PAYMENT', 'aktif', 1, 2, '2020-06-22 06:44:01', '2020-06-22 06:45:35', 1, 1, 5969),
(345, 'after insert', 245, 'MSTRCABANG3-PENJUALAN-2020-07-', '2020-07-18 00:00:00', '1111-11-11 00:00:00', 'OFFLINE', 'FULL PAYMENT', 'AKTIF', 1, 2, '2020-07-11 05:51:38', '2020-07-11 05:51:38', 1, 1, 6810),
(346, 'after insert', 246, 'MSTRCABANG3-PENJUALAN-2020-07-', '2020-07-18 00:00:00', '1111-11-11 00:00:00', 'OFFLINE', 'FULL PAYMENT', 'AKTIF', 1, 2, '2020-07-11 05:52:13', '2020-07-11 05:52:13', 1, 1, 6811),
(347, 'after insert', 247, 'MSTRCABANG3-PENJUALAN-2020-07-', '2020-07-18 00:00:00', '1111-11-11 00:00:00', 'OFFLINE', 'FULL PAYMENT', 'AKTIF', 1, 2, '2020-07-11 05:52:14', '2020-07-11 05:52:14', 1, 1, 6812),
(348, 'after update', 247, 'MSTRCABANG3-PENJUALAN-2020-07-', '2020-07-18 00:00:00', '1111-11-11 00:00:00', 'OFFLINE', 'FULL PAYMENT', 'nonaktif', 1, 2, '2020-07-11 05:52:14', '2020-07-11 05:52:23', 1, 1, 6813),
(349, 'after insert', 248, 'MSTRCABANG3-PENJUALAN-2020-07-', '2020-07-18 00:00:00', '1111-11-11 00:00:00', 'OFFLINE', 'FULL PAYMENT', 'AKTIF', 1, 2, '2020-07-11 05:52:25', '2020-07-11 05:52:25', 1, 1, 6814),
(350, 'after update', 246, 'MSTRCABANG3-PENJUALAN-2020-07-', '2020-07-18 00:00:00', '1111-11-11 00:00:00', 'OFFLINE', 'FULL PAYMENT', 'nonaktif', 1, 2, '2020-07-11 05:52:13', '2020-07-11 05:52:30', 1, 1, 6815),
(351, 'after insert', 249, 'MSTRCABANG3-PENJUALAN-2020-07-', '2020-07-18 00:00:00', '1111-11-11 00:00:00', 'OFFLINE', 'FULL PAYMENT', 'AKTIF', 1, 2, '2020-07-11 05:52:33', '2020-07-11 05:52:33', 1, 1, 6816),
(352, 'after update', 249, 'MSTRCABANG3-PENJUALAN-2020-07-', '2020-07-18 00:00:00', '1111-11-11 00:00:00', 'OFFLINE', 'FULL PAYMENT', 'AKTIF', 1, 2, '2020-07-11 05:52:33', '2020-07-17 11:56:04', 1, 2, 8357),
(353, 'after update', 249, 'MSTRCABANG3-PENJUALAN-2020-07-', '2020-07-18 00:00:00', '1111-11-11 00:00:00', 'ONLINE', 'FULL PAYMENT', 'AKTIF', 1, 2, '2020-07-11 05:52:33', '2020-07-18 12:36:12', 1, 2, 8465),
(354, 'after update', 249, 'MSTRCABANG3-PENJUALAN-2020-07-', '2020-07-18 00:00:00', '1111-11-11 00:00:00', 'ONLINE', 'FULL PAYMENT', 'AKTIF', 1, 2, '2020-07-11 05:52:33', '2020-07-18 12:42:38', 1, 2, 8524),
(355, 'after update', 249, 'MSTRCABANG3-PENJUALAN-2020-07-', '2020-07-18 00:00:00', '1111-11-11 00:00:00', 'ONLINE', 'FULL PAYMENT', 'AKTIF', 1, 2, '2020-07-11 05:52:33', '2020-07-18 12:43:13', 1, 2, 8527),
(356, 'after update', 249, 'MSTRCABANG3-PENJUALAN-2020-07-', '2020-07-18 00:00:00', '1111-11-11 00:00:00', 'ONLINE', 'FULL PAYMENT', 'AKTIF', 1, 2, '2020-07-11 05:52:33', '2020-07-18 12:46:27', 1, 2, 8530),
(357, 'after update', 1, 'nomorpenjualan1', '2020-09-09 00:00:00', '2222-02-22 00:00:00', 'ONLINE', 'DP', 'AKTIF', 1, 1, '2020-06-22 09:39:50', '2020-06-22 06:55:38', 1, 2, 8695),
(358, 'after update', 2, 'nomorpenjualan4', '2020-09-09 00:00:00', '3333-03-31 00:00:00', 'ONLINE', 'DP', 'AKTIF', 1, 1, '2020-06-22 05:37:45', '2020-06-27 11:07:50', 1, 2, 8696),
(359, 'after update', 3, 'nopenj12', '2020-09-09 00:00:00', '2222-02-22 00:00:00', 'OFFLINE', 'FULL PAYMENT', 'AKTIF', 1, 1, '2020-06-22 06:42:00', '2020-06-22 06:45:42', 1, 2, 8697),
(360, 'after update', 4, 'nopenj123', '2020-09-09 00:00:00', '2222-02-22 00:00:00', 'OFFLINE', 'FULL PAYMENT', 'AKTIF', 1, 1, '2020-06-22 06:42:24', '2020-06-22 06:45:40', 1, 2, 8698),
(361, 'after update', 5, 'nopenj1234', '2020-06-09 00:00:00', '2222-02-22 00:00:00', 'OFFLINE', 'FULL PAYMENT', 'AKTIF', 1, 1, '2020-06-22 06:42:38', '2020-06-22 06:45:37', 1, 2, 8699),
(362, 'after update', 6, 'nopenj1234', '2020-06-09 00:00:00', '2222-02-22 00:00:00', 'OFFLINE', 'FULL PAYMENT', 'AKTIF', 1, 1, '2020-06-22 06:44:01', '2020-06-22 06:45:35', 1, 2, 8700),
(363, 'after update', 7, 'nompern1234', '2020-06-09 00:00:00', '2222-02-22 00:00:00', 'OFFLINE', 'FULL PAYMENT', 'AKTIF', 1, 1, '2020-06-22 06:44:21', '2020-06-22 06:44:21', 1, 2, 8701),
(364, 'after update', 8, 'nopenj90', '2020-05-09 00:00:00', '2222-02-22 00:00:00', 'OFFLINE', 'FULL PAYMENT', 'AKTIF', 1, 1, '2020-06-22 06:45:17', '2020-06-22 06:45:33', 1, 2, 8702),
(365, 'after update', 9, 'nomorpenjualan1', '2019-11-11 00:00:00', '2222-02-22 00:00:00', 'ONLINE', 'DP', 'AKTIF', 1, 1, '2020-06-22 09:39:50', '2020-06-22 06:55:38', 1, 2, 8703),
(366, 'after update', 10, 'nomorpenjualan4', '2019-02-22 00:00:00', '3333-03-31 00:00:00', 'ONLINE', 'DP', 'AKTIF', 1, 1, '2020-06-22 05:37:45', '2020-06-27 11:07:50', 1, 2, 8704),
(367, 'after update', 11, 'nopenj12', '2019-11-11 00:00:00', '2222-02-22 00:00:00', 'OFFLINE', 'FULL PAYMENT', 'nonaktif', 1, 1, '2020-06-22 06:42:00', '2020-06-22 06:45:42', 1, 2, 8705),
(368, 'after update', 12, 'nopenj123', '2019-11-11 00:00:00', '2222-02-22 00:00:00', 'OFFLINE', 'FULL PAYMENT', 'nonaktif', 1, 1, '2020-06-22 06:42:24', '2020-06-22 06:45:40', 1, 2, 8706),
(369, 'after update', 13, 'nopenj1234', '2019-11-11 00:00:00', '2222-02-22 00:00:00', 'OFFLINE', 'FULL PAYMENT', 'nonaktif', 1, 1, '2020-06-22 06:42:38', '2020-06-22 06:45:37', 1, 2, 8707),
(370, 'after update', 14, 'nopenj1234', '2019-11-11 00:00:00', '2222-02-22 00:00:00', 'OFFLINE', 'FULL PAYMENT', 'nonaktif', 1, 1, '2020-06-22 06:44:01', '2020-06-22 06:45:35', 1, 2, 8708),
(371, 'after update', 15, 'nompern1234', '2019-11-11 00:00:00', '2222-02-22 00:00:00', 'OFFLINE', 'FULL PAYMENT', 'AKTIF', 1, 1, '2020-06-22 06:44:21', '2020-06-22 06:44:21', 1, 2, 8709),
(372, 'after update', 16, 'nopenj90', '2019-11-11 00:00:00', '2222-02-22 00:00:00', 'OFFLINE', 'FULL PAYMENT', 'nonaktif', 1, 1, '2020-06-22 06:45:17', '2020-06-22 06:45:33', 1, 2, 8710),
(373, 'after update', 17, 'anomorpenjualan1', '2018-11-11 00:00:00', '2222-02-22 00:00:00', 'ONLINE', 'DP', 'AKTIF', 1, 1, '2020-06-22 09:39:50', '2020-06-22 06:55:38', 1, 2, 8711),
(374, 'after update', 18, 'anomorpenjualan4', '2018-02-22 00:00:00', '3333-03-31 00:00:00', 'ONLINE', 'DP', 'AKTIF', 1, 1, '2020-06-22 05:37:45', '2020-06-27 11:07:50', 1, 2, 8712),
(375, 'after update', 19, 'anopenj12', '2018-11-11 00:00:00', '2222-02-22 00:00:00', 'OFFLINE', 'FULL PAYMENT', 'nonaktif', 1, 1, '2020-06-22 06:42:00', '2020-06-22 06:45:42', 1, 2, 8713),
(376, 'after update', 20, 'anopenj123', '2018-11-11 00:00:00', '2222-02-22 00:00:00', 'OFFLINE', 'FULL PAYMENT', 'nonaktif', 1, 1, '2020-06-22 06:42:24', '2020-06-22 06:45:40', 1, 2, 8714),
(377, 'after update', 21, 'anopenj1234', '2018-11-11 00:00:00', '2222-02-22 00:00:00', 'OFFLINE', 'FULL PAYMENT', 'nonaktif', 1, 1, '2020-06-22 06:42:38', '2020-06-22 06:45:37', 1, 2, 8715),
(378, 'after update', 22, 'anopenj1234', '2018-11-11 00:00:00', '2222-02-22 00:00:00', 'OFFLINE', 'FULL PAYMENT', 'nonaktif', 1, 1, '2020-06-22 06:44:01', '2020-06-22 06:45:35', 1, 2, 8716),
(379, 'after update', 23, 'anompern1234', '2018-11-11 00:00:00', '2222-02-22 00:00:00', 'OFFLINE', 'FULL PAYMENT', 'AKTIF', 1, 1, '2020-06-22 06:44:21', '2020-06-22 06:44:21', 1, 2, 8717),
(380, 'after update', 24, 'anopenj90', '2018-11-11 00:00:00', '2222-02-22 00:00:00', 'OFFLINE', 'FULL PAYMENT', 'nonaktif', 1, 1, '2020-06-22 06:45:17', '2020-06-22 06:45:33', 1, 2, 8718),
(381, 'after update', 25, 'nomorpenjualan1', '2019-03-11 00:00:00', '2222-02-22 00:00:00', 'ONLINE', 'DP', 'AKTIF', 1, 1, '2020-06-22 09:39:50', '2020-06-22 06:55:38', 1, 2, 8719),
(382, 'after update', 26, 'nomorpenjualan4', '2019-02-22 00:00:00', '3333-03-31 00:00:00', 'ONLINE', 'DP', 'AKTIF', 1, 1, '2020-06-22 05:37:45', '2020-06-27 11:07:50', 1, 2, 8720),
(383, 'after update', 27, 'nopenj12', '2019-03-11 00:00:00', '2222-02-22 00:00:00', 'OFFLINE', 'FULL PAYMENT', 'nonaktif', 1, 1, '2020-06-22 06:42:00', '2020-06-22 06:45:42', 1, 2, 8721),
(384, 'after update', 28, 'nopenj123', '2019-03-11 00:00:00', '2222-02-22 00:00:00', 'OFFLINE', 'FULL PAYMENT', 'nonaktif', 1, 1, '2020-06-22 06:42:24', '2020-06-22 06:45:40', 1, 2, 8722),
(385, 'after update', 29, 'nopenj1234', '2019-03-11 00:00:00', '2222-02-22 00:00:00', 'OFFLINE', 'FULL PAYMENT', 'nonaktif', 1, 1, '2020-06-22 06:42:38', '2020-06-22 06:45:37', 1, 2, 8723),
(386, 'after update', 30, 'nopenj1234', '2019-02-11 00:00:00', '2222-02-22 00:00:00', 'OFFLINE', 'FULL PAYMENT', 'nonaktif', 1, 1, '2020-06-22 06:44:01', '2020-06-22 06:45:35', 1, 2, 8724),
(387, 'after update', 31, 'nompern1234', '2019-02-11 00:00:00', '2222-02-22 00:00:00', 'OFFLINE', 'FULL PAYMENT', 'AKTIF', 1, 1, '2020-06-22 06:44:21', '2020-06-22 06:44:21', 1, 2, 8725),
(388, 'after update', 32, 'nopenj90', '2019-02-11 00:00:00', '2222-02-22 00:00:00', 'OFFLINE', 'FULL PAYMENT', 'nonaktif', 1, 1, '2020-06-22 06:45:17', '2020-06-22 06:45:33', 1, 2, 8726),
(389, 'after update', 33, 'anomorpenjualan1', '2018-02-11 00:00:00', '2222-02-22 00:00:00', 'ONLINE', 'DP', 'AKTIF', 1, 1, '2020-06-22 09:39:50', '2020-06-22 06:55:38', 1, 2, 8727),
(390, 'after update', 34, 'anomorpenjualan4', '2018-02-22 00:00:00', '3333-03-31 00:00:00', 'ONLINE', 'DP', 'AKTIF', 1, 1, '2020-06-22 05:37:45', '2020-06-27 11:07:50', 1, 2, 8728),
(391, 'after update', 35, 'anopenj12', '2018-01-11 00:00:00', '2222-02-22 00:00:00', 'OFFLINE', 'FULL PAYMENT', 'nonaktif', 1, 1, '2020-06-22 06:42:00', '2020-06-22 06:45:42', 1, 2, 8729),
(392, 'after update', 36, 'anopenj123', '2018-01-11 00:00:00', '2222-02-22 00:00:00', 'OFFLINE', 'FULL PAYMENT', 'nonaktif', 1, 1, '2020-06-22 06:42:24', '2020-06-22 06:45:40', 1, 2, 8730),
(393, 'after update', 37, 'anopenj1234', '2018-01-11 00:00:00', '2222-02-22 00:00:00', 'OFFLINE', 'FULL PAYMENT', 'nonaktif', 1, 1, '2020-06-22 06:42:38', '2020-06-22 06:45:37', 1, 2, 8731),
(394, 'after update', 38, 'anopenj1234', '2018-01-11 00:00:00', '2222-02-22 00:00:00', 'OFFLINE', 'FULL PAYMENT', 'nonaktif', 1, 1, '2020-06-22 06:44:01', '2020-06-22 06:45:35', 1, 2, 8732),
(395, 'after update', 39, 'anompern1234', '2018-09-11 00:00:00', '2222-02-22 00:00:00', 'OFFLINE', 'FULL PAYMENT', 'AKTIF', 1, 1, '2020-06-22 06:44:21', '2020-06-22 06:44:21', 1, 2, 8733),
(396, 'after update', 40, 'anopenj90', '2018-09-11 00:00:00', '2222-02-22 00:00:00', 'OFFLINE', 'FULL PAYMENT', 'nonaktif', 1, 1, '2020-06-22 06:45:17', '2020-06-22 06:45:33', 1, 2, 8734),
(397, 'after update', 41, 'nomorpenjualan1', '2019-03-11 00:00:00', '2222-02-22 00:00:00', 'ONLINE', 'DP', 'AKTIF', 1, 1, '2020-06-22 09:39:50', '2020-06-22 06:55:38', 1, 2, 8735),
(398, 'after update', 42, 'nomorpenjualan4', '2019-02-22 00:00:00', '3333-03-31 00:00:00', 'ONLINE', 'DP', 'AKTIF', 1, 1, '2020-06-22 05:37:45', '2020-06-27 11:07:50', 1, 2, 8736),
(399, 'after update', 43, 'nopenj12', '2019-08-11 00:00:00', '2222-02-22 00:00:00', 'OFFLINE', 'FULL PAYMENT', 'aktif', 1, 1, '2020-06-22 06:42:00', '2020-06-22 06:45:42', 1, 2, 8737),
(400, 'after update', 44, 'nopenj123', '2019-08-11 00:00:00', '2222-02-22 00:00:00', 'OFFLINE', 'FULL PAYMENT', 'aktif', 1, 1, '2020-06-22 06:42:24', '2020-06-22 06:45:40', 1, 2, 8738),
(401, 'after update', 45, 'nopenj1234', '2019-08-11 00:00:00', '2222-02-22 00:00:00', 'OFFLINE', 'FULL PAYMENT', 'aktif', 1, 1, '2020-06-22 06:42:38', '2020-06-22 06:45:37', 1, 2, 8739),
(402, 'after update', 46, 'nopenj1234', '2019-02-11 00:00:00', '2222-02-22 00:00:00', 'OFFLINE', 'FULL PAYMENT', 'aktif', 1, 1, '2020-06-22 06:44:01', '2020-06-22 06:45:35', 1, 2, 8740),
(403, 'after update', 47, 'nompern1234', '2019-02-11 00:00:00', '2222-02-22 00:00:00', 'OFFLINE', 'FULL PAYMENT', 'AKTIF', 1, 1, '2020-06-22 06:44:21', '2020-06-22 06:44:21', 1, 2, 8741),
(404, 'after update', 48, 'nopenj90', '2019-02-11 00:00:00', '2222-02-22 00:00:00', 'OFFLINE', 'FULL PAYMENT', 'aktif', 1, 1, '2020-06-22 06:45:17', '2020-06-22 06:45:33', 1, 2, 8742),
(405, 'after update', 49, 'anomorpenjualan1', '2018-02-11 00:00:00', '2222-02-22 00:00:00', 'ONLINE', 'DP', 'AKTIF', 1, 1, '2020-06-22 09:39:50', '2020-06-22 06:55:38', 1, 2, 8743),
(406, 'after update', 50, 'anomorpenjualan4', '2018-02-22 00:00:00', '3333-08-31 00:00:00', 'ONLINE', 'DP', 'AKTIF', 1, 1, '2020-06-22 05:37:45', '2020-06-27 11:07:50', 1, 2, 8744),
(407, 'after update', 51, 'anopenj12', '2018-12-11 00:00:00', '2222-02-22 00:00:00', 'OFFLINE', 'FULL PAYMENT', 'aktif', 1, 1, '2020-06-22 06:42:00', '2020-06-22 06:45:42', 1, 2, 8745),
(408, 'after update', 52, 'anopenj123', '2018-12-11 00:00:00', '2222-02-22 00:00:00', 'OFFLINE', 'FULL PAYMENT', 'aktif', 1, 1, '2020-06-22 06:42:24', '2020-06-22 06:45:40', 1, 2, 8746),
(409, 'after update', 53, 'anopenj1234', '2018-12-11 00:00:00', '2222-02-22 00:00:00', 'OFFLINE', 'FULL PAYMENT', 'aktif', 1, 1, '2020-06-22 06:42:38', '2020-06-22 06:45:37', 1, 2, 8747),
(410, 'after update', 54, 'anopenj1234', '2018-12-11 00:00:00', '2222-02-22 00:00:00', 'OFFLINE', 'FULL PAYMENT', 'aktif', 1, 1, '2020-06-22 06:44:01', '2020-06-22 06:45:35', 1, 2, 8748),
(411, 'after update', 55, 'anompern1234', '2018-04-11 00:00:00', '2222-02-22 00:00:00', 'OFFLINE', 'FULL PAYMENT', 'AKTIF', 1, 1, '2020-06-22 06:44:21', '2020-06-22 06:44:21', 1, 2, 8749),
(412, 'after update', 56, 'anopenj90', '2018-04-11 00:00:00', '2222-02-22 00:00:00', 'OFFLINE', 'FULL PAYMENT', 'aktif', 1, 1, '2020-06-22 06:45:17', '2020-06-22 06:45:33', 1, 2, 8750),
(413, 'after update', 57, 'nomorpenjualan1', '2020-03-11 00:00:00', '2222-02-22 00:00:00', 'ONLINE', 'DP', 'AKTIF', 1, 1, '2020-06-22 09:39:50', '2020-06-22 06:55:38', 1, 2, 8751),
(414, 'after update', 58, 'nomorpenjualan4', '2020-02-22 00:00:00', '3333-03-31 00:00:00', 'ONLINE', 'DP', 'AKTIF', 1, 1, '2020-06-22 05:37:45', '2020-06-27 11:07:50', 1, 2, 8752),
(415, 'after update', 59, 'nopenj12', '2020-08-11 00:00:00', '2222-02-22 00:00:00', 'OFFLINE', 'FULL PAYMENT', 'aktif', 1, 1, '2020-06-22 06:42:00', '2020-06-22 06:45:42', 1, 2, 8753),
(416, 'after update', 60, 'nopenj123', '2020-08-11 00:00:00', '2222-02-22 00:00:00', 'OFFLINE', 'FULL PAYMENT', 'aktif', 1, 1, '2020-06-22 06:42:24', '2020-06-22 06:45:40', 1, 2, 8754),
(417, 'after update', 61, 'nopenj1234', '2020-08-11 00:00:00', '2222-02-22 00:00:00', 'OFFLINE', 'FULL PAYMENT', 'aktif', 1, 1, '2020-06-22 06:42:38', '2020-06-22 06:45:37', 1, 2, 8755),
(418, 'after update', 62, 'nopenj1234', '2020-02-11 00:00:00', '2222-02-22 00:00:00', 'OFFLINE', 'FULL PAYMENT', 'aktif', 1, 1, '2020-06-22 06:44:01', '2020-06-22 06:45:35', 1, 2, 8756),
(419, 'after update', 63, 'nompern1234', '2020-02-11 00:00:00', '2222-02-22 00:00:00', 'OFFLINE', 'FULL PAYMENT', 'AKTIF', 1, 1, '2020-06-22 06:44:21', '2020-06-22 06:44:21', 1, 2, 8757),
(420, 'after update', 64, 'nopenj90', '2020-02-11 00:00:00', '2222-02-22 00:00:00', 'OFFLINE', 'FULL PAYMENT', 'aktif', 1, 1, '2020-06-22 06:45:17', '2020-06-22 06:45:33', 1, 2, 8758),
(421, 'after update', 65, 'anomorpenjualan1', '2020-02-11 00:00:00', '2222-02-22 00:00:00', 'ONLINE', 'DP', 'AKTIF', 1, 1, '2020-06-22 09:39:50', '2020-06-22 06:55:38', 1, 2, 8759),
(422, 'after update', 66, 'anomorpenjualan4', '2020-02-22 00:00:00', '3333-08-31 00:00:00', 'ONLINE', 'DP', 'AKTIF', 1, 1, '2020-06-22 05:37:45', '2020-06-27 11:07:50', 1, 2, 8760),
(423, 'after update', 67, 'anopenj12', '2020-12-11 00:00:00', '2222-02-22 00:00:00', 'OFFLINE', 'FULL PAYMENT', 'aktif', 1, 1, '2020-06-22 06:42:00', '2020-06-22 06:45:42', 1, 2, 8761),
(424, 'after update', 68, 'anopenj123', '2020-12-11 00:00:00', '2222-02-22 00:00:00', 'OFFLINE', 'FULL PAYMENT', 'aktif', 1, 1, '2020-06-22 06:42:24', '2020-06-22 06:45:40', 1, 2, 8762),
(425, 'after update', 69, 'anopenj1234', '2020-12-11 00:00:00', '2222-02-22 00:00:00', 'OFFLINE', 'FULL PAYMENT', 'aktif', 1, 1, '2020-06-22 06:42:38', '2020-06-22 06:45:37', 1, 2, 8763),
(426, 'after update', 70, 'anopenj1234', '2020-12-11 00:00:00', '2222-02-22 00:00:00', 'OFFLINE', 'FULL PAYMENT', 'aktif', 1, 1, '2020-06-22 06:44:01', '2020-06-22 06:45:35', 1, 2, 8764),
(427, 'after update', 71, 'anompern1234', '2020-04-11 00:00:00', '2222-02-22 00:00:00', 'OFFLINE', 'FULL PAYMENT', 'AKTIF', 1, 1, '2020-06-22 06:44:21', '2020-06-22 06:44:21', 1, 2, 8765),
(428, 'after update', 72, 'anopenj90', '2020-04-11 00:00:00', '2222-02-22 00:00:00', 'OFFLINE', 'FULL PAYMENT', 'aktif', 1, 1, '2020-06-22 06:45:17', '2020-06-22 06:45:33', 1, 2, 8766),
(429, 'after update', 73, 'nomorpenjualan1', '2020-03-11 00:00:00', '2222-02-22 00:00:00', 'ONLINE', 'DP', 'AKTIF', 1, 1, '2020-06-22 09:39:50', '2020-06-22 06:55:38', 1, 2, 8767),
(430, 'after update', 74, 'nomorpenjualan4', '2020-02-22 00:00:00', '3333-03-31 00:00:00', 'ONLINE', 'DP', 'AKTIF', 1, 1, '2020-06-22 05:37:45', '2020-06-27 11:07:50', 1, 2, 8768),
(431, 'after update', 75, 'nopenj12', '2020-05-11 00:00:00', '2222-02-22 00:00:00', 'OFFLINE', 'FULL PAYMENT', 'aktif', 1, 1, '2020-06-22 06:42:00', '2020-06-22 06:45:42', 1, 2, 8769),
(432, 'after update', 76, 'nopenj123', '2020-05-11 00:00:00', '2222-02-22 00:00:00', 'OFFLINE', 'FULL PAYMENT', 'aktif', 1, 1, '2020-06-22 06:42:24', '2020-06-22 06:45:40', 1, 2, 8770),
(433, 'after update', 77, 'nopenj1234', '2020-05-11 00:00:00', '2222-02-22 00:00:00', 'OFFLINE', 'FULL PAYMENT', 'aktif', 1, 1, '2020-06-22 06:42:38', '2020-06-22 06:45:37', 1, 2, 8771),
(434, 'after update', 78, 'nopenj1234', '2020-02-11 00:00:00', '2222-02-22 00:00:00', 'OFFLINE', 'FULL PAYMENT', 'aktif', 1, 1, '2020-06-22 06:44:01', '2020-06-22 06:45:35', 1, 2, 8772),
(435, 'after update', 79, 'nompern1234', '2020-06-11 00:00:00', '2222-06-22 00:00:00', 'OFFLINE', 'FULL PAYMENT', 'AKTIF', 1, 1, '2020-06-22 06:44:21', '2020-06-22 06:44:21', 1, 2, 8773),
(436, 'after update', 80, 'nopenj90', '2020-06-11 00:00:00', '2222-06-22 00:00:00', 'OFFLINE', 'FULL PAYMENT', 'aktif', 1, 1, '2020-06-22 06:45:17', '2020-06-22 06:45:33', 1, 2, 8774),
(437, 'after update', 81, 'anomorpenjualan1', '2020-06-11 00:00:00', '2222-02-22 00:00:00', 'ONLINE', 'DP', 'AKTIF', 1, 1, '2020-06-22 09:39:50', '2020-06-22 06:55:38', 1, 2, 8775),
(438, 'after update', 82, 'anomorpenjualan4', '2020-02-22 00:00:00', '3333-08-31 00:00:00', 'ONLINE', 'DP', 'AKTIF', 1, 1, '2020-06-22 05:37:45', '2020-06-27 11:07:50', 1, 2, 8776),
(439, 'after update', 83, 'anopenj12', '2020-09-11 00:00:00', '2222-02-22 00:00:00', 'OFFLINE', 'FULL PAYMENT', 'aktif', 1, 1, '2020-06-22 06:42:00', '2020-06-22 06:45:42', 1, 2, 8777),
(440, 'after update', 84, 'anopenj123', '2020-09-11 00:00:00', '2222-02-22 00:00:00', 'OFFLINE', 'FULL PAYMENT', 'aktif', 1, 1, '2020-06-22 06:42:24', '2020-06-22 06:45:40', 1, 2, 8778),
(441, 'after update', 85, 'anopenj1234', '2020-09-11 00:00:00', '2222-02-22 00:00:00', 'OFFLINE', 'FULL PAYMENT', 'aktif', 1, 1, '2020-06-22 06:42:38', '2020-06-22 06:45:37', 1, 2, 8779),
(442, 'after update', 86, 'anopenj1234', '2020-09-11 00:00:00', '2222-02-22 00:00:00', 'OFFLINE', 'FULL PAYMENT', 'aktif', 1, 1, '2020-06-22 06:44:01', '2020-06-22 06:45:35', 1, 2, 8780),
(443, 'after update', 87, 'anompern1234', '2020-04-11 00:00:00', '2222-02-22 00:00:00', 'OFFLINE', 'FULL PAYMENT', 'AKTIF', 1, 1, '2020-06-22 06:44:21', '2020-06-22 06:44:21', 1, 2, 8781),
(444, 'after update', 88, 'anopenj90', '2020-04-11 00:00:00', '2222-02-22 00:00:00', 'OFFLINE', 'FULL PAYMENT', 'aktif', 1, 1, '2020-06-22 06:45:17', '2020-06-22 06:45:33', 1, 2, 8782),
(445, 'after update', 89, 'nomorpenjualan1', '2020-09-09 00:00:00', '2222-02-22 00:00:00', 'ONLINE', 'DP', 'AKTIF', 1, 2, '2020-06-22 09:39:50', '2020-06-22 06:55:38', 1, 2, 8783),
(446, 'after update', 90, 'nomorpenjualan4', '2020-09-09 00:00:00', '3333-03-31 00:00:00', 'ONLINE', 'DP', 'AKTIF', 1, 2, '2020-06-22 05:37:45', '2020-06-27 11:07:50', 1, 2, 8784),
(447, 'after update', 91, 'nopenj12', '2020-09-09 00:00:00', '2222-02-22 00:00:00', 'OFFLINE', 'FULL PAYMENT', 'AKTIF', 1, 2, '2020-06-22 06:42:00', '2020-06-22 06:45:42', 1, 2, 8785),
(448, 'after update', 92, 'nopenj123', '2020-09-09 00:00:00', '2222-02-22 00:00:00', 'OFFLINE', 'FULL PAYMENT', 'AKTIF', 1, 2, '2020-06-22 06:42:24', '2020-06-22 06:45:40', 1, 2, 8786),
(449, 'after update', 93, 'nopenj1234', '2020-06-09 00:00:00', '2222-02-22 00:00:00', 'OFFLINE', 'FULL PAYMENT', 'AKTIF', 1, 2, '2020-06-22 06:42:38', '2020-06-22 06:45:37', 1, 2, 8787),
(450, 'after update', 94, 'nopenj1234', '2020-06-09 00:00:00', '2222-02-22 00:00:00', 'OFFLINE', 'FULL PAYMENT', 'AKTIF', 1, 2, '2020-06-22 06:44:01', '2020-06-22 06:45:35', 1, 2, 8788),
(451, 'after update', 95, 'nompern1234', '2020-06-09 00:00:00', '2222-02-22 00:00:00', 'OFFLINE', 'FULL PAYMENT', 'AKTIF', 1, 2, '2020-06-22 06:44:21', '2020-06-22 06:44:21', 1, 2, 8789),
(452, 'after update', 96, 'nopenj90', '2020-05-09 00:00:00', '2222-02-22 00:00:00', 'OFFLINE', 'FULL PAYMENT', 'AKTIF', 1, 2, '2020-06-22 06:45:17', '2020-06-22 06:45:33', 1, 2, 8790),
(453, 'after update', 97, 'nomorpenjualan1', '2019-11-11 00:00:00', '2222-02-22 00:00:00', 'ONLINE', 'DP', 'AKTIF', 1, 2, '2020-06-22 09:39:50', '2020-06-22 06:55:38', 1, 2, 8791),
(454, 'after update', 98, 'nomorpenjualan4', '2019-02-22 00:00:00', '3333-03-31 00:00:00', 'ONLINE', 'DP', 'AKTIF', 1, 2, '2020-06-22 05:37:45', '2020-06-27 11:07:50', 1, 2, 8792),
(455, 'after update', 99, 'nopenj12', '2019-11-11 00:00:00', '2222-02-22 00:00:00', 'OFFLINE', 'FULL PAYMENT', 'nonaktif', 1, 2, '2020-06-22 06:42:00', '2020-06-22 06:45:42', 1, 2, 8793),
(456, 'after update', 100, 'nopenj123', '2019-11-11 00:00:00', '2222-02-22 00:00:00', 'OFFLINE', 'FULL PAYMENT', 'nonaktif', 1, 2, '2020-06-22 06:42:24', '2020-06-22 06:45:40', 1, 2, 8794),
(457, 'after update', 101, 'nopenj1234', '2019-11-11 00:00:00', '2222-02-22 00:00:00', 'OFFLINE', 'FULL PAYMENT', 'nonaktif', 1, 2, '2020-06-22 06:42:38', '2020-06-22 06:45:37', 1, 2, 8795),
(458, 'after update', 102, 'nopenj1234', '2019-11-11 00:00:00', '2222-02-22 00:00:00', 'OFFLINE', 'FULL PAYMENT', 'nonaktif', 1, 2, '2020-06-22 06:44:01', '2020-06-22 06:45:35', 1, 2, 8796),
(459, 'after update', 103, 'nompern1234', '2019-11-11 00:00:00', '2222-02-22 00:00:00', 'OFFLINE', 'FULL PAYMENT', 'AKTIF', 1, 2, '2020-06-22 06:44:21', '2020-06-22 06:44:21', 1, 2, 8797),
(460, 'after update', 104, 'nopenj90', '2019-11-11 00:00:00', '2222-02-22 00:00:00', 'OFFLINE', 'FULL PAYMENT', 'nonaktif', 1, 2, '2020-06-22 06:45:17', '2020-06-22 06:45:33', 1, 2, 8798),
(461, 'after update', 105, 'anomorpenjualan1', '2018-11-11 00:00:00', '2222-02-22 00:00:00', 'ONLINE', 'DP', 'AKTIF', 1, 2, '2020-06-22 09:39:50', '2020-06-22 06:55:38', 1, 2, 8799),
(462, 'after update', 106, 'anomorpenjualan4', '2018-02-22 00:00:00', '3333-03-31 00:00:00', 'ONLINE', 'DP', 'AKTIF', 1, 2, '2020-06-22 05:37:45', '2020-06-27 11:07:50', 1, 2, 8800),
(463, 'after update', 107, 'anopenj12', '2018-11-11 00:00:00', '2222-02-22 00:00:00', 'OFFLINE', 'FULL PAYMENT', 'nonaktif', 1, 2, '2020-06-22 06:42:00', '2020-06-22 06:45:42', 1, 2, 8801),
(464, 'after update', 108, 'anopenj123', '2018-11-11 00:00:00', '2222-02-22 00:00:00', 'OFFLINE', 'FULL PAYMENT', 'nonaktif', 1, 2, '2020-06-22 06:42:24', '2020-06-22 06:45:40', 1, 2, 8802),
(465, 'after update', 109, 'anopenj1234', '2018-11-11 00:00:00', '2222-02-22 00:00:00', 'OFFLINE', 'FULL PAYMENT', 'nonaktif', 1, 2, '2020-06-22 06:42:38', '2020-06-22 06:45:37', 1, 2, 8803),
(466, 'after update', 110, 'anopenj1234', '2018-11-11 00:00:00', '2222-02-22 00:00:00', 'OFFLINE', 'FULL PAYMENT', 'nonaktif', 1, 2, '2020-06-22 06:44:01', '2020-06-22 06:45:35', 1, 2, 8804),
(467, 'after update', 111, 'anompern1234', '2018-11-11 00:00:00', '2222-02-22 00:00:00', 'OFFLINE', 'FULL PAYMENT', 'AKTIF', 1, 2, '2020-06-22 06:44:21', '2020-06-22 06:44:21', 1, 2, 8805),
(468, 'after update', 112, 'anopenj90', '2018-11-11 00:00:00', '2222-02-22 00:00:00', 'OFFLINE', 'FULL PAYMENT', 'nonaktif', 1, 2, '2020-06-22 06:45:17', '2020-06-22 06:45:33', 1, 2, 8806),
(469, 'after update', 113, 'nomorpenjualan1', '2019-03-11 00:00:00', '2222-02-22 00:00:00', 'ONLINE', 'DP', 'AKTIF', 1, 2, '2020-06-22 09:39:50', '2020-06-22 06:55:38', 1, 2, 8807),
(470, 'after update', 114, 'nomorpenjualan4', '2019-02-22 00:00:00', '3333-03-31 00:00:00', 'ONLINE', 'DP', 'AKTIF', 1, 2, '2020-06-22 05:37:45', '2020-06-27 11:07:50', 1, 2, 8808),
(471, 'after update', 115, 'nopenj12', '2019-03-11 00:00:00', '2222-02-22 00:00:00', 'OFFLINE', 'FULL PAYMENT', 'nonaktif', 1, 2, '2020-06-22 06:42:00', '2020-06-22 06:45:42', 1, 2, 8809),
(472, 'after update', 116, 'nopenj123', '2019-03-11 00:00:00', '2222-02-22 00:00:00', 'OFFLINE', 'FULL PAYMENT', 'nonaktif', 1, 2, '2020-06-22 06:42:24', '2020-06-22 06:45:40', 1, 2, 8810),
(473, 'after update', 117, 'nopenj1234', '2019-03-11 00:00:00', '2222-02-22 00:00:00', 'OFFLINE', 'FULL PAYMENT', 'nonaktif', 1, 2, '2020-06-22 06:42:38', '2020-06-22 06:45:37', 1, 2, 8811),
(474, 'after update', 118, 'nopenj1234', '2019-02-11 00:00:00', '2222-02-22 00:00:00', 'OFFLINE', 'FULL PAYMENT', 'nonaktif', 1, 2, '2020-06-22 06:44:01', '2020-06-22 06:45:35', 1, 2, 8812),
(475, 'after update', 119, 'nompern1234', '2019-02-11 00:00:00', '2222-02-22 00:00:00', 'OFFLINE', 'FULL PAYMENT', 'AKTIF', 1, 2, '2020-06-22 06:44:21', '2020-06-22 06:44:21', 1, 2, 8813),
(476, 'after update', 120, 'nopenj90', '2019-02-11 00:00:00', '2222-02-22 00:00:00', 'OFFLINE', 'FULL PAYMENT', 'nonaktif', 1, 2, '2020-06-22 06:45:17', '2020-06-22 06:45:33', 1, 2, 8814),
(477, 'after update', 121, 'anomorpenjualan1', '2018-02-11 00:00:00', '2222-02-22 00:00:00', 'ONLINE', 'DP', 'AKTIF', 1, 2, '2020-06-22 09:39:50', '2020-06-22 06:55:38', 1, 2, 8815),
(478, 'after update', 122, 'anomorpenjualan4', '2018-02-22 00:00:00', '3333-03-31 00:00:00', 'ONLINE', 'DP', 'AKTIF', 1, 2, '2020-06-22 05:37:45', '2020-06-27 11:07:50', 1, 2, 8816),
(479, 'after update', 123, 'anopenj12', '2018-01-11 00:00:00', '2222-02-22 00:00:00', 'OFFLINE', 'FULL PAYMENT', 'nonaktif', 1, 2, '2020-06-22 06:42:00', '2020-06-22 06:45:42', 1, 2, 8817),
(480, 'after update', 124, 'anopenj123', '2018-01-11 00:00:00', '2222-02-22 00:00:00', 'OFFLINE', 'FULL PAYMENT', 'nonaktif', 1, 2, '2020-06-22 06:42:24', '2020-06-22 06:45:40', 1, 2, 8818),
(481, 'after update', 125, 'anopenj1234', '2018-01-11 00:00:00', '2222-02-22 00:00:00', 'OFFLINE', 'FULL PAYMENT', 'nonaktif', 1, 2, '2020-06-22 06:42:38', '2020-06-22 06:45:37', 1, 2, 8819),
(482, 'after update', 126, 'anopenj1234', '2018-01-11 00:00:00', '2222-02-22 00:00:00', 'OFFLINE', 'FULL PAYMENT', 'nonaktif', 1, 2, '2020-06-22 06:44:01', '2020-06-22 06:45:35', 1, 2, 8820),
(483, 'after update', 127, 'anompern1234', '2018-09-11 00:00:00', '2222-02-22 00:00:00', 'OFFLINE', 'FULL PAYMENT', 'AKTIF', 1, 2, '2020-06-22 06:44:21', '2020-06-22 06:44:21', 1, 2, 8821),
(484, 'after update', 128, 'anopenj90', '2018-09-11 00:00:00', '2222-02-22 00:00:00', 'OFFLINE', 'FULL PAYMENT', 'nonaktif', 1, 2, '2020-06-22 06:45:17', '2020-06-22 06:45:33', 1, 2, 8822),
(485, 'after update', 129, 'nomorpenjualan1', '2019-03-11 00:00:00', '2222-02-22 00:00:00', 'ONLINE', 'DP', 'AKTIF', 1, 2, '2020-06-22 09:39:50', '2020-06-22 06:55:38', 1, 2, 8823),
(486, 'after update', 130, 'nomorpenjualan4', '2019-02-22 00:00:00', '3333-03-31 00:00:00', 'ONLINE', 'DP', 'AKTIF', 1, 2, '2020-06-22 05:37:45', '2020-06-27 11:07:50', 1, 2, 8824),
(487, 'after update', 131, 'nopenj12', '2019-08-11 00:00:00', '2222-02-22 00:00:00', 'OFFLINE', 'FULL PAYMENT', 'aktif', 1, 2, '2020-06-22 06:42:00', '2020-06-22 06:45:42', 1, 2, 8825),
(488, 'after update', 132, 'nopenj123', '2019-08-11 00:00:00', '2222-02-22 00:00:00', 'OFFLINE', 'FULL PAYMENT', 'aktif', 1, 2, '2020-06-22 06:42:24', '2020-06-22 06:45:40', 1, 2, 8826),
(489, 'after update', 133, 'nopenj1234', '2019-08-11 00:00:00', '2222-02-22 00:00:00', 'OFFLINE', 'FULL PAYMENT', 'aktif', 1, 2, '2020-06-22 06:42:38', '2020-06-22 06:45:37', 1, 2, 8827),
(490, 'after update', 134, 'nopenj1234', '2019-02-11 00:00:00', '2222-02-22 00:00:00', 'OFFLINE', 'FULL PAYMENT', 'aktif', 1, 2, '2020-06-22 06:44:01', '2020-06-22 06:45:35', 1, 2, 8828),
(491, 'after update', 135, 'nompern1234', '2019-02-11 00:00:00', '2222-02-22 00:00:00', 'OFFLINE', 'FULL PAYMENT', 'AKTIF', 1, 2, '2020-06-22 06:44:21', '2020-06-22 06:44:21', 1, 2, 8829),
(492, 'after update', 136, 'nopenj90', '2019-02-11 00:00:00', '2222-02-22 00:00:00', 'OFFLINE', 'FULL PAYMENT', 'aktif', 1, 2, '2020-06-22 06:45:17', '2020-06-22 06:45:33', 1, 2, 8830),
(493, 'after update', 137, 'anomorpenjualan1', '2018-02-11 00:00:00', '2222-02-22 00:00:00', 'ONLINE', 'DP', 'AKTIF', 1, 2, '2020-06-22 09:39:50', '2020-06-22 06:55:38', 1, 2, 8831),
(494, 'after update', 138, 'anomorpenjualan4', '2018-02-22 00:00:00', '3333-08-31 00:00:00', 'ONLINE', 'DP', 'AKTIF', 1, 2, '2020-06-22 05:37:45', '2020-06-27 11:07:50', 1, 2, 8832),
(495, 'after update', 139, 'anopenj12', '2018-12-11 00:00:00', '2222-02-22 00:00:00', 'OFFLINE', 'FULL PAYMENT', 'aktif', 1, 2, '2020-06-22 06:42:00', '2020-06-22 06:45:42', 1, 2, 8833),
(496, 'after update', 140, 'anopenj123', '2018-12-11 00:00:00', '2222-02-22 00:00:00', 'OFFLINE', 'FULL PAYMENT', 'aktif', 1, 2, '2020-06-22 06:42:24', '2020-06-22 06:45:40', 1, 2, 8834),
(497, 'after update', 141, 'anopenj1234', '2018-12-11 00:00:00', '2222-02-22 00:00:00', 'OFFLINE', 'FULL PAYMENT', 'aktif', 1, 2, '2020-06-22 06:42:38', '2020-06-22 06:45:37', 1, 2, 8835),
(498, 'after update', 142, 'anopenj1234', '2018-12-11 00:00:00', '2222-02-22 00:00:00', 'OFFLINE', 'FULL PAYMENT', 'aktif', 1, 2, '2020-06-22 06:44:01', '2020-06-22 06:45:35', 1, 2, 8836),
(499, 'after update', 143, 'anompern1234', '2018-04-11 00:00:00', '2222-02-22 00:00:00', 'OFFLINE', 'FULL PAYMENT', 'AKTIF', 1, 2, '2020-06-22 06:44:21', '2020-06-22 06:44:21', 1, 2, 8837),
(500, 'after update', 144, 'anopenj90', '2018-04-11 00:00:00', '2222-02-22 00:00:00', 'OFFLINE', 'FULL PAYMENT', 'aktif', 1, 2, '2020-06-22 06:45:17', '2020-06-22 06:45:33', 1, 2, 8838),
(501, 'after update', 145, 'nomorpenjualan1', '2020-03-11 00:00:00', '2222-02-22 00:00:00', 'ONLINE', 'DP', 'AKTIF', 1, 2, '2020-06-22 09:39:50', '2020-06-22 06:55:38', 1, 2, 8839),
(502, 'after update', 146, 'nomorpenjualan4', '2020-02-22 00:00:00', '3333-03-31 00:00:00', 'ONLINE', 'DP', 'AKTIF', 1, 2, '2020-06-22 05:37:45', '2020-06-27 11:07:50', 1, 2, 8840),
(503, 'after update', 147, 'nopenj12', '2020-08-11 00:00:00', '2222-02-22 00:00:00', 'OFFLINE', 'FULL PAYMENT', 'aktif', 1, 2, '2020-06-22 06:42:00', '2020-06-22 06:45:42', 1, 2, 8841),
(504, 'after update', 148, 'nopenj123', '2020-08-11 00:00:00', '2222-02-22 00:00:00', 'OFFLINE', 'FULL PAYMENT', 'aktif', 1, 2, '2020-06-22 06:42:24', '2020-06-22 06:45:40', 1, 2, 8842),
(505, 'after update', 149, 'nopenj1234', '2020-08-11 00:00:00', '2222-02-22 00:00:00', 'OFFLINE', 'FULL PAYMENT', 'aktif', 1, 2, '2020-06-22 06:42:38', '2020-06-22 06:45:37', 1, 2, 8843),
(506, 'after update', 150, 'nopenj1234', '2020-02-11 00:00:00', '2222-02-22 00:00:00', 'OFFLINE', 'FULL PAYMENT', 'aktif', 1, 2, '2020-06-22 06:44:01', '2020-06-22 06:45:35', 1, 2, 8844),
(507, 'after update', 151, 'nompern1234', '2020-02-11 00:00:00', '2222-02-22 00:00:00', 'OFFLINE', 'FULL PAYMENT', 'AKTIF', 1, 2, '2020-06-22 06:44:21', '2020-06-22 06:44:21', 1, 2, 8845),
(508, 'after update', 152, 'nopenj90', '2020-02-11 00:00:00', '2222-02-22 00:00:00', 'OFFLINE', 'FULL PAYMENT', 'aktif', 1, 2, '2020-06-22 06:45:17', '2020-06-22 06:45:33', 1, 2, 8846),
(509, 'after update', 153, 'anomorpenjualan1', '2020-02-11 00:00:00', '2222-02-22 00:00:00', 'ONLINE', 'DP', 'AKTIF', 1, 2, '2020-06-22 09:39:50', '2020-06-22 06:55:38', 1, 2, 8847),
(510, 'after update', 154, 'anomorpenjualan4', '2020-02-22 00:00:00', '3333-08-31 00:00:00', 'ONLINE', 'DP', 'AKTIF', 1, 2, '2020-06-22 05:37:45', '2020-06-27 11:07:50', 1, 2, 8848),
(511, 'after update', 155, 'anopenj12', '2020-12-11 00:00:00', '2222-02-22 00:00:00', 'OFFLINE', 'FULL PAYMENT', 'aktif', 1, 2, '2020-06-22 06:42:00', '2020-06-22 06:45:42', 1, 2, 8849),
(512, 'after update', 156, 'anopenj123', '2020-12-11 00:00:00', '2222-02-22 00:00:00', 'OFFLINE', 'FULL PAYMENT', 'aktif', 1, 2, '2020-06-22 06:42:24', '2020-06-22 06:45:40', 1, 2, 8850),
(513, 'after update', 157, 'anopenj1234', '2020-12-11 00:00:00', '2222-02-22 00:00:00', 'OFFLINE', 'FULL PAYMENT', 'aktif', 1, 2, '2020-06-22 06:42:38', '2020-06-22 06:45:37', 1, 2, 8851),
(514, 'after update', 158, 'anopenj1234', '2020-12-11 00:00:00', '2222-02-22 00:00:00', 'OFFLINE', 'FULL PAYMENT', 'aktif', 1, 2, '2020-06-22 06:44:01', '2020-06-22 06:45:35', 1, 2, 8852),
(515, 'after update', 159, 'anompern1234', '2020-04-11 00:00:00', '2222-02-22 00:00:00', 'OFFLINE', 'FULL PAYMENT', 'AKTIF', 1, 2, '2020-06-22 06:44:21', '2020-06-22 06:44:21', 1, 2, 8853),
(516, 'after update', 160, 'anopenj90', '2020-04-11 00:00:00', '2222-02-22 00:00:00', 'OFFLINE', 'FULL PAYMENT', 'aktif', 1, 2, '2020-06-22 06:45:17', '2020-06-22 06:45:33', 1, 2, 8854),
(517, 'after update', 161, 'nomorpenjualan1', '2020-03-11 00:00:00', '2222-02-22 00:00:00', 'ONLINE', 'DP', 'AKTIF', 1, 2, '2020-06-22 09:39:50', '2020-06-22 06:55:38', 1, 2, 8855),
(518, 'after update', 162, 'nomorpenjualan4', '2020-02-22 00:00:00', '3333-03-31 00:00:00', 'ONLINE', 'DP', 'AKTIF', 1, 2, '2020-06-22 05:37:45', '2020-06-27 11:07:50', 1, 2, 8856),
(519, 'after update', 163, 'nopenj12', '2020-05-11 00:00:00', '2222-02-22 00:00:00', 'OFFLINE', 'FULL PAYMENT', 'aktif', 1, 2, '2020-06-22 06:42:00', '2020-06-22 06:45:42', 1, 2, 8857),
(520, 'after update', 164, 'nopenj123', '2020-05-11 00:00:00', '2222-02-22 00:00:00', 'OFFLINE', 'FULL PAYMENT', 'aktif', 1, 2, '2020-06-22 06:42:24', '2020-06-22 06:45:40', 1, 2, 8858),
(521, 'after update', 165, 'nopenj1234', '2020-05-11 00:00:00', '2222-02-22 00:00:00', 'OFFLINE', 'FULL PAYMENT', 'aktif', 1, 2, '2020-06-22 06:42:38', '2020-06-22 06:45:37', 1, 2, 8859),
(522, 'after update', 166, 'nopenj1234', '2020-02-11 00:00:00', '2222-02-22 00:00:00', 'OFFLINE', 'FULL PAYMENT', 'aktif', 1, 2, '2020-06-22 06:44:01', '2020-06-22 06:45:35', 1, 2, 8860),
(523, 'after update', 167, 'nomorpenjualan1', '2020-09-09 00:00:00', '2222-02-22 00:00:00', 'ONLINE', 'DP', 'AKTIF', 1, 2, '2020-06-22 09:39:50', '2020-06-22 06:55:38', 1, 2, 8861),
(524, 'after update', 168, 'nomorpenjualan4', '2020-09-09 00:00:00', '3333-03-31 00:00:00', 'ONLINE', 'DP', 'AKTIF', 1, 2, '2020-06-22 05:37:45', '2020-06-27 11:07:50', 1, 2, 8862),
(525, 'after update', 169, 'nopenj12', '2020-09-09 00:00:00', '2222-02-22 00:00:00', 'OFFLINE', 'FULL PAYMENT', 'AKTIF', 1, 2, '2020-06-22 06:42:00', '2020-06-22 06:45:42', 1, 2, 8863),
(526, 'after update', 170, 'nopenj123', '2020-09-09 00:00:00', '2222-02-22 00:00:00', 'OFFLINE', 'FULL PAYMENT', 'AKTIF', 1, 2, '2020-06-22 06:42:24', '2020-06-22 06:45:40', 1, 2, 8864),
(527, 'after update', 171, 'nopenj1234', '2020-06-09 00:00:00', '2222-02-22 00:00:00', 'OFFLINE', 'FULL PAYMENT', 'AKTIF', 1, 2, '2020-06-22 06:42:38', '2020-06-22 06:45:37', 1, 2, 8865),
(528, 'after update', 172, 'nopenj1234', '2020-06-09 00:00:00', '2222-02-22 00:00:00', 'OFFLINE', 'FULL PAYMENT', 'AKTIF', 1, 2, '2020-06-22 06:44:01', '2020-06-22 06:45:35', 1, 2, 8866),
(529, 'after update', 173, 'nompern1234', '2020-06-09 00:00:00', '2222-02-22 00:00:00', 'OFFLINE', 'FULL PAYMENT', 'AKTIF', 1, 2, '2020-06-22 06:44:21', '2020-06-22 06:44:21', 1, 2, 8867),
(530, 'after update', 174, 'nopenj90', '2020-05-09 00:00:00', '2222-02-22 00:00:00', 'OFFLINE', 'FULL PAYMENT', 'AKTIF', 1, 2, '2020-06-22 06:45:17', '2020-06-22 06:45:33', 1, 2, 8868),
(531, 'after update', 175, 'nomorpenjualan1', '2019-11-11 00:00:00', '2222-02-22 00:00:00', 'ONLINE', 'DP', 'AKTIF', 1, 2, '2020-06-22 09:39:50', '2020-06-22 06:55:38', 1, 2, 8869),
(532, 'after update', 176, 'nomorpenjualan4', '2019-02-22 00:00:00', '3333-03-31 00:00:00', 'ONLINE', 'DP', 'AKTIF', 1, 2, '2020-06-22 05:37:45', '2020-06-27 11:07:50', 1, 2, 8870),
(533, 'after update', 177, 'nopenj12', '2019-11-11 00:00:00', '2222-02-22 00:00:00', 'OFFLINE', 'FULL PAYMENT', 'nonaktif', 1, 2, '2020-06-22 06:42:00', '2020-06-22 06:45:42', 1, 2, 8871),
(534, 'after update', 178, 'nopenj123', '2019-11-11 00:00:00', '2222-02-22 00:00:00', 'OFFLINE', 'FULL PAYMENT', 'nonaktif', 1, 2, '2020-06-22 06:42:24', '2020-06-22 06:45:40', 1, 2, 8872),
(535, 'after update', 179, 'nopenj1234', '2019-11-11 00:00:00', '2222-02-22 00:00:00', 'OFFLINE', 'FULL PAYMENT', 'nonaktif', 1, 2, '2020-06-22 06:42:38', '2020-06-22 06:45:37', 1, 2, 8873),
(536, 'after update', 180, 'nopenj1234', '2019-11-11 00:00:00', '2222-02-22 00:00:00', 'OFFLINE', 'FULL PAYMENT', 'nonaktif', 1, 2, '2020-06-22 06:44:01', '2020-06-22 06:45:35', 1, 2, 8874),
(537, 'after update', 181, 'nompern1234', '2019-11-11 00:00:00', '2222-02-22 00:00:00', 'OFFLINE', 'FULL PAYMENT', 'AKTIF', 1, 2, '2020-06-22 06:44:21', '2020-06-22 06:44:21', 1, 2, 8875),
(538, 'after update', 182, 'nopenj90', '2019-11-11 00:00:00', '2222-02-22 00:00:00', 'OFFLINE', 'FULL PAYMENT', 'nonaktif', 1, 2, '2020-06-22 06:45:17', '2020-06-22 06:45:33', 1, 2, 8876);
INSERT INTO `mstr_penjualan_log` (`id_pk_penjualan_log`, `executed_function`, `id_pk_penjualan`, `penj_nomor`, `penj_tgl`, `penj_dateline_tgl`, `penj_jenis`, `penj_tipe_pembayaran`, `penj_status`, `id_fk_customer`, `id_fk_cabang`, `penj_create_date`, `penj_last_modified`, `id_create_data`, `id_last_modified`, `id_log_all`) VALUES
(539, 'after update', 183, 'anomorpenjualan1', '2018-11-11 00:00:00', '2222-02-22 00:00:00', 'ONLINE', 'DP', 'AKTIF', 1, 2, '2020-06-22 09:39:50', '2020-06-22 06:55:38', 1, 2, 8877),
(540, 'after update', 184, 'anomorpenjualan4', '2018-02-22 00:00:00', '3333-03-31 00:00:00', 'ONLINE', 'DP', 'AKTIF', 1, 2, '2020-06-22 05:37:45', '2020-06-27 11:07:50', 1, 2, 8878),
(541, 'after update', 185, 'anopenj12', '2018-11-11 00:00:00', '2222-02-22 00:00:00', 'OFFLINE', 'FULL PAYMENT', 'nonaktif', 1, 2, '2020-06-22 06:42:00', '2020-06-22 06:45:42', 1, 2, 8879),
(542, 'after update', 186, 'anopenj123', '2018-11-11 00:00:00', '2222-02-22 00:00:00', 'OFFLINE', 'FULL PAYMENT', 'nonaktif', 1, 2, '2020-06-22 06:42:24', '2020-06-22 06:45:40', 1, 2, 8880),
(543, 'after update', 187, 'anopenj1234', '2018-11-11 00:00:00', '2222-02-22 00:00:00', 'OFFLINE', 'FULL PAYMENT', 'nonaktif', 1, 2, '2020-06-22 06:42:38', '2020-06-22 06:45:37', 1, 2, 8881),
(544, 'after update', 188, 'anopenj1234', '2018-11-11 00:00:00', '2222-02-22 00:00:00', 'OFFLINE', 'FULL PAYMENT', 'nonaktif', 1, 2, '2020-06-22 06:44:01', '2020-06-22 06:45:35', 1, 2, 8882),
(545, 'after update', 189, 'anompern1234', '2018-11-11 00:00:00', '2222-02-22 00:00:00', 'OFFLINE', 'FULL PAYMENT', 'AKTIF', 1, 2, '2020-06-22 06:44:21', '2020-06-22 06:44:21', 1, 2, 8883),
(546, 'after update', 190, 'anopenj90', '2018-11-11 00:00:00', '2222-02-22 00:00:00', 'OFFLINE', 'FULL PAYMENT', 'nonaktif', 1, 2, '2020-06-22 06:45:17', '2020-06-22 06:45:33', 1, 2, 8884),
(547, 'after update', 191, 'nomorpenjualan1', '2019-03-11 00:00:00', '2222-02-22 00:00:00', 'ONLINE', 'DP', 'AKTIF', 1, 2, '2020-06-22 09:39:50', '2020-06-22 06:55:38', 1, 2, 8885),
(548, 'after update', 192, 'nomorpenjualan4', '2019-02-22 00:00:00', '3333-03-31 00:00:00', 'ONLINE', 'DP', 'AKTIF', 1, 2, '2020-06-22 05:37:45', '2020-06-27 11:07:50', 1, 2, 8886),
(549, 'after update', 193, 'nopenj12', '2019-03-11 00:00:00', '2222-02-22 00:00:00', 'OFFLINE', 'FULL PAYMENT', 'nonaktif', 1, 2, '2020-06-22 06:42:00', '2020-06-22 06:45:42', 1, 2, 8887),
(550, 'after update', 194, 'nopenj123', '2019-03-11 00:00:00', '2222-02-22 00:00:00', 'OFFLINE', 'FULL PAYMENT', 'nonaktif', 1, 2, '2020-06-22 06:42:24', '2020-06-22 06:45:40', 1, 2, 8888),
(551, 'after update', 195, 'nopenj1234', '2019-03-11 00:00:00', '2222-02-22 00:00:00', 'OFFLINE', 'FULL PAYMENT', 'nonaktif', 1, 2, '2020-06-22 06:42:38', '2020-06-22 06:45:37', 1, 2, 8889),
(552, 'after update', 196, 'nopenj1234', '2019-02-11 00:00:00', '2222-02-22 00:00:00', 'OFFLINE', 'FULL PAYMENT', 'nonaktif', 1, 2, '2020-06-22 06:44:01', '2020-06-22 06:45:35', 1, 2, 8890),
(553, 'after update', 197, 'nompern1234', '2019-02-11 00:00:00', '2222-02-22 00:00:00', 'OFFLINE', 'FULL PAYMENT', 'AKTIF', 1, 2, '2020-06-22 06:44:21', '2020-06-22 06:44:21', 1, 2, 8891),
(554, 'after update', 198, 'nopenj90', '2019-02-11 00:00:00', '2222-02-22 00:00:00', 'OFFLINE', 'FULL PAYMENT', 'nonaktif', 1, 2, '2020-06-22 06:45:17', '2020-06-22 06:45:33', 1, 2, 8892),
(555, 'after update', 199, 'anomorpenjualan1', '2018-02-11 00:00:00', '2222-02-22 00:00:00', 'ONLINE', 'DP', 'AKTIF', 1, 2, '2020-06-22 09:39:50', '2020-06-22 06:55:38', 1, 2, 8893),
(556, 'after update', 200, 'anomorpenjualan4', '2018-02-22 00:00:00', '3333-03-31 00:00:00', 'ONLINE', 'DP', 'AKTIF', 1, 2, '2020-06-22 05:37:45', '2020-06-27 11:07:50', 1, 2, 8894),
(557, 'after update', 201, 'anopenj12', '2018-01-11 00:00:00', '2222-02-22 00:00:00', 'OFFLINE', 'FULL PAYMENT', 'nonaktif', 1, 2, '2020-06-22 06:42:00', '2020-06-22 06:45:42', 1, 2, 8895),
(558, 'after update', 202, 'anopenj123', '2018-01-11 00:00:00', '2222-02-22 00:00:00', 'OFFLINE', 'FULL PAYMENT', 'nonaktif', 1, 2, '2020-06-22 06:42:24', '2020-06-22 06:45:40', 1, 2, 8896),
(559, 'after update', 203, 'anopenj1234', '2018-01-11 00:00:00', '2222-02-22 00:00:00', 'OFFLINE', 'FULL PAYMENT', 'nonaktif', 1, 2, '2020-06-22 06:42:38', '2020-06-22 06:45:37', 1, 2, 8897),
(560, 'after update', 204, 'anopenj1234', '2018-01-11 00:00:00', '2222-02-22 00:00:00', 'OFFLINE', 'FULL PAYMENT', 'nonaktif', 1, 2, '2020-06-22 06:44:01', '2020-06-22 06:45:35', 1, 2, 8898),
(561, 'after update', 205, 'anompern1234', '2018-09-11 00:00:00', '2222-02-22 00:00:00', 'OFFLINE', 'FULL PAYMENT', 'AKTIF', 1, 2, '2020-06-22 06:44:21', '2020-06-22 06:44:21', 1, 2, 8899),
(562, 'after update', 206, 'anopenj90', '2018-09-11 00:00:00', '2222-02-22 00:00:00', 'OFFLINE', 'FULL PAYMENT', 'nonaktif', 1, 2, '2020-06-22 06:45:17', '2020-06-22 06:45:33', 1, 2, 8900),
(563, 'after update', 207, 'nomorpenjualan1', '2019-03-11 00:00:00', '2222-02-22 00:00:00', 'ONLINE', 'DP', 'AKTIF', 1, 2, '2020-06-22 09:39:50', '2020-06-22 06:55:38', 1, 2, 8901),
(564, 'after update', 208, 'nomorpenjualan4', '2019-02-22 00:00:00', '3333-03-31 00:00:00', 'ONLINE', 'DP', 'AKTIF', 1, 2, '2020-06-22 05:37:45', '2020-06-27 11:07:50', 1, 2, 8902),
(565, 'after update', 209, 'nopenj12', '2019-08-11 00:00:00', '2222-02-22 00:00:00', 'OFFLINE', 'FULL PAYMENT', 'aktif', 1, 2, '2020-06-22 06:42:00', '2020-06-22 06:45:42', 1, 2, 8903),
(566, 'after update', 210, 'nopenj123', '2019-08-11 00:00:00', '2222-02-22 00:00:00', 'OFFLINE', 'FULL PAYMENT', 'aktif', 1, 2, '2020-06-22 06:42:24', '2020-06-22 06:45:40', 1, 2, 8904),
(567, 'after update', 211, 'nopenj1234', '2019-08-11 00:00:00', '2222-02-22 00:00:00', 'OFFLINE', 'FULL PAYMENT', 'aktif', 1, 2, '2020-06-22 06:42:38', '2020-06-22 06:45:37', 1, 2, 8905),
(568, 'after update', 212, 'nopenj1234', '2019-02-11 00:00:00', '2222-02-22 00:00:00', 'OFFLINE', 'FULL PAYMENT', 'aktif', 1, 2, '2020-06-22 06:44:01', '2020-06-22 06:45:35', 1, 2, 8906),
(569, 'after update', 213, 'nompern1234', '2019-02-11 00:00:00', '2222-02-22 00:00:00', 'OFFLINE', 'FULL PAYMENT', 'AKTIF', 1, 2, '2020-06-22 06:44:21', '2020-06-22 06:44:21', 1, 2, 8907),
(570, 'after update', 214, 'nopenj90', '2019-02-11 00:00:00', '2222-02-22 00:00:00', 'OFFLINE', 'FULL PAYMENT', 'aktif', 1, 2, '2020-06-22 06:45:17', '2020-06-22 06:45:33', 1, 2, 8908),
(571, 'after update', 215, 'anomorpenjualan1', '2018-02-11 00:00:00', '2222-02-22 00:00:00', 'ONLINE', 'DP', 'AKTIF', 1, 2, '2020-06-22 09:39:50', '2020-06-22 06:55:38', 1, 2, 8909),
(572, 'after update', 216, 'anomorpenjualan4', '2018-02-22 00:00:00', '3333-08-31 00:00:00', 'ONLINE', 'DP', 'AKTIF', 1, 2, '2020-06-22 05:37:45', '2020-06-27 11:07:50', 1, 2, 8910),
(573, 'after update', 217, 'anopenj12', '2018-12-11 00:00:00', '2222-02-22 00:00:00', 'OFFLINE', 'FULL PAYMENT', 'aktif', 1, 2, '2020-06-22 06:42:00', '2020-06-22 06:45:42', 1, 2, 8911),
(574, 'after update', 218, 'anopenj123', '2018-12-11 00:00:00', '2222-02-22 00:00:00', 'OFFLINE', 'FULL PAYMENT', 'aktif', 1, 2, '2020-06-22 06:42:24', '2020-06-22 06:45:40', 1, 2, 8912),
(575, 'after update', 219, 'anopenj1234', '2018-12-11 00:00:00', '2222-02-22 00:00:00', 'OFFLINE', 'FULL PAYMENT', 'aktif', 1, 2, '2020-06-22 06:42:38', '2020-06-22 06:45:37', 1, 2, 8913),
(576, 'after update', 220, 'anopenj1234', '2018-12-11 00:00:00', '2222-02-22 00:00:00', 'OFFLINE', 'FULL PAYMENT', 'aktif', 1, 2, '2020-06-22 06:44:01', '2020-06-22 06:45:35', 1, 2, 8914),
(577, 'after update', 221, 'anompern1234', '2018-04-11 00:00:00', '2222-02-22 00:00:00', 'OFFLINE', 'FULL PAYMENT', 'AKTIF', 1, 2, '2020-06-22 06:44:21', '2020-06-22 06:44:21', 1, 2, 8915),
(578, 'after update', 222, 'anopenj90', '2018-04-11 00:00:00', '2222-02-22 00:00:00', 'OFFLINE', 'FULL PAYMENT', 'aktif', 1, 2, '2020-06-22 06:45:17', '2020-06-22 06:45:33', 1, 2, 8916),
(579, 'after update', 223, 'nomorpenjualan1', '2020-03-11 00:00:00', '2222-02-22 00:00:00', 'ONLINE', 'DP', 'AKTIF', 1, 2, '2020-06-22 09:39:50', '2020-06-22 06:55:38', 1, 2, 8917),
(580, 'after update', 224, 'nomorpenjualan4', '2020-02-22 00:00:00', '3333-03-31 00:00:00', 'ONLINE', 'DP', 'AKTIF', 1, 2, '2020-06-22 05:37:45', '2020-06-27 11:07:50', 1, 2, 8918),
(581, 'after update', 225, 'nopenj12', '2020-08-11 00:00:00', '2222-02-22 00:00:00', 'OFFLINE', 'FULL PAYMENT', 'aktif', 1, 2, '2020-06-22 06:42:00', '2020-06-22 06:45:42', 1, 2, 8919),
(582, 'after update', 226, 'nopenj123', '2020-08-11 00:00:00', '2222-02-22 00:00:00', 'OFFLINE', 'FULL PAYMENT', 'aktif', 1, 2, '2020-06-22 06:42:24', '2020-06-22 06:45:40', 1, 2, 8920),
(583, 'after update', 227, 'nopenj1234', '2020-08-11 00:00:00', '2222-02-22 00:00:00', 'OFFLINE', 'FULL PAYMENT', 'aktif', 1, 2, '2020-06-22 06:42:38', '2020-06-22 06:45:37', 1, 2, 8921),
(584, 'after update', 228, 'nopenj1234', '2020-02-11 00:00:00', '2222-02-22 00:00:00', 'OFFLINE', 'FULL PAYMENT', 'aktif', 1, 2, '2020-06-22 06:44:01', '2020-06-22 06:45:35', 1, 2, 8922),
(585, 'after update', 229, 'nompern1234', '2020-02-11 00:00:00', '2222-02-22 00:00:00', 'OFFLINE', 'FULL PAYMENT', 'AKTIF', 1, 2, '2020-06-22 06:44:21', '2020-06-22 06:44:21', 1, 2, 8923),
(586, 'after update', 230, 'nopenj90', '2020-02-11 00:00:00', '2222-02-22 00:00:00', 'OFFLINE', 'FULL PAYMENT', 'aktif', 1, 2, '2020-06-22 06:45:17', '2020-06-22 06:45:33', 1, 2, 8924),
(587, 'after update', 231, 'anomorpenjualan1', '2020-02-11 00:00:00', '2222-02-22 00:00:00', 'ONLINE', 'DP', 'AKTIF', 1, 2, '2020-06-22 09:39:50', '2020-06-22 06:55:38', 1, 2, 8925),
(588, 'after update', 232, 'anomorpenjualan4', '2020-02-22 00:00:00', '3333-08-31 00:00:00', 'ONLINE', 'DP', 'AKTIF', 1, 2, '2020-06-22 05:37:45', '2020-06-27 11:07:50', 1, 2, 8926),
(589, 'after update', 233, 'anopenj12', '2020-12-11 00:00:00', '2222-02-22 00:00:00', 'OFFLINE', 'FULL PAYMENT', 'aktif', 1, 2, '2020-06-22 06:42:00', '2020-06-22 06:45:42', 1, 2, 8927),
(590, 'after update', 234, 'anopenj123', '2020-12-11 00:00:00', '2222-02-22 00:00:00', 'OFFLINE', 'FULL PAYMENT', 'aktif', 1, 2, '2020-06-22 06:42:24', '2020-06-22 06:45:40', 1, 2, 8928),
(591, 'after update', 235, 'anopenj1234', '2020-12-11 00:00:00', '2222-02-22 00:00:00', 'OFFLINE', 'FULL PAYMENT', 'aktif', 1, 2, '2020-06-22 06:42:38', '2020-06-22 06:45:37', 1, 2, 8929),
(592, 'after update', 236, 'anopenj1234', '2020-12-11 00:00:00', '2222-02-22 00:00:00', 'OFFLINE', 'FULL PAYMENT', 'aktif', 1, 2, '2020-06-22 06:44:01', '2020-06-22 06:45:35', 1, 2, 8930),
(593, 'after update', 237, 'anompern1234', '2020-04-11 00:00:00', '2222-02-22 00:00:00', 'OFFLINE', 'FULL PAYMENT', 'AKTIF', 1, 2, '2020-06-22 06:44:21', '2020-06-22 06:44:21', 1, 2, 8931),
(594, 'after update', 238, 'anopenj90', '2020-04-11 00:00:00', '2222-02-22 00:00:00', 'OFFLINE', 'FULL PAYMENT', 'aktif', 1, 2, '2020-06-22 06:45:17', '2020-06-22 06:45:33', 1, 2, 8932),
(595, 'after update', 239, 'nomorpenjualan1', '2020-03-11 00:00:00', '2222-02-22 00:00:00', 'ONLINE', 'DP', 'AKTIF', 1, 2, '2020-06-22 09:39:50', '2020-06-22 06:55:38', 1, 2, 8933),
(596, 'after update', 240, 'nomorpenjualan4', '2020-02-22 00:00:00', '3333-03-31 00:00:00', 'ONLINE', 'DP', 'AKTIF', 1, 2, '2020-06-22 05:37:45', '2020-06-27 11:07:50', 1, 2, 8934),
(597, 'after update', 241, 'nopenj12', '2020-05-11 00:00:00', '2222-02-22 00:00:00', 'OFFLINE', 'FULL PAYMENT', 'aktif', 1, 2, '2020-06-22 06:42:00', '2020-06-22 06:45:42', 1, 2, 8935),
(598, 'after update', 242, 'nopenj123', '2020-05-11 00:00:00', '2222-02-22 00:00:00', 'OFFLINE', 'FULL PAYMENT', 'aktif', 1, 2, '2020-06-22 06:42:24', '2020-06-22 06:45:40', 1, 2, 8936),
(599, 'after update', 243, 'nopenj1234', '2020-05-11 00:00:00', '2222-02-22 00:00:00', 'OFFLINE', 'FULL PAYMENT', 'aktif', 1, 2, '2020-06-22 06:42:38', '2020-06-22 06:45:37', 1, 2, 8937),
(600, 'after update', 244, 'nopenj1234', '2020-02-11 00:00:00', '2222-02-22 00:00:00', 'OFFLINE', 'FULL PAYMENT', 'aktif', 1, 2, '2020-06-22 06:44:01', '2020-06-22 06:45:35', 1, 2, 8938),
(601, 'after update', 245, 'MSTRCABANG3-PENJUALAN-2020-07-', '2020-07-18 00:00:00', '1111-11-11 00:00:00', 'OFFLINE', 'FULL PAYMENT', 'AKTIF', 1, 2, '2020-07-11 05:51:38', '2020-07-11 05:51:38', 1, 2, 8939),
(602, 'after update', 246, 'MSTRCABANG3-PENJUALAN-2020-07-', '2020-07-18 00:00:00', '1111-11-11 00:00:00', 'OFFLINE', 'FULL PAYMENT', 'nonaktif', 1, 2, '2020-07-11 05:52:13', '2020-07-11 05:52:30', 1, 2, 8940),
(603, 'after update', 247, 'MSTRCABANG3-PENJUALAN-2020-07-', '2020-07-18 00:00:00', '1111-11-11 00:00:00', 'OFFLINE', 'FULL PAYMENT', 'nonaktif', 1, 2, '2020-07-11 05:52:14', '2020-07-11 05:52:23', 1, 2, 8941),
(604, 'after update', 248, 'MSTRCABANG3-PENJUALAN-2020-07-', '2020-07-18 00:00:00', '1111-11-11 00:00:00', 'OFFLINE', 'FULL PAYMENT', 'AKTIF', 1, 2, '2020-07-11 05:52:25', '2020-07-11 05:52:25', 1, 2, 8942),
(605, 'after update', 249, 'MSTRCABANG3-PENJUALAN-2020-07-', '2020-07-18 00:00:00', '1111-11-11 00:00:00', 'ONLINE', 'FULL PAYMENT', 'AKTIF', 1, 2, '2020-07-11 05:52:33', '2020-07-18 12:46:27', 1, 2, 8943),
(606, 'after update', 1, 'nomorpenjualan1', '2020-09-09 00:00:00', '2222-02-22 00:00:00', 'ONLINE', 'DP', 'AKTIF', 1, 2, '2020-06-22 09:39:50', '2020-06-22 06:55:38', 1, 2, 9021),
(607, 'after update', 1, 'nomorpenjualan1', '2020-09-09 00:00:00', '2222-02-22 00:00:00', 'ONLINE', 'DP', 'AKTIF', 1, 2, '2020-06-22 09:39:50', '2020-07-18 11:00:50', 1, 2, 9029),
(608, 'after update', 121, 'anomorpenjualan1', '2018-02-11 00:00:00', '2222-02-22 00:00:00', 'ONLINE', 'DP', 'AKTIF', 1, 2, '2020-06-22 09:39:50', '2020-07-24 04:40:23', 1, 2, 922),
(609, 'after update', 121, 'anomorpenjualan1', '2018-02-11 00:00:00', '2222-02-22 00:00:00', 'ONLINE', 'DP', 'AKTIF', 1, 2, '2020-06-22 09:39:50', '2020-07-24 04:41:08', 1, 2, 924),
(610, 'after update', 121, 'anomorpenjualan1', '2018-02-11 00:00:00', '2222-02-22 00:00:00', 'ONLINE', 'DP', 'AKTIF', 1, 2, '2020-06-22 09:39:50', '2020-07-24 04:41:16', 1, 2, 927),
(611, 'after insert', 250, 'MSTRCABANG3-PENJUALAN-2020-07-', '2020-07-24 00:00:00', '0020-12-22 00:00:00', 'OFFLINE', 'FULL PAYMENT', 'AKTIF', 1, 2, '2020-07-24 04:55:20', '2020-07-24 04:55:20', 2, 2, 973),
(612, 'after update', 155, 'anopenj12', '2020-12-11 00:00:00', '2222-02-22 00:00:00', 'OFFLINE', 'FULL PAYMENT', 'nonaktif', 1, 2, '2020-06-22 06:42:00', '2020-07-24 04:55:52', 1, 2, 977),
(613, 'after update', 156, 'anopenj123', '2020-12-11 00:00:00', '2222-02-22 00:00:00', 'OFFLINE', 'FULL PAYMENT', 'nonaktif', 1, 2, '2020-06-22 06:42:24', '2020-07-24 04:55:55', 1, 2, 978),
(614, 'after update', 157, 'anopenj1234', '2020-12-11 00:00:00', '2222-02-22 00:00:00', 'OFFLINE', 'FULL PAYMENT', 'nonaktif', 1, 2, '2020-06-22 06:42:38', '2020-07-24 04:55:59', 1, 2, 979),
(615, 'after update', 158, 'anopenj1234', '2020-12-11 00:00:00', '2222-02-22 00:00:00', 'OFFLINE', 'FULL PAYMENT', 'nonaktif', 1, 2, '2020-06-22 06:44:01', '2020-07-24 04:56:03', 1, 2, 980),
(616, 'after update', 250, 'MSTRCABANG3-PENJUALAN-2020-07-', '2020-07-24 00:00:00', '0020-12-22 00:00:00', 'OFFLINE', 'FULL PAYMENT', 'AKTIF', 1, 2, '2020-07-24 04:55:20', '2020-07-24 05:42:18', 2, 2, 1058),
(617, 'after update', 250, 'MSTRCABANG3-PENJUALAN-2020-07-', '2020-07-24 00:00:00', '0020-12-22 00:00:00', 'OFFLINE', 'FULL PAYMENT', 'AKTIF', 1, 2, '2020-07-24 04:55:20', '2020-07-24 05:58:16', 2, 2, 1105),
(618, 'after update', 250, 'MSTRCABANG3-PENJUALAN-2020-07-', '2020-07-24 00:00:00', '0020-12-22 00:00:00', 'OFFLINE', 'FULL PAYMENT', 'AKTIF', 1, 2, '2020-07-24 04:55:20', '2020-07-24 05:59:36', 2, 2, 1132),
(619, 'after update', 250, 'MSTRCABANG3-PENJUALAN-2020-07-', '2020-07-24 00:00:00', '0020-12-22 00:00:00', 'OFFLINE', 'FULL PAYMENT', 'AKTIF', 1, 2, '2020-07-24 04:55:20', '2020-07-24 06:00:25', 2, 2, 1145),
(620, 'after update', 250, 'MSTRCABANG3-PENJUALAN-2020-07-', '2020-07-24 00:00:00', '0020-12-22 00:00:00', 'OFFLINE', 'FULL PAYMENT', 'AKTIF', 1, 2, '2020-07-24 04:55:20', '2020-07-24 06:00:30', 2, 2, 1158),
(621, 'after update', 250, 'MSTRCABANG3-PENJUALAN-2020-07-', '2020-07-24 00:00:00', '0020-12-22 00:00:00', 'OFFLINE', 'FULL PAYMENT', 'AKTIF', 1, 2, '2020-07-24 04:55:20', '2020-07-24 06:00:49', 2, 2, 1171);

-- --------------------------------------------------------

--
-- Table structure for table `mstr_retur`
--

CREATE TABLE `mstr_retur` (
  `id_pk_retur` int(11) NOT NULL,
  `id_fk_penjualan` int(11) DEFAULT NULL,
  `retur_no` varchar(100) DEFAULT NULL,
  `retur_tgl` datetime DEFAULT NULL,
  `retur_tipe` varchar(15) DEFAULT NULL,
  `retur_status` varchar(15) DEFAULT NULL,
  `retur_create_date` datetime DEFAULT NULL,
  `retur_last_modified` datetime DEFAULT NULL,
  `id_create_data` int(11) DEFAULT NULL,
  `id_last_modified` int(11) DEFAULT NULL,
  `no_control` int(11) DEFAULT NULL COMMENT 'untuk tau udah nomor berapa untuk penomoran',
  `bln_control` int(11) DEFAULT NULL,
  `thn_control` int(11) DEFAULT NULL,
  `retur_confirm_date` datetime DEFAULT NULL,
  `id_retur_confirm` datetime DEFAULT NULL
) ENGINE=MyISAM DEFAULT CHARSET=latin1;

--
-- Dumping data for table `mstr_retur`
--

INSERT INTO `mstr_retur` (`id_pk_retur`, `id_fk_penjualan`, `retur_no`, `retur_tgl`, `retur_tipe`, `retur_status`, `retur_create_date`, `retur_last_modified`, `id_create_data`, `id_last_modified`, `no_control`, `bln_control`, `thn_control`, `retur_confirm_date`, `id_retur_confirm`) VALUES
(1, 1, 'nomorretur1', '1111-11-11 00:00:00', 'BARANG', 'aktif', '2020-06-22 10:52:54', '2020-06-22 10:54:54', 1, 1, NULL, NULL, NULL, NULL, NULL),
(2, 1, 'nomorretur2', '2020-06-24 00:00:00', 'UANG', 'aktif', '2020-06-22 05:45:19', '2020-06-22 05:46:58', 1, 1, NULL, NULL, NULL, NULL, NULL),
(3, 2, 'nomoretur0001', '1111-11-11 00:00:00', 'BARANG', 'konfirmasi', '2020-06-23 03:17:44', '2020-06-23 03:17:44', 1, 1, NULL, NULL, NULL, NULL, NULL),
(4, 2, 'nomoretur0002', '1111-11-11 00:00:00', 'BARANG', 'aktif', '2020-06-23 03:19:56', '2020-06-23 03:19:56', 1, 1, NULL, NULL, NULL, NULL, NULL),
(5, 1, 'MSTRCABANG3-RETUR-2020-07-24-000001', '2020-07-24 00:00:00', 'UANG', 'konfirmasi', '2020-07-11 05:59:44', '2020-07-11 05:59:44', 1, 1, 1, 7, 2020, NULL, NULL),
(6, 1, 'MSTRCABANG3-RETUR-2020-07-24-000001', '2020-07-24 00:00:00', 'UANG', 'konfirmasi', '2020-07-11 06:00:47', '2020-07-11 06:00:47', 1, 1, 1, 7, 2020, NULL, NULL),
(7, 1, 'MSTRCABANG3-RETUR-2020-07-24-000001', '2020-07-24 00:00:00', 'UANG', 'konfirmasi', '2020-07-11 06:00:53', '2020-07-11 06:00:53', 1, 1, 1, 7, 2020, NULL, NULL),
(8, 245, 'MSTRCABANG3-RETUR-2020-07-24-000001', '2020-07-24 00:00:00', 'UANG', 'konfirmasi', '2020-07-11 06:08:44', '2020-07-11 06:08:44', 1, 1, 1, 7, 2020, NULL, NULL),
(9, 245, 'MSTRCABANG3-RETUR-2020-07-24-000001', '2020-07-24 00:00:00', 'UANG', 'aktif', '2020-07-11 06:08:46', '2020-07-11 06:08:46', 1, 1, 1, 7, 2020, '2020-07-17 09:18:26', '0000-00-00 00:00:00'),
(10, 245, 'MSTRCABANG3-RETUR-2020-07-24-000001', '2020-07-24 00:00:00', 'UANG', 'konfirmasi', '2020-07-11 06:11:03', '2020-07-11 06:11:03', 1, 1, 1, 7, 2020, NULL, NULL),
(11, 245, 'MSTRCABANG3-RETUR-2020-07-24-000001', '2020-07-24 00:00:00', 'UANG', 'konfirmasi', '2020-07-11 06:11:06', '2020-07-11 06:11:06', 1, 1, 1, 7, 2020, NULL, NULL),
(12, 245, 'MSTRCABANG3-RETUR-2020-07-24-000002', '2020-07-24 00:00:00', 'UANG', 'nonaktif', '2020-07-11 06:11:11', '2020-07-11 06:11:17', 1, 1, 2, 7, 2020, NULL, NULL),
(13, 245, 'MSTRCABANG3-RETUR-2020-07-24-000003', '2020-07-24 00:00:00', 'UANG', 'konfirmasi', '2020-07-11 06:11:13', '2020-07-11 06:11:13', 1, 1, 3, 7, 2020, NULL, NULL),
(14, 245, 'MSTRCABANG3-RETUR-2020-07-24-000004', '2020-07-24 00:00:00', 'UANG', 'konfirmasi', '2020-07-11 06:11:20', '2020-07-24 07:48:35', 1, 2, 4, 7, 2020, NULL, NULL);

--
-- Triggers `mstr_retur`
--
DELIMITER $$
CREATE TRIGGER `trg_after_insert_retur` AFTER INSERT ON `mstr_retur` FOR EACH ROW begin
            set @id_user = new.id_last_modified;
            set @tgl_action = new.retur_last_modified;
            set @log_text = concat(new.id_last_modified,' ','insert data at ' , new.retur_last_modified);
            call insert_log_all(@id_user,@tgl_action,@log_text,@id_log_all);
            
            insert into mstr_retur_log(executed_function,id_pk_retur,id_fk_penjualan,retur_no,retur_tgl,retur_tipe,retur_status,retur_create_date,retur_last_modified,retur_confirm_date,id_retur_confirm,id_create_data,id_last_modified,id_log_all) values('after insert',new.id_pk_retur,new.id_fk_penjualan,new.retur_no,new.retur_tgl,new.retur_tipe,new.retur_status,new.retur_create_date,new.retur_last_modified,new.retur_confirm_date,new.id_retur_confirm,new.id_create_data,new.id_last_modified,@id_log_all);

        end
$$
DELIMITER ;
DELIMITER $$
CREATE TRIGGER `trg_after_update_retur` AFTER UPDATE ON `mstr_retur` FOR EACH ROW begin
            set @id_user = new.id_last_modified;
            set @tgl_action = new.retur_last_modified;
            set @log_text = concat(new.id_last_modified,' ','update data at ' , new.retur_last_modified);
            call insert_log_all(@id_user,@tgl_action,@log_text,@id_log_all);
            
            insert into mstr_retur_log(executed_function,id_pk_retur,id_fk_penjualan,retur_no,retur_tgl,retur_tipe,retur_status,retur_create_date,retur_last_modified,retur_confirm_date,id_retur_confirm,id_create_data,id_last_modified,id_log_all) values('after update',new.id_pk_retur,new.id_fk_penjualan,new.retur_no,new.retur_tgl,new.retur_tipe,new.retur_status,new.retur_create_date,new.retur_last_modified,new.retur_confirm_date,new.id_retur_confirm,new.id_create_data,new.id_last_modified,@id_log_all);
        end
$$
DELIMITER ;

-- --------------------------------------------------------

--
-- Table structure for table `mstr_retur_log`
--

CREATE TABLE `mstr_retur_log` (
  `id_pk_retur_log` int(11) NOT NULL,
  `executed_function` varchar(30) DEFAULT NULL,
  `id_pk_retur` int(11) DEFAULT NULL,
  `id_fk_penjualan` int(11) DEFAULT NULL,
  `retur_no` varchar(100) DEFAULT NULL,
  `retur_tgl` datetime DEFAULT NULL,
  `retur_tipe` varchar(15) DEFAULT NULL,
  `retur_status` varchar(15) DEFAULT NULL,
  `retur_create_date` datetime DEFAULT NULL,
  `retur_last_modified` datetime DEFAULT NULL,
  `id_create_data` int(11) DEFAULT NULL,
  `id_last_modified` int(11) DEFAULT NULL,
  `id_log_all` int(11) DEFAULT NULL,
  `retur_confirm_date` datetime DEFAULT NULL,
  `id_retur_confirm` datetime DEFAULT NULL
) ENGINE=MyISAM DEFAULT CHARSET=latin1;

--
-- Dumping data for table `mstr_retur_log`
--

INSERT INTO `mstr_retur_log` (`id_pk_retur_log`, `executed_function`, `id_pk_retur`, `id_fk_penjualan`, `retur_no`, `retur_tgl`, `retur_tipe`, `retur_status`, `retur_create_date`, `retur_last_modified`, `id_create_data`, `id_last_modified`, `id_log_all`, `retur_confirm_date`, `id_retur_confirm`) VALUES
(1, 'after update', 9, 245, 'MSTRCABANG3-RETUR-2020-07-24-000001', '2020-07-24 00:00:00', 'UANG', 'aktif', '2020-07-11 06:08:46', '2020-07-11 06:08:46', 1, 1, 7631, NULL, NULL),
(2, 'after update', 9, 245, 'MSTRCABANG3-RETUR-2020-07-24-000001', '2020-07-24 00:00:00', 'UANG', 'aktif', '2020-07-11 06:08:46', '2020-07-11 06:08:46', 1, 1, 7632, '2020-07-17 09:18:26', '0000-00-00 00:00:00'),
(3, 'after update', 14, 245, 'MSTRCABANG3-RETUR-2020-07-24-000004', '2020-07-24 00:00:00', 'UANG', 'konfirmasi', '2020-07-11 06:11:20', '2020-07-24 07:48:26', 1, 2, 1624, NULL, NULL),
(4, 'after update', 14, 245, 'MSTRCABANG3-RETUR-2020-07-24-000004', '2020-07-24 00:00:00', 'UANG', 'konfirmasi', '2020-07-11 06:11:20', '2020-07-24 07:48:28', 1, 2, 1625, NULL, NULL),
(5, 'after update', 14, 245, 'MSTRCABANG3-RETUR-2020-07-24-000004', '2020-07-24 00:00:00', 'UANG', 'konfirmasi', '2020-07-11 06:11:20', '2020-07-24 07:48:35', 1, 2, 1634, NULL, NULL);

-- --------------------------------------------------------

--
-- Table structure for table `mstr_satuan`
--

CREATE TABLE `mstr_satuan` (
  `id_pk_satuan` int(11) NOT NULL,
  `satuan_nama` varchar(100) DEFAULT NULL,
  `satuan_rumus` varchar(100) DEFAULT NULL,
  `satuan_status` varchar(15) DEFAULT NULL,
  `satuan_create_date` datetime DEFAULT NULL,
  `satuan_last_modified` datetime DEFAULT NULL,
  `id_create_data` int(11) DEFAULT NULL,
  `id_last_modified` int(11) DEFAULT NULL
) ENGINE=MyISAM DEFAULT CHARSET=latin1;

--
-- Dumping data for table `mstr_satuan`
--

INSERT INTO `mstr_satuan` (`id_pk_satuan`, `satuan_nama`, `satuan_rumus`, `satuan_status`, `satuan_create_date`, `satuan_last_modified`, `id_create_data`, `id_last_modified`) VALUES
(1, 'PCS', '1', 'AKTIF', '2020-06-22 08:36:13', '2020-06-22 08:36:13', 1, 1),
(2, 'BOX', '40', 'AKTIF', '2020-06-22 08:36:19', '2020-06-22 08:36:19', 1, 1),
(3, 'LUSIN', '12', 'AKTIF', '2020-06-22 08:36:23', '2020-06-22 08:36:23', 1, 1),
(4, 'BALL-48', '48', 'AKTIF', '2020-06-22 09:28:15', '2020-06-22 09:28:15', 1, 1);

--
-- Triggers `mstr_satuan`
--
DELIMITER $$
CREATE TRIGGER `trg_after_insert_satuan` AFTER INSERT ON `mstr_satuan` FOR EACH ROW begin
            set @id_user = new.id_last_modified;
            set @tgl_action = new.satuan_last_modified;
            set @log_text = concat(new.id_last_modified,' ','insert data at' , new.satuan_last_modified);
            call insert_log_all(@id_user,@tgl_action,@log_text,@id_log_all);
            
            insert into mstr_satuan_log(executed_function,id_pk_satuan,satuan_nama,satuan_rumus,satuan_status,satuan_create_date,satuan_last_modified,id_create_data,id_last_modified,id_log_all) values ('after insert',new.id_pk_satuan,new.satuan_nama,new.satuan_status,new.satuan_rumus,new.satuan_create_date,new.satuan_last_modified,new.id_create_data,new.id_last_modified,@id_log_all);
        end
$$
DELIMITER ;
DELIMITER $$
CREATE TRIGGER `trg_after_update_satuan` AFTER UPDATE ON `mstr_satuan` FOR EACH ROW begin
            set @id_user = new.id_last_modified;
            set @tgl_action = new.satuan_last_modified;
            set @log_text = concat(new.id_last_modified,' ','update data at' , new.satuan_last_modified);
            call insert_log_all(@id_user,@tgl_action,@log_text,@id_log_all);
            
            insert into mstr_satuan_log(executed_function,id_pk_satuan,satuan_nama,satuan_rumus,satuan_status,satuan_create_date,satuan_last_modified,id_create_data,id_last_modified,id_log_all) values ('after update',new.id_pk_satuan,new.satuan_nama,new.satuan_status,new.satuan_rumus,new.satuan_create_date,new.satuan_last_modified,new.id_create_data,new.id_last_modified,@id_log_all);
        end
$$
DELIMITER ;

-- --------------------------------------------------------

--
-- Table structure for table `mstr_satuan_log`
--

CREATE TABLE `mstr_satuan_log` (
  `id_pk_satuan_log` int(11) NOT NULL,
  `executed_function` varchar(20) DEFAULT NULL,
  `id_pk_satuan` int(11) DEFAULT NULL,
  `satuan_nama` varchar(100) DEFAULT NULL,
  `satuan_rumus` varchar(100) DEFAULT NULL,
  `satuan_status` varchar(15) DEFAULT NULL,
  `satuan_create_date` datetime DEFAULT NULL,
  `satuan_last_modified` datetime DEFAULT NULL,
  `id_create_data` int(11) DEFAULT NULL,
  `id_last_modified` int(11) DEFAULT NULL,
  `id_log_all` int(11) DEFAULT NULL
) ENGINE=MyISAM DEFAULT CHARSET=latin1;

--
-- Dumping data for table `mstr_satuan_log`
--

INSERT INTO `mstr_satuan_log` (`id_pk_satuan_log`, `executed_function`, `id_pk_satuan`, `satuan_nama`, `satuan_rumus`, `satuan_status`, `satuan_create_date`, `satuan_last_modified`, `id_create_data`, `id_last_modified`, `id_log_all`) VALUES
(1, 'after insert', 1, 'PCS', 'AKTIF', '1', '2020-06-22 08:36:13', '2020-06-22 08:36:13', 1, 1, 264),
(2, 'after insert', 2, 'BOX', 'AKTIF', '40', '2020-06-22 08:36:19', '2020-06-22 08:36:19', 1, 1, 265),
(3, 'after insert', 3, 'LUSIN', 'AKTIF', '12', '2020-06-22 08:36:23', '2020-06-22 08:36:23', 1, 1, 266),
(4, 'after insert', 4, 'BALL-48', 'AKTIF', '48', '2020-06-22 09:28:15', '2020-06-22 09:28:15', 1, 1, 852);

-- --------------------------------------------------------

--
-- Table structure for table `mstr_stock_opname`
--

CREATE TABLE `mstr_stock_opname` (
  `ID_PK_STOCK_OPNAME` int(11) NOT NULL,
  `SO_TGL` datetime DEFAULT NULL,
  `SO_NOTES` varchar(200) DEFAULT NULL,
  `ID_FK_TOKO` int(11) DEFAULT NULL,
  `ID_EMP_DET` int(11) DEFAULT NULL,
  `SO_CREATE_DATE` datetime DEFAULT NULL,
  `SO_LAST_MODIFIED` datetime DEFAULT NULL,
  `ID_CREATE_DATA` int(11) DEFAULT NULL,
  `ID_LAST_MODIFIED` int(11) DEFAULT NULL
) ENGINE=InnoDB DEFAULT CHARSET=utf8mb4;

--
-- Triggers `mstr_stock_opname`
--
DELIMITER $$
CREATE TRIGGER `TRG_AFTER_INSERT_STOCK_OPNAME` AFTER INSERT ON `mstr_stock_opname` FOR EACH ROW BEGIN
    SET @ID_USER = NEW.ID_LAST_MODIFIED;
    SET @TGL_ACTION = NEW.SO_LAST_MODIFIED;
    SET @LOG_TEXT = CONCAT(NEW.ID_LAST_MODIFIED,' ','INSERT DATA AT' , NEW.SO_LAST_MODIFIED);
    CALL INSERT_LOG_ALL(@ID_USER,@TGL_ACTION,@LOG_TEXT,@ID_LOG_ALL);
    
    INSERT INTO MSTR_STOCK_OPNAME_LOG(EXECUTED_FUNCTION,ID_PK_STOCK_OPNAME,SO_TGL,SO_NOTES,ID_FK_TOKO,ID_EMP_DET,SO_CREATE_DATE,SO_LAST_MODIFIED,ID_CREATE_DATA,ID_LAST_MODIFIED,ID_LOG_ALL) VALUES ('AFTER INSERT',NEW.ID_PK_STOCK_OPNAME,NEW.SO_TGL,NEW.SO_NOTES,NEW.ID_FK_TOKO,NEW.ID_EMP_DET,NEW.SO_CREATE_DATE,NEW.SO_LAST_MODIFIED,NEW.ID_CREATE_DATA,NEW.ID_LAST_MODIFIED,@ID_LOG_ALL);
END
$$
DELIMITER ;
DELIMITER $$
CREATE TRIGGER `TRG_AFTER_UPDATE_STOCK_OPNAME` AFTER UPDATE ON `mstr_stock_opname` FOR EACH ROW BEGIN
    SET @ID_USER = NEW.ID_LAST_MODIFIED;
    SET @TGL_ACTION = NEW.SO_LAST_MODIFIED;
    SET @LOG_TEXT = CONCAT(NEW.ID_LAST_MODIFIED,' ','UPDATE DATA AT' , NEW.SO_LAST_MODIFIED);
    CALL INSERT_LOG_ALL(@ID_USER,@TGL_ACTION,@LOG_TEXT,@ID_LOG_ALL);
    
    INSERT INTO MSTR_STOCK_OPNAME_LOG(EXECUTED_FUNCTION,ID_PK_STOCK_OPNAME,SO_TGL,SO_NOTES,ID_FK_TOKO,ID_EMP_DET,SO_CREATE_DATE,SO_LAST_MODIFIED,ID_CREATE_DATA,ID_LAST_MODIFIED,ID_LOG_ALL) VALUES ('AFTER UPDATE',NEW.ID_PK_STOCK_OPNAME,NEW.SO_TGL,NEW.SO_NOTES,NEW.ID_FK_TOKO,NEW.ID_EMP_DET,NEW.SO_CREATE_DATE,NEW.SO_LAST_MODIFIED,NEW.ID_CREATE_DATA,NEW.ID_LAST_MODIFIED,@ID_LOG_ALL);
END
$$
DELIMITER ;

-- --------------------------------------------------------

--
-- Table structure for table `mstr_stock_opname_log`
--

CREATE TABLE `mstr_stock_opname_log` (
  `ID_PK_STOCK_OPNAME_LOG` int(11) NOT NULL,
  `EXECUTED_FUNCTION` varchar(30) DEFAULT NULL,
  `ID_PK_STOCK_OPNAME` int(11) DEFAULT NULL,
  `SO_TGL` datetime DEFAULT NULL,
  `SO_NOTES` varchar(200) DEFAULT NULL,
  `ID_FK_TOKO` int(11) DEFAULT NULL,
  `ID_EMP_DET` int(11) DEFAULT NULL,
  `SO_CREATE_DATE` datetime DEFAULT NULL,
  `SO_LAST_MODIFIED` datetime DEFAULT NULL,
  `ID_CREATE_DATA` int(11) DEFAULT NULL,
  `ID_LAST_MODIFIED` int(11) DEFAULT NULL,
  `ID_LOG_ALL` int(11) DEFAULT NULL
) ENGINE=InnoDB DEFAULT CHARSET=utf8mb4;

-- --------------------------------------------------------

--
-- Table structure for table `mstr_supplier`
--

CREATE TABLE `mstr_supplier` (
  `id_pk_sup` int(11) NOT NULL,
  `sup_nama` varchar(100) DEFAULT NULL,
  `sup_no_npwp` varchar(100) DEFAULT NULL,
  `sup_foto_npwp` varchar(100) DEFAULT NULL,
  `sup_foto_kartu_nama` varchar(100) DEFAULT NULL,
  `sup_badan_usaha` varchar(100) DEFAULT NULL,
  `sup_no_rekening` varchar(100) DEFAULT NULL,
  `sup_suff` varchar(10) DEFAULT NULL,
  `sup_perusahaan` varchar(100) DEFAULT NULL,
  `sup_email` varchar(100) DEFAULT NULL,
  `sup_telp` varchar(30) DEFAULT NULL,
  `sup_hp` varchar(30) DEFAULT NULL,
  `sup_alamat` varchar(150) DEFAULT NULL,
  `sup_keterangan` varchar(150) DEFAULT NULL,
  `sup_status` varchar(15) DEFAULT NULL,
  `sup_create_date` datetime DEFAULT NULL,
  `sup_last_modified` datetime DEFAULT NULL,
  `id_create_data` int(11) DEFAULT NULL,
  `id_last_modified` int(11) DEFAULT NULL
) ENGINE=InnoDB DEFAULT CHARSET=utf8mb4;

--
-- Dumping data for table `mstr_supplier`
--

INSERT INTO `mstr_supplier` (`id_pk_sup`, `sup_nama`, `sup_no_npwp`, `sup_foto_npwp`, `sup_foto_kartu_nama`, `sup_badan_usaha`, `sup_no_rekening`, `sup_suff`, `sup_perusahaan`, `sup_email`, `sup_telp`, `sup_hp`, `sup_alamat`, `sup_keterangan`, `sup_status`, `sup_create_date`, `sup_last_modified`, `id_create_data`, `id_last_modified`) VALUES
(1, 'pica', '-a', 'IMG_53011.jpg', 'Dating2.png', 'CV', '-a', 'MRS', 'suppliera', 'email@email.coma', '12345a', '12345a', '-a', '-a', 'AKTIF', '2020-07-02 08:21:23', '2020-07-02 08:37:09', 1, 1);

--
-- Triggers `mstr_supplier`
--
DELIMITER $$
CREATE TRIGGER `trg_after_insert_supplier` AFTER INSERT ON `mstr_supplier` FOR EACH ROW begin
            set @id_user = new.id_last_modified;
            set @tgl_action = new.sup_last_modified;
            set @log_text = concat(new.id_last_modified,' ','insert data at' , new.sup_last_modified);
            call insert_log_all(@id_user,@tgl_action,@log_text,@id_log_all);
            
            insert into mstr_supplier_log(executed_function,id_pk_sup,sup_nama,sup_no_npwp,sup_foto_npwp,sup_foto_kartu_nama,sup_badan_usaha,sup_no_rekening,sup_suff,sup_perusahaan,sup_email,sup_telp,sup_hp,sup_alamat,sup_keterangan,sup_status,sup_create_date,sup_last_modified,id_create_data,id_last_modified,id_log_all) values ('after insert',new.id_pk_sup,new.sup_nama,new.sup_no_npwp,new.sup_foto_npwp,new.sup_foto_kartu_nama,new.sup_badan_usaha,new.sup_no_rekening,new.sup_suff,new.sup_perusahaan,new.sup_email,new.sup_telp,new.sup_hp,new.sup_alamat,new.sup_keterangan,new.sup_status,new.sup_create_date,new.sup_last_modified,new.id_create_data,new.id_last_modified,@id_log_all);
        end
$$
DELIMITER ;
DELIMITER $$
CREATE TRIGGER `trg_after_update_supplier` AFTER UPDATE ON `mstr_supplier` FOR EACH ROW begin
            set @id_user = new.id_last_modified;
            set @tgl_action = new.sup_last_modified;
            set @log_text = concat(new.id_last_modified,' ','update data at' , new.sup_last_modified);
            call insert_log_all(@id_user,@tgl_action,@log_text,@id_log_all);
            
            insert into mstr_supplier_log(executed_function,id_pk_sup,sup_nama,sup_no_npwp,sup_foto_npwp,sup_foto_kartu_nama,sup_badan_usaha,sup_no_rekening,sup_suff,sup_perusahaan,sup_email,sup_telp,sup_hp,sup_alamat,sup_keterangan,sup_status,sup_create_date,sup_last_modified,id_create_data,id_last_modified,id_log_all) values ('after update',new.id_pk_sup,new.sup_nama,new.sup_no_npwp,new.sup_foto_npwp,new.sup_foto_kartu_nama,new.sup_badan_usaha,new.sup_no_rekening,new.sup_suff,new.sup_perusahaan,new.sup_email,new.sup_telp,new.sup_hp,new.sup_alamat,new.sup_keterangan,new.sup_status,new.sup_create_date,new.sup_last_modified,new.id_create_data,new.id_last_modified,@id_log_all);
        end
$$
DELIMITER ;

-- --------------------------------------------------------

--
-- Table structure for table `mstr_supplier_log`
--

CREATE TABLE `mstr_supplier_log` (
  `id_pk_sup_log` int(11) NOT NULL,
  `executed_function` varchar(30) DEFAULT NULL,
  `id_pk_sup` int(11) DEFAULT NULL,
  `sup_nama` varchar(100) DEFAULT NULL,
  `sup_no_npwp` varchar(100) DEFAULT NULL,
  `sup_foto_npwp` varchar(100) DEFAULT NULL,
  `sup_foto_kartu_nama` varchar(100) DEFAULT NULL,
  `sup_badan_usaha` varchar(100) DEFAULT NULL,
  `sup_no_rekening` varchar(100) DEFAULT NULL,
  `sup_suff` varchar(10) DEFAULT NULL,
  `sup_perusahaan` varchar(100) DEFAULT NULL,
  `sup_email` varchar(100) DEFAULT NULL,
  `sup_telp` varchar(30) DEFAULT NULL,
  `sup_hp` varchar(30) DEFAULT NULL,
  `sup_alamat` varchar(150) DEFAULT NULL,
  `sup_keterangan` varchar(150) DEFAULT NULL,
  `sup_status` varchar(15) DEFAULT NULL,
  `sup_create_date` datetime DEFAULT NULL,
  `sup_last_modified` datetime DEFAULT NULL,
  `id_create_data` int(11) DEFAULT NULL,
  `id_last_modified` int(11) DEFAULT NULL,
  `id_log_all` int(11) DEFAULT NULL
) ENGINE=InnoDB DEFAULT CHARSET=utf8mb4;

--
-- Dumping data for table `mstr_supplier_log`
--

INSERT INTO `mstr_supplier_log` (`id_pk_sup_log`, `executed_function`, `id_pk_sup`, `sup_nama`, `sup_no_npwp`, `sup_foto_npwp`, `sup_foto_kartu_nama`, `sup_badan_usaha`, `sup_no_rekening`, `sup_suff`, `sup_perusahaan`, `sup_email`, `sup_telp`, `sup_hp`, `sup_alamat`, `sup_keterangan`, `sup_status`, `sup_create_date`, `sup_last_modified`, `id_create_data`, `id_last_modified`, `id_log_all`) VALUES
(1, 'after insert', 1, 'pic', '-', 'Logo_Variant-01.png', 'Dating.png', 'Toko', '-', 'Tn', 'supplier', 'email@email.com', '12345', '12345', '-', '-', 'AKTIF', '2020-07-02 08:21:23', '2020-07-02 08:21:23', 1, 1, 1627),
(2, 'after update', 1, 'pic', '-', 'WhatsApp_Image_2020-05-29_at_11_34_451.jpeg', 'WhatsApp_Image_2020-05-29_at_11_35_241.jpeg', 'Toko', '-', 'Tn', 'supplier', 'email@email.com', '12345', '12345', '-', '-', 'AKTIF', '2020-07-02 08:21:23', '2020-07-02 08:28:43', 1, 1, 1628),
(3, 'after update', 1, 'pic', '-', 'IMG_5301.jpg', 'Dating1.png', 'Toko', '-', 'Tn', 'supplier', 'email@email.com', '12345', '12345', '-', '-', 'AKTIF', '2020-07-02 08:21:23', '2020-07-02 08:36:54', 1, 1, 1629),
(4, 'after update', 1, 'pica', '-a', 'IMG_53011.jpg', 'Dating2.png', 'CV', '-a', 'MRS', 'suppliera', 'email@email.coma', '12345a', '12345a', '-a', '-a', 'AKTIF', '2020-07-02 08:21:23', '2020-07-02 08:37:09', 1, 1, 1630);

-- --------------------------------------------------------

--
-- Table structure for table `mstr_surat_jalan`
--

CREATE TABLE `mstr_surat_jalan` (
  `ID_PK_SURAT_JALAN` int(11) NOT NULL,
  `SJ_NOMOR` varchar(30) DEFAULT NULL,
  `SJ_TGL` datetime DEFAULT NULL,
  `SJ_PENERIMA` varchar(100) DEFAULT NULL,
  `SJ_PENGIRIM` varchar(100) DEFAULT NULL,
  `SJ_ACC` varchar(50) DEFAULT NULL,
  `SJ_NOTE` varchar(150) DEFAULT NULL,
  `SJ_NO_PENJUALAN` varchar(100) DEFAULT NULL,
  `SJ_JMLH_ITEM` double DEFAULT NULL,
  `SJ_TUJUAN` varchar(150) DEFAULT NULL,
  `SJ_ALAMAT` varchar(150) DEFAULT NULL,
  `SJ_STATUS` varchar(15) DEFAULT NULL,
  `ID_FK_PENJUALAN` int(11) DEFAULT NULL,
  `SJ_CREATE_DATE` datetime DEFAULT NULL,
  `SJ_LAST_MODIFIED` datetime DEFAULT NULL,
  `ID_CREATE_DATA` int(11) DEFAULT NULL,
  `ID_LAST_MODIFIED` int(11) DEFAULT NULL
) ENGINE=InnoDB DEFAULT CHARSET=utf8mb4;

--
-- Triggers `mstr_surat_jalan`
--
DELIMITER $$
CREATE TRIGGER `TRG_AFTER_INSERT_SURAT_JALAN` AFTER INSERT ON `mstr_surat_jalan` FOR EACH ROW BEGIN
    SET @ID_USER = NEW.ID_LAST_MODIFIED;
    SET @TGL_ACTION = NEW.SJ_LAST_MODIFIED;
    SET @LOG_TEXT = CONCAT(NEW.ID_LAST_MODIFIED,' ','INSERT DATA AT' , NEW.SJ_LAST_MODIFIED);
    CALL INSERT_LOG_ALL(@ID_USER,@TGL_ACTION,@LOG_TEXT,@ID_LOG_ALL);
    
    INSERT INTO MSTR_SURAT_JALAN_LOG(EXECUTED_FUNCTION,ID_PK_SURAT_JALAN,SJ_NOMOR,SJ_TGL,SJ_PENERIMA,SJ_PENGIRIM,SJ_ACC,SJ_NOTE,SJ_NO_PENJUALAN,SJ_JMLH_ITEM,SJ_TUJUAN,SJ_ALAMAT,SJ_STATUS,ID_FK_PENJUALAN,SJ_CREATE_DATE,SJ_LAST_MODIFIED,ID_CREATE_DATA,ID_LAST_MODIFIED,ID_LOG_ALL) VALUES ('AFTER INSERT',NEW.ID_PK_SURAT_JALAN,NEW.SJ_NOMOR,NEW.SJ_TGL,NEW.SJ_PENERIMA,NEW.SJ_PENGIRIM,NEW.SJ_ACC,NEW.SJ_NOTE,NEW.SJ_NO_PENJUALAN,NEW.SJ_JMLH_ITEM,NEW.SJ_TUJUAN,NEW.SJ_ALAMAT,NEW.SJ_STATUS,NEW.ID_FK_PENJUALAN,NEW.SJ_CREATE_DATE,NEW.SJ_LAST_MODIFIED,NEW.ID_CREATE_DATA,NEW.ID_LAST_MODIFIED,@ID_LOG_ALL);
END
$$
DELIMITER ;
DELIMITER $$
CREATE TRIGGER `TRG_AFTER_UPDATE_SURAT_JALAN` AFTER UPDATE ON `mstr_surat_jalan` FOR EACH ROW BEGIN
    SET @ID_USER = NEW.ID_LAST_MODIFIED;
    SET @TGL_ACTION = NEW.SJ_LAST_MODIFIED;
    SET @LOG_TEXT = CONCAT(NEW.ID_LAST_MODIFIED,' ','UPDATE DATA AT' , NEW.SJ_LAST_MODIFIED);
    CALL INSERT_LOG_ALL(@ID_USER,@TGL_ACTION,@LOG_TEXT,@ID_LOG_ALL);
    
    INSERT INTO MSTR_SURAT_JALAN_LOG(EXECUTED_FUNCTION,ID_PK_SURAT_JALAN,SJ_NOMOR,SJ_TGL,SJ_PENERIMA,SJ_PENGIRIM,SJ_ACC,SJ_NOTE,SJ_NO_PENJUALAN,SJ_JMLH_ITEM,SJ_TUJUAN,SJ_ALAMAT,SJ_STATUS,ID_FK_PENJUALAN,SJ_CREATE_DATE,SJ_LAST_MODIFIED,ID_CREATE_DATA,ID_LAST_MODIFIED,ID_LOG_ALL) VALUES ('AFTER UPDATE',NEW.ID_PK_SURAT_JALAN,NEW.SJ_NOMOR,NEW.SJ_TGL,NEW.SJ_PENERIMA,NEW.SJ_PENGIRIM,NEW.SJ_ACC,NEW.SJ_NOTE,NEW.SJ_NO_PENJUALAN,NEW.SJ_JMLH_ITEM,NEW.SJ_TUJUAN,NEW.SJ_ALAMAT,NEW.SJ_STATUS,NEW.ID_FK_PENJUALAN,NEW.SJ_CREATE_DATE,NEW.SJ_LAST_MODIFIED,NEW.ID_CREATE_DATA,NEW.ID_LAST_MODIFIED,@ID_LOG_ALL);
END
$$
DELIMITER ;

-- --------------------------------------------------------

--
-- Table structure for table `mstr_surat_jalan_log`
--

CREATE TABLE `mstr_surat_jalan_log` (
  `ID_PK_SURAT_JALAN_LOG` int(11) NOT NULL,
  `EXECUTED_FUNCTION` varchar(30) DEFAULT NULL,
  `ID_PK_SURAT_JALAN` int(11) DEFAULT NULL,
  `SJ_NOMOR` varchar(30) DEFAULT NULL,
  `SJ_TGL` datetime DEFAULT NULL,
  `SJ_PENERIMA` varchar(100) DEFAULT NULL,
  `SJ_PENGIRIM` varchar(100) DEFAULT NULL,
  `SJ_ACC` varchar(50) DEFAULT NULL,
  `SJ_NOTE` varchar(150) DEFAULT NULL,
  `SJ_NO_PENJUALAN` varchar(100) DEFAULT NULL,
  `SJ_JMLH_ITEM` double DEFAULT NULL,
  `SJ_TUJUAN` varchar(150) DEFAULT NULL,
  `SJ_ALAMAT` varchar(150) DEFAULT NULL,
  `SJ_STATUS` varchar(15) DEFAULT NULL,
  `ID_FK_PENJUALAN` int(11) DEFAULT NULL,
  `SJ_CREATE_DATE` datetime DEFAULT NULL,
  `SJ_LAST_MODIFIED` datetime DEFAULT NULL,
  `ID_CREATE_DATA` int(11) DEFAULT NULL,
  `ID_LAST_MODIFIED` int(11) DEFAULT NULL,
  `ID_LOG_ALL` int(11) DEFAULT NULL
) ENGINE=InnoDB DEFAULT CHARSET=utf8mb4;

-- --------------------------------------------------------

--
-- Table structure for table `mstr_toko`
--

CREATE TABLE `mstr_toko` (
  `id_pk_toko` int(11) NOT NULL,
  `toko_logo` varchar(100) DEFAULT NULL,
  `toko_nama` varchar(100) DEFAULT NULL,
  `toko_kop_surat` varchar(100) DEFAULT NULL,
  `toko_nonpkp` varchar(100) DEFAULT NULL,
  `toko_pernyataan_rek` varchar(100) DEFAULT NULL,
  `toko_kode` varchar(20) DEFAULT NULL,
  `toko_status` varchar(15) DEFAULT NULL,
  `toko_create_date` datetime DEFAULT NULL,
  `toko_last_modified` datetime DEFAULT NULL,
  `id_create_data` int(11) DEFAULT NULL,
  `id_last_modified` int(11) DEFAULT NULL
) ENGINE=InnoDB DEFAULT CHARSET=utf8mb4;

--
-- Dumping data for table `mstr_toko`
--

INSERT INTO `mstr_toko` (`id_pk_toko`, `toko_logo`, `toko_nama`, `toko_kop_surat`, `toko_nonpkp`, `toko_pernyataan_rek`, `toko_kode`, `toko_status`, `toko_create_date`, `toko_last_modified`, `id_create_data`, `id_last_modified`) VALUES
(1, 'granite_floor1.jpg', 'Maju Mandiri', 'Render3.png', 'Render3_final1.png', 'Render4.png', 'MM', 'AKTIF', '2020-07-02 09:36:12', '2020-07-17 03:06:28', 1, 2),
(2, 'Pendaftaran_SYNC_STUDY.png', 'MMSafety12', 'Dating.png', 'Pendaftaran_SYNC_STUDY.png', 'Dating.png', 'MMS', 'AKTIF', '2020-07-05 11:57:18', '2020-07-06 09:20:32', 1, 1);

--
-- Triggers `mstr_toko`
--
DELIMITER $$
CREATE TRIGGER `trg_after_insert_toko` AFTER INSERT ON `mstr_toko` FOR EACH ROW begin
            set @id_user = new.id_last_modified;
            set @tgl_action = new.toko_last_modified;
            set @log_text = concat(new.id_last_modified,' ','insert data at ' , new.toko_last_modified);
            call insert_log_all(@id_user,@tgl_action,@log_text,@id_log_all);
            
            insert into mstr_toko_log(executed_function,id_pk_toko,toko_logo,toko_nama,toko_kop_surat,toko_nonpkp,toko_pernyataan_rek,toko_kode,toko_status,toko_create_date,toko_last_modified,id_create_data,id_last_modified,id_log_all) values ('after insert',new.id_pk_toko,new.toko_logo,new.toko_nama,toko_kop_surat,toko_nonpkp,toko_pernyataan_rek,new.toko_kode,new.toko_status,new.toko_create_date,new.toko_last_modified,new.id_create_data,new.id_last_modified,@id_log_all);
        end
$$
DELIMITER ;
DELIMITER $$
CREATE TRIGGER `trg_after_update_toko` AFTER UPDATE ON `mstr_toko` FOR EACH ROW begin
            set @id_user = new.id_last_modified;
            set @tgl_action = new.toko_last_modified;
            set @log_text = concat(new.id_last_modified,' ','update data at ' , new.toko_last_modified);
            call insert_log_all(@id_user,@tgl_action,@log_text,@id_log_all);
            
            insert into mstr_toko_log(executed_function,id_pk_toko,toko_logo,toko_nama,toko_kop_surat,toko_nonpkp,toko_pernyataan_rek,toko_kode,toko_status,toko_create_date,toko_last_modified,id_create_data,id_last_modified,id_log_all) values ('after update',new.id_pk_toko,new.toko_logo,new.toko_nama,toko_kop_surat,toko_nonpkp,toko_pernyataan_rek,new.toko_kode,new.toko_status,new.toko_create_date,new.toko_last_modified,new.id_create_data,new.id_last_modified,@id_log_all);
        end
$$
DELIMITER ;

-- --------------------------------------------------------

--
-- Table structure for table `mstr_toko_log`
--

CREATE TABLE `mstr_toko_log` (
  `id_pk_toko_log` int(11) NOT NULL,
  `executed_function` varchar(30) DEFAULT NULL,
  `id_pk_toko` int(11) DEFAULT NULL,
  `toko_logo` varchar(100) DEFAULT NULL,
  `toko_nama` varchar(100) DEFAULT NULL,
  `toko_kop_surat` varchar(100) DEFAULT NULL,
  `toko_nonpkp` varchar(100) DEFAULT NULL,
  `toko_pernyataan_rek` varchar(100) DEFAULT NULL,
  `toko_kode` varchar(20) DEFAULT NULL,
  `toko_status` varchar(15) DEFAULT NULL,
  `toko_create_date` datetime DEFAULT NULL,
  `toko_last_modified` datetime DEFAULT NULL,
  `id_create_data` int(11) DEFAULT NULL,
  `id_last_modified` int(11) DEFAULT NULL,
  `id_log_all` int(11) DEFAULT NULL
) ENGINE=InnoDB DEFAULT CHARSET=utf8mb4;

--
-- Dumping data for table `mstr_toko_log`
--

INSERT INTO `mstr_toko_log` (`id_pk_toko_log`, `executed_function`, `id_pk_toko`, `toko_logo`, `toko_nama`, `toko_kop_surat`, `toko_nonpkp`, `toko_pernyataan_rek`, `toko_kode`, `toko_status`, `toko_create_date`, `toko_last_modified`, `id_create_data`, `id_last_modified`, `id_log_all`) VALUES
(1, 'after insert', 1, 'Dating2.png', 'Maju Mandiri', NULL, NULL, NULL, 'MM', 'AKTIF', '2020-07-02 09:36:12', '2020-07-02 09:36:12', 1, 1, 1631),
(2, 'after update', 1, 'IMG_53011.jpg', 'Maju Mandiri', NULL, NULL, NULL, 'MM', 'AKTIF', '2020-07-02 09:36:12', '2020-07-02 09:53:34', 1, 1, 1632),
(3, 'after update', 1, 'Logo_Variant-01.png', 'Maju Mandiri', NULL, NULL, NULL, 'MM', 'AKTIF', '2020-07-02 09:36:12', '2020-07-02 09:54:33', 1, 1, 1633),
(4, 'after update', 1, 'Pendaftaran_SYNC_STUDY.png', 'Maju Mandiri', NULL, NULL, NULL, 'MM', 'AKTIF', '2020-07-02 09:36:12', '2020-07-02 09:55:05', 1, 1, 1634),
(5, 'after insert', 2, 'noimage.jpg', 'MMSafety', NULL, NULL, NULL, 'mS', 'AKTIF', '2020-07-05 11:57:18', '2020-07-05 11:57:18', 1, 1, 2053),
(6, 'after update', 2, 'Pendaftaran_SYNC_STUDY.png', 'MMSafety2', NULL, NULL, NULL, 'MMS', 'AKTIF', '2020-07-05 11:57:18', '2020-07-06 08:32:09', 1, 1, 2054),
(7, 'after update', 2, 'Pendaftaran_SYNC_STUDY.png', 'MMSafety24', NULL, NULL, NULL, 'MMS', 'AKTIF', '2020-07-05 11:57:18', '2020-07-06 08:43:54', 1, 1, 2055),
(8, 'after update', 2, 'Pendaftaran_SYNC_STUDY.png', 'MMSafety245', NULL, NULL, NULL, 'MMS', 'AKTIF', '2020-07-05 11:57:18', '2020-07-06 08:44:27', 1, 1, 2056),
(9, 'after update', 2, 'Pendaftaran_SYNC_STUDY.png', 'MMSafety245', NULL, NULL, NULL, 'MMS', 'AKTIF', '2020-07-05 11:57:18', '2020-07-06 08:44:34', 1, 1, 2057),
(10, 'after update', 2, 'Pendaftaran_SYNC_STUDY.png', 'MMSafety2456', NULL, NULL, NULL, 'MMS', 'AKTIF', '2020-07-05 11:57:18', '2020-07-06 08:45:23', 1, 1, 2058),
(11, 'after update', 2, 'Pendaftaran_SYNC_STUDY.png', 'MMSafety24567', NULL, NULL, NULL, 'MMS', 'AKTIF', '2020-07-05 11:57:18', '2020-07-06 09:16:14', 1, 1, 3504),
(12, 'after update', 2, 'Pendaftaran_SYNC_STUDY.png', 'MMSafety', NULL, NULL, NULL, 'MMS', 'AKTIF', '2020-07-05 11:57:18', '2020-07-06 09:17:00', 1, 1, 3505),
(13, 'after update', 2, 'Pendaftaran_SYNC_STUDY.png', 'MMSafety2', NULL, NULL, NULL, 'MMS', 'AKTIF', '2020-07-05 11:57:18', '2020-07-06 09:18:23', 1, 1, 3506),
(14, 'after update', 2, 'Pendaftaran_SYNC_STUDY.png', 'MMSafety2', NULL, NULL, NULL, 'MMS', 'AKTIF', '2020-07-05 11:57:18', '2020-07-06 09:18:29', 1, 1, 3507),
(15, 'after update', 2, 'Pendaftaran_SYNC_STUDY.png', 'MMSafety23', NULL, NULL, NULL, 'MMS', 'AKTIF', '2020-07-05 11:57:18', '2020-07-06 09:19:41', 1, 1, 3508),
(16, 'after update', 2, 'Pendaftaran_SYNC_STUDY.png', 'MMSafety', NULL, NULL, NULL, 'MMS', 'AKTIF', '2020-07-05 11:57:18', '2020-07-06 09:20:02', 1, 1, 3509),
(17, 'after update', 2, 'Pendaftaran_SYNC_STUDY.png', 'MMSafety1', NULL, NULL, NULL, 'MMS', 'AKTIF', '2020-07-05 11:57:18', '2020-07-06 09:20:14', 1, 1, 3510),
(18, 'after update', 2, 'Pendaftaran_SYNC_STUDY.png', 'MMSafety12', NULL, NULL, NULL, 'MMS', 'AKTIF', '2020-07-05 11:57:18', '2020-07-06 09:20:32', 1, 1, 3511),
(19, 'after update', 1, 'granite_floor.jpg', 'Maju Mandiri', NULL, NULL, NULL, 'MM', 'AKTIF', '2020-07-02 09:36:12', '2020-07-17 03:04:01', 1, 2, 7566),
(20, 'after update', 1, 'granite_floor1.jpg', 'Maju Mandiri', NULL, NULL, NULL, 'MM', 'AKTIF', '2020-07-02 09:36:12', '2020-07-17 03:06:28', 1, 2, 7567);

-- --------------------------------------------------------

--
-- Table structure for table `mstr_user`
--

CREATE TABLE `mstr_user` (
  `id_pk_user` int(11) NOT NULL,
  `user_name` varchar(50) DEFAULT NULL,
  `user_pass` varchar(200) DEFAULT NULL,
  `user_email` varchar(100) DEFAULT NULL,
  `user_status` varchar(15) DEFAULT NULL,
  `id_fk_role` int(11) DEFAULT NULL,
  `id_fk_employee` int(11) DEFAULT NULL,
  `user_last_modified` datetime DEFAULT NULL,
  `user_create_date` datetime DEFAULT NULL,
  `id_create_date` int(11) DEFAULT NULL,
  `id_last_modified` int(11) DEFAULT NULL
) ENGINE=InnoDB DEFAULT CHARSET=utf8mb4;

--
-- Dumping data for table `mstr_user`
--

INSERT INTO `mstr_user` (`id_pk_user`, `user_name`, `user_pass`, `user_email`, `user_status`, `id_fk_role`, `id_fk_employee`, `user_last_modified`, `user_create_date`, `id_create_date`, `id_last_modified`) VALUES
(2, 'admin', '21232f297a57a5a743894a0e4a801fc3', 'admin@email.com2', 'AKTIF', 1, 5, '2020-07-14 09:59:42', '2020-07-14 09:53:58', 1, 1),
(3, 'admin2', '21232f297a57a5a743894a0e4a801fc3', 'admin@email.com', 'AKTIF', 1, 3, '2020-07-14 09:54:21', '2020-07-14 09:54:21', 1, 1),
(4, 'admin2', '21232f297a57a5a743894a0e4a801fc3', 'admin@email.com', 'AKTIF', 1, 4, '2020-07-14 09:55:35', '2020-07-14 09:55:35', 1, 1);

--
-- Triggers `mstr_user`
--
DELIMITER $$
CREATE TRIGGER `trg_after_insert_user` AFTER INSERT ON `mstr_user` FOR EACH ROW begin
            set @id_user = new.id_last_modified;
            set @tgl_action = new.user_last_modified;
            set @log_text = concat(new.id_last_modified,' ','insert data at',' ', new.user_last_modified);
            call insert_log_all(@id_user,@tgl_action,@log_text,@id_log_all);
            
            insert into mstr_user_log(executed_function,id_pk_user,user_name,user_pass,user_email,user_status,id_fk_role,id_fk_employee,user_last_modified,user_create_date,id_create_date,id_last_modified,id_log_all) values('after insert',new.id_pk_user,new.user_name,new.user_pass,new.user_email,new.user_status,new.id_fk_role,new.id_fk_employee,new.user_last_modified,new.user_create_date,new.id_create_date,new.id_last_modified,@id_log_all);
        end
$$
DELIMITER ;
DELIMITER $$
CREATE TRIGGER `trg_after_update_user` AFTER UPDATE ON `mstr_user` FOR EACH ROW begin
            set @id_user = new.id_last_modified;
            set @tgl_action = new.user_last_modified;
            set @log_text = concat(new.id_last_modified,' ','update data at ' , new.user_last_modified);
            call insert_log_all(@id_user,@tgl_action,@log_text,@id_log_all);
            
            insert into mstr_user_log(executed_function,id_pk_user,user_name,user_pass,user_email,user_status,id_fk_role,id_fk_employee,user_last_modified,user_create_date,id_create_date,id_last_modified,id_log_all) values('after update',new.id_pk_user,new.user_name,new.user_pass,new.user_email,new.user_status,new.id_fk_role,new.id_fk_employee,new.user_last_modified,new.user_create_date,new.id_create_date,new.id_last_modified,@id_log_all);
        end
$$
DELIMITER ;

-- --------------------------------------------------------

--
-- Table structure for table `mstr_user_log`
--

CREATE TABLE `mstr_user_log` (
  `id_pk_user_log` int(11) NOT NULL,
  `executed_function` varchar(40) DEFAULT NULL,
  `id_pk_user` int(11) DEFAULT NULL,
  `user_name` varchar(50) DEFAULT NULL,
  `user_pass` varchar(200) DEFAULT NULL,
  `user_email` varchar(100) DEFAULT NULL,
  `user_status` varchar(15) DEFAULT NULL,
  `id_fk_role` int(11) DEFAULT NULL,
  `id_fk_employee` int(11) DEFAULT NULL,
  `user_last_modified` datetime DEFAULT NULL,
  `user_create_date` datetime DEFAULT NULL,
  `id_create_date` int(11) DEFAULT NULL,
  `id_last_modified` int(11) DEFAULT NULL,
  `id_log_all` int(11) DEFAULT NULL
) ENGINE=InnoDB DEFAULT CHARSET=utf8mb4;

--
-- Dumping data for table `mstr_user_log`
--

INSERT INTO `mstr_user_log` (`id_pk_user_log`, `executed_function`, `id_pk_user`, `user_name`, `user_pass`, `user_email`, `user_status`, `id_fk_role`, `id_fk_employee`, `user_last_modified`, `user_create_date`, `id_create_date`, `id_last_modified`, `id_log_all`) VALUES
(1, 'after insert', 2, 'admin', '21232f297a57a5a743894a0e4a801fc3', 'admin@email.com', 'AKTIF', 1, 1, '2020-07-14 09:53:58', '2020-07-14 09:53:58', 1, 1, 7140),
(2, 'after insert', 3, 'admin2', '21232f297a57a5a743894a0e4a801fc3', 'admin@email.com', 'AKTIF', 1, 3, '2020-07-14 09:54:21', '2020-07-14 09:54:21', 1, 1, 7142),
(3, 'after insert', 4, 'admin2', '21232f297a57a5a743894a0e4a801fc3', 'admin@email.com', 'AKTIF', 1, 4, '2020-07-14 09:55:35', '2020-07-14 09:55:35', 1, 1, 7144),
(4, 'after update', 2, 'admin', '21232f297a57a5a743894a0e4a801fc3', 'admin@email.com2', 'AKTIF', 1, 1, '2020-07-14 09:59:36', '2020-07-14 09:53:58', 1, 1, 7145),
(5, 'after update', 2, 'admin', '21232f297a57a5a743894a0e4a801fc3', 'admin@email.com2', 'AKTIF', 1, 5, '2020-07-14 09:59:42', '2020-07-14 09:53:58', 1, 1, 7147);

-- --------------------------------------------------------

--
-- Table structure for table `mstr_warehouse`
--

CREATE TABLE `mstr_warehouse` (
  `id_pk_warehouse` int(11) NOT NULL,
  `warehouse_nama` varchar(100) DEFAULT NULL,
  `warehouse_alamat` varchar(200) DEFAULT NULL,
  `warehouse_notelp` varchar(30) DEFAULT NULL,
  `warehouse_desc` varchar(150) DEFAULT NULL,
  `warehouse_status` varchar(15) DEFAULT NULL,
  `warehouse_create_date` datetime DEFAULT NULL,
  `warehouse_last_modified` datetime DEFAULT NULL,
  `id_create_data` int(11) DEFAULT NULL,
  `id_last_modified` int(11) DEFAULT NULL
) ENGINE=MyISAM DEFAULT CHARSET=latin1;

--
-- Dumping data for table `mstr_warehouse`
--

INSERT INTO `mstr_warehouse` (`id_pk_warehouse`, `warehouse_nama`, `warehouse_alamat`, `warehouse_notelp`, `warehouse_desc`, `warehouse_status`, `warehouse_create_date`, `warehouse_last_modified`, `id_create_data`, `id_last_modified`) VALUES
(1, 'GUDANG', 'Puri Indah', '12345', '-', 'AKTIF', '2020-06-21 11:45:42', '2020-07-06 09:51:46', 1, 1),
(2, 'GUDANG 2', 'Jalan asdasd Green Lake City', '0216194567', 'deskripsi si si sis', 'AKTIF', '2020-06-22 01:24:49', '2020-06-22 01:25:01', 1, 1);

--
-- Triggers `mstr_warehouse`
--
DELIMITER $$
CREATE TRIGGER `trg_after_insert_warehouse` AFTER INSERT ON `mstr_warehouse` FOR EACH ROW begin
            set @id_user = new.id_last_modified;
            set @tgl_action = new.warehouse_last_modified;
            set @log_text = concat(new.id_last_modified,' ','insert data at' , new.warehouse_last_modified);
            call insert_log_all(@id_user,@tgl_action,@log_text,@id_log_all);
            
            insert into mstr_warehouse_log(executed_function,id_pk_warehouse,warehouse_nama,warehouse_alamat,warehouse_notelp,warehouse_desc,warehouse_status,warehouse_create_date,warehouse_last_modified,id_create_data,id_last_modified,id_log_all) values ('after insert',new.id_pk_warehouse,new.warehouse_nama,new.warehouse_alamat,new.warehouse_notelp,new.warehouse_desc,new.warehouse_status,new.warehouse_create_date,new.warehouse_last_modified,new.id_create_data,new.id_last_modified,@id_log_all);
        end
$$
DELIMITER ;
DELIMITER $$
CREATE TRIGGER `trg_after_update_warehouse` AFTER UPDATE ON `mstr_warehouse` FOR EACH ROW begin
            set @id_user = new.id_last_modified;
            set @tgl_action = new.warehouse_last_modified;
            set @log_text = concat(new.id_last_modified,' ','update data at' , new.warehouse_last_modified);
            call insert_log_all(@id_user,@tgl_action,@log_text,@id_log_all);
            
            insert into mstr_warehouse_log(executed_function,id_pk_warehouse,warehouse_nama,warehouse_alamat,warehouse_notelp,warehouse_desc,warehouse_status,warehouse_create_date,warehouse_last_modified,id_create_data,id_last_modified,id_log_all) values ('after update',new.id_pk_warehouse,new.warehouse_nama,new.warehouse_alamat,new.warehouse_notelp,new.warehouse_desc,new.warehouse_status,new.warehouse_create_date,new.warehouse_last_modified,new.id_create_data,new.id_last_modified,@id_log_all);
        end
$$
DELIMITER ;

-- --------------------------------------------------------

--
-- Table structure for table `mstr_warehouse_log`
--

CREATE TABLE `mstr_warehouse_log` (
  `id_pk_warehouse_log` int(11) NOT NULL,
  `executed_function` varchar(30) DEFAULT NULL,
  `id_pk_warehouse` int(11) DEFAULT NULL,
  `warehouse_nama` varchar(100) DEFAULT NULL,
  `warehouse_alamat` varchar(200) DEFAULT NULL,
  `warehouse_notelp` varchar(30) DEFAULT NULL,
  `warehouse_desc` varchar(150) DEFAULT NULL,
  `warehouse_status` varchar(15) DEFAULT NULL,
  `warehouse_create_date` datetime DEFAULT NULL,
  `warehouse_last_modified` datetime DEFAULT NULL,
  `id_create_data` int(11) DEFAULT NULL,
  `id_last_modified` int(11) DEFAULT NULL,
  `id_log_all` int(11) DEFAULT NULL
) ENGINE=MyISAM DEFAULT CHARSET=latin1;

--
-- Dumping data for table `mstr_warehouse_log`
--

INSERT INTO `mstr_warehouse_log` (`id_pk_warehouse_log`, `executed_function`, `id_pk_warehouse`, `warehouse_nama`, `warehouse_alamat`, `warehouse_notelp`, `warehouse_desc`, `warehouse_status`, `warehouse_create_date`, `warehouse_last_modified`, `id_create_data`, `id_last_modified`, `id_log_all`) VALUES
(1, 'after insert', 1, 'GUDANG 1', 'Puri Indah', '12345', '-', 'AKTIF', '2020-06-21 11:45:42', '2020-06-21 11:45:42', 1, 1, 92),
(2, 'after insert', 2, 'GUDANG 2', 'Jalan asdasd Green Lake City', '0216194567', 'deskripsi si si si', 'AKTIF', '2020-06-22 01:24:49', '2020-06-22 01:24:49', 1, 1, 395),
(3, 'after update', 2, 'GUDANG 2', 'Jalan asdasd Green Lake City', '0216194567', 'deskripsi si si sis', 'AKTIF', '2020-06-22 01:24:49', '2020-06-22 01:25:01', 1, 1, 396),
(4, 'after update', 1, 'GUDANG 12', 'Puri Indah', '12345', '-', 'AKTIF', '2020-06-21 11:45:42', '2020-07-05 11:24:07', 1, 1, 2052),
(5, 'after update', 1, 'GUDANG 123', 'Puri Indah', '12345', '-', 'AKTIF', '2020-06-21 11:45:42', '2020-07-06 09:44:32', 1, 1, 3652),
(6, 'after update', 1, 'GUDANG 1234', 'Puri Indah', '12345', '-', 'AKTIF', '2020-06-21 11:45:42', '2020-07-06 09:46:44', 1, 1, 3653),
(7, 'after update', 1, 'GUDANG 123', 'Puri Indah', '12345', '-', 'AKTIF', '2020-06-21 11:45:42', '2020-07-06 09:47:16', 1, 1, 3654),
(8, 'after update', 1, 'GUDANG 1234', 'Puri Indah', '12345', '-', 'AKTIF', '2020-06-21 11:45:42', '2020-07-06 09:49:40', 1, 1, 3655),
(9, 'after update', 1, 'GUDANG 12345', 'Puri Indah', '12345', '-', 'AKTIF', '2020-06-21 11:45:42', '2020-07-06 09:50:12', 1, 1, 3656),
(10, 'after update', 1, 'GUDANG', 'Puri Indah', '12345', '-', 'AKTIF', '2020-06-21 11:45:42', '2020-07-06 09:51:46', 1, 1, 3657);

-- --------------------------------------------------------

--
-- Table structure for table `tbl_barang_kombinasi`
--

CREATE TABLE `tbl_barang_kombinasi` (
  `id_pk_barang_kombinasi` int(11) NOT NULL,
  `id_barang_utama` int(11) DEFAULT NULL,
  `id_barang_kombinasi` int(11) DEFAULT NULL,
  `barang_kombinasi_qty` double DEFAULT NULL,
  `barang_kombinasi_status` varchar(15) DEFAULT NULL,
  `barang_kombinasi_create_date` datetime DEFAULT NULL,
  `barang_kombinasi_last_modified` datetime DEFAULT NULL,
  `id_create_data` int(11) DEFAULT NULL,
  `id_last_modified` int(11) DEFAULT NULL
) ENGINE=MyISAM DEFAULT CHARSET=latin1;

--
-- Dumping data for table `tbl_barang_kombinasi`
--

INSERT INTO `tbl_barang_kombinasi` (`id_pk_barang_kombinasi`, `id_barang_utama`, `id_barang_kombinasi`, `barang_kombinasi_qty`, `barang_kombinasi_status`, `barang_kombinasi_create_date`, `barang_kombinasi_last_modified`, `id_create_data`, `id_last_modified`) VALUES
(1, 5, 2, 5, 'aktif', '2020-06-22 10:39:16', '2020-07-04 10:27:27', 1, 1),
(2, 5, 4, 3, 'aktif', '2020-06-22 10:39:16', '2020-07-04 10:27:27', 1, 1),
(3, 6, 1, 2, 'aktif', '2020-06-22 17:14:55', '2020-06-22 17:15:39', 1, 1),
(4, 6, 2, 2, 'aktif', '2020-06-22 17:14:55', '2020-07-06 10:07:36', 1, 1),
(5, 7, 1, 3, 'nonaktif', '2020-06-22 21:17:46', '2020-07-03 18:21:11', 1, 1),
(6, 7, 2, 2, 'aktif', '2020-06-22 21:17:46', '2020-07-06 10:08:54', 1, 1),
(7, 6, 1, 1, 'aktif', '2020-06-29 12:17:37', '2020-06-29 12:17:37', 1, 1),
(8, 6, 2, 1, 'nonaktif', '2020-06-29 12:17:37', '2020-07-04 10:27:50', 1, 1),
(9, 7, 3, 3, 'aktif', '2020-06-29 12:17:53', '2020-07-06 10:08:54', 1, 1),
(10, 7, 4, 4, 'aktif', '2020-06-29 12:17:53', '2020-07-06 10:08:54', 1, 1),
(11, 7, 5, 5, 'nonaktif', '2020-06-29 12:17:53', '2020-07-06 17:25:26', 1, 1),
(12, 6, 4, 4, 'aktif', '2020-07-04 10:28:29', '2020-07-06 10:07:36', 1, 1),
(13, 6, 3, 3, 'aktif', '2020-07-04 10:28:29', '2020-07-06 10:07:36', 1, 1),
(14, 17, 9, 123, 'aktif', '2020-07-23 15:16:24', '2020-07-23 15:16:24', 2, 2),
(15, 17, 7, 112, 'aktif', '2020-07-23 15:16:24', '2020-07-23 15:16:24', 2, 2),
(16, 18, 6, 123, 'aktif', '2020-07-23 15:18:05', '2020-07-23 15:18:05', 2, 2),
(17, 18, 14, 123, 'aktif', '2020-07-23 15:18:05', '2020-07-23 15:18:05', 2, 2),
(18, 23, 5, 123, 'aktif', '2020-07-23 15:28:24', '2020-07-23 15:28:24', 2, 2),
(19, 23, 8, 111, 'aktif', '2020-07-23 15:28:24', '2020-07-23 15:28:24', 2, 2),
(20, 23, 9, 4343, 'aktif', '2020-07-23 15:28:24', '2020-07-23 15:28:24', 2, 2),
(21, 24, 5, 12, 'aktif', '2020-07-23 16:50:11', '2020-07-23 16:50:11', 2, 2),
(22, 24, 9, 155, 'aktif', '2020-07-23 16:50:11', '2020-07-23 16:50:11', 2, 2);

--
-- Triggers `tbl_barang_kombinasi`
--
DELIMITER $$
CREATE TRIGGER `trg_after_insert_barang_kombinasi` AFTER INSERT ON `tbl_barang_kombinasi` FOR EACH ROW begin
            set @id_user = new.id_last_modified;
            set @tgl_action = new.barang_kombinasi_last_modified;
            set @log_text = concat(new.id_last_modified,' ','insert data at' , new.barang_kombinasi_last_modified);
            call insert_log_all(@id_user,@tgl_action,@log_text,@id_log_all);
            
            insert into tbl_barang_kombinasi_log(executed_function,id_pk_barang_kombinasi,id_barang_utama,id_barang_kombinasi,barang_kombinasi_qty,barang_kombinasi_status,barang_kombinasi_create_date,barang_kombinasi_last_modified,id_create_data,id_last_modified,id_log_all) values ('after insert',new.id_pk_barang_kombinasi,new.id_barang_utama,new.id_barang_kombinasi,new.barang_kombinasi_qty,new.barang_kombinasi_status,new.barang_kombinasi_create_date,new.barang_kombinasi_last_modified,new.id_create_data,new.id_last_modified,@id_log_all);
        end
$$
DELIMITER ;
DELIMITER $$
CREATE TRIGGER `trg_after_update_barang_kombinasi` AFTER UPDATE ON `tbl_barang_kombinasi` FOR EACH ROW begin
            set @id_user = new.id_last_modified;
            set @tgl_action = new.barang_kombinasi_last_modified;
            set @log_text = concat(new.id_last_modified,' ','update data at' , new.barang_kombinasi_last_modified);
            call insert_log_all(@id_user,@tgl_action,@log_text,@id_log_all);
            
            insert into tbl_barang_kombinasi_log(executed_function,id_pk_barang_kombinasi,id_barang_utama,id_barang_kombinasi,barang_kombinasi_qty,barang_kombinasi_status,barang_kombinasi_create_date,barang_kombinasi_last_modified,id_create_data,id_last_modified,id_log_all) values ('after update',new.id_pk_barang_kombinasi,new.id_barang_utama,new.id_barang_kombinasi,new.barang_kombinasi_qty,new.barang_kombinasi_status,new.barang_kombinasi_create_date,new.barang_kombinasi_last_modified,new.id_create_data,new.id_last_modified,@id_log_all);
        end
$$
DELIMITER ;

-- --------------------------------------------------------

--
-- Table structure for table `tbl_barang_kombinasi_log`
--

CREATE TABLE `tbl_barang_kombinasi_log` (
  `id_pk_barang_kombinasi_log` int(11) NOT NULL,
  `executed_function` varchar(20) DEFAULT NULL,
  `id_pk_barang_kombinasi` int(11) DEFAULT NULL,
  `id_barang_utama` int(11) DEFAULT NULL,
  `id_barang_kombinasi` int(11) DEFAULT NULL,
  `barang_kombinasi_qty` double DEFAULT NULL,
  `barang_kombinasi_status` varchar(15) DEFAULT NULL,
  `barang_kombinasi_create_date` datetime DEFAULT NULL,
  `barang_kombinasi_last_modified` datetime DEFAULT NULL,
  `id_create_data` int(11) DEFAULT NULL,
  `id_last_modified` int(11) DEFAULT NULL,
  `id_log_all` int(11) DEFAULT NULL
) ENGINE=MyISAM DEFAULT CHARSET=latin1;

--
-- Dumping data for table `tbl_barang_kombinasi_log`
--

INSERT INTO `tbl_barang_kombinasi_log` (`id_pk_barang_kombinasi_log`, `executed_function`, `id_pk_barang_kombinasi`, `id_barang_utama`, `id_barang_kombinasi`, `barang_kombinasi_qty`, `barang_kombinasi_status`, `barang_kombinasi_create_date`, `barang_kombinasi_last_modified`, `id_create_data`, `id_last_modified`, `id_log_all`) VALUES
(1, 'after insert', 1, 5, 2, 5, 'aktif', '2020-06-22 10:39:16', '2020-06-22 10:39:16', 1, 1, 352),
(2, 'after insert', 2, 5, 4, 6, 'aktif', '2020-06-22 10:39:16', '2020-06-22 10:39:16', 1, 1, 353),
(3, 'after update', 1, 5, 2, 5, 'aktif', '2020-06-22 10:39:16', '2020-06-22 10:39:37', 1, 1, 356),
(4, 'after update', 2, 5, 4, 6, 'aktif', '2020-06-22 10:39:16', '2020-06-22 10:39:37', 1, 1, 357),
(5, 'after insert', 3, 6, 1, 1, 'aktif', '2020-06-22 17:14:55', '2020-06-22 17:14:55', 1, 1, 601),
(6, 'after insert', 4, 6, 2, 1, 'aktif', '2020-06-22 17:14:55', '2020-06-22 17:14:55', 1, 1, 602),
(7, 'after update', 3, 6, 1, 2, 'aktif', '2020-06-22 17:14:55', '2020-06-22 17:15:39', 1, 1, 604),
(8, 'after update', 4, 6, 2, 1, 'aktif', '2020-06-22 17:14:55', '2020-06-22 17:15:39', 1, 1, 605),
(9, 'after insert', 5, 7, 1, 3, 'aktif', '2020-06-22 21:17:46', '2020-06-22 21:17:46', 1, 1, 849),
(10, 'after insert', 6, 7, 2, 3, 'aktif', '2020-06-22 21:17:46', '2020-06-22 21:17:46', 1, 1, 850),
(11, 'after insert', 7, 6, 1, 1, 'aktif', '2020-06-29 12:17:37', '2020-06-29 12:17:37', 1, 1, 1239),
(12, 'after insert', 8, 6, 2, 1, 'aktif', '2020-06-29 12:17:37', '2020-06-29 12:17:37', 1, 1, 1240),
(13, 'after insert', 9, 7, 3, 2, 'aktif', '2020-06-29 12:17:53', '2020-06-29 12:17:53', 1, 1, 1242),
(14, 'after insert', 10, 7, 4, 2, 'aktif', '2020-06-29 12:17:53', '2020-06-29 12:17:53', 1, 1, 1243),
(15, 'after insert', 11, 7, 5, 2, 'aktif', '2020-06-29 12:17:53', '2020-06-29 12:17:53', 1, 1, 1244),
(16, 'after update', 5, 7, 1, 3, 'nonaktif', '2020-06-22 21:17:46', '2020-07-03 18:21:11', 1, 1, 1704),
(17, 'after update', 1, 5, 2, 5, 'aktif', '2020-06-22 10:39:16', '2020-07-04 10:27:00', 1, 1, 1774),
(18, 'after update', 2, 5, 4, 5, 'aktif', '2020-06-22 10:39:16', '2020-07-04 10:27:00', 1, 1, 1775),
(19, 'after update', 1, 5, 2, 3, 'aktif', '2020-06-22 10:39:16', '2020-07-04 10:27:10', 1, 1, 1777),
(20, 'after update', 2, 5, 4, 5, 'aktif', '2020-06-22 10:39:16', '2020-07-04 10:27:10', 1, 1, 1778),
(21, 'after update', 1, 5, 2, 3, 'aktif', '2020-06-22 10:39:16', '2020-07-04 10:27:19', 1, 1, 1780),
(22, 'after update', 2, 5, 4, 3, 'aktif', '2020-06-22 10:39:16', '2020-07-04 10:27:19', 1, 1, 1781),
(23, 'after update', 1, 5, 2, 5, 'aktif', '2020-06-22 10:39:16', '2020-07-04 10:27:27', 1, 1, 1783),
(24, 'after update', 2, 5, 4, 3, 'aktif', '2020-06-22 10:39:16', '2020-07-04 10:27:27', 1, 1, 1784),
(25, 'after update', 8, 6, 2, 1, 'nonaktif', '2020-06-29 12:17:37', '2020-07-04 10:27:50', 1, 1, 1785),
(26, 'after update', 4, 6, 2, 3, 'aktif', '2020-06-22 17:14:55', '2020-07-04 10:27:59', 1, 1, 1787),
(27, 'after update', 4, 6, 2, 3, 'aktif', '2020-06-22 17:14:55', '2020-07-04 10:28:29', 1, 1, 1789),
(28, 'after insert', 12, 6, 4, 4, 'aktif', '2020-07-04 10:28:29', '2020-07-04 10:28:29', 1, 1, 1790),
(29, 'after insert', 13, 6, 3, 3, 'aktif', '2020-07-04 10:28:29', '2020-07-04 10:28:29', 1, 1, 1791),
(30, 'after update', 4, 6, 2, 3, 'aktif', '2020-06-22 17:14:55', '2020-07-04 12:04:55', 1, 1, 1796),
(31, 'after update', 12, 6, 4, 4, 'aktif', '2020-07-04 10:28:29', '2020-07-04 12:04:55', 1, 1, 1797),
(32, 'after update', 13, 6, 3, 3, 'aktif', '2020-07-04 10:28:29', '2020-07-04 12:04:55', 1, 1, 1798),
(33, 'after update', 4, 6, 2, 2, 'aktif', '2020-06-22 17:14:55', '2020-07-06 10:07:36', 1, 1, 3828),
(34, 'after update', 12, 6, 4, 4, 'aktif', '2020-07-04 10:28:29', '2020-07-06 10:07:36', 1, 1, 3829),
(35, 'after update', 13, 6, 3, 3, 'aktif', '2020-07-04 10:28:29', '2020-07-06 10:07:36', 1, 1, 3830),
(36, 'after update', 6, 7, 2, 2, 'aktif', '2020-06-22 21:17:46', '2020-07-06 10:08:54', 1, 1, 3853),
(37, 'after update', 9, 7, 3, 3, 'aktif', '2020-06-29 12:17:53', '2020-07-06 10:08:54', 1, 1, 3854),
(38, 'after update', 10, 7, 4, 4, 'aktif', '2020-06-29 12:17:53', '2020-07-06 10:08:54', 1, 1, 3855),
(39, 'after update', 11, 7, 5, 5, 'aktif', '2020-06-29 12:17:53', '2020-07-06 10:08:54', 1, 1, 3856),
(40, 'after update', 11, 7, 5, 5, 'nonaktif', '2020-06-29 12:17:53', '2020-07-06 17:25:26', 1, 1, 4711),
(41, 'after insert', 14, 17, 9, 123, 'aktif', '2020-07-23 15:16:24', '2020-07-23 15:16:24', 2, 2, 393),
(42, 'after insert', 15, 17, 7, 112, 'aktif', '2020-07-23 15:16:24', '2020-07-23 15:16:24', 2, 2, 394),
(43, 'after insert', 16, 18, 6, 123, 'aktif', '2020-07-23 15:18:05', '2020-07-23 15:18:05', 2, 2, 396),
(44, 'after insert', 17, 18, 14, 123, 'aktif', '2020-07-23 15:18:05', '2020-07-23 15:18:05', 2, 2, 397),
(45, 'after insert', 18, 23, 5, 123, 'aktif', '2020-07-23 15:28:24', '2020-07-23 15:28:24', 2, 2, 403),
(46, 'after insert', 19, 23, 8, 111, 'aktif', '2020-07-23 15:28:24', '2020-07-23 15:28:24', 2, 2, 404),
(47, 'after insert', 20, 23, 9, 4343, 'aktif', '2020-07-23 15:28:24', '2020-07-23 15:28:24', 2, 2, 405),
(48, 'after insert', 21, 24, 5, 12, 'aktif', '2020-07-23 16:50:11', '2020-07-23 16:50:11', 2, 2, 413),
(49, 'after insert', 22, 24, 9, 155, 'aktif', '2020-07-23 16:50:11', '2020-07-23 16:50:11', 2, 2, 414);

-- --------------------------------------------------------

--
-- Table structure for table `tbl_barang_ukuran`
--

CREATE TABLE `tbl_barang_ukuran` (
  `ID_PK_BARANG_UKURAN` int(11) NOT NULL,
  `ID_FK_BARANG` int(11) DEFAULT NULL,
  `UKURAN` varchar(10) DEFAULT NULL,
  `BRG_UKURAN_STATUS` varchar(15) DEFAULT NULL,
  `BRG_UKURAN_CREATE_DATE` datetime DEFAULT NULL,
  `BRG_UKURAN_LAST_MODIFIED` datetime DEFAULT NULL,
  `ID_CREATE_DATE` int(11) DEFAULT NULL,
  `ID_LAST_MODIFIED` int(11) DEFAULT NULL
) ENGINE=InnoDB DEFAULT CHARSET=utf8mb4;

--
-- Dumping data for table `tbl_barang_ukuran`
--

INSERT INTO `tbl_barang_ukuran` (`ID_PK_BARANG_UKURAN`, `ID_FK_BARANG`, `UKURAN`, `BRG_UKURAN_STATUS`, `BRG_UKURAN_CREATE_DATE`, `BRG_UKURAN_LAST_MODIFIED`, `ID_CREATE_DATE`, `ID_LAST_MODIFIED`) VALUES
(4, 11, ',', 'AKTIF', '2020-05-08 15:54:57', '2020-05-08 15:54:57', 1, 1),
(8, 12, ',', 'AKTIF', '2020-05-08 15:57:11', '2020-05-08 15:57:11', 1, 1),
(9, 13, '5', 'AKTIF', '2020-05-08 15:58:36', '2020-05-08 15:58:36', 1, 1),
(10, 13, '6', 'AKTIF', '2020-05-08 15:58:36', '2020-05-08 15:58:36', 1, 1),
(11, 13, '7', 'AKTIF', '2020-05-08 15:58:36', '2020-05-08 15:58:36', 1, 1),
(12, 14, '5', 'AKTIF', '2020-05-08 15:58:45', '2020-05-08 15:58:45', 1, 1),
(13, 14, '6', 'AKTIF', '2020-05-08 15:58:45', '2020-05-08 15:58:45', 1, 1),
(14, 14, '7', 'AKTIF', '2020-05-08 15:58:45', '2020-05-08 15:58:45', 1, 1),
(15, 15, '33', 'AKTIF', '2020-05-08 15:59:06', '2020-05-08 15:59:06', 1, 1),
(16, 15, '44', 'AKTIF', '2020-05-08 15:59:06', '2020-05-08 15:59:06', 1, 1),
(17, 15, '55', 'AKTIF', '2020-05-08 15:59:06', '2020-05-08 15:59:06', 1, 1),
(18, 15, '66', 'AKTIF', '2020-05-08 15:59:06', '2020-05-08 15:59:06', 1, 1),
(23, 44, '11', 'AKTIF', '2020-05-21 23:41:10', '2020-05-21 23:41:10', 1, 1),
(24, 44, '12', 'AKTIF', '2020-05-21 23:41:10', '2020-05-21 23:41:10', 1, 1),
(25, 44, '13', 'AKTIF', '2020-05-21 23:41:10', '2020-05-21 23:41:10', 1, 1),
(59, 45, '11', 'AKTIF', '2020-05-26 08:11:44', '2020-05-26 08:11:44', 1, 1),
(60, 3, '7', 'AKTIF', '2020-05-29 03:38:40', '2020-05-29 03:38:40', 1, 1),
(61, 3, '5', 'AKTIF', '2020-05-29 03:38:40', '2020-05-29 03:38:40', 1, 1),
(62, 3, '6', 'AKTIF', '2020-05-29 03:38:40', '2020-05-29 03:38:40', 1, 1),
(63, 43, '11', 'AKTIF', '2020-05-29 03:39:26', '2020-05-29 03:39:26', 1, 1),
(64, 43, '22', 'AKTIF', '2020-05-29 03:39:26', '2020-05-29 03:39:26', 1, 1),
(65, 43, '33', 'AKTIF', '2020-05-29 03:39:26', '2020-05-29 03:39:26', 1, 1),
(66, 43, '44', 'AKTIF', '2020-05-29 03:39:26', '2020-05-29 03:39:26', 1, 1),
(70, 2, '11', 'AKTIF', '2020-05-29 03:40:17', '2020-05-29 03:40:17', 1, 1),
(71, 2, '12', 'AKTIF', '2020-05-29 03:40:17', '2020-05-29 03:40:17', 1, 1),
(72, 2, '13', 'AKTIF', '2020-05-29 03:40:17', '2020-05-29 03:40:17', 1, 1),
(73, 4, '1', 'AKTIF', '2020-05-29 03:41:03', '2020-05-29 03:41:03', 1, 1),
(74, 4, '2', 'AKTIF', '2020-05-29 03:41:03', '2020-05-29 03:41:03', 1, 1),
(75, 4, '3', 'AKTIF', '2020-05-29 03:41:03', '2020-05-29 03:41:03', 1, 1);

-- --------------------------------------------------------

--
-- Table structure for table `tbl_brg_cabang`
--

CREATE TABLE `tbl_brg_cabang` (
  `id_pk_brg_cabang` int(11) NOT NULL,
  `brg_cabang_qty` int(11) DEFAULT NULL,
  `brg_cabang_notes` varchar(200) DEFAULT NULL,
  `brg_cabang_status` varchar(15) DEFAULT NULL,
  `brg_cabang_last_price` int(11) DEFAULT 0,
  `id_fk_brg` int(11) DEFAULT NULL,
  `id_fk_cabang` int(11) DEFAULT NULL,
  `brg_cabang_create_date` datetime DEFAULT NULL,
  `brg_cabang_last_modified` datetime DEFAULT NULL,
  `id_create_data` int(11) DEFAULT NULL,
  `id_last_modified` int(11) DEFAULT NULL
) ENGINE=MyISAM DEFAULT CHARSET=latin1;

--
-- Dumping data for table `tbl_brg_cabang`
--

INSERT INTO `tbl_brg_cabang` (`id_pk_brg_cabang`, `brg_cabang_qty`, `brg_cabang_notes`, `brg_cabang_status`, `brg_cabang_last_price`, `id_fk_brg`, `id_fk_cabang`, `brg_cabang_create_date`, `brg_cabang_last_modified`, `id_create_data`, `id_last_modified`) VALUES
(1, 230, '-', 'nonaktif', 0, 1, 1, '2020-06-22 08:03:53', '2020-06-22 08:07:23', 1, 1),
(2, 785, '-', 'nonaktif', 30000, 2, 1, '2020-06-22 08:04:32', '2020-06-22 08:26:28', 1, 1),
(3, -10, '-', 'nonaktif', 40000, 3, 1, '2020-06-22 08:04:32', '2020-06-22 08:26:28', 1, 1),
(4, 230, '-', 'nonaktif', 0, 1, 1, '2020-06-22 08:07:40', '2020-06-22 08:08:55', 1, 1),
(5, 785, '-', 'nonaktif', 30000, 2, 1, '2020-06-22 08:07:40', '2020-06-22 08:26:28', 1, 1),
(6, -10, '-', 'nonaktif', 40000, 3, 1, '2020-06-22 08:07:40', '2020-06-22 08:26:28', 1, 1),
(7, 230, '-', 'AKTIF', 0, 1, 1, '2020-06-22 08:09:14', '2020-07-01 12:28:58', 1, 1),
(8, 5, '-', 'AKTIF', 30000, 2, 1, '2020-06-22 08:09:14', '2020-07-09 09:03:43', 1, 1),
(9, -10, '-', 'nonaktif', 40000, 3, 1, '2020-06-22 08:09:14', '2020-07-04 08:16:25', 1, 1),
(10, 1, 'poiuytrewq', 'nonaktif', 0, 5, 1, '2020-06-22 01:46:33', '2020-07-04 10:18:19', 1, 1),
(11, 360, 'Auto insert from item existance check', 'aktif', 0, 4, 1, '2020-06-22 01:46:33', '2020-07-04 09:53:02', 1, 1),
(12, 2147483647, '-', 'AKTIF', 15000, 1, 2, '2020-06-22 03:01:02', '2020-06-22 05:28:46', 1, 1),
(13, 2147483647, '-', 'nonaktif', 14000, 2, 2, '2020-06-22 03:01:02', '2020-07-06 11:39:15', 1, 1),
(14, 2147483647, '-', 'nonaktif', 20000, 3, 2, '2020-06-22 03:01:02', '2020-07-07 10:34:54', 1, 1),
(15, 2147483647, '-', 'nonaktif', 10000, 4, 2, '2020-06-22 03:01:02', '2020-07-07 10:34:54', 1, 1),
(16, 429496729, '-', 'AKTIF', 0, 5, 2, '2020-06-22 03:01:02', '2020-07-06 05:21:27', 1, 1),
(17, 536870911, '-', 'AKTIF', 0, 6, 2, '2020-06-22 05:26:20', '2020-07-06 05:21:38', 1, 1),
(18, 536870911, '-', 'AKTIF', 0, 7, 2, '2020-06-29 12:18:09', '2020-07-06 05:34:11', 1, 1),
(19, 2, '-', 'nonaktif', 0, 7, 1, '2020-07-04 09:08:25', '2020-07-04 09:16:51', 1, 1),
(20, -10, 'Auto insert from item existance check', 'nonaktif', 0, 3, 1, '2020-07-04 09:08:25', '2020-07-04 09:11:07', 1, 1),
(21, -10, 'Auto insert from item existance check', 'nonaktif', 0, 3, 1, '2020-07-04 09:11:07', '2020-07-04 09:11:13', 1, 1),
(22, -10, 'Auto insert from item existance check', 'nonaktif', 0, 3, 1, '2020-07-04 09:11:13', '2020-07-04 09:11:50', 1, 1),
(23, -10, 'Auto insert from item existance check', 'nonaktif', 0, 3, 1, '2020-07-04 09:11:50', '2020-07-04 09:16:55', 1, 1),
(24, 1, '-', 'AKTIF', 0, 5, 1, '2020-07-04 10:18:46', '2020-07-04 10:25:16', 1, 1),
(25, 2, '-', 'AKTIF', 0, 7, 1, '2020-07-04 10:18:46', '2020-07-04 10:25:21', 1, 1),
(26, 80, 'Auto insert from item existance check', 'aktif', 0, 3, 1, '2020-07-04 10:18:46', '2020-07-04 09:52:43', 1, 1),
(27, 2147483647, 'Auto insert from item existance check', 'nonaktif', 0, 2, 2, '2020-07-06 11:49:17', '2020-07-06 11:49:33', 1, 1),
(28, 2147483647, 'Auto insert from item existance check', 'nonaktif', 0, 2, 2, '2020-07-06 11:49:33', '2020-07-06 11:52:03', 1, 1),
(29, 2147483647, 'Auto insert from item existance check', 'nonaktif', 0, 2, 2, '2020-07-06 11:52:03', '2020-07-06 11:52:29', 1, 1),
(30, 2147483647, 'Auto insert from item existance check', 'nonaktif', 0, 2, 2, '2020-07-06 11:52:29', '2020-07-06 02:01:07', 1, 1),
(31, 2147483647, 'Auto insert from item existance check', 'nonaktif', 0, 2, 2, '2020-07-06 02:01:07', '2020-07-06 05:01:49', 1, 1),
(32, 2147483647, 'Auto insert from item existance check', 'aktif', 0, 2, 2, '2020-07-06 05:01:49', '2020-07-06 05:21:00', 1, 1),
(33, 2147483647, 'Auto insert from item existance check', 'aktif', 10000, 4, 2, '2020-07-06 05:01:59', '2020-07-07 10:34:54', 1, 1),
(34, 2147483647, 'Auto insert from item existance check', 'aktif', 20000, 3, 2, '2020-07-06 05:02:05', '2020-07-07 10:34:54', 1, 1),
(35, 246369, '-', 'AKTIF', 0, 8, 2, '2020-07-24 07:41:17', '2020-07-24 07:41:17', 2, 2),
(36, 13854733, '-', 'AKTIF', 0, 24, 2, '2020-07-24 07:44:18', '2020-07-24 07:44:18', 2, 2),
(37, 2147483647, 'Auto insert from item existance check', 'aktif', 0, 9, 2, '2020-07-24 07:46:46', '2020-07-24 07:46:46', 2, 2);

--
-- Triggers `tbl_brg_cabang`
--
DELIMITER $$
CREATE TRIGGER `trg_after_insert_brg_cabang` AFTER INSERT ON `tbl_brg_cabang` FOR EACH ROW begin
            set @id_user = new.id_last_modified;
            set @tgl_action = new.brg_cabang_last_modified;
            set @log_text = concat(new.id_last_modified,' ','insert data at ' , new.brg_cabang_last_modified);
            call insert_log_all(@id_user,@tgl_action,@log_text,@id_log_all);
            
            insert into tbl_brg_cabang_log(executed_function,id_pk_brg_cabang,brg_cabang_qty,brg_cabang_last_price,brg_cabang_notes,brg_cabang_status,id_fk_brg,id_fk_cabang,brg_cabang_create_date,brg_cabang_last_modified,id_create_data,id_last_modified,id_log_all) values ('after insert',new.id_pk_brg_cabang,new.brg_cabang_last_price,new.brg_cabang_qty,new.brg_cabang_notes,new.brg_cabang_status,new.id_fk_brg,new.id_fk_cabang,new.brg_cabang_create_date,new.brg_cabang_last_modified,new.id_create_data,new.id_last_modified,@id_log_all);
            
            call update_stok_kombinasi_barang_cabang(new.id_fk_brg,new.brg_cabang_qty, 0, new.id_fk_cabang);
        end
$$
DELIMITER ;
DELIMITER $$
CREATE TRIGGER `trg_after_update_brg_cabang` AFTER UPDATE ON `tbl_brg_cabang` FOR EACH ROW begin
            set @id_user = new.id_last_modified;
            set @tgl_action = new.brg_cabang_last_modified;
            set @log_text = concat(new.id_last_modified,' ','update data at ' , new.brg_cabang_last_modified);
            call insert_log_all(@id_user,@tgl_action,@log_text,@id_log_all);
            
            insert into tbl_brg_cabang_log(executed_function,id_pk_brg_cabang,brg_cabang_qty,brg_cabang_last_price,brg_cabang_notes,brg_cabang_status,id_fk_brg,id_fk_cabang,brg_cabang_create_date,brg_cabang_last_modified,id_create_data,id_last_modified,id_log_all) values ('after update',new.id_pk_brg_cabang,new.brg_cabang_last_price,new.brg_cabang_qty,new.brg_cabang_notes,new.brg_cabang_status,new.id_fk_brg,new.id_fk_cabang,new.brg_cabang_create_date,new.brg_cabang_last_modified,new.id_create_data,new.id_last_modified,@id_log_all);

        end
$$
DELIMITER ;

-- --------------------------------------------------------

--
-- Table structure for table `tbl_brg_cabang_log`
--

CREATE TABLE `tbl_brg_cabang_log` (
  `id_pk_brg_cabang_log` int(11) NOT NULL,
  `executed_function` varchar(30) DEFAULT NULL,
  `id_pk_brg_cabang` int(11) DEFAULT NULL,
  `brg_cabang_qty` int(11) DEFAULT NULL,
  `brg_cabang_last_price` int(11) DEFAULT 0,
  `brg_cabang_notes` varchar(200) DEFAULT NULL,
  `brg_cabang_status` varchar(15) DEFAULT NULL,
  `id_fk_brg` int(11) DEFAULT NULL,
  `id_fk_cabang` int(11) DEFAULT NULL,
  `brg_cabang_create_date` datetime DEFAULT NULL,
  `brg_cabang_last_modified` datetime DEFAULT NULL,
  `id_create_data` int(11) DEFAULT NULL,
  `id_last_modified` int(11) DEFAULT NULL,
  `id_log_all` int(11) DEFAULT NULL
) ENGINE=MyISAM DEFAULT CHARSET=latin1;

--
-- Dumping data for table `tbl_brg_cabang_log`
--

INSERT INTO `tbl_brg_cabang_log` (`id_pk_brg_cabang_log`, `executed_function`, `id_pk_brg_cabang`, `brg_cabang_qty`, `brg_cabang_last_price`, `brg_cabang_notes`, `brg_cabang_status`, `id_fk_brg`, `id_fk_cabang`, `brg_cabang_create_date`, `brg_cabang_last_modified`, `id_create_data`, `id_last_modified`, `id_log_all`) VALUES
(1, 'after insert', 1, 0, 10, '-', 'AKTIF', 1, 1, '2020-06-22 08:03:53', '2020-06-22 08:03:53', 1, 1, 218),
(2, 'after insert', 2, 0, 10, '-', 'AKTIF', 2, 1, '2020-06-22 08:04:32', '2020-06-22 08:04:32', 1, 1, 219),
(3, 'after insert', 3, 0, 10, '-', 'AKTIF', 3, 1, '2020-06-22 08:04:32', '2020-06-22 08:04:32', 1, 1, 220),
(4, 'after update', 1, 0, 10, '-', 'nonaktif', 1, 1, '2020-06-22 08:03:53', '2020-06-22 08:07:23', 1, 1, 221),
(5, 'after update', 2, 0, 10, '-', 'nonaktif', 2, 1, '2020-06-22 08:04:32', '2020-06-22 08:07:25', 1, 1, 222),
(6, 'after update', 3, 0, 10, '-', 'nonaktif', 3, 1, '2020-06-22 08:04:32', '2020-06-22 08:07:27', 1, 1, 223),
(7, 'after insert', 4, 0, 10, '-', 'AKTIF', 1, 1, '2020-06-22 08:07:40', '2020-06-22 08:07:40', 1, 1, 224),
(8, 'after insert', 5, 0, 10, '-', 'AKTIF', 2, 1, '2020-06-22 08:07:40', '2020-06-22 08:07:40', 1, 1, 225),
(9, 'after insert', 6, 0, 10, '-', 'AKTIF', 3, 1, '2020-06-22 08:07:40', '2020-06-22 08:07:40', 1, 1, 226),
(10, 'after update', 4, 0, 10, '-', 'nonaktif', 1, 1, '2020-06-22 08:07:40', '2020-06-22 08:08:55', 1, 1, 227),
(11, 'after update', 5, 0, 10, '-', 'nonaktif', 2, 1, '2020-06-22 08:07:40', '2020-06-22 08:08:58', 1, 1, 228),
(12, 'after update', 6, 0, 10, '-', 'nonaktif', 3, 1, '2020-06-22 08:07:40', '2020-06-22 08:09:00', 1, 1, 229),
(13, 'after insert', 7, 0, 10, '-', 'AKTIF', 1, 1, '2020-06-22 08:09:14', '2020-06-22 08:09:14', 1, 1, 230),
(14, 'after insert', 8, 0, 10, '-', 'AKTIF', 2, 1, '2020-06-22 08:09:14', '2020-06-22 08:09:14', 1, 1, 231),
(15, 'after insert', 9, 0, 10, '-', 'AKTIF', 3, 1, '2020-06-22 08:09:14', '2020-06-22 08:09:14', 1, 1, 232),
(16, 'after update', 7, 0, 15, '-', 'AKTIF', 1, 1, '2020-06-22 08:09:14', '2020-06-22 08:10:02', 1, 1, 233),
(17, 'after update', 8, 0, 15, '-', 'AKTIF', 2, 1, '2020-06-22 08:09:14', '2020-06-22 08:10:06', 1, 1, 234),
(18, 'after update', 2, 30000, 10, '-', 'nonaktif', 2, 1, '2020-06-22 08:04:32', '2020-06-22 08:26:28', 1, 1, 246),
(19, 'after update', 5, 30000, 10, '-', 'nonaktif', 2, 1, '2020-06-22 08:07:40', '2020-06-22 08:26:28', 1, 1, 247),
(20, 'after update', 8, 30000, 15, '-', 'AKTIF', 2, 1, '2020-06-22 08:09:14', '2020-06-22 08:26:28', 1, 1, 248),
(21, 'after update', 3, 40000, 10, '-', 'nonaktif', 3, 1, '2020-06-22 08:04:32', '2020-06-22 08:26:28', 1, 1, 250),
(22, 'after update', 6, 40000, 10, '-', 'nonaktif', 3, 1, '2020-06-22 08:07:40', '2020-06-22 08:26:28', 1, 1, 251),
(23, 'after update', 9, 40000, 10, '-', 'AKTIF', 3, 1, '2020-06-22 08:09:14', '2020-06-22 08:26:28', 1, 1, 252),
(24, 'after update', 1, 0, 11, '-', 'nonaktif', 1, 1, '2020-06-22 08:03:53', '2020-06-22 08:07:23', 1, 1, 269),
(25, 'after update', 4, 0, 11, '-', 'nonaktif', 1, 1, '2020-06-22 08:07:40', '2020-06-22 08:08:55', 1, 1, 270),
(26, 'after update', 7, 0, 16, '-', 'AKTIF', 1, 1, '2020-06-22 08:09:14', '2020-06-22 08:10:02', 1, 1, 271),
(27, 'after update', 2, 30000, 11, '-', 'nonaktif', 2, 1, '2020-06-22 08:04:32', '2020-06-22 08:26:28', 1, 1, 273),
(28, 'after update', 5, 30000, 11, '-', 'nonaktif', 2, 1, '2020-06-22 08:07:40', '2020-06-22 08:26:28', 1, 1, 274),
(29, 'after update', 8, 30000, 16, '-', 'AKTIF', 2, 1, '2020-06-22 08:09:14', '2020-06-22 08:26:28', 1, 1, 275),
(30, 'after update', 1, 0, 11, '-', 'nonaktif', 1, 1, '2020-06-22 08:03:53', '2020-06-22 08:07:23', 1, 1, 278),
(31, 'after update', 4, 0, 11, '-', 'nonaktif', 1, 1, '2020-06-22 08:07:40', '2020-06-22 08:08:55', 1, 1, 279),
(32, 'after update', 7, 0, 16, '-', 'AKTIF', 1, 1, '2020-06-22 08:09:14', '2020-06-22 08:10:02', 1, 1, 280),
(33, 'after update', 2, 30000, 10, '-', 'nonaktif', 2, 1, '2020-06-22 08:04:32', '2020-06-22 08:26:28', 1, 1, 282),
(34, 'after update', 5, 30000, 10, '-', 'nonaktif', 2, 1, '2020-06-22 08:07:40', '2020-06-22 08:26:28', 1, 1, 283),
(35, 'after update', 8, 30000, 15, '-', 'AKTIF', 2, 1, '2020-06-22 08:09:14', '2020-06-22 08:26:28', 1, 1, 284),
(36, 'after update', 1, 0, 10, '-', 'nonaktif', 1, 1, '2020-06-22 08:03:53', '2020-06-22 08:07:23', 1, 1, 289),
(37, 'after update', 4, 0, 10, '-', 'nonaktif', 1, 1, '2020-06-22 08:07:40', '2020-06-22 08:08:55', 1, 1, 290),
(38, 'after update', 7, 0, 15, '-', 'AKTIF', 1, 1, '2020-06-22 08:09:14', '2020-06-22 08:10:02', 1, 1, 291),
(39, 'after update', 2, 30000, 10, '-', 'nonaktif', 2, 1, '2020-06-22 08:04:32', '2020-06-22 08:26:28', 1, 1, 293),
(40, 'after update', 5, 30000, 10, '-', 'nonaktif', 2, 1, '2020-06-22 08:07:40', '2020-06-22 08:26:28', 1, 1, 294),
(41, 'after update', 8, 30000, 15, '-', 'AKTIF', 2, 1, '2020-06-22 08:09:14', '2020-06-22 08:26:28', 1, 1, 295),
(42, 'after update', 1, 0, 12, '-', 'nonaktif', 1, 1, '2020-06-22 08:03:53', '2020-06-22 08:07:23', 1, 1, 299),
(43, 'after update', 4, 0, 12, '-', 'nonaktif', 1, 1, '2020-06-22 08:07:40', '2020-06-22 08:08:55', 1, 1, 300),
(44, 'after update', 7, 0, 17, '-', 'AKTIF', 1, 1, '2020-06-22 08:09:14', '2020-06-22 08:10:02', 1, 1, 301),
(45, 'after update', 2, 30000, 12, '-', 'nonaktif', 2, 1, '2020-06-22 08:04:32', '2020-06-22 08:26:28', 1, 1, 303),
(46, 'after update', 5, 30000, 12, '-', 'nonaktif', 2, 1, '2020-06-22 08:07:40', '2020-06-22 08:26:28', 1, 1, 304),
(47, 'after update', 8, 30000, 17, '-', 'AKTIF', 2, 1, '2020-06-22 08:09:14', '2020-06-22 08:26:28', 1, 1, 305),
(48, 'after update', 1, 0, 10, '-', 'nonaktif', 1, 1, '2020-06-22 08:03:53', '2020-06-22 08:07:23', 1, 1, 308),
(49, 'after update', 4, 0, 10, '-', 'nonaktif', 1, 1, '2020-06-22 08:07:40', '2020-06-22 08:08:55', 1, 1, 309),
(50, 'after update', 7, 0, 15, '-', 'AKTIF', 1, 1, '2020-06-22 08:09:14', '2020-06-22 08:10:02', 1, 1, 310),
(51, 'after update', 2, 30000, 10, '-', 'nonaktif', 2, 1, '2020-06-22 08:04:32', '2020-06-22 08:26:28', 1, 1, 312),
(52, 'after update', 5, 30000, 10, '-', 'nonaktif', 2, 1, '2020-06-22 08:07:40', '2020-06-22 08:26:28', 1, 1, 313),
(53, 'after update', 8, 30000, 15, '-', 'AKTIF', 2, 1, '2020-06-22 08:09:14', '2020-06-22 08:26:28', 1, 1, 314),
(54, 'after insert', 10, 0, 88, 'poiuytrewq', 'AKTIF', 5, 1, '2020-06-22 01:46:33', '2020-06-22 01:46:33', 1, 1, 399),
(55, 'after insert', 11, 0, 0, 'Auto insert from item existance check', 'aktif', 4, 1, '2020-06-22 01:46:33', '2020-06-22 01:46:33', 1, 1, 400),
(56, 'after insert', 12, 0, 100, '-', 'AKTIF', 1, 2, '2020-06-22 03:01:02', '2020-06-22 03:01:02', 1, 1, 557),
(57, 'after insert', 13, 0, 100, '-', 'AKTIF', 2, 2, '2020-06-22 03:01:02', '2020-06-22 03:01:02', 1, 1, 558),
(58, 'after insert', 14, 0, 100, '-', 'AKTIF', 3, 2, '2020-06-22 03:01:02', '2020-06-22 03:01:02', 1, 1, 559),
(59, 'after insert', 15, 0, 100, '-', 'AKTIF', 4, 2, '2020-06-22 03:01:02', '2020-06-22 03:01:02', 1, 1, 560),
(60, 'after insert', 16, 0, 100, '-', 'AKTIF', 5, 2, '2020-06-22 03:01:02', '2020-06-22 03:01:02', 1, 1, 561),
(61, 'after insert', 17, 0, 10, '-', 'AKTIF', 6, 2, '2020-06-22 05:26:20', '2020-06-22 05:26:20', 1, 1, 639),
(62, 'after update', 12, 15000, 100, '-', 'AKTIF', 1, 2, '2020-06-22 03:01:02', '2020-06-22 05:28:46', 1, 1, 642),
(63, 'after update', 13, 14000, 100, '-', 'AKTIF', 2, 2, '2020-06-22 03:01:02', '2020-06-22 05:28:46', 1, 1, 644),
(64, 'after update', 12, 15000, 101, '-', 'AKTIF', 1, 2, '2020-06-22 03:01:02', '2020-06-22 05:28:46', 1, 1, 648),
(65, 'after update', 13, 14000, 101, '-', 'AKTIF', 2, 2, '2020-06-22 03:01:02', '2020-06-22 05:28:46', 1, 1, 650),
(66, 'after update', 12, 15000, 141, '-', 'AKTIF', 1, 2, '2020-06-22 03:01:02', '2020-06-22 05:28:46', 1, 1, 653),
(67, 'after update', 13, 14000, 113, '-', 'AKTIF', 2, 2, '2020-06-22 03:01:02', '2020-06-22 05:28:46', 1, 1, 655),
(68, 'after update', 1, 0, 9, '-', 'nonaktif', 1, 1, '2020-06-22 08:03:53', '2020-06-22 08:07:23', 1, 1, 667),
(69, 'after update', 4, 0, 9, '-', 'nonaktif', 1, 1, '2020-06-22 08:07:40', '2020-06-22 08:08:55', 1, 1, 668),
(70, 'after update', 7, 0, 14, '-', 'AKTIF', 1, 1, '2020-06-22 08:09:14', '2020-06-22 08:10:02', 1, 1, 669),
(71, 'after update', 2, 30000, 9, '-', 'nonaktif', 2, 1, '2020-06-22 08:04:32', '2020-06-22 08:26:28', 1, 1, 671),
(72, 'after update', 5, 30000, 9, '-', 'nonaktif', 2, 1, '2020-06-22 08:07:40', '2020-06-22 08:26:28', 1, 1, 672),
(73, 'after update', 8, 30000, 14, '-', 'AKTIF', 2, 1, '2020-06-22 08:09:14', '2020-06-22 08:26:28', 1, 1, 673),
(74, 'after update', 3, 40000, 9, '-', 'nonaktif', 3, 1, '2020-06-22 08:04:32', '2020-06-22 08:26:28', 1, 1, 675),
(75, 'after update', 6, 40000, 9, '-', 'nonaktif', 3, 1, '2020-06-22 08:07:40', '2020-06-22 08:26:28', 1, 1, 676),
(76, 'after update', 9, 40000, 9, '-', 'AKTIF', 3, 1, '2020-06-22 08:09:14', '2020-06-22 08:26:28', 1, 1, 677),
(77, 'after update', 1, 0, 8, '-', 'nonaktif', 1, 1, '2020-06-22 08:03:53', '2020-06-22 08:07:23', 1, 1, 680),
(78, 'after update', 4, 0, 8, '-', 'nonaktif', 1, 1, '2020-06-22 08:07:40', '2020-06-22 08:08:55', 1, 1, 681),
(79, 'after update', 7, 0, 13, '-', 'AKTIF', 1, 1, '2020-06-22 08:09:14', '2020-06-22 08:10:02', 1, 1, 682),
(80, 'after update', 2, 30000, 8, '-', 'nonaktif', 2, 1, '2020-06-22 08:04:32', '2020-06-22 08:26:28', 1, 1, 684),
(81, 'after update', 5, 30000, 8, '-', 'nonaktif', 2, 1, '2020-06-22 08:07:40', '2020-06-22 08:26:28', 1, 1, 685),
(82, 'after update', 8, 30000, 13, '-', 'AKTIF', 2, 1, '2020-06-22 08:09:14', '2020-06-22 08:26:28', 1, 1, 686),
(83, 'after update', 3, 40000, 8, '-', 'nonaktif', 3, 1, '2020-06-22 08:04:32', '2020-06-22 08:26:28', 1, 1, 688),
(84, 'after update', 6, 40000, 8, '-', 'nonaktif', 3, 1, '2020-06-22 08:07:40', '2020-06-22 08:26:28', 1, 1, 689),
(85, 'after update', 9, 40000, 8, '-', 'AKTIF', 3, 1, '2020-06-22 08:09:14', '2020-06-22 08:26:28', 1, 1, 690),
(86, 'after update', 1, 0, 7, '-', 'nonaktif', 1, 1, '2020-06-22 08:03:53', '2020-06-22 08:07:23', 1, 1, 693),
(87, 'after update', 4, 0, 7, '-', 'nonaktif', 1, 1, '2020-06-22 08:07:40', '2020-06-22 08:08:55', 1, 1, 694),
(88, 'after update', 7, 0, 12, '-', 'AKTIF', 1, 1, '2020-06-22 08:09:14', '2020-06-22 08:10:02', 1, 1, 695),
(89, 'after update', 2, 30000, 7, '-', 'nonaktif', 2, 1, '2020-06-22 08:04:32', '2020-06-22 08:26:28', 1, 1, 697),
(90, 'after update', 5, 30000, 7, '-', 'nonaktif', 2, 1, '2020-06-22 08:07:40', '2020-06-22 08:26:28', 1, 1, 698),
(91, 'after update', 8, 30000, 12, '-', 'AKTIF', 2, 1, '2020-06-22 08:09:14', '2020-06-22 08:26:28', 1, 1, 699),
(92, 'after update', 3, 40000, 7, '-', 'nonaktif', 3, 1, '2020-06-22 08:04:32', '2020-06-22 08:26:28', 1, 1, 701),
(93, 'after update', 6, 40000, 7, '-', 'nonaktif', 3, 1, '2020-06-22 08:07:40', '2020-06-22 08:26:28', 1, 1, 702),
(94, 'after update', 9, 40000, 7, '-', 'AKTIF', 3, 1, '2020-06-22 08:09:14', '2020-06-22 08:26:28', 1, 1, 703),
(95, 'after update', 1, 0, 8, '-', 'nonaktif', 1, 1, '2020-06-22 08:03:53', '2020-06-22 08:07:23', 1, 1, 730),
(96, 'after update', 4, 0, 8, '-', 'nonaktif', 1, 1, '2020-06-22 08:07:40', '2020-06-22 08:08:55', 1, 1, 731),
(97, 'after update', 7, 0, 13, '-', 'AKTIF', 1, 1, '2020-06-22 08:09:14', '2020-06-22 08:10:02', 1, 1, 732),
(98, 'after update', 2, 30000, 8, '-', 'nonaktif', 2, 1, '2020-06-22 08:04:32', '2020-06-22 08:26:28', 1, 1, 734),
(99, 'after update', 5, 30000, 8, '-', 'nonaktif', 2, 1, '2020-06-22 08:07:40', '2020-06-22 08:26:28', 1, 1, 735),
(100, 'after update', 8, 30000, 13, '-', 'AKTIF', 2, 1, '2020-06-22 08:09:14', '2020-06-22 08:26:28', 1, 1, 736),
(101, 'after update', 3, 40000, 8, '-', 'nonaktif', 3, 1, '2020-06-22 08:04:32', '2020-06-22 08:26:28', 1, 1, 738),
(102, 'after update', 6, 40000, 8, '-', 'nonaktif', 3, 1, '2020-06-22 08:07:40', '2020-06-22 08:26:28', 1, 1, 739),
(103, 'after update', 9, 40000, 8, '-', 'AKTIF', 3, 1, '2020-06-22 08:09:14', '2020-06-22 08:26:28', 1, 1, 740),
(104, 'after update', 1, 0, 10, '-', 'nonaktif', 1, 1, '2020-06-22 08:03:53', '2020-06-22 08:07:23', 1, 1, 743),
(105, 'after update', 4, 0, 10, '-', 'nonaktif', 1, 1, '2020-06-22 08:07:40', '2020-06-22 08:08:55', 1, 1, 744),
(106, 'after update', 7, 0, 15, '-', 'AKTIF', 1, 1, '2020-06-22 08:09:14', '2020-06-22 08:10:02', 1, 1, 745),
(107, 'after update', 2, 30000, 10, '-', 'nonaktif', 2, 1, '2020-06-22 08:04:32', '2020-06-22 08:26:28', 1, 1, 747),
(108, 'after update', 5, 30000, 10, '-', 'nonaktif', 2, 1, '2020-06-22 08:07:40', '2020-06-22 08:26:28', 1, 1, 748),
(109, 'after update', 8, 30000, 15, '-', 'AKTIF', 2, 1, '2020-06-22 08:09:14', '2020-06-22 08:26:28', 1, 1, 749),
(110, 'after update', 3, 40000, 10, '-', 'nonaktif', 3, 1, '2020-06-22 08:04:32', '2020-06-22 08:26:28', 1, 1, 751),
(111, 'after update', 6, 40000, 10, '-', 'nonaktif', 3, 1, '2020-06-22 08:07:40', '2020-06-22 08:26:28', 1, 1, 752),
(112, 'after update', 9, 40000, 10, '-', 'AKTIF', 3, 1, '2020-06-22 08:09:14', '2020-06-22 08:26:28', 1, 1, 753),
(113, 'after update', 12, 15000, 131, '-', 'AKTIF', 1, 2, '2020-06-22 03:01:02', '2020-06-22 05:28:46', 1, 1, 763),
(114, 'after update', 14, 0, 88, '-', 'AKTIF', 3, 2, '2020-06-22 03:01:02', '2020-06-22 03:01:02', 1, 1, 765),
(115, 'after update', 1, 0, 58, '-', 'nonaktif', 1, 1, '2020-06-22 08:03:53', '2020-06-22 08:07:23', 1, 1, 855),
(116, 'after update', 4, 0, 58, '-', 'nonaktif', 1, 1, '2020-06-22 08:07:40', '2020-06-22 08:08:55', 1, 1, 856),
(117, 'after update', 7, 0, 63, '-', 'AKTIF', 1, 1, '2020-06-22 08:09:14', '2020-06-22 08:10:02', 1, 1, 857),
(118, 'after update', 2, 30000, 11, '-', 'nonaktif', 2, 1, '2020-06-22 08:04:32', '2020-06-22 08:26:28', 1, 1, 859),
(119, 'after update', 5, 30000, 11, '-', 'nonaktif', 2, 1, '2020-06-22 08:07:40', '2020-06-22 08:26:28', 1, 1, 860),
(120, 'after update', 8, 30000, 16, '-', 'AKTIF', 2, 1, '2020-06-22 08:09:14', '2020-06-22 08:26:28', 1, 1, 861),
(121, 'after update', 13, 14000, NULL, '-', 'AKTIF', 2, 2, '2020-06-22 03:01:02', '2020-06-22 05:28:46', 1, 1, 878),
(122, 'after update', 12, 15000, 141, '-', 'AKTIF', 1, 2, '2020-06-22 03:01:02', '2020-06-22 05:28:46', 1, 1, 882),
(123, 'after update', 13, 14000, NULL, '-', 'AKTIF', 2, 2, '2020-06-22 03:01:02', '2020-06-22 05:28:46', 1, 1, 884),
(124, 'after update', 1, 0, 68, '-', 'nonaktif', 1, 1, '2020-06-22 08:03:53', '2020-06-22 08:07:23', 1, 1, 890),
(125, 'after update', 4, 0, 68, '-', 'nonaktif', 1, 1, '2020-06-22 08:07:40', '2020-06-22 08:08:55', 1, 1, 891),
(126, 'after update', 7, 0, 73, '-', 'AKTIF', 1, 1, '2020-06-22 08:09:14', '2020-06-22 08:10:02', 1, 1, 892),
(127, 'after update', 2, 30000, 21, '-', 'nonaktif', 2, 1, '2020-06-22 08:04:32', '2020-06-22 08:26:28', 1, 1, 894),
(128, 'after update', 5, 30000, 21, '-', 'nonaktif', 2, 1, '2020-06-22 08:07:40', '2020-06-22 08:26:28', 1, 1, 895),
(129, 'after update', 8, 30000, 26, '-', 'AKTIF', 2, 1, '2020-06-22 08:09:14', '2020-06-22 08:26:28', 1, 1, 896),
(130, 'after update', 1, 0, 78, '-', 'nonaktif', 1, 1, '2020-06-22 08:03:53', '2020-06-22 08:07:23', 1, 1, 899),
(131, 'after update', 4, 0, 78, '-', 'nonaktif', 1, 1, '2020-06-22 08:07:40', '2020-06-22 08:08:55', 1, 1, 900),
(132, 'after update', 7, 0, 83, '-', 'AKTIF', 1, 1, '2020-06-22 08:09:14', '2020-06-22 08:10:02', 1, 1, 901),
(133, 'after update', 2, 30000, 31, '-', 'nonaktif', 2, 1, '2020-06-22 08:04:32', '2020-06-22 08:26:28', 1, 1, 903),
(134, 'after update', 5, 30000, 31, '-', 'nonaktif', 2, 1, '2020-06-22 08:07:40', '2020-06-22 08:26:28', 1, 1, 904),
(135, 'after update', 8, 30000, 36, '-', 'AKTIF', 2, 1, '2020-06-22 08:09:14', '2020-06-22 08:26:28', 1, 1, 905),
(136, 'after update', 1, 0, 88, '-', 'nonaktif', 1, 1, '2020-06-22 08:03:53', '2020-06-22 08:07:23', 1, 1, 908),
(137, 'after update', 4, 0, 88, '-', 'nonaktif', 1, 1, '2020-06-22 08:07:40', '2020-06-22 08:08:55', 1, 1, 909),
(138, 'after update', 7, 0, 93, '-', 'AKTIF', 1, 1, '2020-06-22 08:09:14', '2020-06-22 08:10:02', 1, 1, 910),
(139, 'after update', 2, 30000, 41, '-', 'nonaktif', 2, 1, '2020-06-22 08:04:32', '2020-06-22 08:26:28', 1, 1, 912),
(140, 'after update', 5, 30000, 41, '-', 'nonaktif', 2, 1, '2020-06-22 08:07:40', '2020-06-22 08:26:28', 1, 1, 913),
(141, 'after update', 8, 30000, 46, '-', 'AKTIF', 2, 1, '2020-06-22 08:09:14', '2020-06-22 08:26:28', 1, 1, 914),
(142, 'after update', 1, 0, 98, '-', 'nonaktif', 1, 1, '2020-06-22 08:03:53', '2020-06-22 08:07:23', 1, 1, 917),
(143, 'after update', 4, 0, 98, '-', 'nonaktif', 1, 1, '2020-06-22 08:07:40', '2020-06-22 08:08:55', 1, 1, 918),
(144, 'after update', 7, 0, 103, '-', 'AKTIF', 1, 1, '2020-06-22 08:09:14', '2020-06-22 08:10:02', 1, 1, 919),
(145, 'after update', 2, 30000, 51, '-', 'nonaktif', 2, 1, '2020-06-22 08:04:32', '2020-06-22 08:26:28', 1, 1, 921),
(146, 'after update', 5, 30000, 51, '-', 'nonaktif', 2, 1, '2020-06-22 08:07:40', '2020-06-22 08:26:28', 1, 1, 922),
(147, 'after update', 8, 30000, 56, '-', 'AKTIF', 2, 1, '2020-06-22 08:09:14', '2020-06-22 08:26:28', 1, 1, 923),
(148, 'after update', 1, 0, 108, '-', 'nonaktif', 1, 1, '2020-06-22 08:03:53', '2020-06-22 08:07:23', 1, 1, 926),
(149, 'after update', 4, 0, 108, '-', 'nonaktif', 1, 1, '2020-06-22 08:07:40', '2020-06-22 08:08:55', 1, 1, 927),
(150, 'after update', 7, 0, 113, '-', 'AKTIF', 1, 1, '2020-06-22 08:09:14', '2020-06-22 08:10:02', 1, 1, 928),
(151, 'after update', 2, 30000, 61, '-', 'nonaktif', 2, 1, '2020-06-22 08:04:32', '2020-06-22 08:26:28', 1, 1, 930),
(152, 'after update', 5, 30000, 61, '-', 'nonaktif', 2, 1, '2020-06-22 08:07:40', '2020-06-22 08:26:28', 1, 1, 931),
(153, 'after update', 8, 30000, 66, '-', 'AKTIF', 2, 1, '2020-06-22 08:09:14', '2020-06-22 08:26:28', 1, 1, 932),
(154, 'after update', 1, 0, 118, '-', 'nonaktif', 1, 1, '2020-06-22 08:03:53', '2020-06-22 08:07:23', 1, 1, 935),
(155, 'after update', 4, 0, 118, '-', 'nonaktif', 1, 1, '2020-06-22 08:07:40', '2020-06-22 08:08:55', 1, 1, 936),
(156, 'after update', 7, 0, 123, '-', 'AKTIF', 1, 1, '2020-06-22 08:09:14', '2020-06-22 08:10:02', 1, 1, 937),
(157, 'after update', 2, 30000, 71, '-', 'nonaktif', 2, 1, '2020-06-22 08:04:32', '2020-06-22 08:26:28', 1, 1, 939),
(158, 'after update', 5, 30000, 71, '-', 'nonaktif', 2, 1, '2020-06-22 08:07:40', '2020-06-22 08:26:28', 1, 1, 940),
(159, 'after update', 8, 30000, 76, '-', 'AKTIF', 2, 1, '2020-06-22 08:09:14', '2020-06-22 08:26:28', 1, 1, 941),
(160, 'after update', 12, 15000, 151, '-', 'AKTIF', 1, 2, '2020-06-22 03:01:02', '2020-06-22 05:28:46', 1, 1, 944),
(161, 'after update', 13, 14000, NULL, '-', 'AKTIF', 2, 2, '2020-06-22 03:01:02', '2020-06-22 05:28:46', 1, 1, 946),
(162, 'after update', 13, 14000, NULL, '-', 'AKTIF', 2, 2, '2020-06-22 03:01:02', '2020-06-22 05:28:46', 1, 1, 949),
(163, 'after update', 13, 14000, NULL, '-', 'AKTIF', 2, 2, '2020-06-22 03:01:02', '2020-06-22 05:28:46', 1, 1, 953),
(164, 'after update', 12, 15000, 251, '-', 'AKTIF', 1, 2, '2020-06-22 03:01:02', '2020-06-22 05:28:46', 1, 1, 957),
(165, 'after update', 13, 14000, NULL, '-', 'AKTIF', 2, 2, '2020-06-22 03:01:02', '2020-06-22 05:28:46', 1, 1, 959),
(166, 'after update', 13, 14000, 100, '-', 'AKTIF', 2, 2, '2020-06-22 03:01:02', '2020-06-23 10:46:08', 1, 1, 960),
(167, 'after update', 12, 15000, 351, '-', 'AKTIF', 1, 2, '2020-06-22 03:01:02', '2020-06-22 05:28:46', 1, 1, 963),
(168, 'after update', 13, 14000, 200, '-', 'AKTIF', 2, 2, '2020-06-22 03:01:02', '2020-06-23 10:46:08', 1, 1, 965),
(169, 'after update', 13, 14000, 210, '-', 'AKTIF', 2, 2, '2020-06-22 03:01:02', '2020-06-23 10:46:08', 1, 1, 974),
(170, 'after update', 12, 15000, 361, '-', 'AKTIF', 1, 2, '2020-06-22 03:01:02', '2020-06-22 05:28:46', 1, 1, 994),
(171, 'after update', 14, 0, 98, '-', 'AKTIF', 3, 2, '2020-06-22 03:01:02', '2020-06-22 03:01:02', 1, 1, 996),
(172, 'after update', 12, 15000, 371, '-', 'AKTIF', 1, 2, '2020-06-22 03:01:02', '2020-06-22 05:28:46', 1, 1, 999),
(173, 'after update', 14, 0, 108, '-', 'AKTIF', 3, 2, '2020-06-22 03:01:02', '2020-06-22 03:01:02', 1, 1, 1001),
(174, 'after update', 12, 15000, 383, '-', 'AKTIF', 1, 2, '2020-06-22 03:01:02', '2020-06-22 05:28:46', 1, 1, 1004),
(175, 'after update', 14, 0, 120, '-', 'AKTIF', 3, 2, '2020-06-22 03:01:02', '2020-06-22 03:01:02', 1, 1, 1006),
(176, 'after update', 12, 15000, 383, '-', 'AKTIF', 1, 2, '2020-06-22 03:01:02', '2020-06-22 05:28:46', 1, 1, 1009),
(177, 'after update', 14, 0, 978, '-', 'AKTIF', 3, 2, '2020-06-22 03:01:02', '2020-06-22 03:01:02', 1, 1, 1011),
(178, 'after update', 12, 15000, 361, '-', 'AKTIF', 1, 2, '2020-06-22 03:01:02', '2020-06-22 05:28:46', 1, 1, 1019),
(179, 'after update', 14, 0, 98, '-', 'AKTIF', 3, 2, '2020-06-22 03:01:02', '2020-06-22 03:01:02', 1, 1, 1021),
(180, 'after update', 12, 15000, 371, '-', 'AKTIF', 1, 2, '2020-06-22 03:01:02', '2020-06-22 05:28:46', 1, 1, 1026),
(181, 'after update', 14, 0, 498, '-', 'AKTIF', 3, 2, '2020-06-22 03:01:02', '2020-06-22 03:01:02', 1, 1, 1028),
(182, 'after update', 12, 15000, 361, '-', 'AKTIF', 1, 2, '2020-06-22 03:01:02', '2020-06-22 05:28:46', 1, 1, 1036),
(183, 'after update', 14, 0, 483, '-', 'AKTIF', 3, 2, '2020-06-22 03:01:02', '2020-06-22 03:01:02', 1, 1, 1038),
(184, 'after update', 15, 0, 90, '-', 'AKTIF', 4, 2, '2020-06-22 03:01:02', '2020-06-22 03:01:02', 1, 1, 1052),
(185, 'after update', 15, 0, 80, '-', 'AKTIF', 4, 2, '2020-06-22 03:01:02', '2020-06-22 03:01:02', 1, 1, 1055),
(186, 'after update', 12, 15000, 351, '-', 'AKTIF', 1, 2, '2020-06-22 03:01:02', '2020-06-22 05:28:46', 1, 1, 1062),
(187, 'after update', 14, 0, 473, '-', 'AKTIF', 3, 2, '2020-06-22 03:01:02', '2020-06-22 03:01:02', 1, 1, 1064),
(188, 'after update', 12, 15000, 341, '-', 'AKTIF', 1, 2, '2020-06-22 03:01:02', '2020-06-22 05:28:46', 1, 1, 1072),
(189, 'after update', 14, 0, 453, '-', 'AKTIF', 3, 2, '2020-06-22 03:01:02', '2020-06-22 03:01:02', 1, 1, 1074),
(190, 'after update', 15, 0, 70, '-', 'AKTIF', 4, 2, '2020-06-22 03:01:02', '2020-06-22 03:01:02', 1, 1, 1077),
(191, 'after update', 15, 0, 160, '-', 'AKTIF', 4, 2, '2020-06-22 03:01:02', '2020-06-22 03:01:02', 1, 1, 1084),
(192, 'after update', 15, 0, 1060, '-', 'AKTIF', 4, 2, '2020-06-22 03:01:02', '2020-06-22 03:01:02', 1, 1, 1087),
(193, 'after update', 15, 0, 60, '-', 'AKTIF', 4, 2, '2020-06-22 03:01:02', '2020-06-22 03:01:02', 1, 1, 1102),
(194, 'after insert', 18, 0, 100, '-', 'AKTIF', 7, 2, '2020-06-29 12:18:09', '2020-06-29 12:18:09', 1, 1, 1245),
(195, 'after update', 12, 15000, 331, '-', 'AKTIF', 1, 2, '2020-06-22 03:01:02', '2020-06-22 05:28:46', 1, 1, 1382),
(196, 'after update', 12, 15000, 321, '-', 'AKTIF', 1, 2, '2020-06-22 03:01:02', '2020-06-22 05:28:46', 1, 1, 1386),
(197, 'after update', 12, 15000, 331, '-', 'AKTIF', 1, 2, '2020-06-22 03:01:02', '2020-06-22 05:28:46', 1, 1, 1390),
(198, 'after update', 12, 15000, 321, '-', 'AKTIF', 1, 2, '2020-06-22 03:01:02', '2020-06-22 05:28:46', 1, 1, 1394),
(199, 'after update', 12, 15000, 331, '-', 'AKTIF', 1, 2, '2020-06-22 03:01:02', '2020-06-22 05:28:46', 1, 1, 1398),
(200, 'after update', 12, 15000, 321, '-', 'AKTIF', 1, 2, '2020-06-22 03:01:02', '2020-06-22 05:28:46', 1, 1, 1402),
(201, 'after update', 14, 0, 443, '-', 'AKTIF', 3, 2, '2020-06-22 03:01:02', '2020-06-22 03:01:02', 1, 1, 1404),
(202, 'after update', 12, 15000, 316, '-', 'AKTIF', 1, 2, '2020-06-22 03:01:02', '2020-06-22 05:28:46', 1, 1, 1407),
(203, 'after update', 14, 0, 443, '-', 'AKTIF', 3, 2, '2020-06-22 03:01:02', '2020-06-22 03:01:02', 1, 1, 1409),
(204, 'after update', 12, 15000, 331, '-', 'AKTIF', 1, 2, '2020-06-22 03:01:02', '2020-06-22 05:28:46', 1, 1, 1412),
(205, 'after update', 14, 0, 453, '-', 'AKTIF', 3, 2, '2020-06-22 03:01:02', '2020-06-22 03:01:02', 1, 1, 1414),
(206, 'after update', 1, 0, NULL, '-', 'nonaktif', 1, 1, '2020-06-22 08:03:53', '2020-06-22 08:07:23', 1, 1, 1480),
(207, 'after update', 4, 0, NULL, '-', 'nonaktif', 1, 1, '2020-06-22 08:07:40', '2020-06-22 08:08:55', 1, 1, 1481),
(208, 'after update', 7, 0, NULL, '-', 'AKTIF', 1, 1, '2020-06-22 08:09:14', '2020-06-22 08:10:02', 1, 1, 1482),
(209, 'after update', 1, 0, NULL, '-', 'nonaktif', 1, 1, '2020-06-22 08:03:53', '2020-06-22 08:07:23', 1, 1, 1486),
(210, 'after update', 4, 0, NULL, '-', 'nonaktif', 1, 1, '2020-06-22 08:07:40', '2020-06-22 08:08:55', 1, 1, 1487),
(211, 'after update', 7, 0, NULL, '-', 'AKTIF', 1, 1, '2020-06-22 08:09:14', '2020-06-22 08:10:02', 1, 1, 1488),
(212, 'after update', 1, 0, NULL, '-', 'nonaktif', 1, 1, '2020-06-22 08:03:53', '2020-06-22 08:07:23', 1, 1, 1492),
(213, 'after update', 4, 0, NULL, '-', 'nonaktif', 1, 1, '2020-06-22 08:07:40', '2020-06-22 08:08:55', 1, 1, 1493),
(214, 'after update', 7, 0, NULL, '-', 'AKTIF', 1, 1, '2020-06-22 08:09:14', '2020-06-22 08:10:02', 1, 1, 1494),
(215, 'after update', 1, 0, NULL, '-', 'nonaktif', 1, 1, '2020-06-22 08:03:53', '2020-06-22 08:07:23', 1, 1, 1498),
(216, 'after update', 4, 0, NULL, '-', 'nonaktif', 1, 1, '2020-06-22 08:07:40', '2020-06-22 08:08:55', 1, 1, 1499),
(217, 'after update', 7, 0, NULL, '-', 'AKTIF', 1, 1, '2020-06-22 08:09:14', '2020-06-22 08:10:02', 1, 1, 1500),
(218, 'after update', 1, 0, NULL, '-', 'nonaktif', 1, 1, '2020-06-22 08:03:53', '2020-06-22 08:07:23', 1, 1, 1504),
(219, 'after update', 4, 0, NULL, '-', 'nonaktif', 1, 1, '2020-06-22 08:07:40', '2020-06-22 08:08:55', 1, 1, 1505),
(220, 'after update', 7, 0, NULL, '-', 'AKTIF', 1, 1, '2020-06-22 08:09:14', '2020-06-22 08:10:02', 1, 1, 1506),
(221, 'after update', 1, 0, NULL, '-', 'nonaktif', 1, 1, '2020-06-22 08:03:53', '2020-06-22 08:07:23', 1, 1, 1510),
(222, 'after update', 4, 0, NULL, '-', 'nonaktif', 1, 1, '2020-06-22 08:07:40', '2020-06-22 08:08:55', 1, 1, 1511),
(223, 'after update', 7, 0, NULL, '-', 'AKTIF', 1, 1, '2020-06-22 08:09:14', '2020-06-22 08:10:02', 1, 1, 1512),
(224, 'after update', 1, 0, NULL, '-', 'nonaktif', 1, 1, '2020-06-22 08:03:53', '2020-06-22 08:07:23', 1, 1, 1516),
(225, 'after update', 4, 0, NULL, '-', 'nonaktif', 1, 1, '2020-06-22 08:07:40', '2020-06-22 08:08:55', 1, 1, 1517),
(226, 'after update', 7, 0, NULL, '-', 'AKTIF', 1, 1, '2020-06-22 08:09:14', '2020-06-22 08:10:02', 1, 1, 1518),
(227, 'after update', 7, 0, 1000, '-', 'AKTIF', 1, 1, '2020-06-22 08:09:14', '2020-07-01 12:28:58', 1, 1, 1526),
(228, 'after update', 1, 0, NULL, '-', 'nonaktif', 1, 1, '2020-06-22 08:03:53', '2020-06-22 08:07:23', 1, 1, 1529),
(229, 'after update', 4, 0, NULL, '-', 'nonaktif', 1, 1, '2020-06-22 08:07:40', '2020-06-22 08:08:55', 1, 1, 1530),
(230, 'after update', 7, 0, 1010, '-', 'AKTIF', 1, 1, '2020-06-22 08:09:14', '2020-07-01 12:28:58', 1, 1, 1531),
(231, 'after update', 1, 0, NULL, '-', 'nonaktif', 1, 1, '2020-06-22 08:03:53', '2020-06-22 08:07:23', 1, 1, 1538),
(232, 'after update', 4, 0, NULL, '-', 'nonaktif', 1, 1, '2020-06-22 08:07:40', '2020-06-22 08:08:55', 1, 1, 1539),
(233, 'after update', 7, 0, 1020, '-', 'AKTIF', 1, 1, '2020-06-22 08:09:14', '2020-07-01 12:28:58', 1, 1, 1540),
(234, 'after update', 1, 0, NULL, '-', 'nonaktif', 1, 1, '2020-06-22 08:03:53', '2020-06-22 08:07:23', 1, 1, 1544),
(235, 'after update', 4, 0, NULL, '-', 'nonaktif', 1, 1, '2020-06-22 08:07:40', '2020-06-22 08:08:55', 1, 1, 1545),
(236, 'after update', 7, 0, 1030, '-', 'AKTIF', 1, 1, '2020-06-22 08:09:14', '2020-07-01 12:28:58', 1, 1, 1546),
(237, 'after update', 1, 0, NULL, '-', 'nonaktif', 1, 1, '2020-06-22 08:03:53', '2020-06-22 08:07:23', 1, 1, 1556),
(238, 'after update', 4, 0, NULL, '-', 'nonaktif', 1, 1, '2020-06-22 08:07:40', '2020-06-22 08:08:55', 1, 1, 1557),
(239, 'after update', 7, 0, 1040, '-', 'AKTIF', 1, 1, '2020-06-22 08:09:14', '2020-07-01 12:28:58', 1, 1, 1558),
(240, 'after update', 1, 0, NULL, '-', 'nonaktif', 1, 1, '2020-06-22 08:03:53', '2020-06-22 08:07:23', 1, 1, 1565),
(241, 'after update', 4, 0, NULL, '-', 'nonaktif', 1, 1, '2020-06-22 08:07:40', '2020-06-22 08:08:55', 1, 1, 1566),
(242, 'after update', 7, 0, 1050, '-', 'AKTIF', 1, 1, '2020-06-22 08:09:14', '2020-07-01 12:28:58', 1, 1, 1567),
(243, 'after update', 1, 0, NULL, '-', 'nonaktif', 1, 1, '2020-06-22 08:03:53', '2020-06-22 08:07:23', 1, 1, 1571),
(244, 'after update', 4, 0, NULL, '-', 'nonaktif', 1, 1, '2020-06-22 08:07:40', '2020-06-22 08:08:55', 1, 1, 1572),
(245, 'after update', 7, 0, 1040, '-', 'AKTIF', 1, 1, '2020-06-22 08:09:14', '2020-07-01 12:28:58', 1, 1, 1573),
(246, 'after update', 1, 0, NULL, '-', 'nonaktif', 1, 1, '2020-06-22 08:03:53', '2020-06-22 08:07:23', 1, 1, 1577),
(247, 'after update', 4, 0, NULL, '-', 'nonaktif', 1, 1, '2020-06-22 08:07:40', '2020-06-22 08:08:55', 1, 1, 1578),
(248, 'after update', 7, 0, 1050, '-', 'AKTIF', 1, 1, '2020-06-22 08:09:14', '2020-07-01 12:28:58', 1, 1, 1579),
(249, 'after update', 2, 30000, 81, '-', 'nonaktif', 2, 1, '2020-06-22 08:04:32', '2020-06-22 08:26:28', 1, 1, 1581),
(250, 'after update', 5, 30000, 81, '-', 'nonaktif', 2, 1, '2020-06-22 08:07:40', '2020-06-22 08:26:28', 1, 1, 1582),
(251, 'after update', 8, 30000, 86, '-', 'AKTIF', 2, 1, '2020-06-22 08:09:14', '2020-06-22 08:26:28', 1, 1, 1583),
(252, 'after update', 1, 0, NULL, '-', 'nonaktif', 1, 1, '2020-06-22 08:03:53', '2020-06-22 08:07:23', 1, 1, 1586),
(253, 'after update', 4, 0, NULL, '-', 'nonaktif', 1, 1, '2020-06-22 08:07:40', '2020-06-22 08:08:55', 1, 1, 1587),
(254, 'after update', 7, 0, 1040, '-', 'AKTIF', 1, 1, '2020-06-22 08:09:14', '2020-07-01 12:28:58', 1, 1, 1588),
(255, 'after update', 2, 30000, 71, '-', 'nonaktif', 2, 1, '2020-06-22 08:04:32', '2020-06-22 08:26:28', 1, 1, 1590),
(256, 'after update', 5, 30000, 71, '-', 'nonaktif', 2, 1, '2020-06-22 08:07:40', '2020-06-22 08:26:28', 1, 1, 1591),
(257, 'after update', 8, 30000, 76, '-', 'AKTIF', 2, 1, '2020-06-22 08:09:14', '2020-06-22 08:26:28', 1, 1, 1592),
(258, 'after update', 1, 0, 100, '-', 'nonaktif', 1, 1, '2020-06-22 08:03:53', '2020-06-22 08:07:23', 1, 1, 1706),
(259, 'after update', 2, 30000, 100, '-', 'nonaktif', 2, 1, '2020-06-22 08:04:32', '2020-06-22 08:26:28', 1, 1, 1707),
(260, 'after update', 3, 40000, 100, '-', 'nonaktif', 3, 1, '2020-06-22 08:04:32', '2020-06-22 08:26:28', 1, 1, 1708),
(261, 'after update', 4, 0, 100, '-', 'nonaktif', 1, 1, '2020-06-22 08:07:40', '2020-06-22 08:08:55', 1, 1, 1709),
(262, 'after update', 5, 30000, 100, '-', 'nonaktif', 2, 1, '2020-06-22 08:07:40', '2020-06-22 08:26:28', 1, 1, 1710),
(263, 'after update', 6, 40000, 100, '-', 'nonaktif', 3, 1, '2020-06-22 08:07:40', '2020-06-22 08:26:28', 1, 1, 1711),
(264, 'after update', 7, 0, 100, '-', 'AKTIF', 1, 1, '2020-06-22 08:09:14', '2020-07-01 12:28:58', 1, 1, 1712),
(265, 'after update', 8, 30000, 100, '-', 'AKTIF', 2, 1, '2020-06-22 08:09:14', '2020-06-22 08:26:28', 1, 1, 1713),
(266, 'after update', 9, 40000, 100, '-', 'AKTIF', 3, 1, '2020-06-22 08:09:14', '2020-06-22 08:26:28', 1, 1, 1714),
(267, 'after update', 10, 0, 100, 'poiuytrewq', 'AKTIF', 5, 1, '2020-06-22 01:46:33', '2020-06-22 01:46:33', 1, 1, 1715),
(268, 'after update', 11, 0, 100, 'Auto insert from item existance check', 'aktif', 4, 1, '2020-06-22 01:46:33', '2020-06-22 01:46:33', 1, 1, 1716),
(269, 'after update', 12, 15000, 100, '-', 'AKTIF', 1, 2, '2020-06-22 03:01:02', '2020-06-22 05:28:46', 1, 1, 1717),
(270, 'after update', 13, 14000, 100, '-', 'AKTIF', 2, 2, '2020-06-22 03:01:02', '2020-06-23 10:46:08', 1, 1, 1718),
(271, 'after update', 14, 0, 100, '-', 'AKTIF', 3, 2, '2020-06-22 03:01:02', '2020-06-22 03:01:02', 1, 1, 1719),
(272, 'after update', 15, 0, 100, '-', 'AKTIF', 4, 2, '2020-06-22 03:01:02', '2020-06-22 03:01:02', 1, 1, 1720),
(273, 'after update', 16, 0, 100, '-', 'AKTIF', 5, 2, '2020-06-22 03:01:02', '2020-06-22 03:01:02', 1, 1, 1721),
(274, 'after update', 17, 0, 100, '-', 'AKTIF', 6, 2, '2020-06-22 05:26:20', '2020-06-22 05:26:20', 1, 1, 1722),
(275, 'after update', 18, 0, 100, '-', 'AKTIF', 7, 2, '2020-06-29 12:18:09', '2020-06-29 12:18:09', 1, 1, 1723),
(276, 'after update', 9, 40000, 100, '-', 'nonaktif', 3, 1, '2020-06-22 08:09:14', '2020-07-04 08:16:25', 1, 1, 1725),
(277, 'after update', 13, 14000, 1005, '-', 'AKTIF', 2, 2, '2020-06-22 03:01:02', '2020-07-04 08:55:46', 1, 1, 1726),
(278, 'after insert', 19, 0, 100, '-', 'AKTIF', 7, 1, '2020-07-04 09:08:25', '2020-07-04 09:08:25', 1, 1, 1727),
(279, 'after insert', 20, 0, 0, 'Auto insert from item existance check', 'aktif', 3, 1, '2020-07-04 09:08:25', '2020-07-04 09:08:25', 1, 1, 1728),
(280, 'after update', 20, 0, 0, 'Auto insert from item existance check', 'nonaktif', 3, 1, '2020-07-04 09:08:25', '2020-07-04 09:11:07', 1, 1, 1729),
(281, 'after insert', 21, 0, 0, 'Auto insert from item existance check', 'aktif', 3, 1, '2020-07-04 09:11:07', '2020-07-04 09:11:07', 1, 1, 1730),
(282, 'after update', 21, 0, 0, 'Auto insert from item existance check', 'nonaktif', 3, 1, '2020-07-04 09:11:07', '2020-07-04 09:11:13', 1, 1, 1731),
(283, 'after insert', 22, 0, 0, 'Auto insert from item existance check', 'aktif', 3, 1, '2020-07-04 09:11:13', '2020-07-04 09:11:13', 1, 1, 1732),
(284, 'after update', 22, 0, 0, 'Auto insert from item existance check', 'aktif', 3, 1, '2020-07-04 09:11:13', '2020-07-04 09:11:27', 1, 1, 1733),
(285, 'after update', 22, 0, 0, 'Auto insert from item existance check', 'nonaktif', 3, 1, '2020-07-04 09:11:13', '2020-07-04 09:11:50', 1, 1, 1734),
(286, 'after insert', 23, 0, 0, 'Auto insert from item existance check', 'aktif', 3, 1, '2020-07-04 09:11:50', '2020-07-04 09:11:50', 1, 1, 1735),
(287, 'after update', 19, 0, 100, '-', 'nonaktif', 7, 1, '2020-07-04 09:08:25', '2020-07-04 09:16:51', 1, 1, 1736),
(288, 'after update', 23, 0, 0, 'Auto insert from item existance check', 'nonaktif', 3, 1, '2020-07-04 09:11:50', '2020-07-04 09:16:55', 1, 1, 1737),
(289, 'after update', 10, 0, 100, 'poiuytrewq', 'nonaktif', 5, 1, '2020-06-22 01:46:33', '2020-07-04 10:18:19', 1, 1, 1738),
(290, 'after insert', 24, 0, 100, '-', 'AKTIF', 5, 1, '2020-07-04 10:18:46', '2020-07-04 10:18:46', 1, 1, 1739),
(291, 'after insert', 25, 0, 100, '-', 'AKTIF', 7, 1, '2020-07-04 10:18:46', '2020-07-04 10:18:46', 1, 1, 1740),
(292, 'after insert', 26, 0, 0, 'Auto insert from item existance check', 'aktif', 3, 1, '2020-07-04 10:18:46', '2020-07-04 10:18:46', 1, 1, 1741),
(293, 'after update', 8, 30000, 10, '-', 'AKTIF', 2, 1, '2020-06-22 08:09:14', '2020-07-04 10:25:03', 1, 1, 1742),
(294, 'after update', 26, 0, 10, 'Auto insert from item existance check', 'aktif', 3, 1, '2020-07-04 10:18:46', '2020-07-04 10:25:06', 1, 1, 1743),
(295, 'after update', 11, 0, 10, 'Auto insert from item existance check', 'aktif', 4, 1, '2020-06-22 01:46:33', '2020-07-04 10:25:10', 1, 1, 1744),
(296, 'after update', 24, 0, 10, '-', 'AKTIF', 5, 1, '2020-07-04 10:18:46', '2020-07-04 10:25:16', 1, 1, 1745),
(297, 'after update', 25, 0, 10, '-', 'AKTIF', 7, 1, '2020-07-04 10:18:46', '2020-07-04 10:25:21', 1, 1, 1746),
(298, 'after update', 1, 0, 10, '-', 'nonaktif', 1, 1, '2020-06-22 08:03:53', '2020-06-22 08:07:23', 1, 1, 1747),
(299, 'after update', 2, 30000, 10, '-', 'nonaktif', 2, 1, '2020-06-22 08:04:32', '2020-06-22 08:26:28', 1, 1, 1748),
(300, 'after update', 3, 40000, 10, '-', 'nonaktif', 3, 1, '2020-06-22 08:04:32', '2020-06-22 08:26:28', 1, 1, 1749),
(301, 'after update', 4, 0, 10, '-', 'nonaktif', 1, 1, '2020-06-22 08:07:40', '2020-06-22 08:08:55', 1, 1, 1750),
(302, 'after update', 5, 30000, 10, '-', 'nonaktif', 2, 1, '2020-06-22 08:07:40', '2020-06-22 08:26:28', 1, 1, 1751),
(303, 'after update', 6, 40000, 10, '-', 'nonaktif', 3, 1, '2020-06-22 08:07:40', '2020-06-22 08:26:28', 1, 1, 1752),
(304, 'after update', 7, 0, 10, '-', 'AKTIF', 1, 1, '2020-06-22 08:09:14', '2020-07-01 12:28:58', 1, 1, 1753),
(305, 'after update', 8, 30000, 10, '-', 'AKTIF', 2, 1, '2020-06-22 08:09:14', '2020-07-04 10:25:03', 1, 1, 1754),
(306, 'after update', 9, 40000, 10, '-', 'nonaktif', 3, 1, '2020-06-22 08:09:14', '2020-07-04 08:16:25', 1, 1, 1755),
(307, 'after update', 10, 0, 10, 'poiuytrewq', 'nonaktif', 5, 1, '2020-06-22 01:46:33', '2020-07-04 10:18:19', 1, 1, 1756),
(308, 'after update', 11, 0, 10, 'Auto insert from item existance check', 'aktif', 4, 1, '2020-06-22 01:46:33', '2020-07-04 10:25:10', 1, 1, 1757),
(309, 'after update', 12, 15000, 10, '-', 'AKTIF', 1, 2, '2020-06-22 03:01:02', '2020-06-22 05:28:46', 1, 1, 1758),
(310, 'after update', 13, 14000, 10, '-', 'AKTIF', 2, 2, '2020-06-22 03:01:02', '2020-07-04 08:55:46', 1, 1, 1759),
(311, 'after update', 14, 0, 10, '-', 'AKTIF', 3, 2, '2020-06-22 03:01:02', '2020-06-22 03:01:02', 1, 1, 1760),
(312, 'after update', 15, 0, 10, '-', 'AKTIF', 4, 2, '2020-06-22 03:01:02', '2020-06-22 03:01:02', 1, 1, 1761),
(313, 'after update', 16, 0, 10, '-', 'AKTIF', 5, 2, '2020-06-22 03:01:02', '2020-06-22 03:01:02', 1, 1, 1762),
(314, 'after update', 17, 0, 10, '-', 'AKTIF', 6, 2, '2020-06-22 05:26:20', '2020-06-22 05:26:20', 1, 1, 1763),
(315, 'after update', 18, 0, 10, '-', 'AKTIF', 7, 2, '2020-06-29 12:18:09', '2020-06-29 12:18:09', 1, 1, 1764),
(316, 'after update', 19, 0, 10, '-', 'nonaktif', 7, 1, '2020-07-04 09:08:25', '2020-07-04 09:16:51', 1, 1, 1765),
(317, 'after update', 20, 0, 10, 'Auto insert from item existance check', 'nonaktif', 3, 1, '2020-07-04 09:08:25', '2020-07-04 09:11:07', 1, 1, 1766),
(318, 'after update', 21, 0, 10, 'Auto insert from item existance check', 'nonaktif', 3, 1, '2020-07-04 09:11:07', '2020-07-04 09:11:13', 1, 1, 1767),
(319, 'after update', 22, 0, 10, 'Auto insert from item existance check', 'nonaktif', 3, 1, '2020-07-04 09:11:13', '2020-07-04 09:11:50', 1, 1, 1768),
(320, 'after update', 23, 0, 10, 'Auto insert from item existance check', 'nonaktif', 3, 1, '2020-07-04 09:11:50', '2020-07-04 09:16:55', 1, 1, 1769),
(321, 'after update', 24, 0, 10, '-', 'AKTIF', 5, 1, '2020-07-04 10:18:46', '2020-07-04 10:25:16', 1, 1, 1770),
(322, 'after update', 25, 0, 10, '-', 'AKTIF', 7, 1, '2020-07-04 10:18:46', '2020-07-04 10:25:21', 1, 1, 1771),
(323, 'after update', 26, 0, 10, 'Auto insert from item existance check', 'aktif', 3, 1, '2020-07-04 10:18:46', '2020-07-04 10:25:06', 1, 1, 1772),
(324, 'after update', 14, 0, 20, '-', 'AKTIF', 3, 2, '2020-06-22 03:01:02', '2020-07-04 10:29:14', 1, 1, 1792),
(325, 'after update', 15, 0, 20, '-', 'AKTIF', 4, 2, '2020-06-22 03:01:02', '2020-07-04 10:29:26', 1, 1, 1793),
(326, 'after update', 13, 14000, 50, '-', 'AKTIF', 2, 2, '2020-06-22 03:01:02', '2020-07-04 10:30:42', 1, 1, 1794),
(327, 'after update', 2, 30000, 0, '-', 'nonaktif', 2, 1, '2020-06-22 08:04:32', '2020-06-22 08:26:28', 1, 1, 1801),
(328, 'after update', 5, 30000, 0, '-', 'nonaktif', 2, 1, '2020-06-22 08:07:40', '2020-06-22 08:26:28', 1, 1, 1802),
(329, 'after update', 8, 30000, 0, '-', 'AKTIF', 2, 1, '2020-06-22 08:09:14', '2020-07-04 10:25:03', 1, 1, 1803),
(330, 'after update', 11, 0, 20, 'Auto insert from item existance check', 'aktif', 4, 1, '2020-06-22 01:46:33', '2020-07-04 10:25:10', 1, 1, 1804),
(331, 'after update', 11, 0, 15, 'Auto insert from item existance check', 'aktif', 4, 1, '2020-06-22 01:46:33', '2020-07-04 10:25:10', 1, 1, 1806),
(332, 'after update', 2, 30000, 5, '-', 'nonaktif', 2, 1, '2020-06-22 08:04:32', '2020-06-22 08:26:28', 1, 1, 1807),
(333, 'after update', 5, 30000, 5, '-', 'nonaktif', 2, 1, '2020-06-22 08:07:40', '2020-06-22 08:26:28', 1, 1, 1808),
(334, 'after update', 8, 30000, 5, '-', 'AKTIF', 2, 1, '2020-06-22 08:09:14', '2020-07-04 10:25:03', 1, 1, 1809),
(335, 'after update', 10, 0, 1, 'poiuytrewq', 'nonaktif', 5, 1, '2020-06-22 01:46:33', '2020-07-04 10:18:19', 1, 1, 1810),
(336, 'after update', 24, 0, 1, '-', 'AKTIF', 5, 1, '2020-07-04 10:18:46', '2020-07-04 10:25:16', 1, 1, 1811),
(337, 'after update', 16, 0, 6, '-', 'AKTIF', 5, 2, '2020-06-22 03:01:02', '2020-06-22 03:01:02', 1, 1, 1812),
(338, 'after update', 17, 0, 5, '-', 'AKTIF', 6, 2, '2020-06-22 05:26:20', '2020-06-22 05:26:20', 1, 1, 1813),
(339, 'after update', 19, 0, 0, '-', 'nonaktif', 7, 1, '2020-07-04 09:08:25', '2020-07-04 09:16:51', 1, 1, 1814),
(340, 'after update', 25, 0, 0, '-', 'AKTIF', 7, 1, '2020-07-04 10:18:46', '2020-07-04 10:25:21', 1, 1, 1815),
(341, 'after update', 18, 0, 3, '-', 'AKTIF', 7, 2, '2020-06-29 12:18:09', '2020-06-29 12:18:09', 1, 1, 1816),
(342, 'after update', 13, 14000, 100, '-', 'AKTIF', 2, 2, '2020-06-22 03:01:02', '2020-07-04 09:04:38', 1, 1, 1817),
(343, 'after update', 15, 0, 50, '-', 'AKTIF', 4, 2, '2020-06-22 03:01:02', '2020-07-04 09:04:49', 1, 1, 1818),
(344, 'after update', 10, 0, 1, 'poiuytrewq', 'nonaktif', 5, 1, '2020-06-22 01:46:33', '2020-07-04 10:18:19', 1, 1, 1819),
(345, 'after update', 24, 0, 1, '-', 'AKTIF', 5, 1, '2020-07-04 10:18:46', '2020-07-04 10:25:16', 1, 1, 1820),
(346, 'after update', 16, 0, 16, '-', 'AKTIF', 5, 2, '2020-06-22 03:01:02', '2020-06-22 03:01:02', 1, 1, 1821),
(347, 'after update', 17, 0, 6, '-', 'AKTIF', 6, 2, '2020-06-22 05:26:20', '2020-06-22 05:26:20', 1, 1, 1822),
(348, 'after update', 19, 0, 0, '-', 'nonaktif', 7, 1, '2020-07-04 09:08:25', '2020-07-04 09:16:51', 1, 1, 1823),
(349, 'after update', 25, 0, 0, '-', 'AKTIF', 7, 1, '2020-07-04 10:18:46', '2020-07-04 10:25:21', 1, 1, 1824),
(350, 'after update', 18, 0, 8, '-', 'AKTIF', 7, 2, '2020-06-29 12:18:09', '2020-06-29 12:18:09', 1, 1, 1825),
(351, 'after update', 15, 0, 200, '-', 'AKTIF', 4, 2, '2020-06-22 03:01:02', '2020-07-04 09:06:01', 1, 1, 1826),
(352, 'after update', 10, 0, 1, 'poiuytrewq', 'nonaktif', 5, 1, '2020-06-22 01:46:33', '2020-07-04 10:18:19', 1, 1, 1827),
(353, 'after update', 24, 0, 1, '-', 'AKTIF', 5, 1, '2020-07-04 10:18:46', '2020-07-04 10:25:16', 1, 1, 1828),
(354, 'after update', 16, 0, 20, '-', 'AKTIF', 5, 2, '2020-06-22 03:01:02', '2020-06-22 03:01:02', 1, 1, 1829),
(355, 'after update', 17, 0, 6, '-', 'AKTIF', 6, 2, '2020-06-22 05:26:20', '2020-06-22 05:26:20', 1, 1, 1830),
(356, 'after update', 19, 0, 0, '-', 'nonaktif', 7, 1, '2020-07-04 09:08:25', '2020-07-04 09:16:51', 1, 1, 1831),
(357, 'after update', 25, 0, 0, '-', 'AKTIF', 7, 1, '2020-07-04 10:18:46', '2020-07-04 10:25:21', 1, 1, 1832),
(358, 'after update', 18, 0, 10, '-', 'AKTIF', 7, 2, '2020-06-29 12:18:09', '2020-06-29 12:18:09', 1, 1, 1833),
(359, 'after update', 13, 14000, 300, '-', 'AKTIF', 2, 2, '2020-06-22 03:01:02', '2020-07-04 09:06:30', 1, 1, 1834),
(360, 'after update', 15, 0, 400, '-', 'AKTIF', 4, 2, '2020-06-22 03:01:02', '2020-07-04 09:06:34', 1, 1, 1835),
(361, 'after update', 10, 0, 1, 'poiuytrewq', 'nonaktif', 5, 1, '2020-06-22 01:46:33', '2020-07-04 10:18:19', 1, 1, 1836),
(362, 'after update', 24, 0, 1, '-', 'AKTIF', 5, 1, '2020-07-04 10:18:46', '2020-07-04 10:25:16', 1, 1, 1837),
(363, 'after update', 16, 0, 60, '-', 'AKTIF', 5, 2, '2020-06-22 03:01:02', '2020-06-22 03:01:02', 1, 1, 1838),
(364, 'after update', 17, 0, 6, '-', 'AKTIF', 6, 2, '2020-06-22 05:26:20', '2020-06-22 05:26:20', 1, 1, 1839),
(365, 'after update', 19, 0, 0, '-', 'nonaktif', 7, 1, '2020-07-04 09:08:25', '2020-07-04 09:16:51', 1, 1, 1840),
(366, 'after update', 25, 0, 0, '-', 'AKTIF', 7, 1, '2020-07-04 10:18:46', '2020-07-04 10:25:21', 1, 1, 1841),
(367, 'after update', 18, 0, 10, '-', 'AKTIF', 7, 2, '2020-06-29 12:18:09', '2020-06-29 12:18:09', 1, 1, 1842),
(368, 'after update', 14, 0, 300, '-', 'AKTIF', 3, 2, '2020-06-22 03:01:02', '2020-07-04 09:06:57', 1, 1, 1843),
(369, 'after update', 10, 0, 1, 'poiuytrewq', 'nonaktif', 5, 1, '2020-06-22 01:46:33', '2020-07-04 10:18:19', 1, 1, 1844),
(370, 'after update', 24, 0, 1, '-', 'AKTIF', 5, 1, '2020-07-04 10:18:46', '2020-07-04 10:25:16', 1, 1, 1845),
(371, 'after update', 16, 0, 60, '-', 'AKTIF', 5, 2, '2020-06-22 03:01:02', '2020-06-22 03:01:02', 1, 1, 1846),
(372, 'after update', 17, 0, 100, '-', 'AKTIF', 6, 2, '2020-06-22 05:26:20', '2020-06-22 05:26:20', 1, 1, 1847),
(373, 'after update', 19, 0, 0, '-', 'nonaktif', 7, 1, '2020-07-04 09:08:25', '2020-07-04 09:16:51', 1, 1, 1848),
(374, 'after update', 25, 0, 0, '-', 'AKTIF', 7, 1, '2020-07-04 10:18:46', '2020-07-04 10:25:21', 1, 1, 1849),
(375, 'after update', 18, 0, 30, '-', 'AKTIF', 7, 2, '2020-06-29 12:18:09', '2020-06-29 12:18:09', 1, 1, 1850),
(376, 'after update', 13, 14000, 500, '-', 'AKTIF', 2, 2, '2020-06-22 03:01:02', '2020-07-04 09:08:08', 1, 1, 1851),
(377, 'after update', 10, 0, 1, 'poiuytrewq', 'nonaktif', 5, 1, '2020-06-22 01:46:33', '2020-07-04 10:18:19', 1, 1, 1852),
(378, 'after update', 24, 0, 1, '-', 'AKTIF', 5, 1, '2020-07-04 10:18:46', '2020-07-04 10:25:16', 1, 1, 1853),
(379, 'after update', 16, 0, 100, '-', 'AKTIF', 5, 2, '2020-06-22 03:01:02', '2020-06-22 03:01:02', 1, 1, 1854),
(380, 'after update', 17, 0, 100, '-', 'AKTIF', 6, 2, '2020-06-22 05:26:20', '2020-06-22 05:26:20', 1, 1, 1855),
(381, 'after update', 19, 0, 0, '-', 'nonaktif', 7, 1, '2020-07-04 09:08:25', '2020-07-04 09:16:51', 1, 1, 1856),
(382, 'after update', 25, 0, 0, '-', 'AKTIF', 7, 1, '2020-07-04 10:18:46', '2020-07-04 10:25:21', 1, 1, 1857),
(383, 'after update', 18, 0, 50, '-', 'AKTIF', 7, 2, '2020-06-29 12:18:09', '2020-06-29 12:18:09', 1, 1, 1858),
(384, 'after update', 13, 14000, 10, '-', 'AKTIF', 2, 2, '2020-06-22 03:01:02', '2020-07-04 09:08:35', 1, 1, 1859),
(385, 'after update', 10, 0, 1, 'poiuytrewq', 'nonaktif', 5, 1, '2020-06-22 01:46:33', '2020-07-04 10:18:19', 1, 1, 1860),
(386, 'after update', 24, 0, 1, '-', 'AKTIF', 5, 1, '2020-07-04 10:18:46', '2020-07-04 10:25:16', 1, 1, 1861),
(387, 'after update', 16, 0, 2, '-', 'AKTIF', 5, 2, '2020-06-22 03:01:02', '2020-06-22 03:01:02', 1, 1, 1862),
(388, 'after update', 17, 0, 3, '-', 'AKTIF', 6, 2, '2020-06-22 05:26:20', '2020-06-22 05:26:20', 1, 1, 1863),
(389, 'after update', 19, 0, 0, '-', 'nonaktif', 7, 1, '2020-07-04 09:08:25', '2020-07-04 09:16:51', 1, 1, 1864),
(390, 'after update', 25, 0, 0, '-', 'AKTIF', 7, 1, '2020-07-04 10:18:46', '2020-07-04 10:25:21', 1, 1, 1865),
(391, 'after update', 18, 0, 1, '-', 'AKTIF', 7, 2, '2020-06-29 12:18:09', '2020-06-29 12:18:09', 1, 1, 1866),
(392, 'after update', 13, 14000, 0, '-', 'AKTIF', 2, 2, '2020-06-22 03:01:02', '2020-07-04 09:08:53', 1, 1, 1867),
(393, 'after update', 10, 0, 1, 'poiuytrewq', 'nonaktif', 5, 1, '2020-06-22 01:46:33', '2020-07-04 10:18:19', 1, 1, 1868),
(394, 'after update', 24, 0, 1, '-', 'AKTIF', 5, 1, '2020-07-04 10:18:46', '2020-07-04 10:25:16', 1, 1, 1869),
(395, 'after update', 16, 0, 0, '-', 'AKTIF', 5, 2, '2020-06-22 03:01:02', '2020-06-22 03:01:02', 1, 1, 1870),
(396, 'after update', 17, 0, 0, '-', 'AKTIF', 6, 2, '2020-06-22 05:26:20', '2020-06-22 05:26:20', 1, 1, 1871),
(397, 'after update', 19, 0, 0, '-', 'nonaktif', 7, 1, '2020-07-04 09:08:25', '2020-07-04 09:16:51', 1, 1, 1872),
(398, 'after update', 25, 0, 0, '-', 'AKTIF', 7, 1, '2020-07-04 10:18:46', '2020-07-04 10:25:21', 1, 1, 1873),
(399, 'after update', 18, 0, 0, '-', 'AKTIF', 7, 2, '2020-06-29 12:18:09', '2020-06-29 12:18:09', 1, 1, 1874),
(400, 'after update', 10, 0, 1, 'poiuytrewq', 'nonaktif', 5, 1, '2020-06-22 01:46:33', '2020-07-04 10:18:19', 1, 1, 1875),
(401, 'after update', 24, 0, 1, '-', 'AKTIF', 5, 1, '2020-07-04 10:18:46', '2020-07-04 10:25:16', 1, 1, 1876),
(402, 'after update', 16, 0, 0, '-', 'AKTIF', 5, 2, '2020-06-22 03:01:02', '2020-06-22 03:01:02', 1, 1, 1877),
(403, 'after update', 17, 0, 0, '-', 'AKTIF', 6, 2, '2020-06-22 05:26:20', '2020-06-22 05:26:20', 1, 1, 1878),
(404, 'after update', 19, 0, 0, '-', 'nonaktif', 7, 1, '2020-07-04 09:08:25', '2020-07-04 09:16:51', 1, 1, 1879),
(405, 'after update', 25, 0, 0, '-', 'AKTIF', 7, 1, '2020-07-04 10:18:46', '2020-07-04 10:25:21', 1, 1, 1880),
(406, 'after update', 18, 0, 0, '-', 'AKTIF', 7, 2, '2020-06-29 12:18:09', '2020-06-29 12:18:09', 1, 1, 1881),
(407, 'after update', 10, 0, 1, 'poiuytrewq', 'nonaktif', 5, 1, '2020-06-22 01:46:33', '2020-07-04 10:18:19', 1, 1, 1882),
(408, 'after update', 24, 0, 1, '-', 'AKTIF', 5, 1, '2020-07-04 10:18:46', '2020-07-04 10:25:16', 1, 1, 1883),
(409, 'after update', 16, 0, 0, '-', 'AKTIF', 5, 2, '2020-06-22 03:01:02', '2020-06-22 03:01:02', 1, 1, 1884),
(410, 'after update', 10, 0, 1, 'poiuytrewq', 'nonaktif', 5, 1, '2020-06-22 01:46:33', '2020-07-04 10:18:19', 1, 1, 1885),
(411, 'after update', 24, 0, 1, '-', 'AKTIF', 5, 1, '2020-07-04 10:18:46', '2020-07-04 10:25:16', 1, 1, 1886),
(412, 'after update', 16, 0, 0, '-', 'AKTIF', 5, 2, '2020-06-22 03:01:02', '2020-06-22 03:01:02', 1, 1, 1887),
(413, 'after update', 10, 0, 1, 'poiuytrewq', 'nonaktif', 5, 1, '2020-06-22 01:46:33', '2020-07-04 10:18:19', 1, 1, 1888),
(414, 'after update', 24, 0, 1, '-', 'AKTIF', 5, 1, '2020-07-04 10:18:46', '2020-07-04 10:25:16', 1, 1, 1889),
(415, 'after update', 16, 0, 0, '-', 'AKTIF', 5, 2, '2020-06-22 03:01:02', '2020-06-22 03:01:02', 1, 1, 1890),
(416, 'after update', 17, 0, 0, '-', 'AKTIF', 6, 2, '2020-06-22 05:26:20', '2020-06-22 05:26:20', 1, 1, 1891),
(417, 'after update', 10, 0, 1, 'poiuytrewq', 'nonaktif', 5, 1, '2020-06-22 01:46:33', '2020-07-04 10:18:19', 1, 1, 1892),
(418, 'after update', 24, 0, 1, '-', 'AKTIF', 5, 1, '2020-07-04 10:18:46', '2020-07-04 10:25:16', 1, 1, 1893),
(419, 'after update', 16, 0, 0, '-', 'AKTIF', 5, 2, '2020-06-22 03:01:02', '2020-06-22 03:01:02', 1, 1, 1894),
(420, 'after update', 10, 0, 1, 'poiuytrewq', 'nonaktif', 5, 1, '2020-06-22 01:46:33', '2020-07-04 10:18:19', 1, 1, 1895),
(421, 'after update', 24, 0, 1, '-', 'AKTIF', 5, 1, '2020-07-04 10:18:46', '2020-07-04 10:25:16', 1, 1, 1896),
(422, 'after update', 16, 0, 0, '-', 'AKTIF', 5, 2, '2020-06-22 03:01:02', '2020-06-22 03:01:02', 1, 1, 1897),
(423, 'after update', 17, 0, 0, '-', 'AKTIF', 6, 2, '2020-06-22 05:26:20', '2020-06-22 05:26:20', 1, 1, 1898),
(424, 'after update', 19, 0, 0, '-', 'nonaktif', 7, 1, '2020-07-04 09:08:25', '2020-07-04 09:16:51', 1, 1, 1899),
(425, 'after update', 25, 0, 0, '-', 'AKTIF', 7, 1, '2020-07-04 10:18:46', '2020-07-04 10:25:21', 1, 1, 1900),
(426, 'after update', 18, 0, 0, '-', 'AKTIF', 7, 2, '2020-06-29 12:18:09', '2020-06-29 12:18:09', 1, 1, 1901),
(427, 'after update', 10, 0, 1, 'poiuytrewq', 'nonaktif', 5, 1, '2020-06-22 01:46:33', '2020-07-04 10:18:19', 1, 1, 1902),
(428, 'after update', 24, 0, 1, '-', 'AKTIF', 5, 1, '2020-07-04 10:18:46', '2020-07-04 10:25:16', 1, 1, 1903),
(429, 'after update', 16, 0, 0, '-', 'AKTIF', 5, 2, '2020-06-22 03:01:02', '2020-06-22 03:01:02', 1, 1, 1904),
(430, 'after update', 10, 0, 1, 'poiuytrewq', 'nonaktif', 5, 1, '2020-06-22 01:46:33', '2020-07-04 10:18:19', 1, 1, 1905),
(431, 'after update', 24, 0, 1, '-', 'AKTIF', 5, 1, '2020-07-04 10:18:46', '2020-07-04 10:25:16', 1, 1, 1906),
(432, 'after update', 16, 0, 0, '-', 'AKTIF', 5, 2, '2020-06-22 03:01:02', '2020-06-22 03:01:02', 1, 1, 1907),
(433, 'after update', 17, 0, 0, '-', 'AKTIF', 6, 2, '2020-06-22 05:26:20', '2020-06-22 05:26:20', 1, 1, 1908),
(434, 'after update', 19, 0, 0, '-', 'nonaktif', 7, 1, '2020-07-04 09:08:25', '2020-07-04 09:16:51', 1, 1, 1909),
(435, 'after update', 25, 0, 0, '-', 'AKTIF', 7, 1, '2020-07-04 10:18:46', '2020-07-04 10:25:21', 1, 1, 1910),
(436, 'after update', 18, 0, 0, '-', 'AKTIF', 7, 2, '2020-06-29 12:18:09', '2020-06-29 12:18:09', 1, 1, 1911);
INSERT INTO `tbl_brg_cabang_log` (`id_pk_brg_cabang_log`, `executed_function`, `id_pk_brg_cabang`, `brg_cabang_qty`, `brg_cabang_last_price`, `brg_cabang_notes`, `brg_cabang_status`, `id_fk_brg`, `id_fk_cabang`, `brg_cabang_create_date`, `brg_cabang_last_modified`, `id_create_data`, `id_last_modified`, `id_log_all`) VALUES
(437, 'after update', 13, 14000, 100, '-', 'AKTIF', 2, 2, '2020-06-22 03:01:02', '2020-07-04 09:45:06', 1, 1, 1912),
(438, 'after update', 10, 0, 1, 'poiuytrewq', 'nonaktif', 5, 1, '2020-06-22 01:46:33', '2020-07-04 10:18:19', 1, 1, 1913),
(439, 'after update', 24, 0, 1, '-', 'AKTIF', 5, 1, '2020-07-04 10:18:46', '2020-07-04 10:25:16', 1, 1, 1914),
(440, 'after update', 16, 0, 20, '-', 'AKTIF', 5, 2, '2020-06-22 03:01:02', '2020-06-22 03:01:02', 1, 1, 1915),
(441, 'after update', 17, 0, 33, '-', 'AKTIF', 6, 2, '2020-06-22 05:26:20', '2020-06-22 05:26:20', 1, 1, 1916),
(442, 'after update', 19, 0, 0, '-', 'nonaktif', 7, 1, '2020-07-04 09:08:25', '2020-07-04 09:16:51', 1, 1, 1917),
(443, 'after update', 25, 0, 0, '-', 'AKTIF', 7, 1, '2020-07-04 10:18:46', '2020-07-04 10:25:21', 1, 1, 1918),
(444, 'after update', 18, 0, 10, '-', 'AKTIF', 7, 2, '2020-06-29 12:18:09', '2020-06-29 12:18:09', 1, 1, 1919),
(445, 'after update', 10, 0, 1, 'poiuytrewq', 'nonaktif', 5, 1, '2020-06-22 01:46:33', '2020-07-04 10:18:19', 1, 1, 1920),
(446, 'after update', 24, 0, 1, '-', 'AKTIF', 5, 1, '2020-07-04 10:18:46', '2020-07-04 10:25:16', 1, 1, 1921),
(447, 'after update', 16, 0, 20, '-', 'AKTIF', 5, 2, '2020-06-22 03:01:02', '2020-06-22 03:01:02', 1, 1, 1922),
(448, 'after update', 17, 0, 33, '-', 'AKTIF', 6, 2, '2020-06-22 05:26:20', '2020-06-22 05:26:20', 1, 1, 1923),
(449, 'after update', 19, 0, 0, '-', 'nonaktif', 7, 1, '2020-07-04 09:08:25', '2020-07-04 09:16:51', 1, 1, 1924),
(450, 'after update', 25, 0, 0, '-', 'AKTIF', 7, 1, '2020-07-04 10:18:46', '2020-07-04 10:25:21', 1, 1, 1925),
(451, 'after update', 18, 0, 10, '-', 'AKTIF', 7, 2, '2020-06-29 12:18:09', '2020-06-29 12:18:09', 1, 1, 1926),
(452, 'after update', 13, 14000, 200, '-', 'AKTIF', 2, 2, '2020-06-22 03:01:02', '2020-07-04 09:45:53', 1, 1, 1927),
(453, 'after update', 10, 0, 1, 'poiuytrewq', 'nonaktif', 5, 1, '2020-06-22 01:46:33', '2020-07-04 10:18:19', 1, 1, 1928),
(454, 'after update', 24, 0, 1, '-', 'AKTIF', 5, 1, '2020-07-04 10:18:46', '2020-07-04 10:25:16', 1, 1, 1929),
(455, 'after update', 16, 0, 40, '-', 'AKTIF', 5, 2, '2020-06-22 03:01:02', '2020-06-22 03:01:02', 1, 1, 1930),
(456, 'after update', 17, 0, 66, '-', 'AKTIF', 6, 2, '2020-06-22 05:26:20', '2020-06-22 05:26:20', 1, 1, 1931),
(457, 'after update', 19, 0, 0, '-', 'nonaktif', 7, 1, '2020-07-04 09:08:25', '2020-07-04 09:16:51', 1, 1, 1932),
(458, 'after update', 25, 0, 0, '-', 'AKTIF', 7, 1, '2020-07-04 10:18:46', '2020-07-04 10:25:21', 1, 1, 1933),
(459, 'after update', 18, 0, 20, '-', 'AKTIF', 7, 2, '2020-06-29 12:18:09', '2020-06-29 12:18:09', 1, 1, 1934),
(460, 'after update', 10, 0, 1, 'poiuytrewq', 'nonaktif', 5, 1, '2020-06-22 01:46:33', '2020-07-04 10:18:19', 1, 1, 1935),
(461, 'after update', 24, 0, 1, '-', 'AKTIF', 5, 1, '2020-07-04 10:18:46', '2020-07-04 10:25:16', 1, 1, 1936),
(462, 'after update', 16, 0, 40, '-', 'AKTIF', 5, 2, '2020-06-22 03:01:02', '2020-06-22 03:01:02', 1, 1, 1937),
(463, 'after update', 17, 0, 66, '-', 'AKTIF', 6, 2, '2020-06-22 05:26:20', '2020-06-22 05:26:20', 1, 1, 1938),
(464, 'after update', 19, 0, 0, '-', 'nonaktif', 7, 1, '2020-07-04 09:08:25', '2020-07-04 09:16:51', 1, 1, 1939),
(465, 'after update', 25, 0, 0, '-', 'AKTIF', 7, 1, '2020-07-04 10:18:46', '2020-07-04 10:25:21', 1, 1, 1940),
(466, 'after update', 18, 0, 20, '-', 'AKTIF', 7, 2, '2020-06-29 12:18:09', '2020-06-29 12:18:09', 1, 1, 1941),
(467, 'after update', 13, 14000, 300, '-', 'AKTIF', 2, 2, '2020-06-22 03:01:02', '2020-07-04 09:48:13', 1, 1, 1942),
(468, 'after update', 10, 0, 1, 'poiuytrewq', 'nonaktif', 5, 1, '2020-06-22 01:46:33', '2020-07-04 10:18:19', 1, 1, 1943),
(469, 'after update', 24, 0, 1, '-', 'AKTIF', 5, 1, '2020-07-04 10:18:46', '2020-07-04 10:25:16', 1, 1, 1944),
(470, 'after update', 16, 0, 60, '-', 'AKTIF', 5, 2, '2020-06-22 03:01:02', '2020-06-22 03:01:02', 1, 1, 1945),
(471, 'after update', 17, 0, 100, '-', 'AKTIF', 6, 2, '2020-06-22 05:26:20', '2020-06-22 05:26:20', 1, 1, 1946),
(472, 'after update', 19, 0, 0, '-', 'nonaktif', 7, 1, '2020-07-04 09:08:25', '2020-07-04 09:16:51', 1, 1, 1947),
(473, 'after update', 25, 0, 0, '-', 'AKTIF', 7, 1, '2020-07-04 10:18:46', '2020-07-04 10:25:21', 1, 1, 1948),
(474, 'after update', 18, 0, 30, '-', 'AKTIF', 7, 2, '2020-06-29 12:18:09', '2020-06-29 12:18:09', 1, 1, 1949),
(475, 'after update', 10, 0, 1, 'poiuytrewq', 'nonaktif', 5, 1, '2020-06-22 01:46:33', '2020-07-04 10:18:19', 1, 1, 1950),
(476, 'after update', 24, 0, 1, '-', 'AKTIF', 5, 1, '2020-07-04 10:18:46', '2020-07-04 10:25:16', 1, 1, 1951),
(477, 'after update', 16, 0, 60, '-', 'AKTIF', 5, 2, '2020-06-22 03:01:02', '2020-06-22 03:01:02', 1, 1, 1952),
(478, 'after update', 17, 0, 100, '-', 'AKTIF', 6, 2, '2020-06-22 05:26:20', '2020-06-22 05:26:20', 1, 1, 1953),
(479, 'after update', 19, 0, 0, '-', 'nonaktif', 7, 1, '2020-07-04 09:08:25', '2020-07-04 09:16:51', 1, 1, 1954),
(480, 'after update', 25, 0, 0, '-', 'AKTIF', 7, 1, '2020-07-04 10:18:46', '2020-07-04 10:25:21', 1, 1, 1955),
(481, 'after update', 18, 0, 30, '-', 'AKTIF', 7, 2, '2020-06-29 12:18:09', '2020-06-29 12:18:09', 1, 1, 1956),
(482, 'after update', 10, 0, 1, 'poiuytrewq', 'nonaktif', 5, 1, '2020-06-22 01:46:33', '2020-07-04 10:18:19', 1, 1, 1957),
(483, 'after update', 24, 0, 1, '-', 'AKTIF', 5, 1, '2020-07-04 10:18:46', '2020-07-04 10:25:16', 1, 1, 1958),
(484, 'after update', 16, 0, 60, '-', 'AKTIF', 5, 2, '2020-06-22 03:01:02', '2020-06-22 03:01:02', 1, 1, 1959),
(485, 'after update', 17, 0, 100, '-', 'AKTIF', 6, 2, '2020-06-22 05:26:20', '2020-06-22 05:26:20', 1, 1, 1960),
(486, 'after update', 19, 0, 0, '-', 'nonaktif', 7, 1, '2020-07-04 09:08:25', '2020-07-04 09:16:51', 1, 1, 1961),
(487, 'after update', 25, 0, 0, '-', 'AKTIF', 7, 1, '2020-07-04 10:18:46', '2020-07-04 10:25:21', 1, 1, 1962),
(488, 'after update', 18, 0, 30, '-', 'AKTIF', 7, 2, '2020-06-29 12:18:09', '2020-06-29 12:18:09', 1, 1, 1963),
(489, 'after update', 10, 0, 1, 'poiuytrewq', 'nonaktif', 5, 1, '2020-06-22 01:46:33', '2020-07-04 10:18:19', 1, 1, 1964),
(490, 'after update', 24, 0, 1, '-', 'AKTIF', 5, 1, '2020-07-04 10:18:46', '2020-07-04 10:25:16', 1, 1, 1965),
(491, 'after update', 16, 0, 60, '-', 'AKTIF', 5, 2, '2020-06-22 03:01:02', '2020-06-22 03:01:02', 1, 1, 1966),
(492, 'after update', 17, 0, 100, '-', 'AKTIF', 6, 2, '2020-06-22 05:26:20', '2020-06-22 05:26:20', 1, 1, 1967),
(493, 'after update', 19, 0, 0, '-', 'nonaktif', 7, 1, '2020-07-04 09:08:25', '2020-07-04 09:16:51', 1, 1, 1968),
(494, 'after update', 25, 0, 0, '-', 'AKTIF', 7, 1, '2020-07-04 10:18:46', '2020-07-04 10:25:21', 1, 1, 1969),
(495, 'after update', 18, 0, 30, '-', 'AKTIF', 7, 2, '2020-06-29 12:18:09', '2020-06-29 12:18:09', 1, 1, 1970),
(496, 'after update', 1, 0, 110, '-', 'nonaktif', 1, 1, '2020-06-22 08:03:53', '2020-06-22 08:07:23', 1, 1, 1973),
(497, 'after update', 4, 0, 110, '-', 'nonaktif', 1, 1, '2020-06-22 08:07:40', '2020-06-22 08:08:55', 1, 1, 1974),
(498, 'after update', 7, 0, 110, '-', 'AKTIF', 1, 1, '2020-06-22 08:09:14', '2020-07-01 12:28:58', 1, 1, 1975),
(499, 'after update', 2, 30000, 105, '-', 'nonaktif', 2, 1, '2020-06-22 08:04:32', '2020-06-22 08:26:28', 1, 1, 1977),
(500, 'after update', 5, 30000, 105, '-', 'nonaktif', 2, 1, '2020-06-22 08:07:40', '2020-06-22 08:26:28', 1, 1, 1978),
(501, 'after update', 8, 30000, 105, '-', 'AKTIF', 2, 1, '2020-06-22 08:09:14', '2020-07-04 10:25:03', 1, 1, 1979),
(502, 'after update', 10, 0, 5, 'poiuytrewq', 'nonaktif', 5, 1, '2020-06-22 01:46:33', '2020-07-04 10:18:19', 1, 1, 1980),
(503, 'after update', 24, 0, 5, '-', 'AKTIF', 5, 1, '2020-07-04 10:18:46', '2020-07-04 10:25:16', 1, 1, 1981),
(504, 'after update', 16, 0, 60, '-', 'AKTIF', 5, 2, '2020-06-22 03:01:02', '2020-06-22 03:01:02', 1, 1, 1982),
(505, 'after update', 17, 0, 100, '-', 'AKTIF', 6, 2, '2020-06-22 05:26:20', '2020-06-22 05:26:20', 1, 1, 1983),
(506, 'after update', 19, 0, 2, '-', 'nonaktif', 7, 1, '2020-07-04 09:08:25', '2020-07-04 09:16:51', 1, 1, 1984),
(507, 'after update', 25, 0, 2, '-', 'AKTIF', 7, 1, '2020-07-04 10:18:46', '2020-07-04 10:25:21', 1, 1, 1985),
(508, 'after update', 18, 0, 30, '-', 'AKTIF', 7, 2, '2020-06-29 12:18:09', '2020-06-29 12:18:09', 1, 1, 1986),
(509, 'after update', 10, 0, 5, 'poiuytrewq', 'nonaktif', 5, 1, '2020-06-22 01:46:33', '2020-07-04 10:18:19', 1, 1, 1987),
(510, 'after update', 24, 0, 5, '-', 'AKTIF', 5, 1, '2020-07-04 10:18:46', '2020-07-04 10:25:16', 1, 1, 1988),
(511, 'after update', 16, 0, 60, '-', 'AKTIF', 5, 2, '2020-06-22 03:01:02', '2020-06-22 03:01:02', 1, 1, 1989),
(512, 'after update', 17, 0, 100, '-', 'AKTIF', 6, 2, '2020-06-22 05:26:20', '2020-06-22 05:26:20', 1, 1, 1990),
(513, 'after update', 19, 0, 2, '-', 'nonaktif', 7, 1, '2020-07-04 09:08:25', '2020-07-04 09:16:51', 1, 1, 1991),
(514, 'after update', 25, 0, 2, '-', 'AKTIF', 7, 1, '2020-07-04 10:18:46', '2020-07-04 10:25:21', 1, 1, 1992),
(515, 'after update', 18, 0, 30, '-', 'AKTIF', 7, 2, '2020-06-29 12:18:09', '2020-06-29 12:18:09', 1, 1, 1993),
(516, 'after update', 10, 0, 5, 'poiuytrewq', 'nonaktif', 5, 1, '2020-06-22 01:46:33', '2020-07-04 10:18:19', 1, 1, 1994),
(517, 'after update', 24, 0, 5, '-', 'AKTIF', 5, 1, '2020-07-04 10:18:46', '2020-07-04 10:25:16', 1, 1, 1995),
(518, 'after update', 16, 0, 60, '-', 'AKTIF', 5, 2, '2020-06-22 03:01:02', '2020-06-22 03:01:02', 1, 1, 1996),
(519, 'after update', 17, 0, 100, '-', 'AKTIF', 6, 2, '2020-06-22 05:26:20', '2020-06-22 05:26:20', 1, 1, 1997),
(520, 'after update', 19, 0, 2, '-', 'nonaktif', 7, 1, '2020-07-04 09:08:25', '2020-07-04 09:16:51', 1, 1, 1998),
(521, 'after update', 25, 0, 2, '-', 'AKTIF', 7, 1, '2020-07-04 10:18:46', '2020-07-04 10:25:21', 1, 1, 1999),
(522, 'after update', 18, 0, 30, '-', 'AKTIF', 7, 2, '2020-06-29 12:18:09', '2020-06-29 12:18:09', 1, 1, 2000),
(523, 'after update', 26, 0, 100, 'Auto insert from item existance check', 'aktif', 3, 1, '2020-07-04 10:18:46', '2020-07-04 09:52:43', 1, 1, 2001),
(524, 'after update', 10, 0, 5, 'poiuytrewq', 'nonaktif', 5, 1, '2020-06-22 01:46:33', '2020-07-04 10:18:19', 1, 1, 2002),
(525, 'after update', 24, 0, 5, '-', 'AKTIF', 5, 1, '2020-07-04 10:18:46', '2020-07-04 10:25:16', 1, 1, 2003),
(526, 'after update', 16, 0, 60, '-', 'AKTIF', 5, 2, '2020-06-22 03:01:02', '2020-06-22 03:01:02', 1, 1, 2004),
(527, 'after update', 17, 0, 100, '-', 'AKTIF', 6, 2, '2020-06-22 05:26:20', '2020-06-22 05:26:20', 1, 1, 2005),
(528, 'after update', 19, 0, 2, '-', 'nonaktif', 7, 1, '2020-07-04 09:08:25', '2020-07-04 09:16:51', 1, 1, 2006),
(529, 'after update', 25, 0, 2, '-', 'AKTIF', 7, 1, '2020-07-04 10:18:46', '2020-07-04 10:25:21', 1, 1, 2007),
(530, 'after update', 18, 0, 30, '-', 'AKTIF', 7, 2, '2020-06-29 12:18:09', '2020-06-29 12:18:09', 1, 1, 2008),
(531, 'after update', 10, 0, 5, 'poiuytrewq', 'nonaktif', 5, 1, '2020-06-22 01:46:33', '2020-07-04 10:18:19', 1, 1, 2009),
(532, 'after update', 24, 0, 5, '-', 'AKTIF', 5, 1, '2020-07-04 10:18:46', '2020-07-04 10:25:16', 1, 1, 2010),
(533, 'after update', 16, 0, 60, '-', 'AKTIF', 5, 2, '2020-06-22 03:01:02', '2020-06-22 03:01:02', 1, 1, 2011),
(534, 'after update', 17, 0, 100, '-', 'AKTIF', 6, 2, '2020-06-22 05:26:20', '2020-06-22 05:26:20', 1, 1, 2012),
(535, 'after update', 19, 0, 2, '-', 'nonaktif', 7, 1, '2020-07-04 09:08:25', '2020-07-04 09:16:51', 1, 1, 2013),
(536, 'after update', 25, 0, 2, '-', 'AKTIF', 7, 1, '2020-07-04 10:18:46', '2020-07-04 10:25:21', 1, 1, 2014),
(537, 'after update', 18, 0, 30, '-', 'AKTIF', 7, 2, '2020-06-29 12:18:09', '2020-06-29 12:18:09', 1, 1, 2015),
(538, 'after update', 10, 0, 5, 'poiuytrewq', 'nonaktif', 5, 1, '2020-06-22 01:46:33', '2020-07-04 10:18:19', 1, 1, 2016),
(539, 'after update', 24, 0, 5, '-', 'AKTIF', 5, 1, '2020-07-04 10:18:46', '2020-07-04 10:25:16', 1, 1, 2017),
(540, 'after update', 16, 0, 60, '-', 'AKTIF', 5, 2, '2020-06-22 03:01:02', '2020-06-22 03:01:02', 1, 1, 2018),
(541, 'after update', 17, 0, 100, '-', 'AKTIF', 6, 2, '2020-06-22 05:26:20', '2020-06-22 05:26:20', 1, 1, 2019),
(542, 'after update', 19, 0, 2, '-', 'nonaktif', 7, 1, '2020-07-04 09:08:25', '2020-07-04 09:16:51', 1, 1, 2020),
(543, 'after update', 25, 0, 2, '-', 'AKTIF', 7, 1, '2020-07-04 10:18:46', '2020-07-04 10:25:21', 1, 1, 2021),
(544, 'after update', 18, 0, 30, '-', 'AKTIF', 7, 2, '2020-06-29 12:18:09', '2020-06-29 12:18:09', 1, 1, 2022),
(545, 'after update', 10, 0, 5, 'poiuytrewq', 'nonaktif', 5, 1, '2020-06-22 01:46:33', '2020-07-04 10:18:19', 1, 1, 2023),
(546, 'after update', 24, 0, 5, '-', 'AKTIF', 5, 1, '2020-07-04 10:18:46', '2020-07-04 10:25:16', 1, 1, 2024),
(547, 'after update', 16, 0, 60, '-', 'AKTIF', 5, 2, '2020-06-22 03:01:02', '2020-06-22 03:01:02', 1, 1, 2025),
(548, 'after update', 17, 0, 100, '-', 'AKTIF', 6, 2, '2020-06-22 05:26:20', '2020-06-22 05:26:20', 1, 1, 2026),
(549, 'after update', 19, 0, 2, '-', 'nonaktif', 7, 1, '2020-07-04 09:08:25', '2020-07-04 09:16:51', 1, 1, 2027),
(550, 'after update', 25, 0, 2, '-', 'AKTIF', 7, 1, '2020-07-04 10:18:46', '2020-07-04 10:25:21', 1, 1, 2028),
(551, 'after update', 18, 0, 30, '-', 'AKTIF', 7, 2, '2020-06-29 12:18:09', '2020-06-29 12:18:09', 1, 1, 2029),
(552, 'after update', 11, 0, 100, 'Auto insert from item existance check', 'aktif', 4, 1, '2020-06-22 01:46:33', '2020-07-04 09:53:02', 1, 1, 2030),
(553, 'after update', 10, 0, 21, 'poiuytrewq', 'nonaktif', 5, 1, '2020-06-22 01:46:33', '2020-07-04 10:18:19', 1, 1, 2031),
(554, 'after update', 24, 0, 21, '-', 'AKTIF', 5, 1, '2020-07-04 10:18:46', '2020-07-04 10:25:16', 1, 1, 2032),
(555, 'after update', 16, 0, 60, '-', 'AKTIF', 5, 2, '2020-06-22 03:01:02', '2020-06-22 03:01:02', 1, 1, 2033),
(556, 'after update', 17, 0, 100, '-', 'AKTIF', 6, 2, '2020-06-22 05:26:20', '2020-06-22 05:26:20', 1, 1, 2034),
(557, 'after update', 19, 0, 10, '-', 'nonaktif', 7, 1, '2020-07-04 09:08:25', '2020-07-04 09:16:51', 1, 1, 2035),
(558, 'after update', 25, 0, 10, '-', 'AKTIF', 7, 1, '2020-07-04 10:18:46', '2020-07-04 10:25:21', 1, 1, 2036),
(559, 'after update', 18, 0, 30, '-', 'AKTIF', 7, 2, '2020-06-29 12:18:09', '2020-06-29 12:18:09', 1, 1, 2037),
(560, 'after update', 1, 0, 210, '-', 'nonaktif', 1, 1, '2020-06-22 08:03:53', '2020-06-22 08:07:23', 1, 1, 2040),
(561, 'after update', 4, 0, 210, '-', 'nonaktif', 1, 1, '2020-06-22 08:07:40', '2020-06-22 08:08:55', 1, 1, 2041),
(562, 'after update', 7, 0, 210, '-', 'AKTIF', 1, 1, '2020-06-22 08:09:14', '2020-07-01 12:28:58', 1, 1, 2042),
(563, 'after update', 2, 30000, 205, '-', 'nonaktif', 2, 1, '2020-06-22 08:04:32', '2020-06-22 08:26:28', 1, 1, 2044),
(564, 'after update', 5, 30000, 205, '-', 'nonaktif', 2, 1, '2020-06-22 08:07:40', '2020-06-22 08:26:28', 1, 1, 2045),
(565, 'after update', 8, 30000, 205, '-', 'AKTIF', 2, 1, '2020-06-22 08:09:14', '2020-07-04 10:25:03', 1, 1, 2046),
(566, 'after update', 10, 0, 33, 'poiuytrewq', 'nonaktif', 5, 1, '2020-06-22 01:46:33', '2020-07-04 10:18:19', 1, 1, 3516),
(567, 'after update', 24, 0, 33, '-', 'AKTIF', 5, 1, '2020-07-04 10:18:46', '2020-07-04 10:25:16', 1, 1, 3517),
(568, 'after update', 16, 0, 60, '-', 'AKTIF', 5, 2, '2020-06-22 03:01:02', '2020-06-22 03:01:02', 1, 1, 3518),
(569, 'after update', 17, 0, 100, '-', 'AKTIF', 6, 2, '2020-06-22 05:26:20', '2020-06-22 05:26:20', 1, 1, 3519),
(570, 'after update', 19, 0, 16, '-', 'nonaktif', 7, 1, '2020-07-04 09:08:25', '2020-07-04 09:16:51', 1, 1, 3520),
(571, 'after update', 25, 0, 16, '-', 'AKTIF', 7, 1, '2020-07-04 10:18:46', '2020-07-04 10:25:21', 1, 1, 3521),
(572, 'after update', 18, 0, 30, '-', 'AKTIF', 7, 2, '2020-06-29 12:18:09', '2020-06-29 12:18:09', 1, 1, 3522),
(573, 'after update', 10, 0, 33, 'poiuytrewq', 'nonaktif', 5, 1, '2020-06-22 01:46:33', '2020-07-04 10:18:19', 1, 1, 3523),
(574, 'after update', 24, 0, 33, '-', 'AKTIF', 5, 1, '2020-07-04 10:18:46', '2020-07-04 10:25:16', 1, 1, 3524),
(575, 'after update', 16, 0, 60, '-', 'AKTIF', 5, 2, '2020-06-22 03:01:02', '2020-06-22 03:01:02', 1, 1, 3525),
(576, 'after update', 17, 0, 100, '-', 'AKTIF', 6, 2, '2020-06-22 05:26:20', '2020-06-22 05:26:20', 1, 1, 3526),
(577, 'after update', 19, 0, 16, '-', 'nonaktif', 7, 1, '2020-07-04 09:08:25', '2020-07-04 09:16:51', 1, 1, 3527),
(578, 'after update', 25, 0, 16, '-', 'AKTIF', 7, 1, '2020-07-04 10:18:46', '2020-07-04 10:25:21', 1, 1, 3528),
(579, 'after update', 18, 0, 30, '-', 'AKTIF', 7, 2, '2020-06-29 12:18:09', '2020-06-29 12:18:09', 1, 1, 3529),
(580, 'after update', 10, 0, 33, 'poiuytrewq', 'nonaktif', 5, 1, '2020-06-22 01:46:33', '2020-07-04 10:18:19', 1, 1, 3530),
(581, 'after update', 24, 0, 33, '-', 'AKTIF', 5, 1, '2020-07-04 10:18:46', '2020-07-04 10:25:16', 1, 1, 3531),
(582, 'after update', 16, 0, 60, '-', 'AKTIF', 5, 2, '2020-06-22 03:01:02', '2020-06-22 03:01:02', 1, 1, 3532),
(583, 'after update', 17, 0, 100, '-', 'AKTIF', 6, 2, '2020-06-22 05:26:20', '2020-06-22 05:26:20', 1, 1, 3533),
(584, 'after update', 19, 0, 16, '-', 'nonaktif', 7, 1, '2020-07-04 09:08:25', '2020-07-04 09:16:51', 1, 1, 3534),
(585, 'after update', 25, 0, 16, '-', 'AKTIF', 7, 1, '2020-07-04 10:18:46', '2020-07-04 10:25:21', 1, 1, 3535),
(586, 'after update', 18, 0, 30, '-', 'AKTIF', 7, 2, '2020-06-29 12:18:09', '2020-06-29 12:18:09', 1, 1, 3536),
(587, 'after update', 10, 0, 33, 'poiuytrewq', 'nonaktif', 5, 1, '2020-06-22 01:46:33', '2020-07-04 10:18:19', 1, 1, 3537),
(588, 'after update', 24, 0, 33, '-', 'AKTIF', 5, 1, '2020-07-04 10:18:46', '2020-07-04 10:25:16', 1, 1, 3538),
(589, 'after update', 16, 0, 60, '-', 'AKTIF', 5, 2, '2020-06-22 03:01:02', '2020-06-22 03:01:02', 1, 1, 3539),
(590, 'after update', 17, 0, 100, '-', 'AKTIF', 6, 2, '2020-06-22 05:26:20', '2020-06-22 05:26:20', 1, 1, 3540),
(591, 'after update', 19, 0, 16, '-', 'nonaktif', 7, 1, '2020-07-04 09:08:25', '2020-07-04 09:16:51', 1, 1, 3541),
(592, 'after update', 25, 0, 16, '-', 'AKTIF', 7, 1, '2020-07-04 10:18:46', '2020-07-04 10:25:21', 1, 1, 3542),
(593, 'after update', 18, 0, 30, '-', 'AKTIF', 7, 2, '2020-06-29 12:18:09', '2020-06-29 12:18:09', 1, 1, 3543),
(594, 'after update', 10, 0, 33, 'poiuytrewq', 'nonaktif', 5, 1, '2020-06-22 01:46:33', '2020-07-04 10:18:19', 1, 1, 3544),
(595, 'after update', 24, 0, 33, '-', 'AKTIF', 5, 1, '2020-07-04 10:18:46', '2020-07-04 10:25:16', 1, 1, 3545),
(596, 'after update', 16, 0, 60, '-', 'AKTIF', 5, 2, '2020-06-22 03:01:02', '2020-06-22 03:01:02', 1, 1, 3546),
(597, 'after update', 17, 0, 100, '-', 'AKTIF', 6, 2, '2020-06-22 05:26:20', '2020-06-22 05:26:20', 1, 1, 3547),
(598, 'after update', 19, 0, 16, '-', 'nonaktif', 7, 1, '2020-07-04 09:08:25', '2020-07-04 09:16:51', 1, 1, 3548),
(599, 'after update', 25, 0, 16, '-', 'AKTIF', 7, 1, '2020-07-04 10:18:46', '2020-07-04 10:25:21', 1, 1, 3549),
(600, 'after update', 18, 0, 30, '-', 'AKTIF', 7, 2, '2020-06-29 12:18:09', '2020-06-29 12:18:09', 1, 1, 3550),
(601, 'after update', 10, 0, 33, 'poiuytrewq', 'nonaktif', 5, 1, '2020-06-22 01:46:33', '2020-07-04 10:18:19', 1, 1, 3551),
(602, 'after update', 24, 0, 33, '-', 'AKTIF', 5, 1, '2020-07-04 10:18:46', '2020-07-04 10:25:16', 1, 1, 3552),
(603, 'after update', 16, 0, 60, '-', 'AKTIF', 5, 2, '2020-06-22 03:01:02', '2020-06-22 03:01:02', 1, 1, 3553),
(604, 'after update', 17, 0, 100, '-', 'AKTIF', 6, 2, '2020-06-22 05:26:20', '2020-06-22 05:26:20', 1, 1, 3554),
(605, 'after update', 19, 0, 16, '-', 'nonaktif', 7, 1, '2020-07-04 09:08:25', '2020-07-04 09:16:51', 1, 1, 3555),
(606, 'after update', 25, 0, 16, '-', 'AKTIF', 7, 1, '2020-07-04 10:18:46', '2020-07-04 10:25:21', 1, 1, 3556),
(607, 'after update', 18, 0, 30, '-', 'AKTIF', 7, 2, '2020-06-29 12:18:09', '2020-06-29 12:18:09', 1, 1, 3557),
(608, 'after update', 10, 0, 33, 'poiuytrewq', 'nonaktif', 5, 1, '2020-06-22 01:46:33', '2020-07-04 10:18:19', 1, 1, 3558),
(609, 'after update', 24, 0, 33, '-', 'AKTIF', 5, 1, '2020-07-04 10:18:46', '2020-07-04 10:25:16', 1, 1, 3559),
(610, 'after update', 16, 0, 60, '-', 'AKTIF', 5, 2, '2020-06-22 03:01:02', '2020-06-22 03:01:02', 1, 1, 3560),
(611, 'after update', 17, 0, 100, '-', 'AKTIF', 6, 2, '2020-06-22 05:26:20', '2020-06-22 05:26:20', 1, 1, 3561),
(612, 'after update', 19, 0, 16, '-', 'nonaktif', 7, 1, '2020-07-04 09:08:25', '2020-07-04 09:16:51', 1, 1, 3562),
(613, 'after update', 25, 0, 16, '-', 'AKTIF', 7, 1, '2020-07-04 10:18:46', '2020-07-04 10:25:21', 1, 1, 3563),
(614, 'after update', 18, 0, 30, '-', 'AKTIF', 7, 2, '2020-06-29 12:18:09', '2020-06-29 12:18:09', 1, 1, 3564),
(615, 'after update', 10, 0, 33, 'poiuytrewq', 'nonaktif', 5, 1, '2020-06-22 01:46:33', '2020-07-04 10:18:19', 1, 1, 3565),
(616, 'after update', 24, 0, 33, '-', 'AKTIF', 5, 1, '2020-07-04 10:18:46', '2020-07-04 10:25:16', 1, 1, 3566),
(617, 'after update', 16, 0, 60, '-', 'AKTIF', 5, 2, '2020-06-22 03:01:02', '2020-06-22 03:01:02', 1, 1, 3567),
(618, 'after update', 17, 0, 100, '-', 'AKTIF', 6, 2, '2020-06-22 05:26:20', '2020-06-22 05:26:20', 1, 1, 3568),
(619, 'after update', 19, 0, 16, '-', 'nonaktif', 7, 1, '2020-07-04 09:08:25', '2020-07-04 09:16:51', 1, 1, 3569),
(620, 'after update', 25, 0, 16, '-', 'AKTIF', 7, 1, '2020-07-04 10:18:46', '2020-07-04 10:25:21', 1, 1, 3570),
(621, 'after update', 18, 0, 30, '-', 'AKTIF', 7, 2, '2020-06-29 12:18:09', '2020-06-29 12:18:09', 1, 1, 3571),
(622, 'after update', 10, 0, 33, 'poiuytrewq', 'nonaktif', 5, 1, '2020-06-22 01:46:33', '2020-07-04 10:18:19', 1, 1, 3572),
(623, 'after update', 24, 0, 33, '-', 'AKTIF', 5, 1, '2020-07-04 10:18:46', '2020-07-04 10:25:16', 1, 1, 3573),
(624, 'after update', 16, 0, 60, '-', 'AKTIF', 5, 2, '2020-06-22 03:01:02', '2020-06-22 03:01:02', 1, 1, 3574),
(625, 'after update', 17, 0, 100, '-', 'AKTIF', 6, 2, '2020-06-22 05:26:20', '2020-06-22 05:26:20', 1, 1, 3575),
(626, 'after update', 19, 0, 16, '-', 'nonaktif', 7, 1, '2020-07-04 09:08:25', '2020-07-04 09:16:51', 1, 1, 3576),
(627, 'after update', 25, 0, 16, '-', 'AKTIF', 7, 1, '2020-07-04 10:18:46', '2020-07-04 10:25:21', 1, 1, 3577),
(628, 'after update', 18, 0, 30, '-', 'AKTIF', 7, 2, '2020-06-29 12:18:09', '2020-06-29 12:18:09', 1, 1, 3578),
(629, 'after update', 10, 0, 33, 'poiuytrewq', 'nonaktif', 5, 1, '2020-06-22 01:46:33', '2020-07-04 10:18:19', 1, 1, 3579),
(630, 'after update', 24, 0, 33, '-', 'AKTIF', 5, 1, '2020-07-04 10:18:46', '2020-07-04 10:25:16', 1, 1, 3580),
(631, 'after update', 16, 0, 60, '-', 'AKTIF', 5, 2, '2020-06-22 03:01:02', '2020-06-22 03:01:02', 1, 1, 3581),
(632, 'after update', 17, 0, 100, '-', 'AKTIF', 6, 2, '2020-06-22 05:26:20', '2020-06-22 05:26:20', 1, 1, 3582),
(633, 'after update', 19, 0, 16, '-', 'nonaktif', 7, 1, '2020-07-04 09:08:25', '2020-07-04 09:16:51', 1, 1, 3583),
(634, 'after update', 25, 0, 16, '-', 'AKTIF', 7, 1, '2020-07-04 10:18:46', '2020-07-04 10:25:21', 1, 1, 3584),
(635, 'after update', 18, 0, 30, '-', 'AKTIF', 7, 2, '2020-06-29 12:18:09', '2020-06-29 12:18:09', 1, 1, 3585),
(636, 'after update', 10, 0, 33, 'poiuytrewq', 'nonaktif', 5, 1, '2020-06-22 01:46:33', '2020-07-04 10:18:19', 1, 1, 3792),
(637, 'after update', 24, 0, 33, '-', 'AKTIF', 5, 1, '2020-07-04 10:18:46', '2020-07-04 10:25:16', 1, 1, 3793),
(638, 'after update', 16, 0, 60, '-', 'AKTIF', 5, 2, '2020-06-22 03:01:02', '2020-06-22 03:01:02', 1, 1, 3794),
(639, 'after update', 17, 0, 100, '-', 'AKTIF', 6, 2, '2020-06-22 05:26:20', '2020-06-22 05:26:20', 1, 1, 3795),
(640, 'after update', 19, 0, 16, '-', 'nonaktif', 7, 1, '2020-07-04 09:08:25', '2020-07-04 09:16:51', 1, 1, 3796),
(641, 'after update', 25, 0, 16, '-', 'AKTIF', 7, 1, '2020-07-04 10:18:46', '2020-07-04 10:25:21', 1, 1, 3797),
(642, 'after update', 18, 0, 30, '-', 'AKTIF', 7, 2, '2020-06-29 12:18:09', '2020-06-29 12:18:09', 1, 1, 3798),
(643, 'after update', 10, 0, 33, 'poiuytrewq', 'nonaktif', 5, 1, '2020-06-22 01:46:33', '2020-07-04 10:18:19', 1, 1, 3799),
(644, 'after update', 24, 0, 33, '-', 'AKTIF', 5, 1, '2020-07-04 10:18:46', '2020-07-04 10:25:16', 1, 1, 3800),
(645, 'after update', 16, 0, 60, '-', 'AKTIF', 5, 2, '2020-06-22 03:01:02', '2020-06-22 03:01:02', 1, 1, 3801),
(646, 'after update', 17, 0, 100, '-', 'AKTIF', 6, 2, '2020-06-22 05:26:20', '2020-06-22 05:26:20', 1, 1, 3802),
(647, 'after update', 19, 0, 16, '-', 'nonaktif', 7, 1, '2020-07-04 09:08:25', '2020-07-04 09:16:51', 1, 1, 3803),
(648, 'after update', 25, 0, 16, '-', 'AKTIF', 7, 1, '2020-07-04 10:18:46', '2020-07-04 10:25:21', 1, 1, 3804),
(649, 'after update', 18, 0, 30, '-', 'AKTIF', 7, 2, '2020-06-29 12:18:09', '2020-06-29 12:18:09', 1, 1, 3805),
(650, 'after update', 10, 0, 33, 'poiuytrewq', 'nonaktif', 5, 1, '2020-06-22 01:46:33', '2020-07-04 10:18:19', 1, 1, 3806),
(651, 'after update', 24, 0, 33, '-', 'AKTIF', 5, 1, '2020-07-04 10:18:46', '2020-07-04 10:25:16', 1, 1, 3807),
(652, 'after update', 16, 0, 60, '-', 'AKTIF', 5, 2, '2020-06-22 03:01:02', '2020-06-22 03:01:02', 1, 1, 3808),
(653, 'after update', 17, 0, 100, '-', 'AKTIF', 6, 2, '2020-06-22 05:26:20', '2020-06-22 05:26:20', 1, 1, 3809),
(654, 'after update', 19, 0, 16, '-', 'nonaktif', 7, 1, '2020-07-04 09:08:25', '2020-07-04 09:16:51', 1, 1, 3810),
(655, 'after update', 25, 0, 16, '-', 'AKTIF', 7, 1, '2020-07-04 10:18:46', '2020-07-04 10:25:21', 1, 1, 3811),
(656, 'after update', 18, 0, 30, '-', 'AKTIF', 7, 2, '2020-06-29 12:18:09', '2020-06-29 12:18:09', 1, 1, 3812),
(657, 'after update', 10, 0, 33, 'poiuytrewq', 'nonaktif', 5, 1, '2020-06-22 01:46:33', '2020-07-04 10:18:19', 1, 1, 3813),
(658, 'after update', 24, 0, 33, '-', 'AKTIF', 5, 1, '2020-07-04 10:18:46', '2020-07-04 10:25:16', 1, 1, 3814),
(659, 'after update', 16, 0, 60, '-', 'AKTIF', 5, 2, '2020-06-22 03:01:02', '2020-06-22 03:01:02', 1, 1, 3815),
(660, 'after update', 17, 0, 100, '-', 'AKTIF', 6, 2, '2020-06-22 05:26:20', '2020-06-22 05:26:20', 1, 1, 3816),
(661, 'after update', 19, 0, 16, '-', 'nonaktif', 7, 1, '2020-07-04 09:08:25', '2020-07-04 09:16:51', 1, 1, 3817),
(662, 'after update', 25, 0, 16, '-', 'AKTIF', 7, 1, '2020-07-04 10:18:46', '2020-07-04 10:25:21', 1, 1, 3818),
(663, 'after update', 18, 0, 30, '-', 'AKTIF', 7, 2, '2020-06-29 12:18:09', '2020-06-29 12:18:09', 1, 1, 3819),
(664, 'after update', 10, 0, 33, 'poiuytrewq', 'nonaktif', 5, 1, '2020-06-22 01:46:33', '2020-07-04 10:18:19', 1, 1, 3820),
(665, 'after update', 24, 0, 33, '-', 'AKTIF', 5, 1, '2020-07-04 10:18:46', '2020-07-04 10:25:16', 1, 1, 3821),
(666, 'after update', 16, 0, 60, '-', 'AKTIF', 5, 2, '2020-06-22 03:01:02', '2020-06-22 03:01:02', 1, 1, 3822),
(667, 'after update', 17, 0, 100, '-', 'AKTIF', 6, 2, '2020-06-22 05:26:20', '2020-06-22 05:26:20', 1, 1, 3823),
(668, 'after update', 19, 0, 16, '-', 'nonaktif', 7, 1, '2020-07-04 09:08:25', '2020-07-04 09:16:51', 1, 1, 3824),
(669, 'after update', 25, 0, 16, '-', 'AKTIF', 7, 1, '2020-07-04 10:18:46', '2020-07-04 10:25:21', 1, 1, 3825),
(670, 'after update', 18, 0, 30, '-', 'AKTIF', 7, 2, '2020-06-29 12:18:09', '2020-06-29 12:18:09', 1, 1, 3826),
(671, 'after update', 17, 0, 90, '-', 'AKTIF', 6, 2, '2020-06-22 05:26:20', '2020-06-22 05:26:20', 1, 1, 3832),
(672, 'after update', 12, 15000, -10, '-', 'AKTIF', 1, 2, '2020-06-22 03:01:02', '2020-06-22 05:28:46', 1, 1, 3833),
(673, 'after update', 13, 14000, 280, '-', 'AKTIF', 2, 2, '2020-06-22 03:01:02', '2020-07-04 09:48:13', 1, 1, 3834),
(674, 'after update', 15, 0, 360, '-', 'AKTIF', 4, 2, '2020-06-22 03:01:02', '2020-07-04 09:06:34', 1, 1, 3835),
(675, 'after update', 14, 0, 270, '-', 'AKTIF', 3, 2, '2020-06-22 03:01:02', '2020-07-04 09:06:57', 1, 1, 3836),
(676, 'after update', 15, 0, 370, '-', 'AKTIF', 4, 2, '2020-06-22 03:01:02', '2020-07-04 09:06:34', 1, 1, 3837),
(677, 'after update', 10, 0, 33, 'poiuytrewq', 'nonaktif', 5, 1, '2020-06-22 01:46:33', '2020-07-04 10:18:19', 1, 1, 3838),
(678, 'after update', 24, 0, 33, '-', 'AKTIF', 5, 1, '2020-07-04 10:18:46', '2020-07-04 10:25:16', 1, 1, 3839),
(679, 'after update', 16, 0, 56, '-', 'AKTIF', 5, 2, '2020-06-22 03:01:02', '2020-06-22 03:01:02', 1, 1, 3840),
(680, 'after update', 17, 0, 90, '-', 'AKTIF', 6, 2, '2020-06-22 05:26:20', '2020-06-22 05:26:20', 1, 1, 3841),
(681, 'after update', 19, 0, 16, '-', 'nonaktif', 7, 1, '2020-07-04 09:08:25', '2020-07-04 09:16:51', 1, 1, 3842),
(682, 'after update', 25, 0, 16, '-', 'AKTIF', 7, 1, '2020-07-04 10:18:46', '2020-07-04 10:25:21', 1, 1, 3843),
(683, 'after update', 18, 0, 28, '-', 'AKTIF', 7, 2, '2020-06-29 12:18:09', '2020-06-29 12:18:09', 1, 1, 3844),
(684, 'after update', 10, 0, 33, 'poiuytrewq', 'nonaktif', 5, 1, '2020-06-22 01:46:33', '2020-07-04 10:18:19', 1, 1, 3845),
(685, 'after update', 24, 0, 33, '-', 'AKTIF', 5, 1, '2020-07-04 10:18:46', '2020-07-04 10:25:16', 1, 1, 3846),
(686, 'after update', 16, 0, 56, '-', 'AKTIF', 5, 2, '2020-06-22 03:01:02', '2020-06-22 03:01:02', 1, 1, 3847),
(687, 'after update', 17, 0, 90, '-', 'AKTIF', 6, 2, '2020-06-22 05:26:20', '2020-06-22 05:26:20', 1, 1, 3848),
(688, 'after update', 19, 0, 16, '-', 'nonaktif', 7, 1, '2020-07-04 09:08:25', '2020-07-04 09:16:51', 1, 1, 3849),
(689, 'after update', 25, 0, 16, '-', 'AKTIF', 7, 1, '2020-07-04 10:18:46', '2020-07-04 10:25:21', 1, 1, 3850),
(690, 'after update', 18, 0, 28, '-', 'AKTIF', 7, 2, '2020-06-29 12:18:09', '2020-06-29 12:18:09', 1, 1, 3851),
(691, 'after update', 10, 0, 33, 'poiuytrewq', 'nonaktif', 5, 1, '2020-06-22 01:46:33', '2020-07-04 10:18:19', 1, 1, 3857),
(692, 'after update', 24, 0, 33, '-', 'AKTIF', 5, 1, '2020-07-04 10:18:46', '2020-07-04 10:25:16', 1, 1, 3858),
(693, 'after update', 16, 0, 56, '-', 'AKTIF', 5, 2, '2020-06-22 03:01:02', '2020-06-22 03:01:02', 1, 1, 3859),
(694, 'after update', 17, 0, 90, '-', 'AKTIF', 6, 2, '2020-06-22 05:26:20', '2020-06-22 05:26:20', 1, 1, 3860),
(695, 'after update', 19, 0, 6, '-', 'nonaktif', 7, 1, '2020-07-04 09:08:25', '2020-07-04 09:16:51', 1, 1, 3861),
(696, 'after update', 25, 0, 6, '-', 'AKTIF', 7, 1, '2020-07-04 10:18:46', '2020-07-04 10:25:21', 1, 1, 3862),
(697, 'after update', 18, 0, 11, '-', 'AKTIF', 7, 2, '2020-06-29 12:18:09', '2020-06-29 12:18:09', 1, 1, 3863),
(698, 'after update', 10, 0, 33, 'poiuytrewq', 'nonaktif', 5, 1, '2020-06-22 01:46:33', '2020-07-04 10:18:19', 1, 1, 3864),
(699, 'after update', 24, 0, 33, '-', 'AKTIF', 5, 1, '2020-07-04 10:18:46', '2020-07-04 10:25:16', 1, 1, 3865),
(700, 'after update', 16, 0, 56, '-', 'AKTIF', 5, 2, '2020-06-22 03:01:02', '2020-06-22 03:01:02', 1, 1, 3866),
(701, 'after update', 17, 0, 90, '-', 'AKTIF', 6, 2, '2020-06-22 05:26:20', '2020-06-22 05:26:20', 1, 1, 3867),
(702, 'after update', 19, 0, 6, '-', 'nonaktif', 7, 1, '2020-07-04 09:08:25', '2020-07-04 09:16:51', 1, 1, 3868),
(703, 'after update', 25, 0, 6, '-', 'AKTIF', 7, 1, '2020-07-04 10:18:46', '2020-07-04 10:25:21', 1, 1, 3869),
(704, 'after update', 18, 0, 11, '-', 'AKTIF', 7, 2, '2020-06-29 12:18:09', '2020-06-29 12:18:09', 1, 1, 3870),
(705, 'after update', 17, 0, 80, '-', 'AKTIF', 6, 2, '2020-06-22 05:26:20', '2020-06-22 05:26:20', 1, 1, 3872),
(706, 'after update', 12, 15000, -30, '-', 'AKTIF', 1, 2, '2020-06-22 03:01:02', '2020-06-22 05:28:46', 1, 1, 3873),
(707, 'after update', 13, 14000, 260, '-', 'AKTIF', 2, 2, '2020-06-22 03:01:02', '2020-07-04 09:48:13', 1, 1, 3874),
(708, 'after update', 15, 0, 330, '-', 'AKTIF', 4, 2, '2020-06-22 03:01:02', '2020-07-04 09:06:34', 1, 1, 3875),
(709, 'after update', 14, 0, 240, '-', 'AKTIF', 3, 2, '2020-06-22 03:01:02', '2020-07-04 09:06:57', 1, 1, 3876),
(710, 'after update', 15, 0, 340, '-', 'AKTIF', 4, 2, '2020-06-22 03:01:02', '2020-07-04 09:06:34', 1, 1, 3877),
(711, 'after update', 17, 0, 70, '-', 'AKTIF', 6, 2, '2020-06-22 05:26:20', '2020-06-22 05:26:20', 1, 1, 3879),
(712, 'after update', 12, 15000, -50, '-', 'AKTIF', 1, 2, '2020-06-22 03:01:02', '2020-06-22 05:28:46', 1, 1, 3880),
(713, 'after update', 13, 14000, 240, '-', 'AKTIF', 2, 2, '2020-06-22 03:01:02', '2020-07-04 09:48:13', 1, 1, 3881),
(714, 'after update', 15, 0, 300, '-', 'AKTIF', 4, 2, '2020-06-22 03:01:02', '2020-07-04 09:06:34', 1, 1, 3882),
(715, 'after update', 14, 0, 210, '-', 'AKTIF', 3, 2, '2020-06-22 03:01:02', '2020-07-04 09:06:57', 1, 1, 3883),
(716, 'after update', 18, 0, 21, '-', 'AKTIF', 7, 2, '2020-06-29 12:18:09', '2020-06-29 12:18:09', 1, 1, 3884),
(717, 'after update', 13, 14000, 260, '-', 'AKTIF', 2, 2, '2020-06-22 03:01:02', '2020-07-04 09:48:13', 1, 1, 3885),
(718, 'after update', 14, 0, 240, '-', 'AKTIF', 3, 2, '2020-06-22 03:01:02', '2020-07-04 09:06:57', 1, 1, 3886),
(719, 'after update', 15, 0, 340, '-', 'AKTIF', 4, 2, '2020-06-22 03:01:02', '2020-07-04 09:06:34', 1, 1, 3887),
(720, 'after update', 16, 0, 106, '-', 'AKTIF', 5, 2, '2020-06-22 03:01:02', '2020-06-22 03:01:02', 1, 1, 3888),
(721, 'after update', 10, 0, 33, 'poiuytrewq', 'nonaktif', 5, 1, '2020-06-22 01:46:33', '2020-07-04 10:18:19', 1, 1, 3889),
(722, 'after update', 24, 0, 33, '-', 'AKTIF', 5, 1, '2020-07-04 10:18:46', '2020-07-04 10:25:16', 1, 1, 3890),
(723, 'after update', 16, 0, 52, '-', 'AKTIF', 5, 2, '2020-06-22 03:01:02', '2020-06-22 03:01:02', 1, 1, 3891),
(724, 'after update', 17, 0, 80, '-', 'AKTIF', 6, 2, '2020-06-22 05:26:20', '2020-06-22 05:26:20', 1, 1, 3892),
(725, 'after update', 19, 0, 6, '-', 'nonaktif', 7, 1, '2020-07-04 09:08:25', '2020-07-04 09:16:51', 1, 1, 3893),
(726, 'after update', 25, 0, 6, '-', 'AKTIF', 7, 1, '2020-07-04 10:18:46', '2020-07-04 10:25:21', 1, 1, 3894),
(727, 'after update', 18, 0, 10, '-', 'AKTIF', 7, 2, '2020-06-29 12:18:09', '2020-06-29 12:18:09', 1, 1, 3895),
(728, 'after update', 10, 0, 33, 'poiuytrewq', 'nonaktif', 5, 1, '2020-06-22 01:46:33', '2020-07-04 10:18:19', 1, 1, 3896),
(729, 'after update', 24, 0, 33, '-', 'AKTIF', 5, 1, '2020-07-04 10:18:46', '2020-07-04 10:25:16', 1, 1, 3897),
(730, 'after update', 16, 0, 52, '-', 'AKTIF', 5, 2, '2020-06-22 03:01:02', '2020-06-22 03:01:02', 1, 1, 3898),
(731, 'after update', 17, 0, 80, '-', 'AKTIF', 6, 2, '2020-06-22 05:26:20', '2020-06-22 05:26:20', 1, 1, 3899),
(732, 'after update', 19, 0, 6, '-', 'nonaktif', 7, 1, '2020-07-04 09:08:25', '2020-07-04 09:16:51', 1, 1, 3900),
(733, 'after update', 25, 0, 6, '-', 'AKTIF', 7, 1, '2020-07-04 10:18:46', '2020-07-04 10:25:21', 1, 1, 3901),
(734, 'after update', 18, 0, 10, '-', 'AKTIF', 7, 2, '2020-06-29 12:18:09', '2020-06-29 12:18:09', 1, 1, 3902),
(735, 'after update', 10, 0, 33, 'poiuytrewq', 'nonaktif', 5, 1, '2020-06-22 01:46:33', '2020-07-04 10:18:19', 1, 1, 3903),
(736, 'after update', 24, 0, 33, '-', 'AKTIF', 5, 1, '2020-07-04 10:18:46', '2020-07-04 10:25:16', 1, 1, 3904),
(737, 'after update', 16, 0, 52, '-', 'AKTIF', 5, 2, '2020-06-22 03:01:02', '2020-06-22 03:01:02', 1, 1, 3905),
(738, 'after update', 17, 0, 80, '-', 'AKTIF', 6, 2, '2020-06-22 05:26:20', '2020-06-22 05:26:20', 1, 1, 3906),
(739, 'after update', 19, 0, 6, '-', 'nonaktif', 7, 1, '2020-07-04 09:08:25', '2020-07-04 09:16:51', 1, 1, 3907),
(740, 'after update', 25, 0, 6, '-', 'AKTIF', 7, 1, '2020-07-04 10:18:46', '2020-07-04 10:25:21', 1, 1, 3908),
(741, 'after update', 18, 0, 10, '-', 'AKTIF', 7, 2, '2020-06-29 12:18:09', '2020-06-29 12:18:09', 1, 1, 3909),
(742, 'after update', 10, 0, 33, 'poiuytrewq', 'nonaktif', 5, 1, '2020-06-22 01:46:33', '2020-07-04 10:18:19', 1, 1, 3910),
(743, 'after update', 24, 0, 33, '-', 'AKTIF', 5, 1, '2020-07-04 10:18:46', '2020-07-04 10:25:16', 1, 1, 3911),
(744, 'after update', 16, 0, 52, '-', 'AKTIF', 5, 2, '2020-06-22 03:01:02', '2020-06-22 03:01:02', 1, 1, 3912),
(745, 'after update', 17, 0, 80, '-', 'AKTIF', 6, 2, '2020-06-22 05:26:20', '2020-06-22 05:26:20', 1, 1, 3913),
(746, 'after update', 19, 0, 6, '-', 'nonaktif', 7, 1, '2020-07-04 09:08:25', '2020-07-04 09:16:51', 1, 1, 3914),
(747, 'after update', 25, 0, 6, '-', 'AKTIF', 7, 1, '2020-07-04 10:18:46', '2020-07-04 10:25:21', 1, 1, 3915),
(748, 'after update', 18, 0, 10, '-', 'AKTIF', 7, 2, '2020-06-29 12:18:09', '2020-06-29 12:18:09', 1, 1, 3916),
(749, 'after update', 10, 0, 33, 'poiuytrewq', 'nonaktif', 5, 1, '2020-06-22 01:46:33', '2020-07-04 10:18:19', 1, 1, 3917),
(750, 'after update', 24, 0, 33, '-', 'AKTIF', 5, 1, '2020-07-04 10:18:46', '2020-07-04 10:25:16', 1, 1, 3918),
(751, 'after update', 16, 0, 52, '-', 'AKTIF', 5, 2, '2020-06-22 03:01:02', '2020-06-22 03:01:02', 1, 1, 3919),
(752, 'after update', 17, 0, 80, '-', 'AKTIF', 6, 2, '2020-06-22 05:26:20', '2020-06-22 05:26:20', 1, 1, 3920),
(753, 'after update', 19, 0, 6, '-', 'nonaktif', 7, 1, '2020-07-04 09:08:25', '2020-07-04 09:16:51', 1, 1, 3921),
(754, 'after update', 25, 0, 6, '-', 'AKTIF', 7, 1, '2020-07-04 10:18:46', '2020-07-04 10:25:21', 1, 1, 3922),
(755, 'after update', 18, 0, 10, '-', 'AKTIF', 7, 2, '2020-06-29 12:18:09', '2020-06-29 12:18:09', 1, 1, 3923),
(756, 'after update', 10, 0, 33, 'poiuytrewq', 'nonaktif', 5, 1, '2020-06-22 01:46:33', '2020-07-04 10:18:19', 1, 1, 3924),
(757, 'after update', 24, 0, 33, '-', 'AKTIF', 5, 1, '2020-07-04 10:18:46', '2020-07-04 10:25:16', 1, 1, 3925),
(758, 'after update', 16, 0, 52, '-', 'AKTIF', 5, 2, '2020-06-22 03:01:02', '2020-06-22 03:01:02', 1, 1, 3926),
(759, 'after update', 17, 0, 80, '-', 'AKTIF', 6, 2, '2020-06-22 05:26:20', '2020-06-22 05:26:20', 1, 1, 3927),
(760, 'after update', 19, 0, 6, '-', 'nonaktif', 7, 1, '2020-07-04 09:08:25', '2020-07-04 09:16:51', 1, 1, 3928),
(761, 'after update', 25, 0, 6, '-', 'AKTIF', 7, 1, '2020-07-04 10:18:46', '2020-07-04 10:25:21', 1, 1, 3929),
(762, 'after update', 18, 0, 10, '-', 'AKTIF', 7, 2, '2020-06-29 12:18:09', '2020-06-29 12:18:09', 1, 1, 3930),
(763, 'after update', 13, 14000, 300, '-', 'AKTIF', 2, 2, '2020-06-22 03:01:02', '2020-07-06 10:09:27', 1, 1, 3931),
(764, 'after update', 10, 0, 33, 'poiuytrewq', 'nonaktif', 5, 1, '2020-06-22 01:46:33', '2020-07-04 10:18:19', 1, 1, 3932),
(765, 'after update', 24, 0, 33, '-', 'AKTIF', 5, 1, '2020-07-04 10:18:46', '2020-07-04 10:25:16', 1, 1, 3933),
(766, 'after update', 16, 0, 60, '-', 'AKTIF', 5, 2, '2020-06-22 03:01:02', '2020-06-22 03:01:02', 1, 1, 3934),
(767, 'after update', 17, 0, 80, '-', 'AKTIF', 6, 2, '2020-06-22 05:26:20', '2020-06-22 05:26:20', 1, 1, 3935),
(768, 'after update', 19, 0, 6, '-', 'nonaktif', 7, 1, '2020-07-04 09:08:25', '2020-07-04 09:16:51', 1, 1, 3936),
(769, 'after update', 25, 0, 6, '-', 'AKTIF', 7, 1, '2020-07-04 10:18:46', '2020-07-04 10:25:21', 1, 1, 3937),
(770, 'after update', 18, 0, 12, '-', 'AKTIF', 7, 2, '2020-06-29 12:18:09', '2020-06-29 12:18:09', 1, 1, 3938),
(771, 'after update', 10, 0, 33, 'poiuytrewq', 'nonaktif', 5, 1, '2020-06-22 01:46:33', '2020-07-04 10:18:19', 1, 1, 3939),
(772, 'after update', 24, 0, 33, '-', 'AKTIF', 5, 1, '2020-07-04 10:18:46', '2020-07-04 10:25:16', 1, 1, 3940),
(773, 'after update', 16, 0, 60, '-', 'AKTIF', 5, 2, '2020-06-22 03:01:02', '2020-06-22 03:01:02', 1, 1, 3941),
(774, 'after update', 17, 0, 80, '-', 'AKTIF', 6, 2, '2020-06-22 05:26:20', '2020-06-22 05:26:20', 1, 1, 3942),
(775, 'after update', 19, 0, 6, '-', 'nonaktif', 7, 1, '2020-07-04 09:08:25', '2020-07-04 09:16:51', 1, 1, 3943),
(776, 'after update', 25, 0, 6, '-', 'AKTIF', 7, 1, '2020-07-04 10:18:46', '2020-07-04 10:25:21', 1, 1, 3944),
(777, 'after update', 18, 0, 12, '-', 'AKTIF', 7, 2, '2020-06-29 12:18:09', '2020-06-29 12:18:09', 1, 1, 3945),
(778, 'after update', 14, 0, 300, '-', 'AKTIF', 3, 2, '2020-06-22 03:01:02', '2020-07-06 10:09:30', 1, 1, 3946),
(779, 'after update', 10, 0, 33, 'poiuytrewq', 'nonaktif', 5, 1, '2020-06-22 01:46:33', '2020-07-04 10:18:19', 1, 1, 3947),
(780, 'after update', 24, 0, 33, '-', 'AKTIF', 5, 1, '2020-07-04 10:18:46', '2020-07-04 10:25:16', 1, 1, 3948),
(781, 'after update', 16, 0, 60, '-', 'AKTIF', 5, 2, '2020-06-22 03:01:02', '2020-06-22 03:01:02', 1, 1, 3949),
(782, 'after update', 17, 0, 85, '-', 'AKTIF', 6, 2, '2020-06-22 05:26:20', '2020-06-22 05:26:20', 1, 1, 3950),
(783, 'after update', 19, 0, 6, '-', 'nonaktif', 7, 1, '2020-07-04 09:08:25', '2020-07-04 09:16:51', 1, 1, 3951),
(784, 'after update', 25, 0, 6, '-', 'AKTIF', 7, 1, '2020-07-04 10:18:46', '2020-07-04 10:25:21', 1, 1, 3952),
(785, 'after update', 18, 0, 12, '-', 'AKTIF', 7, 2, '2020-06-29 12:18:09', '2020-06-29 12:18:09', 1, 1, 3953),
(786, 'after update', 10, 0, 33, 'poiuytrewq', 'nonaktif', 5, 1, '2020-06-22 01:46:33', '2020-07-04 10:18:19', 1, 1, 3954),
(787, 'after update', 24, 0, 33, '-', 'AKTIF', 5, 1, '2020-07-04 10:18:46', '2020-07-04 10:25:16', 1, 1, 3955),
(788, 'after update', 16, 0, 60, '-', 'AKTIF', 5, 2, '2020-06-22 03:01:02', '2020-06-22 03:01:02', 1, 1, 3956),
(789, 'after update', 17, 0, 85, '-', 'AKTIF', 6, 2, '2020-06-22 05:26:20', '2020-06-22 05:26:20', 1, 1, 3957),
(790, 'after update', 19, 0, 6, '-', 'nonaktif', 7, 1, '2020-07-04 09:08:25', '2020-07-04 09:16:51', 1, 1, 3958),
(791, 'after update', 25, 0, 6, '-', 'AKTIF', 7, 1, '2020-07-04 10:18:46', '2020-07-04 10:25:21', 1, 1, 3959),
(792, 'after update', 18, 0, 12, '-', 'AKTIF', 7, 2, '2020-06-29 12:18:09', '2020-06-29 12:18:09', 1, 1, 3960),
(793, 'after update', 15, 0, 300, '-', 'AKTIF', 4, 2, '2020-06-22 03:01:02', '2020-07-06 10:09:34', 1, 1, 3961),
(794, 'after update', 10, 0, 33, 'poiuytrewq', 'nonaktif', 5, 1, '2020-06-22 01:46:33', '2020-07-04 10:18:19', 1, 1, 3962),
(795, 'after update', 24, 0, 33, '-', 'AKTIF', 5, 1, '2020-07-04 10:18:46', '2020-07-04 10:25:16', 1, 1, 3963),
(796, 'after update', 16, 0, 60, '-', 'AKTIF', 5, 2, '2020-06-22 03:01:02', '2020-06-22 03:01:02', 1, 1, 3964),
(797, 'after update', 17, 0, 75, '-', 'AKTIF', 6, 2, '2020-06-22 05:26:20', '2020-06-22 05:26:20', 1, 1, 3965),
(798, 'after update', 19, 0, 6, '-', 'nonaktif', 7, 1, '2020-07-04 09:08:25', '2020-07-04 09:16:51', 1, 1, 3966),
(799, 'after update', 25, 0, 6, '-', 'AKTIF', 7, 1, '2020-07-04 10:18:46', '2020-07-04 10:25:21', 1, 1, 3967),
(800, 'after update', 18, 0, 12, '-', 'AKTIF', 7, 2, '2020-06-29 12:18:09', '2020-06-29 12:18:09', 1, 1, 3968),
(801, 'after update', 10, 0, 33, 'poiuytrewq', 'nonaktif', 5, 1, '2020-06-22 01:46:33', '2020-07-04 10:18:19', 1, 1, 3969),
(802, 'after update', 24, 0, 33, '-', 'AKTIF', 5, 1, '2020-07-04 10:18:46', '2020-07-04 10:25:16', 1, 1, 3970),
(803, 'after update', 16, 0, 60, '-', 'AKTIF', 5, 2, '2020-06-22 03:01:02', '2020-06-22 03:01:02', 1, 1, 3971),
(804, 'after update', 17, 0, 75, '-', 'AKTIF', 6, 2, '2020-06-22 05:26:20', '2020-06-22 05:26:20', 1, 1, 3972),
(805, 'after update', 19, 0, 6, '-', 'nonaktif', 7, 1, '2020-07-04 09:08:25', '2020-07-04 09:16:51', 1, 1, 3973),
(806, 'after update', 25, 0, 6, '-', 'AKTIF', 7, 1, '2020-07-04 10:18:46', '2020-07-04 10:25:21', 1, 1, 3974),
(807, 'after update', 18, 0, 12, '-', 'AKTIF', 7, 2, '2020-06-29 12:18:09', '2020-06-29 12:18:09', 1, 1, 3975),
(808, 'after update', 10, 0, 33, 'poiuytrewq', 'nonaktif', 5, 1, '2020-06-22 01:46:33', '2020-07-04 10:18:19', 1, 1, 3976),
(809, 'after update', 24, 0, 33, '-', 'AKTIF', 5, 1, '2020-07-04 10:18:46', '2020-07-04 10:25:16', 1, 1, 3977),
(810, 'after update', 16, 0, 60, '-', 'AKTIF', 5, 2, '2020-06-22 03:01:02', '2020-06-22 03:01:02', 1, 1, 3978),
(811, 'after update', 17, 0, 75, '-', 'AKTIF', 6, 2, '2020-06-22 05:26:20', '2020-06-22 05:26:20', 1, 1, 3979),
(812, 'after update', 19, 0, 6, '-', 'nonaktif', 7, 1, '2020-07-04 09:08:25', '2020-07-04 09:16:51', 1, 1, 3980),
(813, 'after update', 25, 0, 6, '-', 'AKTIF', 7, 1, '2020-07-04 10:18:46', '2020-07-04 10:25:21', 1, 1, 3981),
(814, 'after update', 18, 0, 12, '-', 'AKTIF', 7, 2, '2020-06-29 12:18:09', '2020-06-29 12:18:09', 1, 1, 3982),
(815, 'after update', 17, 0, 65, '-', 'AKTIF', 6, 2, '2020-06-22 05:26:20', '2020-06-22 05:26:20', 1, 1, 3984),
(816, 'after update', 12, 15000, -70, '-', 'AKTIF', 1, 2, '2020-06-22 03:01:02', '2020-06-22 05:28:46', 1, 1, 3985),
(817, 'after update', 13, 14000, 280, '-', 'AKTIF', 2, 2, '2020-06-22 03:01:02', '2020-07-06 10:09:27', 1, 1, 3986),
(818, 'after update', 15, 0, 260, '-', 'AKTIF', 4, 2, '2020-06-22 03:01:02', '2020-07-06 10:09:34', 1, 1, 3987),
(819, 'after update', 14, 0, 270, '-', 'AKTIF', 3, 2, '2020-06-22 03:01:02', '2020-07-06 10:09:30', 1, 1, 3988),
(820, 'after update', 18, 0, 22, '-', 'AKTIF', 7, 2, '2020-06-29 12:18:09', '2020-06-29 12:18:09', 1, 1, 3989),
(821, 'after update', 13, 14000, 300, '-', 'AKTIF', 2, 2, '2020-06-22 03:01:02', '2020-07-06 10:09:27', 1, 1, 3990),
(822, 'after update', 14, 0, 300, '-', 'AKTIF', 3, 2, '2020-06-22 03:01:02', '2020-07-06 10:09:30', 1, 1, 3991),
(823, 'after update', 15, 0, 300, '-', 'AKTIF', 4, 2, '2020-06-22 03:01:02', '2020-07-06 10:09:34', 1, 1, 3992),
(824, 'after update', 16, 0, 110, '-', 'AKTIF', 5, 2, '2020-06-22 03:01:02', '2020-06-22 03:01:02', 1, 1, 3993),
(825, 'after update', 10, 0, 33, 'poiuytrewq', 'nonaktif', 5, 1, '2020-06-22 01:46:33', '2020-07-04 10:18:19', 1, 1, 3994),
(826, 'after update', 24, 0, 33, '-', 'AKTIF', 5, 1, '2020-07-04 10:18:46', '2020-07-04 10:25:16', 1, 1, 3995),
(827, 'after update', 16, 0, 60, '-', 'AKTIF', 5, 2, '2020-06-22 03:01:02', '2020-06-22 03:01:02', 1, 1, 3996),
(828, 'after update', 17, 0, 75, '-', 'AKTIF', 6, 2, '2020-06-22 05:26:20', '2020-06-22 05:26:20', 1, 1, 3997),
(829, 'after update', 19, 0, 6, '-', 'nonaktif', 7, 1, '2020-07-04 09:08:25', '2020-07-04 09:16:51', 1, 1, 3998),
(830, 'after update', 25, 0, 6, '-', 'AKTIF', 7, 1, '2020-07-04 10:18:46', '2020-07-04 10:25:21', 1, 1, 3999),
(831, 'after update', 18, 0, 12, '-', 'AKTIF', 7, 2, '2020-06-29 12:18:09', '2020-06-29 12:18:09', 1, 1, 4000),
(832, 'after update', 10, 0, 33, 'poiuytrewq', 'nonaktif', 5, 1, '2020-06-22 01:46:33', '2020-07-04 10:18:19', 1, 1, 4001),
(833, 'after update', 24, 0, 33, '-', 'AKTIF', 5, 1, '2020-07-04 10:18:46', '2020-07-04 10:25:16', 1, 1, 4002),
(834, 'after update', 16, 0, 60, '-', 'AKTIF', 5, 2, '2020-06-22 03:01:02', '2020-06-22 03:01:02', 1, 1, 4003),
(835, 'after update', 17, 0, 75, '-', 'AKTIF', 6, 2, '2020-06-22 05:26:20', '2020-06-22 05:26:20', 1, 1, 4004),
(836, 'after update', 19, 0, 6, '-', 'nonaktif', 7, 1, '2020-07-04 09:08:25', '2020-07-04 09:16:51', 1, 1, 4005),
(837, 'after update', 25, 0, 6, '-', 'AKTIF', 7, 1, '2020-07-04 10:18:46', '2020-07-04 10:25:21', 1, 1, 4006),
(838, 'after update', 18, 0, 12, '-', 'AKTIF', 7, 2, '2020-06-29 12:18:09', '2020-06-29 12:18:09', 1, 1, 4007),
(839, 'after update', 17, 0, 65, '-', 'AKTIF', 6, 2, '2020-06-22 05:26:20', '2020-06-22 05:26:20', 1, 1, 4009),
(840, 'after update', 12, 15000, -90, '-', 'AKTIF', 1, 2, '2020-06-22 03:01:02', '2020-06-22 05:28:46', 1, 1, 4010),
(841, 'after update', 13, 14000, 280, '-', 'AKTIF', 2, 2, '2020-06-22 03:01:02', '2020-07-06 10:09:27', 1, 1, 4011),
(842, 'after update', 15, 0, 260, '-', 'AKTIF', 4, 2, '2020-06-22 03:01:02', '2020-07-06 10:09:34', 1, 1, 4012),
(843, 'after update', 14, 0, 270, '-', 'AKTIF', 3, 2, '2020-06-22 03:01:02', '2020-07-06 10:09:30', 1, 1, 4013),
(844, 'after update', 16, 0, 70, '-', 'AKTIF', 5, 2, '2020-06-22 03:01:02', '2020-06-22 03:01:02', 1, 1, 4014),
(845, 'after update', 13, 14000, 330, '-', 'AKTIF', 2, 2, '2020-06-22 03:01:02', '2020-07-06 10:09:27', 1, 1, 4015),
(846, 'after update', 15, 0, 290, '-', 'AKTIF', 4, 2, '2020-06-22 03:01:02', '2020-07-06 10:09:34', 1, 1, 4016),
(847, 'after update', 10, 0, 33, 'poiuytrewq', 'nonaktif', 5, 1, '2020-06-22 01:46:33', '2020-07-04 10:18:19', 1, 1, 4017),
(848, 'after update', 24, 0, 33, '-', 'AKTIF', 5, 1, '2020-07-04 10:18:46', '2020-07-04 10:25:16', 1, 1, 4018),
(849, 'after update', 16, 0, 66, '-', 'AKTIF', 5, 2, '2020-06-22 03:01:02', '2020-06-22 03:01:02', 1, 1, 4019),
(850, 'after update', 17, 0, 72, '-', 'AKTIF', 6, 2, '2020-06-22 05:26:20', '2020-06-22 05:26:20', 1, 1, 4020),
(851, 'after update', 19, 0, 6, '-', 'nonaktif', 7, 1, '2020-07-04 09:08:25', '2020-07-04 09:16:51', 1, 1, 4021),
(852, 'after update', 25, 0, 6, '-', 'AKTIF', 7, 1, '2020-07-04 10:18:46', '2020-07-04 10:25:21', 1, 1, 4022),
(853, 'after update', 18, 0, 13, '-', 'AKTIF', 7, 2, '2020-06-29 12:18:09', '2020-06-29 12:18:09', 1, 1, 4023),
(854, 'after update', 10, 0, 33, 'poiuytrewq', 'nonaktif', 5, 1, '2020-06-22 01:46:33', '2020-07-04 10:18:19', 1, 1, 4024),
(855, 'after update', 24, 0, 33, '-', 'AKTIF', 5, 1, '2020-07-04 10:18:46', '2020-07-04 10:25:16', 1, 1, 4025),
(856, 'after update', 16, 0, 66, '-', 'AKTIF', 5, 2, '2020-06-22 03:01:02', '2020-06-22 03:01:02', 1, 1, 4026),
(857, 'after update', 17, 0, 72, '-', 'AKTIF', 6, 2, '2020-06-22 05:26:20', '2020-06-22 05:26:20', 1, 1, 4027),
(858, 'after update', 19, 0, 6, '-', 'nonaktif', 7, 1, '2020-07-04 09:08:25', '2020-07-04 09:16:51', 1, 1, 4028),
(859, 'after update', 25, 0, 6, '-', 'AKTIF', 7, 1, '2020-07-04 10:18:46', '2020-07-04 10:25:21', 1, 1, 4029),
(860, 'after update', 18, 0, 13, '-', 'AKTIF', 7, 2, '2020-06-29 12:18:09', '2020-06-29 12:18:09', 1, 1, 4030),
(861, 'after update', 10, 0, 33, 'poiuytrewq', 'nonaktif', 5, 1, '2020-06-22 01:46:33', '2020-07-04 10:18:19', 1, 1, 4031),
(862, 'after update', 24, 0, 33, '-', 'AKTIF', 5, 1, '2020-07-04 10:18:46', '2020-07-04 10:25:16', 1, 1, 4032),
(863, 'after update', 16, 0, 66, '-', 'AKTIF', 5, 2, '2020-06-22 03:01:02', '2020-06-22 03:01:02', 1, 1, 4033),
(864, 'after update', 17, 0, 72, '-', 'AKTIF', 6, 2, '2020-06-22 05:26:20', '2020-06-22 05:26:20', 1, 1, 4034),
(865, 'after update', 19, 0, 6, '-', 'nonaktif', 7, 1, '2020-07-04 09:08:25', '2020-07-04 09:16:51', 1, 1, 4035),
(866, 'after update', 25, 0, 6, '-', 'AKTIF', 7, 1, '2020-07-04 10:18:46', '2020-07-04 10:25:21', 1, 1, 4036),
(867, 'after update', 18, 0, 13, '-', 'AKTIF', 7, 2, '2020-06-29 12:18:09', '2020-06-29 12:18:09', 1, 1, 4037),
(868, 'after update', 10, 0, 33, 'poiuytrewq', 'nonaktif', 5, 1, '2020-06-22 01:46:33', '2020-07-04 10:18:19', 1, 1, 4038),
(869, 'after update', 24, 0, 33, '-', 'AKTIF', 5, 1, '2020-07-04 10:18:46', '2020-07-04 10:25:16', 1, 1, 4039),
(870, 'after update', 16, 0, 66, '-', 'AKTIF', 5, 2, '2020-06-22 03:01:02', '2020-06-22 03:01:02', 1, 1, 4040),
(871, 'after update', 17, 0, 72, '-', 'AKTIF', 6, 2, '2020-06-22 05:26:20', '2020-06-22 05:26:20', 1, 1, 4041),
(872, 'after update', 19, 0, 6, '-', 'nonaktif', 7, 1, '2020-07-04 09:08:25', '2020-07-04 09:16:51', 1, 1, 4042),
(873, 'after update', 25, 0, 6, '-', 'AKTIF', 7, 1, '2020-07-04 10:18:46', '2020-07-04 10:25:21', 1, 1, 4043),
(874, 'after update', 18, 0, 13, '-', 'AKTIF', 7, 2, '2020-06-29 12:18:09', '2020-06-29 12:18:09', 1, 1, 4044),
(875, 'after update', 10, 0, 33, 'poiuytrewq', 'nonaktif', 5, 1, '2020-06-22 01:46:33', '2020-07-04 10:18:19', 1, 1, 4045),
(876, 'after update', 24, 0, 33, '-', 'AKTIF', 5, 1, '2020-07-04 10:18:46', '2020-07-04 10:25:16', 1, 1, 4046),
(877, 'after update', 16, 0, 66, '-', 'AKTIF', 5, 2, '2020-06-22 03:01:02', '2020-06-22 03:01:02', 1, 1, 4047),
(878, 'after update', 17, 0, 72, '-', 'AKTIF', 6, 2, '2020-06-22 05:26:20', '2020-06-22 05:26:20', 1, 1, 4048);
INSERT INTO `tbl_brg_cabang_log` (`id_pk_brg_cabang_log`, `executed_function`, `id_pk_brg_cabang`, `brg_cabang_qty`, `brg_cabang_last_price`, `brg_cabang_notes`, `brg_cabang_status`, `id_fk_brg`, `id_fk_cabang`, `brg_cabang_create_date`, `brg_cabang_last_modified`, `id_create_data`, `id_last_modified`, `id_log_all`) VALUES
(879, 'after update', 19, 0, 6, '-', 'nonaktif', 7, 1, '2020-07-04 09:08:25', '2020-07-04 09:16:51', 1, 1, 4049),
(880, 'after update', 25, 0, 6, '-', 'AKTIF', 7, 1, '2020-07-04 10:18:46', '2020-07-04 10:25:21', 1, 1, 4050),
(881, 'after update', 18, 0, 13, '-', 'AKTIF', 7, 2, '2020-06-29 12:18:09', '2020-06-29 12:18:09', 1, 1, 4051),
(882, 'after update', 13, 14000, 330, '-', 'nonaktif', 2, 2, '2020-06-22 03:01:02', '2020-07-06 11:39:15', 1, 1, 4052),
(883, 'after update', 10, 0, 33, 'poiuytrewq', 'nonaktif', 5, 1, '2020-06-22 01:46:33', '2020-07-04 10:18:19', 1, 1, 4053),
(884, 'after update', 24, 0, 33, '-', 'AKTIF', 5, 1, '2020-07-04 10:18:46', '2020-07-04 10:25:16', 1, 1, 4054),
(885, 'after update', 16, 0, 96, '-', 'AKTIF', 5, 2, '2020-06-22 03:01:02', '2020-06-22 03:01:02', 1, 1, 4055),
(886, 'after update', 17, 0, 72, '-', 'AKTIF', 6, 2, '2020-06-22 05:26:20', '2020-06-22 05:26:20', 1, 1, 4056),
(887, 'after update', 19, 0, 6, '-', 'nonaktif', 7, 1, '2020-07-04 09:08:25', '2020-07-04 09:16:51', 1, 1, 4057),
(888, 'after update', 25, 0, 6, '-', 'AKTIF', 7, 1, '2020-07-04 10:18:46', '2020-07-04 10:25:21', 1, 1, 4058),
(889, 'after update', 18, 0, 19, '-', 'AKTIF', 7, 2, '2020-06-29 12:18:09', '2020-06-29 12:18:09', 1, 1, 4059),
(890, 'after update', 10, 0, 33, 'poiuytrewq', 'nonaktif', 5, 1, '2020-06-22 01:46:33', '2020-07-04 10:18:19', 1, 1, 4060),
(891, 'after update', 24, 0, 33, '-', 'AKTIF', 5, 1, '2020-07-04 10:18:46', '2020-07-04 10:25:16', 1, 1, 4061),
(892, 'after update', 16, 0, 96, '-', 'AKTIF', 5, 2, '2020-06-22 03:01:02', '2020-06-22 03:01:02', 1, 1, 4062),
(893, 'after update', 17, 0, 72, '-', 'AKTIF', 6, 2, '2020-06-22 05:26:20', '2020-06-22 05:26:20', 1, 1, 4063),
(894, 'after update', 19, 0, 6, '-', 'nonaktif', 7, 1, '2020-07-04 09:08:25', '2020-07-04 09:16:51', 1, 1, 4064),
(895, 'after update', 25, 0, 6, '-', 'AKTIF', 7, 1, '2020-07-04 10:18:46', '2020-07-04 10:25:21', 1, 1, 4065),
(896, 'after update', 18, 0, 19, '-', 'AKTIF', 7, 2, '2020-06-29 12:18:09', '2020-06-29 12:18:09', 1, 1, 4066),
(897, 'after insert', 27, 0, 480, 'Auto insert from item existance check', 'aktif', 2, 2, '2020-07-06 11:49:17', '2020-07-06 11:49:17', 1, 1, 4067),
(898, 'after update', 10, 0, 33, 'poiuytrewq', 'nonaktif', 5, 1, '2020-06-22 01:46:33', '2020-07-04 10:18:19', 1, 1, 4068),
(899, 'after update', 24, 0, 33, '-', 'AKTIF', 5, 1, '2020-07-04 10:18:46', '2020-07-04 10:25:16', 1, 1, 4069),
(900, 'after update', 16, 0, 96, '-', 'AKTIF', 5, 2, '2020-06-22 03:01:02', '2020-06-22 03:01:02', 1, 1, 4070),
(901, 'after update', 17, 0, 72, '-', 'AKTIF', 6, 2, '2020-06-22 05:26:20', '2020-06-22 05:26:20', 1, 1, 4071),
(902, 'after update', 19, 0, 6, '-', 'nonaktif', 7, 1, '2020-07-04 09:08:25', '2020-07-04 09:16:51', 1, 1, 4072),
(903, 'after update', 25, 0, 6, '-', 'AKTIF', 7, 1, '2020-07-04 10:18:46', '2020-07-04 10:25:21', 1, 1, 4073),
(904, 'after update', 18, 0, 19, '-', 'AKTIF', 7, 2, '2020-06-29 12:18:09', '2020-06-29 12:18:09', 1, 1, 4074),
(905, 'after update', 10, 0, 33, 'poiuytrewq', 'nonaktif', 5, 1, '2020-06-22 01:46:33', '2020-07-04 10:18:19', 1, 1, 4075),
(906, 'after update', 24, 0, 33, '-', 'AKTIF', 5, 1, '2020-07-04 10:18:46', '2020-07-04 10:25:16', 1, 1, 4076),
(907, 'after update', 16, 0, 96, '-', 'AKTIF', 5, 2, '2020-06-22 03:01:02', '2020-06-22 03:01:02', 1, 1, 4077),
(908, 'after update', 17, 0, 72, '-', 'AKTIF', 6, 2, '2020-06-22 05:26:20', '2020-06-22 05:26:20', 1, 1, 4078),
(909, 'after update', 19, 0, 6, '-', 'nonaktif', 7, 1, '2020-07-04 09:08:25', '2020-07-04 09:16:51', 1, 1, 4079),
(910, 'after update', 25, 0, 6, '-', 'AKTIF', 7, 1, '2020-07-04 10:18:46', '2020-07-04 10:25:21', 1, 1, 4080),
(911, 'after update', 18, 0, 19, '-', 'AKTIF', 7, 2, '2020-06-29 12:18:09', '2020-06-29 12:18:09', 1, 1, 4081),
(912, 'after update', 10, 0, 33, 'poiuytrewq', 'nonaktif', 5, 1, '2020-06-22 01:46:33', '2020-07-04 10:18:19', 1, 1, 4082),
(913, 'after update', 24, 0, 33, '-', 'AKTIF', 5, 1, '2020-07-04 10:18:46', '2020-07-04 10:25:16', 1, 1, 4083),
(914, 'after update', 16, 0, 96, '-', 'AKTIF', 5, 2, '2020-06-22 03:01:02', '2020-06-22 03:01:02', 1, 1, 4084),
(915, 'after update', 17, 0, 72, '-', 'AKTIF', 6, 2, '2020-06-22 05:26:20', '2020-06-22 05:26:20', 1, 1, 4085),
(916, 'after update', 19, 0, 6, '-', 'nonaktif', 7, 1, '2020-07-04 09:08:25', '2020-07-04 09:16:51', 1, 1, 4086),
(917, 'after update', 25, 0, 6, '-', 'AKTIF', 7, 1, '2020-07-04 10:18:46', '2020-07-04 10:25:21', 1, 1, 4087),
(918, 'after update', 18, 0, 19, '-', 'AKTIF', 7, 2, '2020-06-29 12:18:09', '2020-06-29 12:18:09', 1, 1, 4088),
(919, 'after update', 10, 0, 33, 'poiuytrewq', 'nonaktif', 5, 1, '2020-06-22 01:46:33', '2020-07-04 10:18:19', 1, 1, 4089),
(920, 'after update', 24, 0, 33, '-', 'AKTIF', 5, 1, '2020-07-04 10:18:46', '2020-07-04 10:25:16', 1, 1, 4090),
(921, 'after update', 16, 0, 96, '-', 'AKTIF', 5, 2, '2020-06-22 03:01:02', '2020-06-22 03:01:02', 1, 1, 4091),
(922, 'after update', 17, 0, 72, '-', 'AKTIF', 6, 2, '2020-06-22 05:26:20', '2020-06-22 05:26:20', 1, 1, 4092),
(923, 'after update', 19, 0, 6, '-', 'nonaktif', 7, 1, '2020-07-04 09:08:25', '2020-07-04 09:16:51', 1, 1, 4093),
(924, 'after update', 25, 0, 6, '-', 'AKTIF', 7, 1, '2020-07-04 10:18:46', '2020-07-04 10:25:21', 1, 1, 4094),
(925, 'after update', 18, 0, 19, '-', 'AKTIF', 7, 2, '2020-06-29 12:18:09', '2020-06-29 12:18:09', 1, 1, 4095),
(926, 'after update', 27, 0, 480, 'Auto insert from item existance check', 'nonaktif', 2, 2, '2020-07-06 11:49:17', '2020-07-06 11:49:33', 1, 1, 4096),
(927, 'after update', 10, 0, 33, 'poiuytrewq', 'nonaktif', 5, 1, '2020-06-22 01:46:33', '2020-07-04 10:18:19', 1, 1, 4097),
(928, 'after update', 24, 0, 33, '-', 'AKTIF', 5, 1, '2020-07-04 10:18:46', '2020-07-04 10:25:16', 1, 1, 4098),
(929, 'after update', 16, 0, 96, '-', 'AKTIF', 5, 2, '2020-06-22 03:01:02', '2020-06-22 03:01:02', 1, 1, 4099),
(930, 'after update', 17, 0, 72, '-', 'AKTIF', 6, 2, '2020-06-22 05:26:20', '2020-06-22 05:26:20', 1, 1, 4100),
(931, 'after update', 19, 0, 6, '-', 'nonaktif', 7, 1, '2020-07-04 09:08:25', '2020-07-04 09:16:51', 1, 1, 4101),
(932, 'after update', 25, 0, 6, '-', 'AKTIF', 7, 1, '2020-07-04 10:18:46', '2020-07-04 10:25:21', 1, 1, 4102),
(933, 'after update', 18, 0, 19, '-', 'AKTIF', 7, 2, '2020-06-29 12:18:09', '2020-06-29 12:18:09', 1, 1, 4103),
(934, 'after insert', 28, 0, 480, 'Auto insert from item existance check', 'aktif', 2, 2, '2020-07-06 11:49:33', '2020-07-06 11:49:33', 1, 1, 4104),
(935, 'after update', 10, 0, 33, 'poiuytrewq', 'nonaktif', 5, 1, '2020-06-22 01:46:33', '2020-07-04 10:18:19', 1, 1, 4105),
(936, 'after update', 24, 0, 33, '-', 'AKTIF', 5, 1, '2020-07-04 10:18:46', '2020-07-04 10:25:16', 1, 1, 4106),
(937, 'after update', 16, 0, 96, '-', 'AKTIF', 5, 2, '2020-06-22 03:01:02', '2020-06-22 03:01:02', 1, 1, 4107),
(938, 'after update', 17, 0, 72, '-', 'AKTIF', 6, 2, '2020-06-22 05:26:20', '2020-06-22 05:26:20', 1, 1, 4108),
(939, 'after update', 19, 0, 6, '-', 'nonaktif', 7, 1, '2020-07-04 09:08:25', '2020-07-04 09:16:51', 1, 1, 4109),
(940, 'after update', 25, 0, 6, '-', 'AKTIF', 7, 1, '2020-07-04 10:18:46', '2020-07-04 10:25:21', 1, 1, 4110),
(941, 'after update', 18, 0, 19, '-', 'AKTIF', 7, 2, '2020-06-29 12:18:09', '2020-06-29 12:18:09', 1, 1, 4111),
(942, 'after update', 10, 0, 33, 'poiuytrewq', 'nonaktif', 5, 1, '2020-06-22 01:46:33', '2020-07-04 10:18:19', 1, 1, 4112),
(943, 'after update', 24, 0, 33, '-', 'AKTIF', 5, 1, '2020-07-04 10:18:46', '2020-07-04 10:25:16', 1, 1, 4113),
(944, 'after update', 16, 0, 96, '-', 'AKTIF', 5, 2, '2020-06-22 03:01:02', '2020-06-22 03:01:02', 1, 1, 4114),
(945, 'after update', 17, 0, 72, '-', 'AKTIF', 6, 2, '2020-06-22 05:26:20', '2020-06-22 05:26:20', 1, 1, 4115),
(946, 'after update', 19, 0, 6, '-', 'nonaktif', 7, 1, '2020-07-04 09:08:25', '2020-07-04 09:16:51', 1, 1, 4116),
(947, 'after update', 25, 0, 6, '-', 'AKTIF', 7, 1, '2020-07-04 10:18:46', '2020-07-04 10:25:21', 1, 1, 4117),
(948, 'after update', 18, 0, 19, '-', 'AKTIF', 7, 2, '2020-06-29 12:18:09', '2020-06-29 12:18:09', 1, 1, 4118),
(949, 'after update', 10, 0, 33, 'poiuytrewq', 'nonaktif', 5, 1, '2020-06-22 01:46:33', '2020-07-04 10:18:19', 1, 1, 4119),
(950, 'after update', 24, 0, 33, '-', 'AKTIF', 5, 1, '2020-07-04 10:18:46', '2020-07-04 10:25:16', 1, 1, 4120),
(951, 'after update', 16, 0, 96, '-', 'AKTIF', 5, 2, '2020-06-22 03:01:02', '2020-06-22 03:01:02', 1, 1, 4121),
(952, 'after update', 17, 0, 72, '-', 'AKTIF', 6, 2, '2020-06-22 05:26:20', '2020-06-22 05:26:20', 1, 1, 4122),
(953, 'after update', 19, 0, 6, '-', 'nonaktif', 7, 1, '2020-07-04 09:08:25', '2020-07-04 09:16:51', 1, 1, 4123),
(954, 'after update', 25, 0, 6, '-', 'AKTIF', 7, 1, '2020-07-04 10:18:46', '2020-07-04 10:25:21', 1, 1, 4124),
(955, 'after update', 18, 0, 19, '-', 'AKTIF', 7, 2, '2020-06-29 12:18:09', '2020-06-29 12:18:09', 1, 1, 4125),
(956, 'after update', 28, 0, 480, 'Auto insert from item existance check', 'nonaktif', 2, 2, '2020-07-06 11:49:33', '2020-07-06 11:52:03', 1, 1, 4126),
(957, 'after update', 10, 0, 33, 'poiuytrewq', 'nonaktif', 5, 1, '2020-06-22 01:46:33', '2020-07-04 10:18:19', 1, 1, 4127),
(958, 'after update', 24, 0, 33, '-', 'AKTIF', 5, 1, '2020-07-04 10:18:46', '2020-07-04 10:25:16', 1, 1, 4128),
(959, 'after update', 16, 0, 96, '-', 'AKTIF', 5, 2, '2020-06-22 03:01:02', '2020-06-22 03:01:02', 1, 1, 4129),
(960, 'after update', 17, 0, 72, '-', 'AKTIF', 6, 2, '2020-06-22 05:26:20', '2020-06-22 05:26:20', 1, 1, 4130),
(961, 'after update', 19, 0, 6, '-', 'nonaktif', 7, 1, '2020-07-04 09:08:25', '2020-07-04 09:16:51', 1, 1, 4131),
(962, 'after update', 25, 0, 6, '-', 'AKTIF', 7, 1, '2020-07-04 10:18:46', '2020-07-04 10:25:21', 1, 1, 4132),
(963, 'after update', 18, 0, 19, '-', 'AKTIF', 7, 2, '2020-06-29 12:18:09', '2020-06-29 12:18:09', 1, 1, 4133),
(964, 'after insert', 29, 0, 480, 'Auto insert from item existance check', 'aktif', 2, 2, '2020-07-06 11:52:03', '2020-07-06 11:52:03', 1, 1, 4134),
(965, 'after update', 10, 0, 33, 'poiuytrewq', 'nonaktif', 5, 1, '2020-06-22 01:46:33', '2020-07-04 10:18:19', 1, 1, 4135),
(966, 'after update', 24, 0, 33, '-', 'AKTIF', 5, 1, '2020-07-04 10:18:46', '2020-07-04 10:25:16', 1, 1, 4136),
(967, 'after update', 16, 0, 96, '-', 'AKTIF', 5, 2, '2020-06-22 03:01:02', '2020-06-22 03:01:02', 1, 1, 4137),
(968, 'after update', 17, 0, 72, '-', 'AKTIF', 6, 2, '2020-06-22 05:26:20', '2020-06-22 05:26:20', 1, 1, 4138),
(969, 'after update', 19, 0, 6, '-', 'nonaktif', 7, 1, '2020-07-04 09:08:25', '2020-07-04 09:16:51', 1, 1, 4139),
(970, 'after update', 25, 0, 6, '-', 'AKTIF', 7, 1, '2020-07-04 10:18:46', '2020-07-04 10:25:21', 1, 1, 4140),
(971, 'after update', 18, 0, 19, '-', 'AKTIF', 7, 2, '2020-06-29 12:18:09', '2020-06-29 12:18:09', 1, 1, 4141),
(972, 'after update', 10, 0, 33, 'poiuytrewq', 'nonaktif', 5, 1, '2020-06-22 01:46:33', '2020-07-04 10:18:19', 1, 1, 4142),
(973, 'after update', 24, 0, 33, '-', 'AKTIF', 5, 1, '2020-07-04 10:18:46', '2020-07-04 10:25:16', 1, 1, 4143),
(974, 'after update', 16, 0, 96, '-', 'AKTIF', 5, 2, '2020-06-22 03:01:02', '2020-06-22 03:01:02', 1, 1, 4144),
(975, 'after update', 17, 0, 72, '-', 'AKTIF', 6, 2, '2020-06-22 05:26:20', '2020-06-22 05:26:20', 1, 1, 4145),
(976, 'after update', 19, 0, 6, '-', 'nonaktif', 7, 1, '2020-07-04 09:08:25', '2020-07-04 09:16:51', 1, 1, 4146),
(977, 'after update', 25, 0, 6, '-', 'AKTIF', 7, 1, '2020-07-04 10:18:46', '2020-07-04 10:25:21', 1, 1, 4147),
(978, 'after update', 18, 0, 19, '-', 'AKTIF', 7, 2, '2020-06-29 12:18:09', '2020-06-29 12:18:09', 1, 1, 4148),
(979, 'after update', 10, 0, 33, 'poiuytrewq', 'nonaktif', 5, 1, '2020-06-22 01:46:33', '2020-07-04 10:18:19', 1, 1, 4149),
(980, 'after update', 24, 0, 33, '-', 'AKTIF', 5, 1, '2020-07-04 10:18:46', '2020-07-04 10:25:16', 1, 1, 4150),
(981, 'after update', 16, 0, 96, '-', 'AKTIF', 5, 2, '2020-06-22 03:01:02', '2020-06-22 03:01:02', 1, 1, 4151),
(982, 'after update', 17, 0, 72, '-', 'AKTIF', 6, 2, '2020-06-22 05:26:20', '2020-06-22 05:26:20', 1, 1, 4152),
(983, 'after update', 19, 0, 6, '-', 'nonaktif', 7, 1, '2020-07-04 09:08:25', '2020-07-04 09:16:51', 1, 1, 4153),
(984, 'after update', 25, 0, 6, '-', 'AKTIF', 7, 1, '2020-07-04 10:18:46', '2020-07-04 10:25:21', 1, 1, 4154),
(985, 'after update', 18, 0, 19, '-', 'AKTIF', 7, 2, '2020-06-29 12:18:09', '2020-06-29 12:18:09', 1, 1, 4155),
(986, 'after update', 29, 0, 480, 'Auto insert from item existance check', 'nonaktif', 2, 2, '2020-07-06 11:52:03', '2020-07-06 11:52:29', 1, 1, 4156),
(987, 'after update', 10, 0, 33, 'poiuytrewq', 'nonaktif', 5, 1, '2020-06-22 01:46:33', '2020-07-04 10:18:19', 1, 1, 4157),
(988, 'after update', 24, 0, 33, '-', 'AKTIF', 5, 1, '2020-07-04 10:18:46', '2020-07-04 10:25:16', 1, 1, 4158),
(989, 'after update', 16, 0, 96, '-', 'AKTIF', 5, 2, '2020-06-22 03:01:02', '2020-06-22 03:01:02', 1, 1, 4159),
(990, 'after update', 17, 0, 72, '-', 'AKTIF', 6, 2, '2020-06-22 05:26:20', '2020-06-22 05:26:20', 1, 1, 4160),
(991, 'after update', 19, 0, 6, '-', 'nonaktif', 7, 1, '2020-07-04 09:08:25', '2020-07-04 09:16:51', 1, 1, 4161),
(992, 'after update', 25, 0, 6, '-', 'AKTIF', 7, 1, '2020-07-04 10:18:46', '2020-07-04 10:25:21', 1, 1, 4162),
(993, 'after update', 18, 0, 19, '-', 'AKTIF', 7, 2, '2020-06-29 12:18:09', '2020-06-29 12:18:09', 1, 1, 4163),
(994, 'after insert', 30, 0, 480, 'Auto insert from item existance check', 'aktif', 2, 2, '2020-07-06 11:52:29', '2020-07-06 11:52:29', 1, 1, 4164),
(995, 'after update', 13, 14000, 810, '-', 'nonaktif', 2, 2, '2020-06-22 03:01:02', '2020-07-06 11:39:15', 1, 1, 4165),
(996, 'after update', 27, 0, 960, 'Auto insert from item existance check', 'nonaktif', 2, 2, '2020-07-06 11:49:17', '2020-07-06 11:49:33', 1, 1, 4166),
(997, 'after update', 28, 0, 960, 'Auto insert from item existance check', 'nonaktif', 2, 2, '2020-07-06 11:49:33', '2020-07-06 11:52:03', 1, 1, 4167),
(998, 'after update', 29, 0, 960, 'Auto insert from item existance check', 'nonaktif', 2, 2, '2020-07-06 11:52:03', '2020-07-06 11:52:29', 1, 1, 4168),
(999, 'after update', 30, 0, 960, 'Auto insert from item existance check', 'aktif', 2, 2, '2020-07-06 11:52:29', '2020-07-06 11:52:29', 1, 1, 4169),
(1000, 'after update', 13, 14000, 1290, '-', 'nonaktif', 2, 2, '2020-06-22 03:01:02', '2020-07-06 11:39:15', 1, 1, 4170),
(1001, 'after update', 27, 0, 1440, 'Auto insert from item existance check', 'nonaktif', 2, 2, '2020-07-06 11:49:17', '2020-07-06 11:49:33', 1, 1, 4171),
(1002, 'after update', 28, 0, 1440, 'Auto insert from item existance check', 'nonaktif', 2, 2, '2020-07-06 11:49:33', '2020-07-06 11:52:03', 1, 1, 4172),
(1003, 'after update', 29, 0, 1440, 'Auto insert from item existance check', 'nonaktif', 2, 2, '2020-07-06 11:52:03', '2020-07-06 11:52:29', 1, 1, 4173),
(1004, 'after update', 30, 0, 1440, 'Auto insert from item existance check', 'aktif', 2, 2, '2020-07-06 11:52:29', '2020-07-06 11:52:29', 1, 1, 4174),
(1005, 'after update', 13, 14000, 1770, '-', 'nonaktif', 2, 2, '2020-06-22 03:01:02', '2020-07-06 11:39:15', 1, 1, 4175),
(1006, 'after update', 27, 0, 1920, 'Auto insert from item existance check', 'nonaktif', 2, 2, '2020-07-06 11:49:17', '2020-07-06 11:49:33', 1, 1, 4176),
(1007, 'after update', 28, 0, 1920, 'Auto insert from item existance check', 'nonaktif', 2, 2, '2020-07-06 11:49:33', '2020-07-06 11:52:03', 1, 1, 4177),
(1008, 'after update', 29, 0, 1920, 'Auto insert from item existance check', 'nonaktif', 2, 2, '2020-07-06 11:52:03', '2020-07-06 11:52:29', 1, 1, 4178),
(1009, 'after update', 30, 0, 1920, 'Auto insert from item existance check', 'aktif', 2, 2, '2020-07-06 11:52:29', '2020-07-06 11:52:29', 1, 1, 4179),
(1010, 'after update', 10, 0, 33, 'poiuytrewq', 'nonaktif', 5, 1, '2020-06-22 01:46:33', '2020-07-04 10:18:19', 1, 1, 4180),
(1011, 'after update', 24, 0, 33, '-', 'AKTIF', 5, 1, '2020-07-04 10:18:46', '2020-07-04 10:25:16', 1, 1, 4181),
(1012, 'after update', 16, 0, 96, '-', 'AKTIF', 5, 2, '2020-06-22 03:01:02', '2020-06-22 03:01:02', 1, 1, 4182),
(1013, 'after update', 17, 0, 72, '-', 'AKTIF', 6, 2, '2020-06-22 05:26:20', '2020-06-22 05:26:20', 1, 1, 4183),
(1014, 'after update', 19, 0, 6, '-', 'nonaktif', 7, 1, '2020-07-04 09:08:25', '2020-07-04 09:16:51', 1, 1, 4184),
(1015, 'after update', 25, 0, 6, '-', 'AKTIF', 7, 1, '2020-07-04 10:18:46', '2020-07-04 10:25:21', 1, 1, 4185),
(1016, 'after update', 18, 0, 19, '-', 'AKTIF', 7, 2, '2020-06-29 12:18:09', '2020-06-29 12:18:09', 1, 1, 4186),
(1017, 'after update', 10, 0, 33, 'poiuytrewq', 'nonaktif', 5, 1, '2020-06-22 01:46:33', '2020-07-04 10:18:19', 1, 1, 4187),
(1018, 'after update', 24, 0, 33, '-', 'AKTIF', 5, 1, '2020-07-04 10:18:46', '2020-07-04 10:25:16', 1, 1, 4188),
(1019, 'after update', 16, 0, 96, '-', 'AKTIF', 5, 2, '2020-06-22 03:01:02', '2020-06-22 03:01:02', 1, 1, 4189),
(1020, 'after update', 17, 0, 72, '-', 'AKTIF', 6, 2, '2020-06-22 05:26:20', '2020-06-22 05:26:20', 1, 1, 4190),
(1021, 'after update', 19, 0, 6, '-', 'nonaktif', 7, 1, '2020-07-04 09:08:25', '2020-07-04 09:16:51', 1, 1, 4191),
(1022, 'after update', 25, 0, 6, '-', 'AKTIF', 7, 1, '2020-07-04 10:18:46', '2020-07-04 10:25:21', 1, 1, 4192),
(1023, 'after update', 18, 0, 19, '-', 'AKTIF', 7, 2, '2020-06-29 12:18:09', '2020-06-29 12:18:09', 1, 1, 4193),
(1024, 'after update', 10, 0, 33, 'poiuytrewq', 'nonaktif', 5, 1, '2020-06-22 01:46:33', '2020-07-04 10:18:19', 1, 1, 4200),
(1025, 'after update', 24, 0, 33, '-', 'AKTIF', 5, 1, '2020-07-04 10:18:46', '2020-07-04 10:25:16', 1, 1, 4201),
(1026, 'after update', 16, 0, 96, '-', 'AKTIF', 5, 2, '2020-06-22 03:01:02', '2020-06-22 03:01:02', 1, 1, 4202),
(1027, 'after update', 17, 0, 72, '-', 'AKTIF', 6, 2, '2020-06-22 05:26:20', '2020-06-22 05:26:20', 1, 1, 4203),
(1028, 'after update', 19, 0, 6, '-', 'nonaktif', 7, 1, '2020-07-04 09:08:25', '2020-07-04 09:16:51', 1, 1, 4204),
(1029, 'after update', 25, 0, 6, '-', 'AKTIF', 7, 1, '2020-07-04 10:18:46', '2020-07-04 10:25:21', 1, 1, 4205),
(1030, 'after update', 18, 0, 19, '-', 'AKTIF', 7, 2, '2020-06-29 12:18:09', '2020-06-29 12:18:09', 1, 1, 4206),
(1031, 'after update', 10, 0, 33, 'poiuytrewq', 'nonaktif', 5, 1, '2020-06-22 01:46:33', '2020-07-04 10:18:19', 1, 1, 4207),
(1032, 'after update', 24, 0, 33, '-', 'AKTIF', 5, 1, '2020-07-04 10:18:46', '2020-07-04 10:25:16', 1, 1, 4208),
(1033, 'after update', 16, 0, 96, '-', 'AKTIF', 5, 2, '2020-06-22 03:01:02', '2020-06-22 03:01:02', 1, 1, 4209),
(1034, 'after update', 17, 0, 72, '-', 'AKTIF', 6, 2, '2020-06-22 05:26:20', '2020-06-22 05:26:20', 1, 1, 4210),
(1035, 'after update', 19, 0, 6, '-', 'nonaktif', 7, 1, '2020-07-04 09:08:25', '2020-07-04 09:16:51', 1, 1, 4211),
(1036, 'after update', 25, 0, 6, '-', 'AKTIF', 7, 1, '2020-07-04 10:18:46', '2020-07-04 10:25:21', 1, 1, 4212),
(1037, 'after update', 18, 0, 19, '-', 'AKTIF', 7, 2, '2020-06-29 12:18:09', '2020-06-29 12:18:09', 1, 1, 4213),
(1038, 'after update', 10, 0, 33, 'poiuytrewq', 'nonaktif', 5, 1, '2020-06-22 01:46:33', '2020-07-04 10:18:19', 1, 1, 4214),
(1039, 'after update', 24, 0, 33, '-', 'AKTIF', 5, 1, '2020-07-04 10:18:46', '2020-07-04 10:25:16', 1, 1, 4215),
(1040, 'after update', 16, 0, 96, '-', 'AKTIF', 5, 2, '2020-06-22 03:01:02', '2020-06-22 03:01:02', 1, 1, 4216),
(1041, 'after update', 17, 0, 72, '-', 'AKTIF', 6, 2, '2020-06-22 05:26:20', '2020-06-22 05:26:20', 1, 1, 4217),
(1042, 'after update', 19, 0, 6, '-', 'nonaktif', 7, 1, '2020-07-04 09:08:25', '2020-07-04 09:16:51', 1, 1, 4218),
(1043, 'after update', 25, 0, 6, '-', 'AKTIF', 7, 1, '2020-07-04 10:18:46', '2020-07-04 10:25:21', 1, 1, 4219),
(1044, 'after update', 18, 0, 19, '-', 'AKTIF', 7, 2, '2020-06-29 12:18:09', '2020-06-29 12:18:09', 1, 1, 4220),
(1045, 'after update', 30, 0, 1920, 'Auto insert from item existance check', 'nonaktif', 2, 2, '2020-07-06 11:52:29', '2020-07-06 02:01:07', 1, 1, 4221),
(1046, 'after update', 10, 0, 33, 'poiuytrewq', 'nonaktif', 5, 1, '2020-06-22 01:46:33', '2020-07-04 10:18:19', 1, 1, 4222),
(1047, 'after update', 24, 0, 33, '-', 'AKTIF', 5, 1, '2020-07-04 10:18:46', '2020-07-04 10:25:16', 1, 1, 4223),
(1048, 'after update', 16, 0, 96, '-', 'AKTIF', 5, 2, '2020-06-22 03:01:02', '2020-06-22 03:01:02', 1, 1, 4224),
(1049, 'after update', 17, 0, 72, '-', 'AKTIF', 6, 2, '2020-06-22 05:26:20', '2020-06-22 05:26:20', 1, 1, 4225),
(1050, 'after update', 19, 0, 6, '-', 'nonaktif', 7, 1, '2020-07-04 09:08:25', '2020-07-04 09:16:51', 1, 1, 4226),
(1051, 'after update', 25, 0, 6, '-', 'AKTIF', 7, 1, '2020-07-04 10:18:46', '2020-07-04 10:25:21', 1, 1, 4227),
(1052, 'after update', 18, 0, 19, '-', 'AKTIF', 7, 2, '2020-06-29 12:18:09', '2020-06-29 12:18:09', 1, 1, 4228),
(1053, 'after insert', 31, 0, 480, 'Auto insert from item existance check', 'aktif', 2, 2, '2020-07-06 02:01:07', '2020-07-06 02:01:07', 1, 1, 4229),
(1054, 'after update', 13, 14000, 1914, '-', 'nonaktif', 2, 2, '2020-06-22 03:01:02', '2020-07-06 11:39:15', 1, 1, 4230),
(1055, 'after update', 27, 0, 2064, 'Auto insert from item existance check', 'nonaktif', 2, 2, '2020-07-06 11:49:17', '2020-07-06 11:49:33', 1, 1, 4231),
(1056, 'after update', 28, 0, 2064, 'Auto insert from item existance check', 'nonaktif', 2, 2, '2020-07-06 11:49:33', '2020-07-06 11:52:03', 1, 1, 4232),
(1057, 'after update', 29, 0, 2064, 'Auto insert from item existance check', 'nonaktif', 2, 2, '2020-07-06 11:52:03', '2020-07-06 11:52:29', 1, 1, 4233),
(1058, 'after update', 30, 0, 2064, 'Auto insert from item existance check', 'nonaktif', 2, 2, '2020-07-06 11:52:29', '2020-07-06 02:01:07', 1, 1, 4234),
(1059, 'after update', 31, 0, 624, 'Auto insert from item existance check', 'aktif', 2, 2, '2020-07-06 02:01:07', '2020-07-06 02:01:07', 1, 1, 4235),
(1060, 'after update', 13, 14000, 1986, '-', 'nonaktif', 2, 2, '2020-06-22 03:01:02', '2020-07-06 11:39:15', 1, 1, 4236),
(1061, 'after update', 27, 0, 2136, 'Auto insert from item existance check', 'nonaktif', 2, 2, '2020-07-06 11:49:17', '2020-07-06 11:49:33', 1, 1, 4237),
(1062, 'after update', 28, 0, 2136, 'Auto insert from item existance check', 'nonaktif', 2, 2, '2020-07-06 11:49:33', '2020-07-06 11:52:03', 1, 1, 4238),
(1063, 'after update', 29, 0, 2136, 'Auto insert from item existance check', 'nonaktif', 2, 2, '2020-07-06 11:52:03', '2020-07-06 11:52:29', 1, 1, 4239),
(1064, 'after update', 30, 0, 2136, 'Auto insert from item existance check', 'nonaktif', 2, 2, '2020-07-06 11:52:29', '2020-07-06 02:01:07', 1, 1, 4240),
(1065, 'after update', 31, 0, 696, 'Auto insert from item existance check', 'aktif', 2, 2, '2020-07-06 02:01:07', '2020-07-06 02:01:07', 1, 1, 4241),
(1066, 'after update', 13, 14000, 2024, '-', 'nonaktif', 2, 2, '2020-06-22 03:01:02', '2020-07-06 11:39:15', 1, 1, 4242),
(1067, 'after update', 27, 0, 2174, 'Auto insert from item existance check', 'nonaktif', 2, 2, '2020-07-06 11:49:17', '2020-07-06 11:49:33', 1, 1, 4243),
(1068, 'after update', 28, 0, 2174, 'Auto insert from item existance check', 'nonaktif', 2, 2, '2020-07-06 11:49:33', '2020-07-06 11:52:03', 1, 1, 4244),
(1069, 'after update', 29, 0, 2174, 'Auto insert from item existance check', 'nonaktif', 2, 2, '2020-07-06 11:52:03', '2020-07-06 11:52:29', 1, 1, 4245),
(1070, 'after update', 30, 0, 2174, 'Auto insert from item existance check', 'nonaktif', 2, 2, '2020-07-06 11:52:29', '2020-07-06 02:01:07', 1, 1, 4246),
(1071, 'after update', 31, 0, 734, 'Auto insert from item existance check', 'aktif', 2, 2, '2020-07-06 02:01:07', '2020-07-06 02:01:07', 1, 1, 4247),
(1072, 'after update', 10, 0, 33, 'poiuytrewq', 'nonaktif', 5, 1, '2020-06-22 01:46:33', '2020-07-04 10:18:19', 1, 1, 4307),
(1073, 'after update', 24, 0, 33, '-', 'AKTIF', 5, 1, '2020-07-04 10:18:46', '2020-07-04 10:25:16', 1, 1, 4308),
(1074, 'after update', 16, 0, 96, '-', 'AKTIF', 5, 2, '2020-06-22 03:01:02', '2020-06-22 03:01:02', 1, 1, 4309),
(1075, 'after update', 17, 0, 72, '-', 'AKTIF', 6, 2, '2020-06-22 05:26:20', '2020-06-22 05:26:20', 1, 1, 4310),
(1076, 'after update', 19, 0, 6, '-', 'nonaktif', 7, 1, '2020-07-04 09:08:25', '2020-07-04 09:16:51', 1, 1, 4311),
(1077, 'after update', 25, 0, 6, '-', 'AKTIF', 7, 1, '2020-07-04 10:18:46', '2020-07-04 10:25:21', 1, 1, 4312),
(1078, 'after update', 18, 0, 19, '-', 'AKTIF', 7, 2, '2020-06-29 12:18:09', '2020-06-29 12:18:09', 1, 1, 4313),
(1079, 'after update', 10, 0, 33, 'poiuytrewq', 'nonaktif', 5, 1, '2020-06-22 01:46:33', '2020-07-04 10:18:19', 1, 1, 4314),
(1080, 'after update', 24, 0, 33, '-', 'AKTIF', 5, 1, '2020-07-04 10:18:46', '2020-07-04 10:25:16', 1, 1, 4315),
(1081, 'after update', 16, 0, 96, '-', 'AKTIF', 5, 2, '2020-06-22 03:01:02', '2020-06-22 03:01:02', 1, 1, 4316),
(1082, 'after update', 17, 0, 72, '-', 'AKTIF', 6, 2, '2020-06-22 05:26:20', '2020-06-22 05:26:20', 1, 1, 4317),
(1083, 'after update', 19, 0, 6, '-', 'nonaktif', 7, 1, '2020-07-04 09:08:25', '2020-07-04 09:16:51', 1, 1, 4318),
(1084, 'after update', 25, 0, 6, '-', 'AKTIF', 7, 1, '2020-07-04 10:18:46', '2020-07-04 10:25:21', 1, 1, 4319),
(1085, 'after update', 18, 0, 19, '-', 'AKTIF', 7, 2, '2020-06-29 12:18:09', '2020-06-29 12:18:09', 1, 1, 4320),
(1086, 'after update', 10, 0, 33, 'poiuytrewq', 'nonaktif', 5, 1, '2020-06-22 01:46:33', '2020-07-04 10:18:19', 1, 1, 4321),
(1087, 'after update', 24, 0, 33, '-', 'AKTIF', 5, 1, '2020-07-04 10:18:46', '2020-07-04 10:25:16', 1, 1, 4322),
(1088, 'after update', 16, 0, 96, '-', 'AKTIF', 5, 2, '2020-06-22 03:01:02', '2020-06-22 03:01:02', 1, 1, 4323),
(1089, 'after update', 17, 0, 72, '-', 'AKTIF', 6, 2, '2020-06-22 05:26:20', '2020-06-22 05:26:20', 1, 1, 4324),
(1090, 'after update', 19, 0, 6, '-', 'nonaktif', 7, 1, '2020-07-04 09:08:25', '2020-07-04 09:16:51', 1, 1, 4325),
(1091, 'after update', 25, 0, 6, '-', 'AKTIF', 7, 1, '2020-07-04 10:18:46', '2020-07-04 10:25:21', 1, 1, 4326),
(1092, 'after update', 18, 0, 19, '-', 'AKTIF', 7, 2, '2020-06-29 12:18:09', '2020-06-29 12:18:09', 1, 1, 4327),
(1093, 'after update', 16, 0, 200, '-', 'AKTIF', 5, 2, '2020-06-22 03:01:02', '2020-07-06 05:00:59', 1, 1, 4328),
(1094, 'after update', 10, 0, 33, 'poiuytrewq', 'nonaktif', 5, 1, '2020-06-22 01:46:33', '2020-07-04 10:18:19', 1, 1, 4329),
(1095, 'after update', 24, 0, 33, '-', 'AKTIF', 5, 1, '2020-07-04 10:18:46', '2020-07-04 10:25:16', 1, 1, 4330),
(1096, 'after update', 16, 0, 96, '-', 'AKTIF', 5, 2, '2020-06-22 03:01:02', '2020-07-06 05:00:59', 1, 1, 4331),
(1097, 'after update', 17, 0, 72, '-', 'AKTIF', 6, 2, '2020-06-22 05:26:20', '2020-06-22 05:26:20', 1, 1, 4332),
(1098, 'after update', 19, 0, 6, '-', 'nonaktif', 7, 1, '2020-07-04 09:08:25', '2020-07-04 09:16:51', 1, 1, 4333),
(1099, 'after update', 25, 0, 6, '-', 'AKTIF', 7, 1, '2020-07-04 10:18:46', '2020-07-04 10:25:21', 1, 1, 4334),
(1100, 'after update', 18, 0, 19, '-', 'AKTIF', 7, 2, '2020-06-29 12:18:09', '2020-06-29 12:18:09', 1, 1, 4335),
(1101, 'after update', 10, 0, 33, 'poiuytrewq', 'nonaktif', 5, 1, '2020-06-22 01:46:33', '2020-07-04 10:18:19', 1, 1, 4336),
(1102, 'after update', 24, 0, 33, '-', 'AKTIF', 5, 1, '2020-07-04 10:18:46', '2020-07-04 10:25:16', 1, 1, 4337),
(1103, 'after update', 16, 0, 96, '-', 'AKTIF', 5, 2, '2020-06-22 03:01:02', '2020-07-06 05:00:59', 1, 1, 4338),
(1104, 'after update', 17, 0, 72, '-', 'AKTIF', 6, 2, '2020-06-22 05:26:20', '2020-06-22 05:26:20', 1, 1, 4339),
(1105, 'after update', 19, 0, 6, '-', 'nonaktif', 7, 1, '2020-07-04 09:08:25', '2020-07-04 09:16:51', 1, 1, 4340),
(1106, 'after update', 25, 0, 6, '-', 'AKTIF', 7, 1, '2020-07-04 10:18:46', '2020-07-04 10:25:21', 1, 1, 4341),
(1107, 'after update', 18, 0, 19, '-', 'AKTIF', 7, 2, '2020-06-29 12:18:09', '2020-06-29 12:18:09', 1, 1, 4342),
(1108, 'after update', 31, 0, 734, 'Auto insert from item existance check', 'nonaktif', 2, 2, '2020-07-06 02:01:07', '2020-07-06 05:01:49', 1, 1, 4343),
(1109, 'after update', 10, 0, 33, 'poiuytrewq', 'nonaktif', 5, 1, '2020-06-22 01:46:33', '2020-07-04 10:18:19', 1, 1, 4344),
(1110, 'after update', 24, 0, 33, '-', 'AKTIF', 5, 1, '2020-07-04 10:18:46', '2020-07-04 10:25:16', 1, 1, 4345),
(1111, 'after update', 16, 0, 96, '-', 'AKTIF', 5, 2, '2020-06-22 03:01:02', '2020-07-06 05:00:59', 1, 1, 4346),
(1112, 'after update', 17, 0, 72, '-', 'AKTIF', 6, 2, '2020-06-22 05:26:20', '2020-06-22 05:26:20', 1, 1, 4347),
(1113, 'after update', 19, 0, 6, '-', 'nonaktif', 7, 1, '2020-07-04 09:08:25', '2020-07-04 09:16:51', 1, 1, 4348),
(1114, 'after update', 25, 0, 6, '-', 'AKTIF', 7, 1, '2020-07-04 10:18:46', '2020-07-04 10:25:21', 1, 1, 4349),
(1115, 'after update', 18, 0, 19, '-', 'AKTIF', 7, 2, '2020-06-29 12:18:09', '2020-06-29 12:18:09', 1, 1, 4350),
(1116, 'after insert', 32, 0, 480, 'Auto insert from item existance check', 'aktif', 2, 2, '2020-07-06 05:01:49', '2020-07-06 05:01:49', 1, 1, 4351),
(1117, 'after update', 13, 14000, 2168, '-', 'nonaktif', 2, 2, '2020-06-22 03:01:02', '2020-07-06 11:39:15', 1, 1, 4352),
(1118, 'after update', 27, 0, 2318, 'Auto insert from item existance check', 'nonaktif', 2, 2, '2020-07-06 11:49:17', '2020-07-06 11:49:33', 1, 1, 4353),
(1119, 'after update', 28, 0, 2318, 'Auto insert from item existance check', 'nonaktif', 2, 2, '2020-07-06 11:49:33', '2020-07-06 11:52:03', 1, 1, 4354),
(1120, 'after update', 29, 0, 2318, 'Auto insert from item existance check', 'nonaktif', 2, 2, '2020-07-06 11:52:03', '2020-07-06 11:52:29', 1, 1, 4355),
(1121, 'after update', 30, 0, 2318, 'Auto insert from item existance check', 'nonaktif', 2, 2, '2020-07-06 11:52:29', '2020-07-06 02:01:07', 1, 1, 4356),
(1122, 'after update', 31, 0, 878, 'Auto insert from item existance check', 'nonaktif', 2, 2, '2020-07-06 02:01:07', '2020-07-06 05:01:49', 1, 1, 4357),
(1123, 'after update', 32, 0, 624, 'Auto insert from item existance check', 'aktif', 2, 2, '2020-07-06 05:01:49', '2020-07-06 05:01:49', 1, 1, 4358),
(1124, 'after update', 13, 14000, 2240, '-', 'nonaktif', 2, 2, '2020-06-22 03:01:02', '2020-07-06 11:39:15', 1, 1, 4359),
(1125, 'after update', 27, 0, 2390, 'Auto insert from item existance check', 'nonaktif', 2, 2, '2020-07-06 11:49:17', '2020-07-06 11:49:33', 1, 1, 4360),
(1126, 'after update', 28, 0, 2390, 'Auto insert from item existance check', 'nonaktif', 2, 2, '2020-07-06 11:49:33', '2020-07-06 11:52:03', 1, 1, 4361),
(1127, 'after update', 29, 0, 2390, 'Auto insert from item existance check', 'nonaktif', 2, 2, '2020-07-06 11:52:03', '2020-07-06 11:52:29', 1, 1, 4362),
(1128, 'after update', 30, 0, 2390, 'Auto insert from item existance check', 'nonaktif', 2, 2, '2020-07-06 11:52:29', '2020-07-06 02:01:07', 1, 1, 4363),
(1129, 'after update', 31, 0, 950, 'Auto insert from item existance check', 'nonaktif', 2, 2, '2020-07-06 02:01:07', '2020-07-06 05:01:49', 1, 1, 4364),
(1130, 'after update', 32, 0, 696, 'Auto insert from item existance check', 'aktif', 2, 2, '2020-07-06 05:01:49', '2020-07-06 05:01:49', 1, 1, 4365),
(1131, 'after update', 13, 14000, 2278, '-', 'nonaktif', 2, 2, '2020-06-22 03:01:02', '2020-07-06 11:39:15', 1, 1, 4366),
(1132, 'after update', 27, 0, 2428, 'Auto insert from item existance check', 'nonaktif', 2, 2, '2020-07-06 11:49:17', '2020-07-06 11:49:33', 1, 1, 4367),
(1133, 'after update', 28, 0, 2428, 'Auto insert from item existance check', 'nonaktif', 2, 2, '2020-07-06 11:49:33', '2020-07-06 11:52:03', 1, 1, 4368),
(1134, 'after update', 29, 0, 2428, 'Auto insert from item existance check', 'nonaktif', 2, 2, '2020-07-06 11:52:03', '2020-07-06 11:52:29', 1, 1, 4369),
(1135, 'after update', 30, 0, 2428, 'Auto insert from item existance check', 'nonaktif', 2, 2, '2020-07-06 11:52:29', '2020-07-06 02:01:07', 1, 1, 4370),
(1136, 'after update', 31, 0, 988, 'Auto insert from item existance check', 'nonaktif', 2, 2, '2020-07-06 02:01:07', '2020-07-06 05:01:49', 1, 1, 4371),
(1137, 'after update', 32, 0, 734, 'Auto insert from item existance check', 'aktif', 2, 2, '2020-07-06 05:01:49', '2020-07-06 05:01:49', 1, 1, 4372),
(1138, 'after update', 10, 0, 33, 'poiuytrewq', 'nonaktif', 5, 1, '2020-06-22 01:46:33', '2020-07-04 10:18:19', 1, 1, 4373),
(1139, 'after update', 24, 0, 33, '-', 'AKTIF', 5, 1, '2020-07-04 10:18:46', '2020-07-04 10:25:16', 1, 1, 4374),
(1140, 'after update', 16, 0, 96, '-', 'AKTIF', 5, 2, '2020-06-22 03:01:02', '2020-07-06 05:00:59', 1, 1, 4375),
(1141, 'after update', 17, 0, 72, '-', 'AKTIF', 6, 2, '2020-06-22 05:26:20', '2020-06-22 05:26:20', 1, 1, 4376),
(1142, 'after update', 19, 0, 6, '-', 'nonaktif', 7, 1, '2020-07-04 09:08:25', '2020-07-04 09:16:51', 1, 1, 4377),
(1143, 'after update', 25, 0, 6, '-', 'AKTIF', 7, 1, '2020-07-04 10:18:46', '2020-07-04 10:25:21', 1, 1, 4378),
(1144, 'after update', 18, 0, 19, '-', 'AKTIF', 7, 2, '2020-06-29 12:18:09', '2020-06-29 12:18:09', 1, 1, 4379),
(1145, 'after update', 15, 0, 290, '-', 'nonaktif', 4, 2, '2020-06-22 03:01:02', '2020-07-06 05:01:59', 1, 1, 4380),
(1146, 'after update', 10, 0, 33, 'poiuytrewq', 'nonaktif', 5, 1, '2020-06-22 01:46:33', '2020-07-04 10:18:19', 1, 1, 4381),
(1147, 'after update', 24, 0, 33, '-', 'AKTIF', 5, 1, '2020-07-04 10:18:46', '2020-07-04 10:25:16', 1, 1, 4382),
(1148, 'after update', 16, 0, 146, '-', 'AKTIF', 5, 2, '2020-06-22 03:01:02', '2020-07-06 05:00:59', 1, 1, 4383),
(1149, 'after update', 17, 0, 90, '-', 'AKTIF', 6, 2, '2020-06-22 05:26:20', '2020-06-22 05:26:20', 1, 1, 4384),
(1150, 'after update', 19, 0, 6, '-', 'nonaktif', 7, 1, '2020-07-04 09:08:25', '2020-07-04 09:16:51', 1, 1, 4385),
(1151, 'after update', 25, 0, 6, '-', 'AKTIF', 7, 1, '2020-07-04 10:18:46', '2020-07-04 10:25:21', 1, 1, 4386),
(1152, 'after update', 18, 0, 29, '-', 'AKTIF', 7, 2, '2020-06-29 12:18:09', '2020-06-29 12:18:09', 1, 1, 4387),
(1153, 'after insert', 33, 0, 438, 'Auto insert from item existance check', 'aktif', 4, 2, '2020-07-06 05:01:59', '2020-07-06 05:01:59', 1, 1, 4388),
(1154, 'after update', 15, 0, 650, '-', 'nonaktif', 4, 2, '2020-06-22 03:01:02', '2020-07-06 05:01:59', 1, 1, 4389),
(1155, 'after update', 33, 0, 798, 'Auto insert from item existance check', 'aktif', 4, 2, '2020-07-06 05:01:59', '2020-07-06 05:01:59', 1, 1, 4390),
(1156, 'after update', 15, 0, 766, '-', 'nonaktif', 4, 2, '2020-06-22 03:01:02', '2020-07-06 05:01:59', 1, 1, 4391),
(1157, 'after update', 33, 0, 914, 'Auto insert from item existance check', 'aktif', 4, 2, '2020-07-06 05:01:59', '2020-07-06 05:01:59', 1, 1, 4392),
(1158, 'after update', 10, 0, 33, 'poiuytrewq', 'nonaktif', 5, 1, '2020-06-22 01:46:33', '2020-07-04 10:18:19', 1, 1, 4393),
(1159, 'after update', 24, 0, 33, '-', 'AKTIF', 5, 1, '2020-07-04 10:18:46', '2020-07-04 10:25:16', 1, 1, 4394),
(1160, 'after update', 16, 0, 146, '-', 'AKTIF', 5, 2, '2020-06-22 03:01:02', '2020-07-06 05:00:59', 1, 1, 4395),
(1161, 'after update', 17, 0, 90, '-', 'AKTIF', 6, 2, '2020-06-22 05:26:20', '2020-06-22 05:26:20', 1, 1, 4396),
(1162, 'after update', 19, 0, 6, '-', 'nonaktif', 7, 1, '2020-07-04 09:08:25', '2020-07-04 09:16:51', 1, 1, 4397),
(1163, 'after update', 25, 0, 6, '-', 'AKTIF', 7, 1, '2020-07-04 10:18:46', '2020-07-04 10:25:21', 1, 1, 4398),
(1164, 'after update', 18, 0, 29, '-', 'AKTIF', 7, 2, '2020-06-29 12:18:09', '2020-06-29 12:18:09', 1, 1, 4399),
(1165, 'after update', 14, 0, 270, '-', 'nonaktif', 3, 2, '2020-06-22 03:01:02', '2020-07-06 05:02:05', 1, 1, 4400),
(1166, 'after update', 10, 0, 33, 'poiuytrewq', 'nonaktif', 5, 1, '2020-06-22 01:46:33', '2020-07-04 10:18:19', 1, 1, 4401),
(1167, 'after update', 24, 0, 33, '-', 'AKTIF', 5, 1, '2020-07-04 10:18:46', '2020-07-04 10:25:16', 1, 1, 4402),
(1168, 'after update', 16, 0, 146, '-', 'AKTIF', 5, 2, '2020-06-22 03:01:02', '2020-07-06 05:00:59', 1, 1, 4403),
(1169, 'after update', 17, 0, 228, '-', 'AKTIF', 6, 2, '2020-06-22 05:26:20', '2020-06-22 05:26:20', 1, 1, 4404),
(1170, 'after update', 19, 0, 6, '-', 'nonaktif', 7, 1, '2020-07-04 09:08:25', '2020-07-04 09:16:51', 1, 1, 4405),
(1171, 'after update', 25, 0, 6, '-', 'AKTIF', 7, 1, '2020-07-04 10:18:46', '2020-07-04 10:25:21', 1, 1, 4406),
(1172, 'after update', 18, 0, 29, '-', 'AKTIF', 7, 2, '2020-06-29 12:18:09', '2020-06-29 12:18:09', 1, 1, 4407),
(1173, 'after insert', 34, 0, 684, 'Auto insert from item existance check', 'aktif', 3, 2, '2020-07-06 05:02:05', '2020-07-06 05:02:05', 1, 1, 4408),
(1174, 'after update', 14, 0, 357, '-', 'nonaktif', 3, 2, '2020-06-22 03:01:02', '2020-07-06 05:02:05', 1, 1, 4409),
(1175, 'after update', 34, 0, 771, 'Auto insert from item existance check', 'aktif', 3, 2, '2020-07-06 05:02:05', '2020-07-06 05:02:05', 1, 1, 4410),
(1176, 'after update', 10, 0, 33, 'poiuytrewq', 'nonaktif', 5, 1, '2020-06-22 01:46:33', '2020-07-04 10:18:19', 1, 1, 4411),
(1177, 'after update', 10, 0, 33, 'poiuytrewq', 'nonaktif', 5, 1, '2020-06-22 01:46:33', '2020-07-04 10:18:19', 1, 1, 4412),
(1178, 'after update', 10, 0, 33, 'poiuytrewq', 'nonaktif', 5, 1, '2020-06-22 01:46:33', '2020-07-04 10:18:19', 1, 1, 4413),
(1179, 'after update', 10, 0, 33, 'poiuytrewq', 'nonaktif', 5, 1, '2020-06-22 01:46:33', '2020-07-04 10:18:19', 1, 1, 4414),
(1180, 'after update', 10, 0, 33, 'poiuytrewq', 'nonaktif', 5, 1, '2020-06-22 01:46:33', '2020-07-04 10:18:19', 1, 1, 4415),
(1181, 'after update', 10, 0, 33, 'poiuytrewq', 'nonaktif', 5, 1, '2020-06-22 01:46:33', '2020-07-04 10:18:19', 1, 1, 4416),
(1182, 'after update', 10, 0, 33, 'poiuytrewq', 'nonaktif', 5, 1, '2020-06-22 01:46:33', '2020-07-04 10:18:19', 1, 1, 4417),
(1183, 'after update', 24, 0, 33, '-', 'AKTIF', 5, 1, '2020-07-04 10:18:46', '2020-07-04 10:25:16', 1, 1, 4418),
(1184, 'after update', 16, 0, 146, '-', 'AKTIF', 5, 2, '2020-06-22 03:01:02', '2020-07-06 05:00:59', 1, 1, 4419),
(1185, 'after update', 17, 0, 228, '-', 'AKTIF', 6, 2, '2020-06-22 05:26:20', '2020-06-22 05:26:20', 1, 1, 4420),
(1186, 'after update', 19, 0, 6, '-', 'nonaktif', 7, 1, '2020-07-04 09:08:25', '2020-07-04 09:16:51', 1, 1, 4421),
(1187, 'after update', 25, 0, 6, '-', 'AKTIF', 7, 1, '2020-07-04 10:18:46', '2020-07-04 10:25:21', 1, 1, 4422),
(1188, 'after update', 18, 0, 29, '-', 'AKTIF', 7, 2, '2020-06-29 12:18:09', '2020-06-29 12:18:09', 1, 1, 4423),
(1189, 'after update', 10, 0, 33, 'poiuytrewq', 'nonaktif', 5, 1, '2020-06-22 01:46:33', '2020-07-04 10:18:19', 1, 1, 4424),
(1190, 'after update', 24, 0, 33, '-', 'AKTIF', 5, 1, '2020-07-04 10:18:46', '2020-07-04 10:25:16', 1, 1, 4425),
(1191, 'after update', 16, 0, 146, '-', 'AKTIF', 5, 2, '2020-06-22 03:01:02', '2020-07-06 05:00:59', 1, 1, 4426),
(1192, 'after update', 17, 0, 228, '-', 'AKTIF', 6, 2, '2020-06-22 05:26:20', '2020-06-22 05:26:20', 1, 1, 4427),
(1193, 'after update', 19, 0, 6, '-', 'nonaktif', 7, 1, '2020-07-04 09:08:25', '2020-07-04 09:16:51', 1, 1, 4428),
(1194, 'after update', 25, 0, 6, '-', 'AKTIF', 7, 1, '2020-07-04 10:18:46', '2020-07-04 10:25:21', 1, 1, 4429),
(1195, 'after update', 18, 0, 29, '-', 'AKTIF', 7, 2, '2020-06-29 12:18:09', '2020-06-29 12:18:09', 1, 1, 4430),
(1196, 'after update', 10, 0, 33, 'poiuytrewq', 'nonaktif', 5, 1, '2020-06-22 01:46:33', '2020-07-04 10:18:19', 1, 1, 4431),
(1197, 'after update', 24, 0, 33, '-', 'AKTIF', 5, 1, '2020-07-04 10:18:46', '2020-07-04 10:25:16', 1, 1, 4432),
(1198, 'after update', 16, 0, 146, '-', 'AKTIF', 5, 2, '2020-06-22 03:01:02', '2020-07-06 05:00:59', 1, 1, 4433),
(1199, 'after update', 17, 0, 228, '-', 'AKTIF', 6, 2, '2020-06-22 05:26:20', '2020-06-22 05:26:20', 1, 1, 4434),
(1200, 'after update', 19, 0, 6, '-', 'nonaktif', 7, 1, '2020-07-04 09:08:25', '2020-07-04 09:16:51', 1, 1, 4435),
(1201, 'after update', 25, 0, 6, '-', 'AKTIF', 7, 1, '2020-07-04 10:18:46', '2020-07-04 10:25:21', 1, 1, 4436),
(1202, 'after update', 18, 0, 29, '-', 'AKTIF', 7, 2, '2020-06-29 12:18:09', '2020-06-29 12:18:09', 1, 1, 4437),
(1203, 'after update', 13, 14000, 2548, '-', 'nonaktif', 2, 2, '2020-06-22 03:01:02', '2020-07-06 11:39:15', 1, 1, 4438),
(1204, 'after update', 27, 0, 2698, 'Auto insert from item existance check', 'nonaktif', 2, 2, '2020-07-06 11:49:17', '2020-07-06 11:49:33', 1, 1, 4439),
(1205, 'after update', 28, 0, 2698, 'Auto insert from item existance check', 'nonaktif', 2, 2, '2020-07-06 11:49:33', '2020-07-06 11:52:03', 1, 1, 4440),
(1206, 'after update', 29, 0, 2698, 'Auto insert from item existance check', 'nonaktif', 2, 2, '2020-07-06 11:52:03', '2020-07-06 11:52:29', 1, 1, 4441),
(1207, 'after update', 30, 0, 2698, 'Auto insert from item existance check', 'nonaktif', 2, 2, '2020-07-06 11:52:29', '2020-07-06 02:01:07', 1, 1, 4442),
(1208, 'after update', 31, 0, 1258, 'Auto insert from item existance check', 'nonaktif', 2, 2, '2020-07-06 02:01:07', '2020-07-06 05:01:49', 1, 1, 4443),
(1209, 'after update', 32, 0, 1004, 'Auto insert from item existance check', 'aktif', 2, 2, '2020-07-06 05:01:49', '2020-07-06 05:01:49', 1, 1, 4444),
(1210, 'after update', 15, 0, 928, '-', 'nonaktif', 4, 2, '2020-06-22 03:01:02', '2020-07-06 05:01:59', 1, 1, 4445),
(1211, 'after update', 33, 0, 1076, 'Auto insert from item existance check', 'aktif', 4, 2, '2020-07-06 05:01:59', '2020-07-06 05:01:59', 1, 1, 4446),
(1212, 'after update', 16, 0, 200, '-', 'AKTIF', 5, 2, '2020-06-22 03:01:02', '2020-07-06 05:19:57', 1, 1, 4447),
(1213, 'after update', 10, 0, 33, 'poiuytrewq', 'nonaktif', 5, 1, '2020-06-22 01:46:33', '2020-07-04 10:18:19', 1, 1, 4448),
(1214, 'after update', 24, 0, 33, '-', 'AKTIF', 5, 1, '2020-07-04 10:18:46', '2020-07-04 10:25:16', 1, 1, 4449),
(1215, 'after update', 16, 0, 200, '-', 'AKTIF', 5, 2, '2020-06-22 03:01:02', '2020-07-06 05:19:57', 1, 1, 4450),
(1216, 'after update', 17, 0, 257, '-', 'AKTIF', 6, 2, '2020-06-22 05:26:20', '2020-06-22 05:26:20', 1, 1, 4451),
(1217, 'after update', 19, 0, 6, '-', 'nonaktif', 7, 1, '2020-07-04 09:08:25', '2020-07-04 09:16:51', 1, 1, 4452),
(1218, 'after update', 25, 0, 6, '-', 'AKTIF', 7, 1, '2020-07-04 10:18:46', '2020-07-04 10:25:21', 1, 1, 4453),
(1219, 'after update', 18, 0, 40, '-', 'AKTIF', 7, 2, '2020-06-29 12:18:09', '2020-06-29 12:18:09', 1, 1, 4454),
(1220, 'after update', 10, 0, 33, 'poiuytrewq', 'nonaktif', 5, 1, '2020-06-22 01:46:33', '2020-07-04 10:18:19', 1, 1, 4455),
(1221, 'after update', 24, 0, 33, '-', 'AKTIF', 5, 1, '2020-07-04 10:18:46', '2020-07-04 10:25:16', 1, 1, 4456),
(1222, 'after update', 16, 0, 200, '-', 'AKTIF', 5, 2, '2020-06-22 03:01:02', '2020-07-06 05:19:57', 1, 1, 4457),
(1223, 'after update', 17, 0, 257, '-', 'AKTIF', 6, 2, '2020-06-22 05:26:20', '2020-06-22 05:26:20', 1, 1, 4458),
(1224, 'after update', 19, 0, 6, '-', 'nonaktif', 7, 1, '2020-07-04 09:08:25', '2020-07-04 09:16:51', 1, 1, 4459),
(1225, 'after update', 25, 0, 6, '-', 'AKTIF', 7, 1, '2020-07-04 10:18:46', '2020-07-04 10:25:21', 1, 1, 4460),
(1226, 'after update', 18, 0, 40, '-', 'AKTIF', 7, 2, '2020-06-29 12:18:09', '2020-06-29 12:18:09', 1, 1, 4461),
(1227, 'after update', 10, 0, 33, 'poiuytrewq', 'nonaktif', 5, 1, '2020-06-22 01:46:33', '2020-07-04 10:18:19', 1, 1, 4462),
(1228, 'after update', 24, 0, 33, '-', 'AKTIF', 5, 1, '2020-07-04 10:18:46', '2020-07-04 10:25:16', 1, 1, 4463),
(1229, 'after update', 16, 0, 200, '-', 'AKTIF', 5, 2, '2020-06-22 03:01:02', '2020-07-06 05:19:57', 1, 1, 4464),
(1230, 'after update', 17, 0, 257, '-', 'AKTIF', 6, 2, '2020-06-22 05:26:20', '2020-06-22 05:26:20', 1, 1, 4465),
(1231, 'after update', 19, 0, 6, '-', 'nonaktif', 7, 1, '2020-07-04 09:08:25', '2020-07-04 09:16:51', 1, 1, 4466),
(1232, 'after update', 25, 0, 6, '-', 'AKTIF', 7, 1, '2020-07-04 10:18:46', '2020-07-04 10:25:21', 1, 1, 4467),
(1233, 'after update', 18, 0, 40, '-', 'AKTIF', 7, 2, '2020-06-29 12:18:09', '2020-06-29 12:18:09', 1, 1, 4468),
(1234, 'after update', 10, 0, 33, 'poiuytrewq', 'nonaktif', 5, 1, '2020-06-22 01:46:33', '2020-07-04 10:18:19', 1, 1, 4469),
(1235, 'after update', 24, 0, 33, '-', 'AKTIF', 5, 1, '2020-07-04 10:18:46', '2020-07-04 10:25:16', 1, 1, 4470),
(1236, 'after update', 16, 0, 200, '-', 'AKTIF', 5, 2, '2020-06-22 03:01:02', '2020-07-06 05:19:57', 1, 1, 4471),
(1237, 'after update', 17, 0, 257, '-', 'AKTIF', 6, 2, '2020-06-22 05:26:20', '2020-06-22 05:26:20', 1, 1, 4472),
(1238, 'after update', 19, 0, 6, '-', 'nonaktif', 7, 1, '2020-07-04 09:08:25', '2020-07-04 09:16:51', 1, 1, 4473),
(1239, 'after update', 25, 0, 6, '-', 'AKTIF', 7, 1, '2020-07-04 10:18:46', '2020-07-04 10:25:21', 1, 1, 4474),
(1240, 'after update', 18, 0, 40, '-', 'AKTIF', 7, 2, '2020-06-29 12:18:09', '2020-06-29 12:18:09', 1, 1, 4475),
(1241, 'after update', 10, 0, 33, 'poiuytrewq', 'nonaktif', 5, 1, '2020-06-22 01:46:33', '2020-07-04 10:18:19', 1, 1, 4476),
(1242, 'after update', 24, 0, 33, '-', 'AKTIF', 5, 1, '2020-07-04 10:18:46', '2020-07-04 10:25:16', 1, 1, 4477),
(1243, 'after update', 16, 0, 200, '-', 'AKTIF', 5, 2, '2020-06-22 03:01:02', '2020-07-06 05:19:57', 1, 1, 4478),
(1244, 'after update', 17, 0, 257, '-', 'AKTIF', 6, 2, '2020-06-22 05:26:20', '2020-06-22 05:26:20', 1, 1, 4479),
(1245, 'after update', 19, 0, 6, '-', 'nonaktif', 7, 1, '2020-07-04 09:08:25', '2020-07-04 09:16:51', 1, 1, 4480),
(1246, 'after update', 25, 0, 6, '-', 'AKTIF', 7, 1, '2020-07-04 10:18:46', '2020-07-04 10:25:21', 1, 1, 4481),
(1247, 'after update', 18, 0, 40, '-', 'AKTIF', 7, 2, '2020-06-29 12:18:09', '2020-06-29 12:18:09', 1, 1, 4482),
(1248, 'after update', 10, 0, 33, 'poiuytrewq', 'nonaktif', 5, 1, '2020-06-22 01:46:33', '2020-07-04 10:18:19', 1, 1, 4483),
(1249, 'after update', 24, 0, 33, '-', 'AKTIF', 5, 1, '2020-07-04 10:18:46', '2020-07-04 10:25:16', 1, 1, 4484),
(1250, 'after update', 16, 0, 200, '-', 'AKTIF', 5, 2, '2020-06-22 03:01:02', '2020-07-06 05:19:57', 1, 1, 4485),
(1251, 'after update', 17, 0, 257, '-', 'AKTIF', 6, 2, '2020-06-22 05:26:20', '2020-06-22 05:26:20', 1, 1, 4486),
(1252, 'after update', 19, 0, 6, '-', 'nonaktif', 7, 1, '2020-07-04 09:08:25', '2020-07-04 09:16:51', 1, 1, 4487),
(1253, 'after update', 25, 0, 6, '-', 'AKTIF', 7, 1, '2020-07-04 10:18:46', '2020-07-04 10:25:21', 1, 1, 4488),
(1254, 'after update', 18, 0, 40, '-', 'AKTIF', 7, 2, '2020-06-29 12:18:09', '2020-06-29 12:18:09', 1, 1, 4489),
(1255, 'after update', 13, 14000, 3048, '-', 'nonaktif', 2, 2, '2020-06-22 03:01:02', '2020-07-06 11:39:15', 1, 1, 4490),
(1256, 'after update', 27, 0, 3198, 'Auto insert from item existance check', 'nonaktif', 2, 2, '2020-07-06 11:49:17', '2020-07-06 11:49:33', 1, 1, 4491),
(1257, 'after update', 28, 0, 3198, 'Auto insert from item existance check', 'nonaktif', 2, 2, '2020-07-06 11:49:33', '2020-07-06 11:52:03', 1, 1, 4492),
(1258, 'after update', 29, 0, 3198, 'Auto insert from item existance check', 'nonaktif', 2, 2, '2020-07-06 11:52:03', '2020-07-06 11:52:29', 1, 1, 4493),
(1259, 'after update', 30, 0, 3198, 'Auto insert from item existance check', 'nonaktif', 2, 2, '2020-07-06 11:52:29', '2020-07-06 02:01:07', 1, 1, 4494),
(1260, 'after update', 31, 0, 1758, 'Auto insert from item existance check', 'nonaktif', 2, 2, '2020-07-06 02:01:07', '2020-07-06 05:01:49', 1, 1, 4495),
(1261, 'after update', 32, 0, 1504, 'Auto insert from item existance check', 'aktif', 2, 2, '2020-07-06 05:01:49', '2020-07-06 05:01:49', 1, 1, 4496),
(1262, 'after update', 15, 0, 1228, '-', 'nonaktif', 4, 2, '2020-06-22 03:01:02', '2020-07-06 05:01:59', 1, 1, 4497),
(1263, 'after update', 33, 0, 1376, 'Auto insert from item existance check', 'aktif', 4, 2, '2020-07-06 05:01:59', '2020-07-06 05:01:59', 1, 1, 4498),
(1264, 'after update', 16, 0, 300, '-', 'AKTIF', 5, 2, '2020-06-22 03:01:02', '2020-07-06 05:20:12', 1, 1, 4499),
(1265, 'after update', 10, 0, 33, 'poiuytrewq', 'nonaktif', 5, 1, '2020-06-22 01:46:33', '2020-07-04 10:18:19', 1, 1, 4500),
(1266, 'after update', 24, 0, 33, '-', 'AKTIF', 5, 1, '2020-07-04 10:18:46', '2020-07-04 10:25:16', 1, 1, 4501),
(1267, 'after update', 16, 0, 300, '-', 'AKTIF', 5, 2, '2020-06-22 03:01:02', '2020-07-06 05:20:12', 1, 1, 4502),
(1268, 'after update', 17, 0, 257, '-', 'AKTIF', 6, 2, '2020-06-22 05:26:20', '2020-06-22 05:26:20', 1, 1, 4503),
(1269, 'after update', 19, 0, 6, '-', 'nonaktif', 7, 1, '2020-07-04 09:08:25', '2020-07-04 09:16:51', 1, 1, 4504),
(1270, 'after update', 25, 0, 6, '-', 'AKTIF', 7, 1, '2020-07-04 10:18:46', '2020-07-04 10:25:21', 1, 1, 4505),
(1271, 'after update', 18, 0, 60, '-', 'AKTIF', 7, 2, '2020-06-29 12:18:09', '2020-06-29 12:18:09', 1, 1, 4506),
(1272, 'after update', 10, 0, 33, 'poiuytrewq', 'nonaktif', 5, 1, '2020-06-22 01:46:33', '2020-07-04 10:18:19', 1, 1, 4507),
(1273, 'after update', 24, 0, 33, '-', 'AKTIF', 5, 1, '2020-07-04 10:18:46', '2020-07-04 10:25:16', 1, 1, 4508),
(1274, 'after update', 16, 0, 300, '-', 'AKTIF', 5, 2, '2020-06-22 03:01:02', '2020-07-06 05:20:12', 1, 1, 4509),
(1275, 'after update', 17, 0, 257, '-', 'AKTIF', 6, 2, '2020-06-22 05:26:20', '2020-06-22 05:26:20', 1, 1, 4510),
(1276, 'after update', 19, 0, 6, '-', 'nonaktif', 7, 1, '2020-07-04 09:08:25', '2020-07-04 09:16:51', 1, 1, 4511),
(1277, 'after update', 25, 0, 6, '-', 'AKTIF', 7, 1, '2020-07-04 10:18:46', '2020-07-04 10:25:21', 1, 1, 4512),
(1278, 'after update', 18, 0, 60, '-', 'AKTIF', 7, 2, '2020-06-29 12:18:09', '2020-06-29 12:18:09', 1, 1, 4513),
(1279, 'after update', 13, 14000, 3128, '-', 'nonaktif', 2, 2, '2020-06-22 03:01:02', '2020-07-06 11:39:15', 1, 1, 4514),
(1280, 'after update', 27, 0, 3278, 'Auto insert from item existance check', 'nonaktif', 2, 2, '2020-07-06 11:49:17', '2020-07-06 11:49:33', 1, 1, 4515),
(1281, 'after update', 28, 0, 3278, 'Auto insert from item existance check', 'nonaktif', 2, 2, '2020-07-06 11:49:33', '2020-07-06 11:52:03', 1, 1, 4516),
(1282, 'after update', 29, 0, 3278, 'Auto insert from item existance check', 'nonaktif', 2, 2, '2020-07-06 11:52:03', '2020-07-06 11:52:29', 1, 1, 4517),
(1283, 'after update', 30, 0, 3278, 'Auto insert from item existance check', 'nonaktif', 2, 2, '2020-07-06 11:52:29', '2020-07-06 02:01:07', 1, 1, 4518),
(1284, 'after update', 31, 0, 1838, 'Auto insert from item existance check', 'nonaktif', 2, 2, '2020-07-06 02:01:07', '2020-07-06 05:01:49', 1, 1, 4519),
(1285, 'after update', 32, 0, 1584, 'Auto insert from item existance check', 'aktif', 2, 2, '2020-07-06 05:01:49', '2020-07-06 05:01:49', 1, 1, 4520),
(1286, 'after update', 14, 0, 477, '-', 'nonaktif', 3, 2, '2020-06-22 03:01:02', '2020-07-06 05:02:05', 1, 1, 4521),
(1287, 'after update', 34, 0, 891, 'Auto insert from item existance check', 'aktif', 3, 2, '2020-07-06 05:02:05', '2020-07-06 05:02:05', 1, 1, 4522),
(1288, 'after update', 15, 0, 1388, '-', 'nonaktif', 4, 2, '2020-06-22 03:01:02', '2020-07-06 05:01:59', 1, 1, 4523),
(1289, 'after update', 33, 0, 1536, 'Auto insert from item existance check', 'aktif', 4, 2, '2020-07-06 05:01:59', '2020-07-06 05:01:59', 1, 1, 4524);
INSERT INTO `tbl_brg_cabang_log` (`id_pk_brg_cabang_log`, `executed_function`, `id_pk_brg_cabang`, `brg_cabang_qty`, `brg_cabang_last_price`, `brg_cabang_notes`, `brg_cabang_status`, `id_fk_brg`, `id_fk_cabang`, `brg_cabang_create_date`, `brg_cabang_last_modified`, `id_create_data`, `id_last_modified`, `id_log_all`) VALUES
(1290, 'after update', 16, 0, 500, '-', 'AKTIF', 5, 2, '2020-06-22 03:01:02', '2020-07-06 05:20:12', 1, 1, 4525),
(1291, 'after update', 18, 0, 100, '-', 'AKTIF', 7, 2, '2020-06-29 12:18:09', '2020-07-06 05:20:23', 1, 1, 4526),
(1292, 'after update', 10, 0, 33, 'poiuytrewq', 'nonaktif', 5, 1, '2020-06-22 01:46:33', '2020-07-04 10:18:19', 1, 1, 4527),
(1293, 'after update', 24, 0, 33, '-', 'AKTIF', 5, 1, '2020-07-04 10:18:46', '2020-07-04 10:25:16', 1, 1, 4528),
(1294, 'after update', 16, 0, 316, '-', 'AKTIF', 5, 2, '2020-06-22 03:01:02', '2020-07-06 05:20:12', 1, 1, 4529),
(1295, 'after update', 17, 0, 297, '-', 'AKTIF', 6, 2, '2020-06-22 05:26:20', '2020-06-22 05:26:20', 1, 1, 4530),
(1296, 'after update', 19, 0, 6, '-', 'nonaktif', 7, 1, '2020-07-04 09:08:25', '2020-07-04 09:16:51', 1, 1, 4531),
(1297, 'after update', 25, 0, 6, '-', 'AKTIF', 7, 1, '2020-07-04 10:18:46', '2020-07-04 10:25:21', 1, 1, 4532),
(1298, 'after update', 18, 0, 63, '-', 'AKTIF', 7, 2, '2020-06-29 12:18:09', '2020-07-06 05:20:23', 1, 1, 4533),
(1299, 'after update', 10, 0, 33, 'poiuytrewq', 'nonaktif', 5, 1, '2020-06-22 01:46:33', '2020-07-04 10:18:19', 1, 1, 4534),
(1300, 'after update', 24, 0, 33, '-', 'AKTIF', 5, 1, '2020-07-04 10:18:46', '2020-07-04 10:25:16', 1, 1, 4535),
(1301, 'after update', 16, 0, 316, '-', 'AKTIF', 5, 2, '2020-06-22 03:01:02', '2020-07-06 05:20:12', 1, 1, 4536),
(1302, 'after update', 17, 0, 297, '-', 'AKTIF', 6, 2, '2020-06-22 05:26:20', '2020-06-22 05:26:20', 1, 1, 4537),
(1303, 'after update', 19, 0, 6, '-', 'nonaktif', 7, 1, '2020-07-04 09:08:25', '2020-07-04 09:16:51', 1, 1, 4538),
(1304, 'after update', 25, 0, 6, '-', 'AKTIF', 7, 1, '2020-07-04 10:18:46', '2020-07-04 10:25:21', 1, 1, 4539),
(1305, 'after update', 18, 0, 63, '-', 'AKTIF', 7, 2, '2020-06-29 12:18:09', '2020-07-06 05:20:23', 1, 1, 4540),
(1306, 'after update', 13, 14000, 3202, '-', 'nonaktif', 2, 2, '2020-06-22 03:01:02', '2020-07-06 11:39:15', 1, 1, 4541),
(1307, 'after update', 27, 0, 3352, 'Auto insert from item existance check', 'nonaktif', 2, 2, '2020-07-06 11:49:17', '2020-07-06 11:49:33', 1, 1, 4542),
(1308, 'after update', 28, 0, 3352, 'Auto insert from item existance check', 'nonaktif', 2, 2, '2020-07-06 11:49:33', '2020-07-06 11:52:03', 1, 1, 4543),
(1309, 'after update', 29, 0, 3352, 'Auto insert from item existance check', 'nonaktif', 2, 2, '2020-07-06 11:52:03', '2020-07-06 11:52:29', 1, 1, 4544),
(1310, 'after update', 30, 0, 3352, 'Auto insert from item existance check', 'nonaktif', 2, 2, '2020-07-06 11:52:29', '2020-07-06 02:01:07', 1, 1, 4545),
(1311, 'after update', 31, 0, 1912, 'Auto insert from item existance check', 'nonaktif', 2, 2, '2020-07-06 02:01:07', '2020-07-06 05:01:49', 1, 1, 4546),
(1312, 'after update', 32, 0, 1658, 'Auto insert from item existance check', 'aktif', 2, 2, '2020-07-06 05:01:49', '2020-07-06 05:01:49', 1, 1, 4547),
(1313, 'after update', 14, 0, 588, '-', 'nonaktif', 3, 2, '2020-06-22 03:01:02', '2020-07-06 05:02:05', 1, 1, 4548),
(1314, 'after update', 34, 0, 1002, 'Auto insert from item existance check', 'aktif', 3, 2, '2020-07-06 05:02:05', '2020-07-06 05:02:05', 1, 1, 4549),
(1315, 'after update', 15, 0, 1536, '-', 'nonaktif', 4, 2, '2020-06-22 03:01:02', '2020-07-06 05:01:59', 1, 1, 4550),
(1316, 'after update', 33, 0, 1684, 'Auto insert from item existance check', 'aktif', 4, 2, '2020-07-06 05:01:59', '2020-07-06 05:01:59', 1, 1, 4551),
(1317, 'after update', 16, 0, 501, '-', 'AKTIF', 5, 2, '2020-06-22 03:01:02', '2020-07-06 05:20:12', 1, 1, 4552),
(1318, 'after update', 18, 0, 100, '-', 'AKTIF', 7, 2, '2020-06-29 12:18:09', '2020-07-06 05:20:32', 1, 1, 4553),
(1319, 'after update', 10, 0, 33, 'poiuytrewq', 'nonaktif', 5, 1, '2020-06-22 01:46:33', '2020-07-04 10:18:19', 1, 1, 4554),
(1320, 'after update', 24, 0, 33, '-', 'AKTIF', 5, 1, '2020-07-04 10:18:46', '2020-07-04 10:25:16', 1, 1, 4555),
(1321, 'after update', 16, 0, 331, '-', 'AKTIF', 5, 2, '2020-06-22 03:01:02', '2020-07-06 05:20:12', 1, 1, 4556),
(1322, 'after update', 17, 0, 334, '-', 'AKTIF', 6, 2, '2020-06-22 05:26:20', '2020-06-22 05:26:20', 1, 1, 4557),
(1323, 'after update', 19, 0, 6, '-', 'nonaktif', 7, 1, '2020-07-04 09:08:25', '2020-07-04 09:16:51', 1, 1, 4558),
(1324, 'after update', 25, 0, 6, '-', 'AKTIF', 7, 1, '2020-07-04 10:18:46', '2020-07-04 10:25:21', 1, 1, 4559),
(1325, 'after update', 18, 0, 66, '-', 'AKTIF', 7, 2, '2020-06-29 12:18:09', '2020-07-06 05:20:32', 1, 1, 4560),
(1326, 'after update', 10, 0, 33, 'poiuytrewq', 'nonaktif', 5, 1, '2020-06-22 01:46:33', '2020-07-04 10:18:19', 1, 1, 4561),
(1327, 'after update', 24, 0, 33, '-', 'AKTIF', 5, 1, '2020-07-04 10:18:46', '2020-07-04 10:25:16', 1, 1, 4562),
(1328, 'after update', 16, 0, 331, '-', 'AKTIF', 5, 2, '2020-06-22 03:01:02', '2020-07-06 05:20:12', 1, 1, 4563),
(1329, 'after update', 17, 0, 334, '-', 'AKTIF', 6, 2, '2020-06-22 05:26:20', '2020-06-22 05:26:20', 1, 1, 4564),
(1330, 'after update', 19, 0, 6, '-', 'nonaktif', 7, 1, '2020-07-04 09:08:25', '2020-07-04 09:16:51', 1, 1, 4565),
(1331, 'after update', 25, 0, 6, '-', 'AKTIF', 7, 1, '2020-07-04 10:18:46', '2020-07-04 10:25:21', 1, 1, 4566),
(1332, 'after update', 18, 0, 66, '-', 'AKTIF', 7, 2, '2020-06-29 12:18:09', '2020-07-06 05:20:32', 1, 1, 4567),
(1333, 'after update', 12, 15000, -358, '-', 'AKTIF', 1, 2, '2020-06-22 03:01:02', '2020-06-22 05:28:46', 1, 1, 4568),
(1334, 'after update', 13, 14000, 2934, '-', 'nonaktif', 2, 2, '2020-06-22 03:01:02', '2020-07-06 11:39:15', 1, 1, 4569),
(1335, 'after update', 27, 0, 3084, 'Auto insert from item existance check', 'nonaktif', 2, 2, '2020-07-06 11:49:17', '2020-07-06 11:49:33', 1, 1, 4570),
(1336, 'after update', 28, 0, 3084, 'Auto insert from item existance check', 'nonaktif', 2, 2, '2020-07-06 11:49:33', '2020-07-06 11:52:03', 1, 1, 4571),
(1337, 'after update', 29, 0, 3084, 'Auto insert from item existance check', 'nonaktif', 2, 2, '2020-07-06 11:52:03', '2020-07-06 11:52:29', 1, 1, 4572),
(1338, 'after update', 30, 0, 3084, 'Auto insert from item existance check', 'nonaktif', 2, 2, '2020-07-06 11:52:29', '2020-07-06 02:01:07', 1, 1, 4573),
(1339, 'after update', 31, 0, 1644, 'Auto insert from item existance check', 'nonaktif', 2, 2, '2020-07-06 02:01:07', '2020-07-06 05:01:49', 1, 1, 4574),
(1340, 'after update', 32, 0, 1390, 'Auto insert from item existance check', 'aktif', 2, 2, '2020-07-06 05:01:49', '2020-07-06 05:01:49', 1, 1, 4575),
(1341, 'after update', 15, 0, 1000, '-', 'nonaktif', 4, 2, '2020-06-22 03:01:02', '2020-07-06 05:01:59', 1, 1, 4576),
(1342, 'after update', 33, 0, 1148, 'Auto insert from item existance check', 'aktif', 4, 2, '2020-07-06 05:01:59', '2020-07-06 05:01:59', 1, 1, 4577),
(1343, 'after update', 14, 0, 186, '-', 'nonaktif', 3, 2, '2020-06-22 03:01:02', '2020-07-06 05:02:05', 1, 1, 4578),
(1344, 'after update', 34, 0, 600, 'Auto insert from item existance check', 'aktif', 3, 2, '2020-07-06 05:02:05', '2020-07-06 05:02:05', 1, 1, 4579),
(1345, 'after update', 17, 0, 200, '-', 'AKTIF', 6, 2, '2020-06-22 05:26:20', '2020-07-06 05:20:56', 1, 1, 4580),
(1346, 'after update', 10, 0, 33, 'poiuytrewq', 'nonaktif', 5, 1, '2020-06-22 01:46:33', '2020-07-04 10:18:19', 1, 1, 4581),
(1347, 'after update', 24, 0, 33, '-', 'AKTIF', 5, 1, '2020-07-04 10:18:46', '2020-07-04 10:25:16', 1, 1, 4582),
(1348, 'after update', 16, 0, 278, '-', 'AKTIF', 5, 2, '2020-06-22 03:01:02', '2020-07-06 05:20:12', 1, 1, 4583),
(1349, 'after update', 17, 0, 200, '-', 'AKTIF', 6, 2, '2020-06-22 05:26:20', '2020-07-06 05:20:56', 1, 1, 4584),
(1350, 'after update', 19, 0, 6, '-', 'nonaktif', 7, 1, '2020-07-04 09:08:25', '2020-07-04 09:16:51', 1, 1, 4585),
(1351, 'after update', 25, 0, 6, '-', 'AKTIF', 7, 1, '2020-07-04 10:18:46', '2020-07-04 10:25:21', 1, 1, 4586),
(1352, 'after update', 18, 0, 55, '-', 'AKTIF', 7, 2, '2020-06-29 12:18:09', '2020-07-06 05:20:32', 1, 1, 4587),
(1353, 'after update', 10, 0, 33, 'poiuytrewq', 'nonaktif', 5, 1, '2020-06-22 01:46:33', '2020-07-04 10:18:19', 1, 1, 4588),
(1354, 'after update', 24, 0, 33, '-', 'AKTIF', 5, 1, '2020-07-04 10:18:46', '2020-07-04 10:25:16', 1, 1, 4589),
(1355, 'after update', 16, 0, 278, '-', 'AKTIF', 5, 2, '2020-06-22 03:01:02', '2020-07-06 05:20:12', 1, 1, 4590),
(1356, 'after update', 17, 0, 200, '-', 'AKTIF', 6, 2, '2020-06-22 05:26:20', '2020-07-06 05:20:56', 1, 1, 4591),
(1357, 'after update', 19, 0, 6, '-', 'nonaktif', 7, 1, '2020-07-04 09:08:25', '2020-07-04 09:16:51', 1, 1, 4592),
(1358, 'after update', 25, 0, 6, '-', 'AKTIF', 7, 1, '2020-07-04 10:18:46', '2020-07-04 10:25:21', 1, 1, 4593),
(1359, 'after update', 18, 0, 55, '-', 'AKTIF', 7, 2, '2020-06-29 12:18:09', '2020-07-06 05:20:32', 1, 1, 4594),
(1360, 'after update', 32, 0, 300, 'Auto insert from item existance check', 'aktif', 2, 2, '2020-07-06 05:01:49', '2020-07-06 05:21:00', 1, 1, 4595),
(1361, 'after update', 10, 0, 33, 'poiuytrewq', 'nonaktif', 5, 1, '2020-06-22 01:46:33', '2020-07-04 10:18:19', 1, 1, 4596),
(1362, 'after update', 24, 0, 33, '-', 'AKTIF', 5, 1, '2020-07-04 10:18:46', '2020-07-04 10:25:16', 1, 1, 4597),
(1363, 'after update', 16, 0, 60, '-', 'AKTIF', 5, 2, '2020-06-22 03:01:02', '2020-07-06 05:20:12', 1, 1, 4598),
(1364, 'after update', 17, 0, 150, '-', 'AKTIF', 6, 2, '2020-06-22 05:26:20', '2020-07-06 05:20:56', 1, 1, 4599),
(1365, 'after update', 19, 0, 6, '-', 'nonaktif', 7, 1, '2020-07-04 09:08:25', '2020-07-04 09:16:51', 1, 1, 4600),
(1366, 'after update', 25, 0, 6, '-', 'AKTIF', 7, 1, '2020-07-04 10:18:46', '2020-07-04 10:25:21', 1, 1, 4601),
(1367, 'after update', 18, 0, 12, '-', 'AKTIF', 7, 2, '2020-06-29 12:18:09', '2020-07-06 05:20:32', 1, 1, 4602),
(1368, 'after update', 10, 0, 33, 'poiuytrewq', 'nonaktif', 5, 1, '2020-06-22 01:46:33', '2020-07-04 10:18:19', 1, 1, 4603),
(1369, 'after update', 24, 0, 33, '-', 'AKTIF', 5, 1, '2020-07-04 10:18:46', '2020-07-04 10:25:16', 1, 1, 4604),
(1370, 'after update', 16, 0, 60, '-', 'AKTIF', 5, 2, '2020-06-22 03:01:02', '2020-07-06 05:20:12', 1, 1, 4605),
(1371, 'after update', 17, 0, 150, '-', 'AKTIF', 6, 2, '2020-06-22 05:26:20', '2020-07-06 05:20:56', 1, 1, 4606),
(1372, 'after update', 19, 0, 6, '-', 'nonaktif', 7, 1, '2020-07-04 09:08:25', '2020-07-04 09:16:51', 1, 1, 4607),
(1373, 'after update', 25, 0, 6, '-', 'AKTIF', 7, 1, '2020-07-04 10:18:46', '2020-07-04 10:25:21', 1, 1, 4608),
(1374, 'after update', 18, 0, 12, '-', 'AKTIF', 7, 2, '2020-06-29 12:18:09', '2020-07-06 05:20:32', 1, 1, 4609),
(1375, 'after update', 34, 0, 300, 'Auto insert from item existance check', 'aktif', 3, 2, '2020-07-06 05:02:05', '2020-07-06 05:21:03', 1, 1, 4610),
(1376, 'after update', 10, 0, 33, 'poiuytrewq', 'nonaktif', 5, 1, '2020-06-22 01:46:33', '2020-07-04 10:18:19', 1, 1, 4611),
(1377, 'after update', 24, 0, 33, '-', 'AKTIF', 5, 1, '2020-07-04 10:18:46', '2020-07-04 10:25:16', 1, 1, 4612),
(1378, 'after update', 16, 0, 60, '-', 'AKTIF', 5, 2, '2020-06-22 03:01:02', '2020-07-06 05:20:12', 1, 1, 4613),
(1379, 'after update', 17, 0, 100, '-', 'AKTIF', 6, 2, '2020-06-22 05:26:20', '2020-07-06 05:20:56', 1, 1, 4614),
(1380, 'after update', 19, 0, 6, '-', 'nonaktif', 7, 1, '2020-07-04 09:08:25', '2020-07-04 09:16:51', 1, 1, 4615),
(1381, 'after update', 25, 0, 6, '-', 'AKTIF', 7, 1, '2020-07-04 10:18:46', '2020-07-04 10:25:21', 1, 1, 4616),
(1382, 'after update', 18, 0, 12, '-', 'AKTIF', 7, 2, '2020-06-29 12:18:09', '2020-07-06 05:20:32', 1, 1, 4617),
(1383, 'after update', 10, 0, 33, 'poiuytrewq', 'nonaktif', 5, 1, '2020-06-22 01:46:33', '2020-07-04 10:18:19', 1, 1, 4618),
(1384, 'after update', 24, 0, 33, '-', 'AKTIF', 5, 1, '2020-07-04 10:18:46', '2020-07-04 10:25:16', 1, 1, 4619),
(1385, 'after update', 16, 0, 60, '-', 'AKTIF', 5, 2, '2020-06-22 03:01:02', '2020-07-06 05:20:12', 1, 1, 4620),
(1386, 'after update', 17, 0, 100, '-', 'AKTIF', 6, 2, '2020-06-22 05:26:20', '2020-07-06 05:20:56', 1, 1, 4621),
(1387, 'after update', 19, 0, 6, '-', 'nonaktif', 7, 1, '2020-07-04 09:08:25', '2020-07-04 09:16:51', 1, 1, 4622),
(1388, 'after update', 25, 0, 6, '-', 'AKTIF', 7, 1, '2020-07-04 10:18:46', '2020-07-04 10:25:21', 1, 1, 4623),
(1389, 'after update', 18, 0, 12, '-', 'AKTIF', 7, 2, '2020-06-29 12:18:09', '2020-07-06 05:20:32', 1, 1, 4624),
(1390, 'after update', 33, 0, 300, 'Auto insert from item existance check', 'aktif', 4, 2, '2020-07-06 05:01:59', '2020-07-06 05:21:06', 1, 1, 4625),
(1391, 'after update', 10, 0, 33, 'poiuytrewq', 'nonaktif', 5, 1, '2020-06-22 01:46:33', '2020-07-04 10:18:19', 1, 1, 4626),
(1392, 'after update', 24, 0, 33, '-', 'AKTIF', 5, 1, '2020-07-04 10:18:46', '2020-07-04 10:25:16', 1, 1, 4627),
(1393, 'after update', 16, 0, 60, '-', 'AKTIF', 5, 2, '2020-06-22 03:01:02', '2020-07-06 05:20:12', 1, 1, 4628),
(1394, 'after update', 17, 0, 75, '-', 'AKTIF', 6, 2, '2020-06-22 05:26:20', '2020-07-06 05:20:56', 1, 1, 4629),
(1395, 'after update', 19, 0, 6, '-', 'nonaktif', 7, 1, '2020-07-04 09:08:25', '2020-07-04 09:16:51', 1, 1, 4630),
(1396, 'after update', 25, 0, 6, '-', 'AKTIF', 7, 1, '2020-07-04 10:18:46', '2020-07-04 10:25:21', 1, 1, 4631),
(1397, 'after update', 18, 0, 12, '-', 'AKTIF', 7, 2, '2020-06-29 12:18:09', '2020-07-06 05:20:32', 1, 1, 4632),
(1398, 'after update', 10, 0, 33, 'poiuytrewq', 'nonaktif', 5, 1, '2020-06-22 01:46:33', '2020-07-04 10:18:19', 1, 1, 4633),
(1399, 'after update', 24, 0, 33, '-', 'AKTIF', 5, 1, '2020-07-04 10:18:46', '2020-07-04 10:25:16', 1, 1, 4634),
(1400, 'after update', 16, 0, 60, '-', 'AKTIF', 5, 2, '2020-06-22 03:01:02', '2020-07-06 05:20:12', 1, 1, 4635),
(1401, 'after update', 17, 0, 75, '-', 'AKTIF', 6, 2, '2020-06-22 05:26:20', '2020-07-06 05:20:56', 1, 1, 4636),
(1402, 'after update', 19, 0, 6, '-', 'nonaktif', 7, 1, '2020-07-04 09:08:25', '2020-07-04 09:16:51', 1, 1, 4637),
(1403, 'after update', 25, 0, 6, '-', 'AKTIF', 7, 1, '2020-07-04 10:18:46', '2020-07-04 10:25:21', 1, 1, 4638),
(1404, 'after update', 18, 0, 12, '-', 'AKTIF', 7, 2, '2020-06-29 12:18:09', '2020-07-06 05:20:32', 1, 1, 4639),
(1405, 'after update', 13, 14000, 3134, '-', 'nonaktif', 2, 2, '2020-06-22 03:01:02', '2020-07-06 11:39:15', 1, 1, 4640),
(1406, 'after update', 27, 0, 3284, 'Auto insert from item existance check', 'nonaktif', 2, 2, '2020-07-06 11:49:17', '2020-07-06 11:49:33', 1, 1, 4641),
(1407, 'after update', 28, 0, 3284, 'Auto insert from item existance check', 'nonaktif', 2, 2, '2020-07-06 11:49:33', '2020-07-06 11:52:03', 1, 1, 4642),
(1408, 'after update', 29, 0, 3284, 'Auto insert from item existance check', 'nonaktif', 2, 2, '2020-07-06 11:52:03', '2020-07-06 11:52:29', 1, 1, 4643),
(1409, 'after update', 30, 0, 3284, 'Auto insert from item existance check', 'nonaktif', 2, 2, '2020-07-06 11:52:29', '2020-07-06 02:01:07', 1, 1, 4644),
(1410, 'after update', 31, 0, 1844, 'Auto insert from item existance check', 'nonaktif', 2, 2, '2020-07-06 02:01:07', '2020-07-06 05:01:49', 1, 1, 4645),
(1411, 'after update', 32, 0, 500, 'Auto insert from item existance check', 'aktif', 2, 2, '2020-07-06 05:01:49', '2020-07-06 05:21:00', 1, 1, 4646),
(1412, 'after update', 15, 0, 1120, '-', 'nonaktif', 4, 2, '2020-06-22 03:01:02', '2020-07-06 05:01:59', 1, 1, 4647),
(1413, 'after update', 33, 0, 420, 'Auto insert from item existance check', 'aktif', 4, 2, '2020-07-06 05:01:59', '2020-07-06 05:21:06', 1, 1, 4648),
(1414, 'after update', 16, 0, 100, '-', 'AKTIF', 5, 2, '2020-06-22 03:01:02', '2020-07-06 05:21:27', 1, 1, 4649),
(1415, 'after update', 10, 0, 33, 'poiuytrewq', 'nonaktif', 5, 1, '2020-06-22 01:46:33', '2020-07-04 10:18:19', 1, 1, 4650),
(1416, 'after update', 24, 0, 33, '-', 'AKTIF', 5, 1, '2020-07-04 10:18:46', '2020-07-04 10:25:16', 1, 1, 4651),
(1417, 'after update', 16, 0, 100, '-', 'AKTIF', 5, 2, '2020-06-22 03:01:02', '2020-07-06 05:21:27', 1, 1, 4652),
(1418, 'after update', 17, 0, 100, '-', 'AKTIF', 6, 2, '2020-06-22 05:26:20', '2020-07-06 05:20:56', 1, 1, 4653),
(1419, 'after update', 19, 0, 6, '-', 'nonaktif', 7, 1, '2020-07-04 09:08:25', '2020-07-04 09:16:51', 1, 1, 4654),
(1420, 'after update', 25, 0, 6, '-', 'AKTIF', 7, 1, '2020-07-04 10:18:46', '2020-07-04 10:25:21', 1, 1, 4655),
(1421, 'after update', 18, 0, 20, '-', 'AKTIF', 7, 2, '2020-06-29 12:18:09', '2020-07-06 05:20:32', 1, 1, 4656),
(1422, 'after update', 10, 0, 33, 'poiuytrewq', 'nonaktif', 5, 1, '2020-06-22 01:46:33', '2020-07-04 10:18:19', 1, 1, 4657),
(1423, 'after update', 24, 0, 33, '-', 'AKTIF', 5, 1, '2020-07-04 10:18:46', '2020-07-04 10:25:16', 1, 1, 4658),
(1424, 'after update', 16, 0, 100, '-', 'AKTIF', 5, 2, '2020-06-22 03:01:02', '2020-07-06 05:21:27', 1, 1, 4659),
(1425, 'after update', 17, 0, 100, '-', 'AKTIF', 6, 2, '2020-06-22 05:26:20', '2020-07-06 05:20:56', 1, 1, 4660),
(1426, 'after update', 19, 0, 6, '-', 'nonaktif', 7, 1, '2020-07-04 09:08:25', '2020-07-04 09:16:51', 1, 1, 4661),
(1427, 'after update', 25, 0, 6, '-', 'AKTIF', 7, 1, '2020-07-04 10:18:46', '2020-07-04 10:25:21', 1, 1, 4662),
(1428, 'after update', 18, 0, 20, '-', 'AKTIF', 7, 2, '2020-06-29 12:18:09', '2020-07-06 05:20:32', 1, 1, 4663),
(1429, 'after update', 12, 15000, -318, '-', 'AKTIF', 1, 2, '2020-06-22 03:01:02', '2020-06-22 05:28:46', 1, 1, 4664),
(1430, 'after update', 13, 14000, 3174, '-', 'nonaktif', 2, 2, '2020-06-22 03:01:02', '2020-07-06 11:39:15', 1, 1, 4665),
(1431, 'after update', 27, 0, 3324, 'Auto insert from item existance check', 'nonaktif', 2, 2, '2020-07-06 11:49:17', '2020-07-06 11:49:33', 1, 1, 4666),
(1432, 'after update', 28, 0, 3324, 'Auto insert from item existance check', 'nonaktif', 2, 2, '2020-07-06 11:49:33', '2020-07-06 11:52:03', 1, 1, 4667),
(1433, 'after update', 29, 0, 3324, 'Auto insert from item existance check', 'nonaktif', 2, 2, '2020-07-06 11:52:03', '2020-07-06 11:52:29', 1, 1, 4668),
(1434, 'after update', 30, 0, 3324, 'Auto insert from item existance check', 'nonaktif', 2, 2, '2020-07-06 11:52:29', '2020-07-06 02:01:07', 1, 1, 4669),
(1435, 'after update', 31, 0, 1884, 'Auto insert from item existance check', 'nonaktif', 2, 2, '2020-07-06 02:01:07', '2020-07-06 05:01:49', 1, 1, 4670),
(1436, 'after update', 32, 0, 540, 'Auto insert from item existance check', 'aktif', 2, 2, '2020-07-06 05:01:49', '2020-07-06 05:21:00', 1, 1, 4671),
(1437, 'after update', 15, 0, 1200, '-', 'nonaktif', 4, 2, '2020-06-22 03:01:02', '2020-07-06 05:01:59', 1, 1, 4672),
(1438, 'after update', 33, 0, 500, 'Auto insert from item existance check', 'aktif', 4, 2, '2020-07-06 05:01:59', '2020-07-06 05:21:06', 1, 1, 4673),
(1439, 'after update', 14, 0, 246, '-', 'nonaktif', 3, 2, '2020-06-22 03:01:02', '2020-07-06 05:02:05', 1, 1, 4674),
(1440, 'after update', 34, 0, 360, 'Auto insert from item existance check', 'aktif', 3, 2, '2020-07-06 05:02:05', '2020-07-06 05:21:03', 1, 1, 4675),
(1441, 'after update', 17, 0, 120, '-', 'AKTIF', 6, 2, '2020-06-22 05:26:20', '2020-07-06 05:21:38', 1, 1, 4676),
(1442, 'after update', 10, 0, 33, 'poiuytrewq', 'nonaktif', 5, 1, '2020-06-22 01:46:33', '2020-07-04 10:18:19', 1, 1, 4677),
(1443, 'after update', 24, 0, 33, '-', 'AKTIF', 5, 1, '2020-07-04 10:18:46', '2020-07-04 10:25:16', 1, 1, 4678),
(1444, 'after update', 16, 0, 108, '-', 'AKTIF', 5, 2, '2020-06-22 03:01:02', '2020-07-06 05:21:27', 1, 1, 4679),
(1445, 'after update', 17, 0, 120, '-', 'AKTIF', 6, 2, '2020-06-22 05:26:20', '2020-07-06 05:21:38', 1, 1, 4680),
(1446, 'after update', 19, 0, 6, '-', 'nonaktif', 7, 1, '2020-07-04 09:08:25', '2020-07-04 09:16:51', 1, 1, 4681),
(1447, 'after update', 25, 0, 6, '-', 'AKTIF', 7, 1, '2020-07-04 10:18:46', '2020-07-04 10:25:21', 1, 1, 4682),
(1448, 'after update', 18, 0, 21, '-', 'AKTIF', 7, 2, '2020-06-29 12:18:09', '2020-07-06 05:20:32', 1, 1, 4683),
(1449, 'after update', 10, 0, 33, 'poiuytrewq', 'nonaktif', 5, 1, '2020-06-22 01:46:33', '2020-07-04 10:18:19', 1, 1, 4684),
(1450, 'after update', 24, 0, 33, '-', 'AKTIF', 5, 1, '2020-07-04 10:18:46', '2020-07-04 10:25:16', 1, 1, 4685),
(1451, 'after update', 16, 0, 108, '-', 'AKTIF', 5, 2, '2020-06-22 03:01:02', '2020-07-06 05:21:27', 1, 1, 4686),
(1452, 'after update', 17, 0, 120, '-', 'AKTIF', 6, 2, '2020-06-22 05:26:20', '2020-07-06 05:21:38', 1, 1, 4687),
(1453, 'after update', 19, 0, 6, '-', 'nonaktif', 7, 1, '2020-07-04 09:08:25', '2020-07-04 09:16:51', 1, 1, 4688),
(1454, 'after update', 25, 0, 6, '-', 'AKTIF', 7, 1, '2020-07-04 10:18:46', '2020-07-04 10:25:21', 1, 1, 4689),
(1455, 'after update', 18, 0, 21, '-', 'AKTIF', 7, 2, '2020-06-29 12:18:09', '2020-07-06 05:20:32', 1, 1, 4690),
(1456, 'after update', 13, 14000, 3232, '-', 'nonaktif', 2, 2, '2020-06-22 03:01:02', '2020-07-06 11:39:15', 1, 1, 4691),
(1457, 'after update', 27, 0, 3382, 'Auto insert from item existance check', 'nonaktif', 2, 2, '2020-07-06 11:49:17', '2020-07-06 11:49:33', 1, 1, 4692),
(1458, 'after update', 28, 0, 3382, 'Auto insert from item existance check', 'nonaktif', 2, 2, '2020-07-06 11:49:33', '2020-07-06 11:52:03', 1, 1, 4693),
(1459, 'after update', 29, 0, 3382, 'Auto insert from item existance check', 'nonaktif', 2, 2, '2020-07-06 11:52:03', '2020-07-06 11:52:29', 1, 1, 4694),
(1460, 'after update', 30, 0, 3382, 'Auto insert from item existance check', 'nonaktif', 2, 2, '2020-07-06 11:52:29', '2020-07-06 02:01:07', 1, 1, 4695),
(1461, 'after update', 31, 0, 1942, 'Auto insert from item existance check', 'nonaktif', 2, 2, '2020-07-06 02:01:07', '2020-07-06 05:01:49', 1, 1, 4696),
(1462, 'after update', 32, 0, 598, 'Auto insert from item existance check', 'aktif', 2, 2, '2020-07-06 05:01:49', '2020-07-06 05:21:00', 1, 1, 4697),
(1463, 'after update', 14, 0, 333, '-', 'nonaktif', 3, 2, '2020-06-22 03:01:02', '2020-07-06 05:02:05', 1, 1, 4698),
(1464, 'after update', 34, 0, 447, 'Auto insert from item existance check', 'aktif', 3, 2, '2020-07-06 05:02:05', '2020-07-06 05:21:03', 1, 1, 4699),
(1465, 'after update', 15, 0, 1316, '-', 'nonaktif', 4, 2, '2020-06-22 03:01:02', '2020-07-06 05:01:59', 1, 1, 4700),
(1466, 'after update', 33, 0, 616, 'Auto insert from item existance check', 'aktif', 4, 2, '2020-07-06 05:01:59', '2020-07-06 05:21:06', 1, 1, 4701),
(1467, 'after update', 16, 0, 253, '-', 'AKTIF', 5, 2, '2020-06-22 03:01:02', '2020-07-06 05:21:27', 1, 1, 4702),
(1468, 'after update', 18, 0, 50, '-', 'AKTIF', 7, 2, '2020-06-29 12:18:09', '2020-07-06 05:21:52', 1, 1, 4703),
(1469, 'after update', 10, 0, 33, 'poiuytrewq', 'nonaktif', 5, 1, '2020-06-22 01:46:33', '2020-07-04 10:18:19', 1, 1, 4704),
(1470, 'after update', 24, 0, 33, '-', 'AKTIF', 5, 1, '2020-07-04 10:18:46', '2020-07-04 10:25:16', 1, 1, 4705),
(1471, 'after update', 16, 0, 119, '-', 'AKTIF', 5, 2, '2020-06-22 03:01:02', '2020-07-06 05:21:27', 1, 1, 4706),
(1472, 'after update', 17, 0, 149, '-', 'AKTIF', 6, 2, '2020-06-22 05:26:20', '2020-07-06 05:21:38', 1, 1, 4707),
(1473, 'after update', 19, 0, 6, '-', 'nonaktif', 7, 1, '2020-07-04 09:08:25', '2020-07-04 09:16:51', 1, 1, 4708),
(1474, 'after update', 25, 0, 6, '-', 'AKTIF', 7, 1, '2020-07-04 10:18:46', '2020-07-04 10:25:21', 1, 1, 4709),
(1475, 'after update', 18, 0, 23, '-', 'AKTIF', 7, 2, '2020-06-29 12:18:09', '2020-07-06 05:21:52', 1, 1, 4710),
(1476, 'after update', 10, 0, 33, 'poiuytrewq', 'nonaktif', 5, 1, '2020-06-22 01:46:33', '2020-07-04 10:18:19', 1, 1, 4712),
(1477, 'after update', 24, 0, 33, '-', 'AKTIF', 5, 1, '2020-07-04 10:18:46', '2020-07-04 10:25:16', 1, 1, 4713),
(1478, 'after update', 16, 0, 119, '-', 'AKTIF', 5, 2, '2020-06-22 03:01:02', '2020-07-06 05:21:27', 1, 1, 4714),
(1479, 'after update', 17, 0, 149, '-', 'AKTIF', 6, 2, '2020-06-22 05:26:20', '2020-07-06 05:21:38', 1, 1, 4715),
(1480, 'after update', 19, 0, 25, '-', 'nonaktif', 7, 1, '2020-07-04 09:08:25', '2020-07-04 09:16:51', 1, 1, 4716),
(1481, 'after update', 25, 0, 25, '-', 'AKTIF', 7, 1, '2020-07-04 10:18:46', '2020-07-04 10:25:21', 1, 1, 4717),
(1482, 'after update', 18, 0, 149, '-', 'AKTIF', 7, 2, '2020-06-29 12:18:09', '2020-07-06 05:21:52', 1, 1, 4718),
(1483, 'after update', 10, 0, 33, 'poiuytrewq', 'nonaktif', 5, 1, '2020-06-22 01:46:33', '2020-07-04 10:18:19', 1, 1, 4719),
(1484, 'after update', 24, 0, 33, '-', 'AKTIF', 5, 1, '2020-07-04 10:18:46', '2020-07-04 10:25:16', 1, 1, 4720),
(1485, 'after update', 16, 0, 119, '-', 'AKTIF', 5, 2, '2020-06-22 03:01:02', '2020-07-06 05:21:27', 1, 1, 4721),
(1486, 'after update', 17, 0, 149, '-', 'AKTIF', 6, 2, '2020-06-22 05:26:20', '2020-07-06 05:21:38', 1, 1, 4722),
(1487, 'after update', 19, 0, 25, '-', 'nonaktif', 7, 1, '2020-07-04 09:08:25', '2020-07-04 09:16:51', 1, 1, 4723),
(1488, 'after update', 25, 0, 25, '-', 'AKTIF', 7, 1, '2020-07-04 10:18:46', '2020-07-04 10:25:21', 1, 1, 4724),
(1489, 'after update', 18, 0, 149, '-', 'AKTIF', 7, 2, '2020-06-29 12:18:09', '2020-07-06 05:21:52', 1, 1, 4725),
(1490, 'after update', 10, 0, 33, 'poiuytrewq', 'nonaktif', 5, 1, '2020-06-22 01:46:33', '2020-07-04 10:18:19', 1, 1, 4726),
(1491, 'after update', 24, 0, 33, '-', 'AKTIF', 5, 1, '2020-07-04 10:18:46', '2020-07-04 10:25:16', 1, 1, 4727),
(1492, 'after update', 16, 0, 119, '-', 'AKTIF', 5, 2, '2020-06-22 03:01:02', '2020-07-06 05:21:27', 1, 1, 4728),
(1493, 'after update', 17, 0, 149, '-', 'AKTIF', 6, 2, '2020-06-22 05:26:20', '2020-07-06 05:21:38', 1, 1, 4729),
(1494, 'after update', 19, 0, 25, '-', 'nonaktif', 7, 1, '2020-07-04 09:08:25', '2020-07-04 09:16:51', 1, 1, 4730),
(1495, 'after update', 25, 0, 25, '-', 'AKTIF', 7, 1, '2020-07-04 10:18:46', '2020-07-04 10:25:21', 1, 1, 4731),
(1496, 'after update', 18, 0, 149, '-', 'AKTIF', 7, 2, '2020-06-29 12:18:09', '2020-07-06 05:21:52', 1, 1, 4732),
(1497, 'after update', 13, 14000, 3334, '-', 'nonaktif', 2, 2, '2020-06-22 03:01:02', '2020-07-06 11:39:15', 1, 1, 4733),
(1498, 'after update', 27, 0, 3484, 'Auto insert from item existance check', 'nonaktif', 2, 2, '2020-07-06 11:49:17', '2020-07-06 11:49:33', 1, 1, 4734),
(1499, 'after update', 28, 0, 3484, 'Auto insert from item existance check', 'nonaktif', 2, 2, '2020-07-06 11:49:33', '2020-07-06 11:52:03', 1, 1, 4735),
(1500, 'after update', 29, 0, 3484, 'Auto insert from item existance check', 'nonaktif', 2, 2, '2020-07-06 11:52:03', '2020-07-06 11:52:29', 1, 1, 4736),
(1501, 'after update', 30, 0, 3484, 'Auto insert from item existance check', 'nonaktif', 2, 2, '2020-07-06 11:52:29', '2020-07-06 02:01:07', 1, 1, 4737),
(1502, 'after update', 31, 0, 2044, 'Auto insert from item existance check', 'nonaktif', 2, 2, '2020-07-06 02:01:07', '2020-07-06 05:01:49', 1, 1, 4738),
(1503, 'after update', 32, 0, 700, 'Auto insert from item existance check', 'aktif', 2, 2, '2020-07-06 05:01:49', '2020-07-06 05:21:00', 1, 1, 4739),
(1504, 'after update', 14, 0, 486, '-', 'nonaktif', 3, 2, '2020-06-22 03:01:02', '2020-07-06 05:02:05', 1, 1, 4740),
(1505, 'after update', 34, 0, 600, 'Auto insert from item existance check', 'aktif', 3, 2, '2020-07-06 05:02:05', '2020-07-06 05:21:03', 1, 1, 4741),
(1506, 'after update', 15, 0, 1520, '-', 'nonaktif', 4, 2, '2020-06-22 03:01:02', '2020-07-06 05:01:59', 1, 1, 4742),
(1507, 'after update', 33, 0, 820, 'Auto insert from item existance check', 'aktif', 4, 2, '2020-07-06 05:01:59', '2020-07-06 05:21:06', 1, 1, 4743),
(1508, 'after update', 18, 0, 200, '-', 'AKTIF', 7, 2, '2020-06-29 12:18:09', '2020-07-06 05:26:07', 1, 1, 4744),
(1509, 'after update', 10, 0, 33, 'poiuytrewq', 'nonaktif', 5, 1, '2020-06-22 01:46:33', '2020-07-04 10:18:19', 1, 1, 4745),
(1510, 'after update', 24, 0, 33, '-', 'AKTIF', 5, 1, '2020-07-04 10:18:46', '2020-07-04 10:25:16', 1, 1, 4746),
(1511, 'after update', 16, 0, 140, '-', 'AKTIF', 5, 2, '2020-06-22 03:01:02', '2020-07-06 05:21:27', 1, 1, 4747),
(1512, 'after update', 17, 0, 200, '-', 'AKTIF', 6, 2, '2020-06-22 05:26:20', '2020-07-06 05:21:38', 1, 1, 4748),
(1513, 'after update', 19, 0, 25, '-', 'nonaktif', 7, 1, '2020-07-04 09:08:25', '2020-07-04 09:16:51', 1, 1, 4749),
(1514, 'after update', 25, 0, 25, '-', 'AKTIF', 7, 1, '2020-07-04 10:18:46', '2020-07-04 10:25:21', 1, 1, 4750),
(1515, 'after update', 18, 0, 200, '-', 'AKTIF', 7, 2, '2020-06-29 12:18:09', '2020-07-06 05:26:07', 1, 1, 4751),
(1516, 'after update', 10, 0, 33, 'poiuytrewq', 'nonaktif', 5, 1, '2020-06-22 01:46:33', '2020-07-04 10:18:19', 1, 1, 4752),
(1517, 'after update', 24, 0, 33, '-', 'AKTIF', 5, 1, '2020-07-04 10:18:46', '2020-07-04 10:25:16', 1, 1, 4753),
(1518, 'after update', 16, 0, 140, '-', 'AKTIF', 5, 2, '2020-06-22 03:01:02', '2020-07-06 05:21:27', 1, 1, 4754),
(1519, 'after update', 17, 0, 200, '-', 'AKTIF', 6, 2, '2020-06-22 05:26:20', '2020-07-06 05:21:38', 1, 1, 4755),
(1520, 'after update', 19, 0, 25, '-', 'nonaktif', 7, 1, '2020-07-04 09:08:25', '2020-07-04 09:16:51', 1, 1, 4756),
(1521, 'after update', 25, 0, 25, '-', 'AKTIF', 7, 1, '2020-07-04 10:18:46', '2020-07-04 10:25:21', 1, 1, 4757),
(1522, 'after update', 18, 0, 200, '-', 'AKTIF', 7, 2, '2020-06-29 12:18:09', '2020-07-06 05:26:07', 1, 1, 4758),
(1523, 'after update', 13, 14000, 3534, '-', 'nonaktif', 2, 2, '2020-06-22 03:01:02', '2020-07-06 11:39:15', 1, 1, 4759),
(1524, 'after update', 27, 0, 3684, 'Auto insert from item existance check', 'nonaktif', 2, 2, '2020-07-06 11:49:17', '2020-07-06 11:49:33', 1, 1, 4760),
(1525, 'after update', 28, 0, 3684, 'Auto insert from item existance check', 'nonaktif', 2, 2, '2020-07-06 11:49:33', '2020-07-06 11:52:03', 1, 1, 4761),
(1526, 'after update', 29, 0, 3684, 'Auto insert from item existance check', 'nonaktif', 2, 2, '2020-07-06 11:52:03', '2020-07-06 11:52:29', 1, 1, 4762),
(1527, 'after update', 30, 0, 3684, 'Auto insert from item existance check', 'nonaktif', 2, 2, '2020-07-06 11:52:29', '2020-07-06 02:01:07', 1, 1, 4763),
(1528, 'after update', 31, 0, 2244, 'Auto insert from item existance check', 'nonaktif', 2, 2, '2020-07-06 02:01:07', '2020-07-06 05:01:49', 1, 1, 4764),
(1529, 'after update', 32, 0, 900, 'Auto insert from item existance check', 'aktif', 2, 2, '2020-07-06 05:01:49', '2020-07-06 05:21:00', 1, 1, 4765),
(1530, 'after update', 14, 0, 786, '-', 'nonaktif', 3, 2, '2020-06-22 03:01:02', '2020-07-06 05:02:05', 1, 1, 4766),
(1531, 'after update', 34, 0, 900, 'Auto insert from item existance check', 'aktif', 3, 2, '2020-07-06 05:02:05', '2020-07-06 05:21:03', 1, 1, 4767),
(1532, 'after update', 15, 0, 1920, '-', 'nonaktif', 4, 2, '2020-06-22 03:01:02', '2020-07-06 05:01:59', 1, 1, 4768),
(1533, 'after update', 33, 0, 1220, 'Auto insert from item existance check', 'aktif', 4, 2, '2020-07-06 05:01:59', '2020-07-06 05:21:06', 1, 1, 4769),
(1534, 'after update', 18, 0, 300, '-', 'AKTIF', 7, 2, '2020-06-29 12:18:09', '2020-07-06 05:34:11', 1, 1, 4770),
(1535, 'after update', 10, 0, 33, 'poiuytrewq', 'nonaktif', 5, 1, '2020-06-22 01:46:33', '2020-07-04 10:18:19', 1, 1, 4771),
(1536, 'after update', 24, 0, 33, '-', 'AKTIF', 5, 1, '2020-07-04 10:18:46', '2020-07-04 10:25:16', 1, 1, 4772),
(1537, 'after update', 16, 0, 180, '-', 'AKTIF', 5, 2, '2020-06-22 03:01:02', '2020-07-06 05:21:27', 1, 1, 4773),
(1538, 'after update', 17, 0, 300, '-', 'AKTIF', 6, 2, '2020-06-22 05:26:20', '2020-07-06 05:21:38', 1, 1, 4774),
(1539, 'after update', 19, 0, 25, '-', 'nonaktif', 7, 1, '2020-07-04 09:08:25', '2020-07-04 09:16:51', 1, 1, 4775),
(1540, 'after update', 25, 0, 25, '-', 'AKTIF', 7, 1, '2020-07-04 10:18:46', '2020-07-04 10:25:21', 1, 1, 4776),
(1541, 'after update', 18, 0, 300, '-', 'AKTIF', 7, 2, '2020-06-29 12:18:09', '2020-07-06 05:34:11', 1, 1, 4777),
(1542, 'after update', 10, 0, 33, 'poiuytrewq', 'nonaktif', 5, 1, '2020-06-22 01:46:33', '2020-07-04 10:18:19', 1, 1, 4874),
(1543, 'after update', 24, 0, 33, '-', 'AKTIF', 5, 1, '2020-07-04 10:18:46', '2020-07-04 10:25:16', 1, 1, 4875),
(1544, 'after update', 16, 0, 180, '-', 'AKTIF', 5, 2, '2020-06-22 03:01:02', '2020-07-06 05:21:27', 1, 1, 4876),
(1545, 'after update', 17, 0, 300, '-', 'AKTIF', 6, 2, '2020-06-22 05:26:20', '2020-07-06 05:21:38', 1, 1, 4877),
(1546, 'after update', 19, 0, 25, '-', 'nonaktif', 7, 1, '2020-07-04 09:08:25', '2020-07-04 09:16:51', 1, 1, 4878),
(1547, 'after update', 25, 0, 25, '-', 'AKTIF', 7, 1, '2020-07-04 10:18:46', '2020-07-04 10:25:21', 1, 1, 4879),
(1548, 'after update', 18, 0, 300, '-', 'AKTIF', 7, 2, '2020-06-29 12:18:09', '2020-07-06 05:34:11', 1, 1, 4880),
(1549, 'after update', 10, 0, 33, 'poiuytrewq', 'nonaktif', 5, 1, '2020-06-22 01:46:33', '2020-07-04 10:18:19', 1, 1, 4883),
(1550, 'after update', 24, 0, 33, '-', 'AKTIF', 5, 1, '2020-07-04 10:18:46', '2020-07-04 10:25:16', 1, 1, 4884),
(1551, 'after update', 16, 0, 180, '-', 'AKTIF', 5, 2, '2020-06-22 03:01:02', '2020-07-06 05:21:27', 1, 1, 4885),
(1552, 'after update', 17, 0, 300, '-', 'AKTIF', 6, 2, '2020-06-22 05:26:20', '2020-07-06 05:21:38', 1, 1, 4886),
(1553, 'after update', 19, 0, 25, '-', 'nonaktif', 7, 1, '2020-07-04 09:08:25', '2020-07-04 09:16:51', 1, 1, 4887),
(1554, 'after update', 25, 0, 25, '-', 'AKTIF', 7, 1, '2020-07-04 10:18:46', '2020-07-04 10:25:21', 1, 1, 4888),
(1555, 'after update', 18, 0, 300, '-', 'AKTIF', 7, 2, '2020-06-29 12:18:09', '2020-07-06 05:34:11', 1, 1, 4889),
(1556, 'after update', 15, 10000, 1920, '-', 'nonaktif', 4, 2, '2020-06-22 03:01:02', '2020-07-07 10:34:54', 1, 1, 4890),
(1557, 'after update', 33, 10000, 1220, 'Auto insert from item existance check', 'aktif', 4, 2, '2020-07-06 05:01:59', '2020-07-07 10:34:54', 1, 1, 4891),
(1558, 'after update', 14, 20000, 786, '-', 'nonaktif', 3, 2, '2020-06-22 03:01:02', '2020-07-07 10:34:54', 1, 1, 4893),
(1559, 'after update', 34, 20000, 900, 'Auto insert from item existance check', 'aktif', 3, 2, '2020-07-06 05:02:05', '2020-07-07 10:34:54', 1, 1, 4894),
(1560, 'after update', 10, 0, 33, 'poiuytrewq', 'nonaktif', 5, 1, '2020-06-22 01:46:33', '2020-07-04 10:18:19', 1, 1, 4895),
(1561, 'after update', 24, 0, 33, '-', 'AKTIF', 5, 1, '2020-07-04 10:18:46', '2020-07-04 10:25:16', 1, 1, 4896),
(1562, 'after update', 16, 0, 180, '-', 'AKTIF', 5, 2, '2020-06-22 03:01:02', '2020-07-06 05:21:27', 1, 1, 4897),
(1563, 'after update', 17, 0, 300, '-', 'AKTIF', 6, 2, '2020-06-22 05:26:20', '2020-07-06 05:21:38', 1, 1, 4898),
(1564, 'after update', 19, 0, 25, '-', 'nonaktif', 7, 1, '2020-07-04 09:08:25', '2020-07-04 09:16:51', 1, 1, 4899),
(1565, 'after update', 25, 0, 25, '-', 'AKTIF', 7, 1, '2020-07-04 10:18:46', '2020-07-04 10:25:21', 1, 1, 4900),
(1566, 'after update', 18, 0, 300, '-', 'AKTIF', 7, 2, '2020-06-29 12:18:09', '2020-07-06 05:34:11', 1, 1, 4901),
(1567, 'after update', 2, 30000, 305, '-', 'nonaktif', 2, 1, '2020-06-22 08:04:32', '2020-06-22 08:26:28', 1, 1, 5116),
(1568, 'after update', 5, 30000, 305, '-', 'nonaktif', 2, 1, '2020-06-22 08:07:40', '2020-06-22 08:26:28', 1, 1, 5117),
(1569, 'after update', 8, 30000, 305, '-', 'AKTIF', 2, 1, '2020-06-22 08:09:14', '2020-07-04 10:25:03', 1, 1, 5118),
(1570, 'after update', 3, 40000, 20, '-', 'nonaktif', 3, 1, '2020-06-22 08:04:32', '2020-06-22 08:26:28', 1, 1, 5122),
(1571, 'after update', 6, 40000, 20, '-', 'nonaktif', 3, 1, '2020-06-22 08:07:40', '2020-06-22 08:26:28', 1, 1, 5123),
(1572, 'after update', 9, 40000, 20, '-', 'nonaktif', 3, 1, '2020-06-22 08:09:14', '2020-07-04 08:16:25', 1, 1, 5124),
(1573, 'after update', 20, 0, 20, 'Auto insert from item existance check', 'nonaktif', 3, 1, '2020-07-04 09:08:25', '2020-07-04 09:11:07', 1, 1, 5125),
(1574, 'after update', 21, 0, 20, 'Auto insert from item existance check', 'nonaktif', 3, 1, '2020-07-04 09:11:07', '2020-07-04 09:11:13', 1, 1, 5126),
(1575, 'after update', 22, 0, 20, 'Auto insert from item existance check', 'nonaktif', 3, 1, '2020-07-04 09:11:13', '2020-07-04 09:11:50', 1, 1, 5127),
(1576, 'after update', 23, 0, 20, 'Auto insert from item existance check', 'nonaktif', 3, 1, '2020-07-04 09:11:50', '2020-07-04 09:16:55', 1, 1, 5128),
(1577, 'after update', 26, 0, 110, 'Auto insert from item existance check', 'aktif', 3, 1, '2020-07-04 10:18:46', '2020-07-04 09:52:43', 1, 1, 5129),
(1578, 'after update', 10, 0, 133, 'poiuytrewq', 'nonaktif', 5, 1, '2020-06-22 01:46:33', '2020-07-04 10:18:19', 1, 1, 5133),
(1579, 'after update', 24, 0, 133, '-', 'AKTIF', 5, 1, '2020-07-04 10:18:46', '2020-07-04 10:25:16', 1, 1, 5134),
(1580, 'after update', 2, 30000, 805, '-', 'nonaktif', 2, 1, '2020-06-22 08:04:32', '2020-06-22 08:26:28', 1, 1, 5135),
(1581, 'after update', 5, 30000, 805, '-', 'nonaktif', 2, 1, '2020-06-22 08:07:40', '2020-06-22 08:26:28', 1, 1, 5136),
(1582, 'after update', 8, 30000, 805, '-', 'AKTIF', 2, 1, '2020-06-22 08:09:14', '2020-07-04 10:25:03', 1, 1, 5137),
(1583, 'after update', 11, 0, 400, 'Auto insert from item existance check', 'aktif', 4, 1, '2020-06-22 01:46:33', '2020-07-04 09:53:02', 1, 1, 5138),
(1584, 'after update', 10, 0, 133, 'poiuytrewq', 'nonaktif', 5, 1, '2020-06-22 01:46:33', '2020-07-04 10:18:19', 1, 1, 5429),
(1585, 'after update', 24, 0, 133, '-', 'AKTIF', 5, 1, '2020-07-04 10:18:46', '2020-07-04 10:25:16', 1, 1, 5430),
(1586, 'after update', 16, 0, 180, '-', 'AKTIF', 5, 2, '2020-06-22 03:01:02', '2020-07-06 05:21:27', 1, 1, 5431),
(1587, 'after update', 17, 0, 300, '-', 'AKTIF', 6, 2, '2020-06-22 05:26:20', '2020-07-06 05:21:38', 1, 1, 5432),
(1588, 'after update', 19, 0, 36, '-', 'nonaktif', 7, 1, '2020-07-04 09:08:25', '2020-07-04 09:16:51', 1, 1, 5433),
(1589, 'after update', 25, 0, 36, '-', 'AKTIF', 7, 1, '2020-07-04 10:18:46', '2020-07-04 10:25:21', 1, 1, 5434),
(1590, 'after update', 18, 0, 300, '-', 'AKTIF', 7, 2, '2020-06-29 12:18:09', '2020-07-06 05:34:11', 1, 1, 5435),
(1591, 'after update', 10, 0, 133, 'poiuytrewq', 'nonaktif', 5, 1, '2020-06-22 01:46:33', '2020-07-04 10:18:19', 1, 1, 5436),
(1592, 'after update', 24, 0, 133, '-', 'AKTIF', 5, 1, '2020-07-04 10:18:46', '2020-07-04 10:25:16', 1, 1, 5437),
(1593, 'after update', 16, 0, 180, '-', 'AKTIF', 5, 2, '2020-06-22 03:01:02', '2020-07-06 05:21:27', 1, 1, 5438),
(1594, 'after update', 17, 0, 300, '-', 'AKTIF', 6, 2, '2020-06-22 05:26:20', '2020-07-06 05:21:38', 1, 1, 5439),
(1595, 'after update', 19, 0, 36, '-', 'nonaktif', 7, 1, '2020-07-04 09:08:25', '2020-07-04 09:16:51', 1, 1, 5440),
(1596, 'after update', 25, 0, 36, '-', 'AKTIF', 7, 1, '2020-07-04 10:18:46', '2020-07-04 10:25:21', 1, 1, 5441),
(1597, 'after update', 18, 0, 300, '-', 'AKTIF', 7, 2, '2020-06-29 12:18:09', '2020-07-06 05:34:11', 1, 1, 5442),
(1598, 'after update', 19, 0, 26, '-', 'nonaktif', 7, 1, '2020-07-04 09:08:25', '2020-07-04 09:16:51', 1, 1, 5445),
(1599, 'after update', 25, 0, 26, '-', 'AKTIF', 7, 1, '2020-07-04 10:18:46', '2020-07-04 10:25:21', 1, 1, 5446),
(1600, 'after update', 2, 30000, 785, '-', 'nonaktif', 2, 1, '2020-06-22 08:04:32', '2020-06-22 08:26:28', 1, 1, 5447),
(1601, 'after update', 5, 30000, 785, '-', 'nonaktif', 2, 1, '2020-06-22 08:07:40', '2020-06-22 08:26:28', 1, 1, 5448),
(1602, 'after update', 8, 30000, 785, '-', 'AKTIF', 2, 1, '2020-06-22 08:09:14', '2020-07-04 10:25:03', 1, 1, 5449),
(1603, 'after update', 3, 40000, -10, '-', 'nonaktif', 3, 1, '2020-06-22 08:04:32', '2020-06-22 08:26:28', 1, 1, 5450),
(1604, 'after update', 6, 40000, -10, '-', 'nonaktif', 3, 1, '2020-06-22 08:07:40', '2020-06-22 08:26:28', 1, 1, 5451),
(1605, 'after update', 9, 40000, -10, '-', 'nonaktif', 3, 1, '2020-06-22 08:09:14', '2020-07-04 08:16:25', 1, 1, 5452),
(1606, 'after update', 20, 0, -10, 'Auto insert from item existance check', 'nonaktif', 3, 1, '2020-07-04 09:08:25', '2020-07-04 09:11:07', 1, 1, 5453),
(1607, 'after update', 21, 0, -10, 'Auto insert from item existance check', 'nonaktif', 3, 1, '2020-07-04 09:11:07', '2020-07-04 09:11:13', 1, 1, 5454),
(1608, 'after update', 22, 0, -10, 'Auto insert from item existance check', 'nonaktif', 3, 1, '2020-07-04 09:11:13', '2020-07-04 09:11:50', 1, 1, 5455),
(1609, 'after update', 23, 0, -10, 'Auto insert from item existance check', 'nonaktif', 3, 1, '2020-07-04 09:11:50', '2020-07-04 09:16:55', 1, 1, 5456),
(1610, 'after update', 26, 0, 80, 'Auto insert from item existance check', 'aktif', 3, 1, '2020-07-04 10:18:46', '2020-07-04 09:52:43', 1, 1, 5457),
(1611, 'after update', 11, 0, 360, 'Auto insert from item existance check', 'aktif', 4, 1, '2020-06-22 01:46:33', '2020-07-04 09:53:02', 1, 1, 5458),
(1612, 'after update', 10, 0, 120, 'poiuytrewq', 'nonaktif', 5, 1, '2020-06-22 01:46:33', '2020-07-04 10:18:19', 1, 1, 5460),
(1613, 'after update', 24, 0, 120, '-', 'AKTIF', 5, 1, '2020-07-04 10:18:46', '2020-07-04 10:25:16', 1, 1, 5461),
(1614, 'after update', 16, 0, 180, '-', 'AKTIF', 5, 2, '2020-06-22 03:01:02', '2020-07-06 05:21:27', 1, 1, 5462),
(1615, 'after update', 17, 0, 300, '-', 'AKTIF', 6, 2, '2020-06-22 05:26:20', '2020-07-06 05:21:38', 1, 1, 5463),
(1616, 'after update', 19, 0, 26, '-', 'nonaktif', 7, 1, '2020-07-04 09:08:25', '2020-07-04 09:16:51', 1, 1, 5464),
(1617, 'after update', 25, 0, 26, '-', 'AKTIF', 7, 1, '2020-07-04 10:18:46', '2020-07-04 10:25:21', 1, 1, 5465),
(1618, 'after update', 18, 0, 300, '-', 'AKTIF', 7, 2, '2020-06-29 12:18:09', '2020-07-06 05:34:11', 1, 1, 5466),
(1619, 'after update', 10, 0, 120, 'poiuytrewq', 'nonaktif', 5, 1, '2020-06-22 01:46:33', '2020-07-04 10:18:19', 1, 1, 5467),
(1620, 'after update', 24, 0, 120, '-', 'AKTIF', 5, 1, '2020-07-04 10:18:46', '2020-07-04 10:25:16', 1, 1, 5468),
(1621, 'after update', 16, 0, 180, '-', 'AKTIF', 5, 2, '2020-06-22 03:01:02', '2020-07-06 05:21:27', 1, 1, 5469),
(1622, 'after update', 17, 0, 300, '-', 'AKTIF', 6, 2, '2020-06-22 05:26:20', '2020-07-06 05:21:38', 1, 1, 5470),
(1623, 'after update', 19, 0, 26, '-', 'nonaktif', 7, 1, '2020-07-04 09:08:25', '2020-07-04 09:16:51', 1, 1, 5471),
(1624, 'after update', 25, 0, 26, '-', 'AKTIF', 7, 1, '2020-07-04 10:18:46', '2020-07-04 10:25:21', 1, 1, 5472),
(1625, 'after update', 18, 0, 300, '-', 'AKTIF', 7, 2, '2020-06-29 12:18:09', '2020-07-06 05:34:11', 1, 1, 5473),
(1626, 'after update', 19, 0, 36, '-', 'nonaktif', 7, 1, '2020-07-04 09:08:25', '2020-07-04 09:16:51', 1, 1, 5476),
(1627, 'after update', 25, 0, 36, '-', 'AKTIF', 7, 1, '2020-07-04 10:18:46', '2020-07-04 10:25:21', 1, 1, 5477),
(1628, 'after update', 2, 30000, 805, '-', 'nonaktif', 2, 1, '2020-06-22 08:04:32', '2020-06-22 08:26:28', 1, 1, 5478),
(1629, 'after update', 5, 30000, 805, '-', 'nonaktif', 2, 1, '2020-06-22 08:07:40', '2020-06-22 08:26:28', 1, 1, 5479),
(1630, 'after update', 8, 30000, 805, '-', 'AKTIF', 2, 1, '2020-06-22 08:09:14', '2020-07-04 10:25:03', 1, 1, 5480),
(1631, 'after update', 3, 40000, 20, '-', 'nonaktif', 3, 1, '2020-06-22 08:04:32', '2020-06-22 08:26:28', 1, 1, 5481),
(1632, 'after update', 6, 40000, 20, '-', 'nonaktif', 3, 1, '2020-06-22 08:07:40', '2020-06-22 08:26:28', 1, 1, 5482),
(1633, 'after update', 9, 40000, 20, '-', 'nonaktif', 3, 1, '2020-06-22 08:09:14', '2020-07-04 08:16:25', 1, 1, 5483),
(1634, 'after update', 20, 0, 20, 'Auto insert from item existance check', 'nonaktif', 3, 1, '2020-07-04 09:08:25', '2020-07-04 09:11:07', 1, 1, 5484),
(1635, 'after update', 21, 0, 20, 'Auto insert from item existance check', 'nonaktif', 3, 1, '2020-07-04 09:11:07', '2020-07-04 09:11:13', 1, 1, 5485),
(1636, 'after update', 22, 0, 20, 'Auto insert from item existance check', 'nonaktif', 3, 1, '2020-07-04 09:11:13', '2020-07-04 09:11:50', 1, 1, 5486),
(1637, 'after update', 23, 0, 20, 'Auto insert from item existance check', 'nonaktif', 3, 1, '2020-07-04 09:11:50', '2020-07-04 09:16:55', 1, 1, 5487),
(1638, 'after update', 26, 0, 110, 'Auto insert from item existance check', 'aktif', 3, 1, '2020-07-04 10:18:46', '2020-07-04 09:52:43', 1, 1, 5488),
(1639, 'after update', 11, 0, 400, 'Auto insert from item existance check', 'aktif', 4, 1, '2020-06-22 01:46:33', '2020-07-04 09:53:02', 1, 1, 5489),
(1640, 'after update', 10, 0, 133, 'poiuytrewq', 'nonaktif', 5, 1, '2020-06-22 01:46:33', '2020-07-04 10:18:19', 1, 1, 5491),
(1641, 'after update', 24, 0, 133, '-', 'AKTIF', 5, 1, '2020-07-04 10:18:46', '2020-07-04 10:25:16', 1, 1, 5492),
(1642, 'after update', 16, 0, 180, '-', 'AKTIF', 5, 2, '2020-06-22 03:01:02', '2020-07-06 05:21:27', 1, 1, 5493),
(1643, 'after update', 17, 0, 300, '-', 'AKTIF', 6, 2, '2020-06-22 05:26:20', '2020-07-06 05:21:38', 1, 1, 5494),
(1644, 'after update', 19, 0, 36, '-', 'nonaktif', 7, 1, '2020-07-04 09:08:25', '2020-07-04 09:16:51', 1, 1, 5495),
(1645, 'after update', 25, 0, 36, '-', 'AKTIF', 7, 1, '2020-07-04 10:18:46', '2020-07-04 10:25:21', 1, 1, 5496),
(1646, 'after update', 18, 0, 300, '-', 'AKTIF', 7, 2, '2020-06-29 12:18:09', '2020-07-06 05:34:11', 1, 1, 5497),
(1647, 'after update', 10, 0, 133, 'poiuytrewq', 'nonaktif', 5, 1, '2020-06-22 01:46:33', '2020-07-04 10:18:19', 1, 1, 5498),
(1648, 'after update', 24, 0, 133, '-', 'AKTIF', 5, 1, '2020-07-04 10:18:46', '2020-07-04 10:25:16', 1, 1, 5499),
(1649, 'after update', 16, 0, 180, '-', 'AKTIF', 5, 2, '2020-06-22 03:01:02', '2020-07-06 05:21:27', 1, 1, 5500),
(1650, 'after update', 17, 0, 300, '-', 'AKTIF', 6, 2, '2020-06-22 05:26:20', '2020-07-06 05:21:38', 1, 1, 5501),
(1651, 'after update', 19, 0, 36, '-', 'nonaktif', 7, 1, '2020-07-04 09:08:25', '2020-07-04 09:16:51', 1, 1, 5502),
(1652, 'after update', 25, 0, 36, '-', 'AKTIF', 7, 1, '2020-07-04 10:18:46', '2020-07-04 10:25:21', 1, 1, 5503),
(1653, 'after update', 18, 0, 300, '-', 'AKTIF', 7, 2, '2020-06-29 12:18:09', '2020-07-06 05:34:11', 1, 1, 5504),
(1654, 'after update', 19, 0, 26, '-', 'nonaktif', 7, 1, '2020-07-04 09:08:25', '2020-07-04 09:16:51', 1, 1, 5507),
(1655, 'after update', 25, 0, 26, '-', 'AKTIF', 7, 1, '2020-07-04 10:18:46', '2020-07-04 10:25:21', 1, 1, 5508),
(1656, 'after update', 2, 30000, 785, '-', 'nonaktif', 2, 1, '2020-06-22 08:04:32', '2020-06-22 08:26:28', 1, 1, 5509),
(1657, 'after update', 5, 30000, 785, '-', 'nonaktif', 2, 1, '2020-06-22 08:07:40', '2020-06-22 08:26:28', 1, 1, 5510),
(1658, 'after update', 8, 30000, 785, '-', 'AKTIF', 2, 1, '2020-06-22 08:09:14', '2020-07-04 10:25:03', 1, 1, 5511),
(1659, 'after update', 3, 40000, -10, '-', 'nonaktif', 3, 1, '2020-06-22 08:04:32', '2020-06-22 08:26:28', 1, 1, 5512),
(1660, 'after update', 6, 40000, -10, '-', 'nonaktif', 3, 1, '2020-06-22 08:07:40', '2020-06-22 08:26:28', 1, 1, 5513),
(1661, 'after update', 9, 40000, -10, '-', 'nonaktif', 3, 1, '2020-06-22 08:09:14', '2020-07-04 08:16:25', 1, 1, 5514),
(1662, 'after update', 20, 0, -10, 'Auto insert from item existance check', 'nonaktif', 3, 1, '2020-07-04 09:08:25', '2020-07-04 09:11:07', 1, 1, 5515),
(1663, 'after update', 21, 0, -10, 'Auto insert from item existance check', 'nonaktif', 3, 1, '2020-07-04 09:11:07', '2020-07-04 09:11:13', 1, 1, 5516),
(1664, 'after update', 22, 0, -10, 'Auto insert from item existance check', 'nonaktif', 3, 1, '2020-07-04 09:11:13', '2020-07-04 09:11:50', 1, 1, 5517),
(1665, 'after update', 23, 0, -10, 'Auto insert from item existance check', 'nonaktif', 3, 1, '2020-07-04 09:11:50', '2020-07-04 09:16:55', 1, 1, 5518),
(1666, 'after update', 26, 0, 80, 'Auto insert from item existance check', 'aktif', 3, 1, '2020-07-04 10:18:46', '2020-07-04 09:52:43', 1, 1, 5519),
(1667, 'after update', 11, 0, 360, 'Auto insert from item existance check', 'aktif', 4, 1, '2020-06-22 01:46:33', '2020-07-04 09:53:02', 1, 1, 5520),
(1668, 'after update', 10, 0, 120, 'poiuytrewq', 'nonaktif', 5, 1, '2020-06-22 01:46:33', '2020-07-04 10:18:19', 1, 1, 5522),
(1669, 'after update', 24, 0, 120, '-', 'AKTIF', 5, 1, '2020-07-04 10:18:46', '2020-07-04 10:25:16', 1, 1, 5523),
(1670, 'after update', 16, 0, 180, '-', 'AKTIF', 5, 2, '2020-06-22 03:01:02', '2020-07-06 05:21:27', 1, 1, 5524),
(1671, 'after update', 17, 0, 300, '-', 'AKTIF', 6, 2, '2020-06-22 05:26:20', '2020-07-06 05:21:38', 1, 1, 5525),
(1672, 'after update', 19, 0, 26, '-', 'nonaktif', 7, 1, '2020-07-04 09:08:25', '2020-07-04 09:16:51', 1, 1, 5526),
(1673, 'after update', 25, 0, 26, '-', 'AKTIF', 7, 1, '2020-07-04 10:18:46', '2020-07-04 10:25:21', 1, 1, 5527),
(1674, 'after update', 18, 0, 300, '-', 'AKTIF', 7, 2, '2020-06-29 12:18:09', '2020-07-06 05:34:11', 1, 1, 5528),
(1675, 'after update', 10, 0, 120, 'poiuytrewq', 'nonaktif', 5, 1, '2020-06-22 01:46:33', '2020-07-04 10:18:19', 1, 1, 5529),
(1676, 'after update', 24, 0, 120, '-', 'AKTIF', 5, 1, '2020-07-04 10:18:46', '2020-07-04 10:25:16', 1, 1, 5530),
(1677, 'after update', 16, 0, 180, '-', 'AKTIF', 5, 2, '2020-06-22 03:01:02', '2020-07-06 05:21:27', 1, 1, 5531),
(1678, 'after update', 17, 0, 300, '-', 'AKTIF', 6, 2, '2020-06-22 05:26:20', '2020-07-06 05:21:38', 1, 1, 5532),
(1679, 'after update', 19, 0, 26, '-', 'nonaktif', 7, 1, '2020-07-04 09:08:25', '2020-07-04 09:16:51', 1, 1, 5533),
(1680, 'after update', 25, 0, 26, '-', 'AKTIF', 7, 1, '2020-07-04 10:18:46', '2020-07-04 10:25:21', 1, 1, 5534),
(1681, 'after update', 18, 0, 300, '-', 'AKTIF', 7, 2, '2020-06-29 12:18:09', '2020-07-06 05:34:11', 1, 1, 5535),
(1682, 'after update', 10, 0, 120, 'poiuytrewq', 'nonaktif', 5, 1, '2020-06-22 01:46:33', '2020-07-04 10:18:19', 1, 1, 5590),
(1683, 'after update', 24, 0, 120, '-', 'AKTIF', 5, 1, '2020-07-04 10:18:46', '2020-07-04 10:25:16', 1, 1, 5591),
(1684, 'after update', 16, 0, 180, '-', 'AKTIF', 5, 2, '2020-06-22 03:01:02', '2020-07-06 05:21:27', 1, 1, 5592),
(1685, 'after update', 17, 0, 300, '-', 'AKTIF', 6, 2, '2020-06-22 05:26:20', '2020-07-06 05:21:38', 1, 1, 5593),
(1686, 'after update', 19, 0, 26, '-', 'nonaktif', 7, 1, '2020-07-04 09:08:25', '2020-07-04 09:16:51', 1, 1, 5594),
(1687, 'after update', 25, 0, 26, '-', 'AKTIF', 7, 1, '2020-07-04 10:18:46', '2020-07-04 10:25:21', 1, 1, 5595),
(1688, 'after update', 18, 0, 300, '-', 'AKTIF', 7, 2, '2020-06-29 12:18:09', '2020-07-06 05:34:11', 1, 1, 5596),
(1689, 'after update', 10, 0, 120, 'poiuytrewq', 'nonaktif', 5, 1, '2020-06-22 01:46:33', '2020-07-04 10:18:19', 1, 1, 5597),
(1690, 'after update', 24, 0, 120, '-', 'AKTIF', 5, 1, '2020-07-04 10:18:46', '2020-07-04 10:25:16', 1, 1, 5598),
(1691, 'after update', 16, 0, 180, '-', 'AKTIF', 5, 2, '2020-06-22 03:01:02', '2020-07-06 05:21:27', 1, 1, 5599),
(1692, 'after update', 17, 0, 300, '-', 'AKTIF', 6, 2, '2020-06-22 05:26:20', '2020-07-06 05:21:38', 1, 1, 5600),
(1693, 'after update', 19, 0, 26, '-', 'nonaktif', 7, 1, '2020-07-04 09:08:25', '2020-07-04 09:16:51', 1, 1, 5601),
(1694, 'after update', 25, 0, 26, '-', 'AKTIF', 7, 1, '2020-07-04 10:18:46', '2020-07-04 10:25:21', 1, 1, 5602),
(1695, 'after update', 18, 0, 300, '-', 'AKTIF', 7, 2, '2020-06-29 12:18:09', '2020-07-06 05:34:11', 1, 1, 5603),
(1696, 'after update', 10, 0, 120, 'poiuytrewq', 'nonaktif', 5, 1, '2020-06-22 01:46:33', '2020-07-04 10:18:19', 1, 1, 5604),
(1697, 'after update', 24, 0, 120, '-', 'AKTIF', 5, 1, '2020-07-04 10:18:46', '2020-07-04 10:25:16', 1, 1, 5605);
INSERT INTO `tbl_brg_cabang_log` (`id_pk_brg_cabang_log`, `executed_function`, `id_pk_brg_cabang`, `brg_cabang_qty`, `brg_cabang_last_price`, `brg_cabang_notes`, `brg_cabang_status`, `id_fk_brg`, `id_fk_cabang`, `brg_cabang_create_date`, `brg_cabang_last_modified`, `id_create_data`, `id_last_modified`, `id_log_all`) VALUES
(1698, 'after update', 16, 0, 180, '-', 'AKTIF', 5, 2, '2020-06-22 03:01:02', '2020-07-06 05:21:27', 1, 1, 5606),
(1699, 'after update', 17, 0, 300, '-', 'AKTIF', 6, 2, '2020-06-22 05:26:20', '2020-07-06 05:21:38', 1, 1, 5607),
(1700, 'after update', 19, 0, 26, '-', 'nonaktif', 7, 1, '2020-07-04 09:08:25', '2020-07-04 09:16:51', 1, 1, 5608),
(1701, 'after update', 25, 0, 26, '-', 'AKTIF', 7, 1, '2020-07-04 10:18:46', '2020-07-04 10:25:21', 1, 1, 5609),
(1702, 'after update', 18, 0, 300, '-', 'AKTIF', 7, 2, '2020-06-29 12:18:09', '2020-07-06 05:34:11', 1, 1, 5610),
(1703, 'after update', 10, 0, 120, 'poiuytrewq', 'nonaktif', 5, 1, '2020-06-22 01:46:33', '2020-07-04 10:18:19', 1, 1, 5770),
(1704, 'after update', 24, 0, 120, '-', 'AKTIF', 5, 1, '2020-07-04 10:18:46', '2020-07-04 10:25:16', 1, 1, 5771),
(1705, 'after update', 16, 0, 180, '-', 'AKTIF', 5, 2, '2020-06-22 03:01:02', '2020-07-06 05:21:27', 1, 1, 5772),
(1706, 'after update', 17, 0, 300, '-', 'AKTIF', 6, 2, '2020-06-22 05:26:20', '2020-07-06 05:21:38', 1, 1, 5773),
(1707, 'after update', 19, 0, 26, '-', 'nonaktif', 7, 1, '2020-07-04 09:08:25', '2020-07-04 09:16:51', 1, 1, 5774),
(1708, 'after update', 25, 0, 26, '-', 'AKTIF', 7, 1, '2020-07-04 10:18:46', '2020-07-04 10:25:21', 1, 1, 5775),
(1709, 'after update', 18, 0, 300, '-', 'AKTIF', 7, 2, '2020-06-29 12:18:09', '2020-07-06 05:34:11', 1, 1, 5776),
(1710, 'after update', 10, 0, 120, 'poiuytrewq', 'nonaktif', 5, 1, '2020-06-22 01:46:33', '2020-07-04 10:18:19', 1, 1, 5777),
(1711, 'after update', 24, 0, 120, '-', 'AKTIF', 5, 1, '2020-07-04 10:18:46', '2020-07-04 10:25:16', 1, 1, 5778),
(1712, 'after update', 16, 0, 180, '-', 'AKTIF', 5, 2, '2020-06-22 03:01:02', '2020-07-06 05:21:27', 1, 1, 5779),
(1713, 'after update', 17, 0, 300, '-', 'AKTIF', 6, 2, '2020-06-22 05:26:20', '2020-07-06 05:21:38', 1, 1, 5780),
(1714, 'after update', 19, 0, 26, '-', 'nonaktif', 7, 1, '2020-07-04 09:08:25', '2020-07-04 09:16:51', 1, 1, 5781),
(1715, 'after update', 25, 0, 26, '-', 'AKTIF', 7, 1, '2020-07-04 10:18:46', '2020-07-04 10:25:21', 1, 1, 5782),
(1716, 'after update', 18, 0, 300, '-', 'AKTIF', 7, 2, '2020-06-29 12:18:09', '2020-07-06 05:34:11', 1, 1, 5783),
(1717, 'after update', 10, 0, 120, 'poiuytrewq', 'nonaktif', 5, 1, '2020-06-22 01:46:33', '2020-07-04 10:18:19', 1, 1, 5784),
(1718, 'after update', 24, 0, 120, '-', 'AKTIF', 5, 1, '2020-07-04 10:18:46', '2020-07-04 10:25:16', 1, 1, 5785),
(1719, 'after update', 16, 0, 180, '-', 'AKTIF', 5, 2, '2020-06-22 03:01:02', '2020-07-06 05:21:27', 1, 1, 5786),
(1720, 'after update', 17, 0, 300, '-', 'AKTIF', 6, 2, '2020-06-22 05:26:20', '2020-07-06 05:21:38', 1, 1, 5787),
(1721, 'after update', 19, 0, 26, '-', 'nonaktif', 7, 1, '2020-07-04 09:08:25', '2020-07-04 09:16:51', 1, 1, 5788),
(1722, 'after update', 25, 0, 26, '-', 'AKTIF', 7, 1, '2020-07-04 10:18:46', '2020-07-04 10:25:21', 1, 1, 5789),
(1723, 'after update', 18, 0, 300, '-', 'AKTIF', 7, 2, '2020-06-29 12:18:09', '2020-07-06 05:34:11', 1, 1, 5790),
(1724, 'after update', 8, 30000, 200, '-', 'AKTIF', 2, 1, '2020-06-22 08:09:14', '2020-07-09 09:03:38', 1, 1, 5791),
(1725, 'after update', 10, 0, 40, 'poiuytrewq', 'nonaktif', 5, 1, '2020-06-22 01:46:33', '2020-07-04 10:18:19', 1, 1, 5792),
(1726, 'after update', 24, 0, 40, '-', 'AKTIF', 5, 1, '2020-07-04 10:18:46', '2020-07-04 10:25:16', 1, 1, 5793),
(1727, 'after update', 16, 0, 180, '-', 'AKTIF', 5, 2, '2020-06-22 03:01:02', '2020-07-06 05:21:27', 1, 1, 5794),
(1728, 'after update', 17, 0, 300, '-', 'AKTIF', 6, 2, '2020-06-22 05:26:20', '2020-07-06 05:21:38', 1, 1, 5795),
(1729, 'after update', 19, 0, 26, '-', 'nonaktif', 7, 1, '2020-07-04 09:08:25', '2020-07-04 09:16:51', 1, 1, 5796),
(1730, 'after update', 25, 0, 26, '-', 'AKTIF', 7, 1, '2020-07-04 10:18:46', '2020-07-04 10:25:21', 1, 1, 5797),
(1731, 'after update', 18, 0, 300, '-', 'AKTIF', 7, 2, '2020-06-29 12:18:09', '2020-07-06 05:34:11', 1, 1, 5798),
(1732, 'after update', 10, 0, 40, 'poiuytrewq', 'nonaktif', 5, 1, '2020-06-22 01:46:33', '2020-07-04 10:18:19', 1, 1, 5799),
(1733, 'after update', 24, 0, 40, '-', 'AKTIF', 5, 1, '2020-07-04 10:18:46', '2020-07-04 10:25:16', 1, 1, 5800),
(1734, 'after update', 16, 0, 180, '-', 'AKTIF', 5, 2, '2020-06-22 03:01:02', '2020-07-06 05:21:27', 1, 1, 5801),
(1735, 'after update', 17, 0, 300, '-', 'AKTIF', 6, 2, '2020-06-22 05:26:20', '2020-07-06 05:21:38', 1, 1, 5802),
(1736, 'after update', 19, 0, 26, '-', 'nonaktif', 7, 1, '2020-07-04 09:08:25', '2020-07-04 09:16:51', 1, 1, 5803),
(1737, 'after update', 25, 0, 26, '-', 'AKTIF', 7, 1, '2020-07-04 10:18:46', '2020-07-04 10:25:21', 1, 1, 5804),
(1738, 'after update', 18, 0, 300, '-', 'AKTIF', 7, 2, '2020-06-29 12:18:09', '2020-07-06 05:34:11', 1, 1, 5805),
(1739, 'after update', 8, 30000, 5, '-', 'AKTIF', 2, 1, '2020-06-22 08:09:14', '2020-07-09 09:03:43', 1, 1, 5806),
(1740, 'after update', 10, 0, 1, 'poiuytrewq', 'nonaktif', 5, 1, '2020-06-22 01:46:33', '2020-07-04 10:18:19', 1, 1, 5807),
(1741, 'after update', 24, 0, 1, '-', 'AKTIF', 5, 1, '2020-07-04 10:18:46', '2020-07-04 10:25:16', 1, 1, 5808),
(1742, 'after update', 16, 0, 180, '-', 'AKTIF', 5, 2, '2020-06-22 03:01:02', '2020-07-06 05:21:27', 1, 1, 5809),
(1743, 'after update', 17, 0, 300, '-', 'AKTIF', 6, 2, '2020-06-22 05:26:20', '2020-07-06 05:21:38', 1, 1, 5810),
(1744, 'after update', 19, 0, 2, '-', 'nonaktif', 7, 1, '2020-07-04 09:08:25', '2020-07-04 09:16:51', 1, 1, 5811),
(1745, 'after update', 25, 0, 2, '-', 'AKTIF', 7, 1, '2020-07-04 10:18:46', '2020-07-04 10:25:21', 1, 1, 5812),
(1746, 'after update', 18, 0, 300, '-', 'AKTIF', 7, 2, '2020-06-29 12:18:09', '2020-07-06 05:34:11', 1, 1, 5813),
(1747, 'after update', 10, 0, 1, 'poiuytrewq', 'nonaktif', 5, 1, '2020-06-22 01:46:33', '2020-07-04 10:18:19', 1, 1, 6055),
(1748, 'after update', 24, 0, 1, '-', 'AKTIF', 5, 1, '2020-07-04 10:18:46', '2020-07-04 10:25:16', 1, 1, 6056),
(1749, 'after update', 16, 0, 180, '-', 'AKTIF', 5, 2, '2020-06-22 03:01:02', '2020-07-06 05:21:27', 1, 1, 6057),
(1750, 'after update', 17, 0, 300, '-', 'AKTIF', 6, 2, '2020-06-22 05:26:20', '2020-07-06 05:21:38', 1, 1, 6058),
(1751, 'after update', 19, 0, 2, '-', 'nonaktif', 7, 1, '2020-07-04 09:08:25', '2020-07-04 09:16:51', 1, 1, 6059),
(1752, 'after update', 25, 0, 2, '-', 'AKTIF', 7, 1, '2020-07-04 10:18:46', '2020-07-04 10:25:21', 1, 1, 6060),
(1753, 'after update', 18, 0, 300, '-', 'AKTIF', 7, 2, '2020-06-29 12:18:09', '2020-07-06 05:34:11', 1, 1, 6061),
(1754, 'after update', 10, 0, 1, 'poiuytrewq', 'nonaktif', 5, 1, '2020-06-22 01:46:33', '2020-07-04 10:18:19', 1, 1, 6062),
(1755, 'after update', 24, 0, 1, '-', 'AKTIF', 5, 1, '2020-07-04 10:18:46', '2020-07-04 10:25:16', 1, 1, 6063),
(1756, 'after update', 16, 0, 180, '-', 'AKTIF', 5, 2, '2020-06-22 03:01:02', '2020-07-06 05:21:27', 1, 1, 6064),
(1757, 'after update', 17, 0, 300, '-', 'AKTIF', 6, 2, '2020-06-22 05:26:20', '2020-07-06 05:21:38', 1, 1, 6065),
(1758, 'after update', 19, 0, 2, '-', 'nonaktif', 7, 1, '2020-07-04 09:08:25', '2020-07-04 09:16:51', 1, 1, 6066),
(1759, 'after update', 25, 0, 2, '-', 'AKTIF', 7, 1, '2020-07-04 10:18:46', '2020-07-04 10:25:21', 1, 1, 6067),
(1760, 'after update', 18, 0, 300, '-', 'AKTIF', 7, 2, '2020-06-29 12:18:09', '2020-07-06 05:34:11', 1, 1, 6068),
(1761, 'after update', 10, 0, 1, 'poiuytrewq', 'nonaktif', 5, 1, '2020-06-22 01:46:33', '2020-07-04 10:18:19', 1, 1, 6069),
(1762, 'after update', 24, 0, 1, '-', 'AKTIF', 5, 1, '2020-07-04 10:18:46', '2020-07-04 10:25:16', 1, 1, 6070),
(1763, 'after update', 16, 0, 180, '-', 'AKTIF', 5, 2, '2020-06-22 03:01:02', '2020-07-06 05:21:27', 1, 1, 6071),
(1764, 'after update', 17, 0, 300, '-', 'AKTIF', 6, 2, '2020-06-22 05:26:20', '2020-07-06 05:21:38', 1, 1, 6072),
(1765, 'after update', 19, 0, 2, '-', 'nonaktif', 7, 1, '2020-07-04 09:08:25', '2020-07-04 09:16:51', 1, 1, 6073),
(1766, 'after update', 25, 0, 2, '-', 'AKTIF', 7, 1, '2020-07-04 10:18:46', '2020-07-04 10:25:21', 1, 1, 6074),
(1767, 'after update', 18, 0, 300, '-', 'AKTIF', 7, 2, '2020-06-29 12:18:09', '2020-07-06 05:34:11', 1, 1, 6075),
(1768, 'after update', 10, 0, 1, 'poiuytrewq', 'nonaktif', 5, 1, '2020-06-22 01:46:33', '2020-07-04 10:18:19', 1, 1, 6076),
(1769, 'after update', 24, 0, 1, '-', 'AKTIF', 5, 1, '2020-07-04 10:18:46', '2020-07-04 10:25:16', 1, 1, 6077),
(1770, 'after update', 16, 0, 180, '-', 'AKTIF', 5, 2, '2020-06-22 03:01:02', '2020-07-06 05:21:27', 1, 1, 6078),
(1771, 'after update', 17, 0, 300, '-', 'AKTIF', 6, 2, '2020-06-22 05:26:20', '2020-07-06 05:21:38', 1, 1, 6079),
(1772, 'after update', 19, 0, 2, '-', 'nonaktif', 7, 1, '2020-07-04 09:08:25', '2020-07-04 09:16:51', 1, 1, 6080),
(1773, 'after update', 25, 0, 2, '-', 'AKTIF', 7, 1, '2020-07-04 10:18:46', '2020-07-04 10:25:21', 1, 1, 6081),
(1774, 'after update', 18, 0, 300, '-', 'AKTIF', 7, 2, '2020-06-29 12:18:09', '2020-07-06 05:34:11', 1, 1, 6082),
(1775, 'after update', 10, 0, 1, 'poiuytrewq', 'nonaktif', 5, 1, '2020-06-22 01:46:33', '2020-07-04 10:18:19', 1, 1, 6083),
(1776, 'after update', 24, 0, 1, '-', 'AKTIF', 5, 1, '2020-07-04 10:18:46', '2020-07-04 10:25:16', 1, 1, 6084),
(1777, 'after update', 16, 0, 180, '-', 'AKTIF', 5, 2, '2020-06-22 03:01:02', '2020-07-06 05:21:27', 1, 1, 6085),
(1778, 'after update', 17, 0, 300, '-', 'AKTIF', 6, 2, '2020-06-22 05:26:20', '2020-07-06 05:21:38', 1, 1, 6086),
(1779, 'after update', 19, 0, 2, '-', 'nonaktif', 7, 1, '2020-07-04 09:08:25', '2020-07-04 09:16:51', 1, 1, 6087),
(1780, 'after update', 25, 0, 2, '-', 'AKTIF', 7, 1, '2020-07-04 10:18:46', '2020-07-04 10:25:21', 1, 1, 6088),
(1781, 'after update', 18, 0, 300, '-', 'AKTIF', 7, 2, '2020-06-29 12:18:09', '2020-07-06 05:34:11', 1, 1, 6089),
(1782, 'after update', 10, 0, 1, 'poiuytrewq', 'nonaktif', 5, 1, '2020-06-22 01:46:33', '2020-07-04 10:18:19', 1, 1, 6090),
(1783, 'after update', 24, 0, 1, '-', 'AKTIF', 5, 1, '2020-07-04 10:18:46', '2020-07-04 10:25:16', 1, 1, 6091),
(1784, 'after update', 16, 0, 180, '-', 'AKTIF', 5, 2, '2020-06-22 03:01:02', '2020-07-06 05:21:27', 1, 1, 6092),
(1785, 'after update', 17, 0, 300, '-', 'AKTIF', 6, 2, '2020-06-22 05:26:20', '2020-07-06 05:21:38', 1, 1, 6093),
(1786, 'after update', 19, 0, 2, '-', 'nonaktif', 7, 1, '2020-07-04 09:08:25', '2020-07-04 09:16:51', 1, 1, 6094),
(1787, 'after update', 25, 0, 2, '-', 'AKTIF', 7, 1, '2020-07-04 10:18:46', '2020-07-04 10:25:21', 1, 1, 6095),
(1788, 'after update', 18, 0, 300, '-', 'AKTIF', 7, 2, '2020-06-29 12:18:09', '2020-07-06 05:34:11', 1, 1, 6096),
(1789, 'after update', 10, 0, 1, 'poiuytrewq', 'nonaktif', 5, 1, '2020-06-22 01:46:33', '2020-07-04 10:18:19', 1, 1, 6097),
(1790, 'after update', 24, 0, 1, '-', 'AKTIF', 5, 1, '2020-07-04 10:18:46', '2020-07-04 10:25:16', 1, 1, 6098),
(1791, 'after update', 16, 0, 180, '-', 'AKTIF', 5, 2, '2020-06-22 03:01:02', '2020-07-06 05:21:27', 1, 1, 6099),
(1792, 'after update', 17, 0, 300, '-', 'AKTIF', 6, 2, '2020-06-22 05:26:20', '2020-07-06 05:21:38', 1, 1, 6100),
(1793, 'after update', 19, 0, 2, '-', 'nonaktif', 7, 1, '2020-07-04 09:08:25', '2020-07-04 09:16:51', 1, 1, 6101),
(1794, 'after update', 25, 0, 2, '-', 'AKTIF', 7, 1, '2020-07-04 10:18:46', '2020-07-04 10:25:21', 1, 1, 6102),
(1795, 'after update', 18, 0, 300, '-', 'AKTIF', 7, 2, '2020-06-29 12:18:09', '2020-07-06 05:34:11', 1, 1, 6103),
(1796, 'after update', 10, 0, 1, 'poiuytrewq', 'nonaktif', 5, 1, '2020-06-22 01:46:33', '2020-07-04 10:18:19', 1, 1, 6104),
(1797, 'after update', 24, 0, 1, '-', 'AKTIF', 5, 1, '2020-07-04 10:18:46', '2020-07-04 10:25:16', 1, 1, 6105),
(1798, 'after update', 16, 0, 180, '-', 'AKTIF', 5, 2, '2020-06-22 03:01:02', '2020-07-06 05:21:27', 1, 1, 6106),
(1799, 'after update', 17, 0, 300, '-', 'AKTIF', 6, 2, '2020-06-22 05:26:20', '2020-07-06 05:21:38', 1, 1, 6107),
(1800, 'after update', 19, 0, 2, '-', 'nonaktif', 7, 1, '2020-07-04 09:08:25', '2020-07-04 09:16:51', 1, 1, 6108),
(1801, 'after update', 25, 0, 2, '-', 'AKTIF', 7, 1, '2020-07-04 10:18:46', '2020-07-04 10:25:21', 1, 1, 6109),
(1802, 'after update', 18, 0, 300, '-', 'AKTIF', 7, 2, '2020-06-29 12:18:09', '2020-07-06 05:34:11', 1, 1, 6110),
(1803, 'after update', 10, 0, 1, 'poiuytrewq', 'nonaktif', 5, 1, '2020-06-22 01:46:33', '2020-07-04 10:18:19', 1, 1, 6111),
(1804, 'after update', 24, 0, 1, '-', 'AKTIF', 5, 1, '2020-07-04 10:18:46', '2020-07-04 10:25:16', 1, 1, 6112),
(1805, 'after update', 16, 0, 180, '-', 'AKTIF', 5, 2, '2020-06-22 03:01:02', '2020-07-06 05:21:27', 1, 1, 6113),
(1806, 'after update', 17, 0, 300, '-', 'AKTIF', 6, 2, '2020-06-22 05:26:20', '2020-07-06 05:21:38', 1, 1, 6114),
(1807, 'after update', 19, 0, 2, '-', 'nonaktif', 7, 1, '2020-07-04 09:08:25', '2020-07-04 09:16:51', 1, 1, 6115),
(1808, 'after update', 25, 0, 2, '-', 'AKTIF', 7, 1, '2020-07-04 10:18:46', '2020-07-04 10:25:21', 1, 1, 6116),
(1809, 'after update', 18, 0, 300, '-', 'AKTIF', 7, 2, '2020-06-29 12:18:09', '2020-07-06 05:34:11', 1, 1, 6117),
(1810, 'after update', 10, 0, 1, 'poiuytrewq', 'nonaktif', 5, 1, '2020-06-22 01:46:33', '2020-07-04 10:18:19', 1, 1, 6118),
(1811, 'after update', 24, 0, 1, '-', 'AKTIF', 5, 1, '2020-07-04 10:18:46', '2020-07-04 10:25:16', 1, 1, 6119),
(1812, 'after update', 16, 0, 180, '-', 'AKTIF', 5, 2, '2020-06-22 03:01:02', '2020-07-06 05:21:27', 1, 1, 6120),
(1813, 'after update', 17, 0, 300, '-', 'AKTIF', 6, 2, '2020-06-22 05:26:20', '2020-07-06 05:21:38', 1, 1, 6121),
(1814, 'after update', 19, 0, 2, '-', 'nonaktif', 7, 1, '2020-07-04 09:08:25', '2020-07-04 09:16:51', 1, 1, 6122),
(1815, 'after update', 25, 0, 2, '-', 'AKTIF', 7, 1, '2020-07-04 10:18:46', '2020-07-04 10:25:21', 1, 1, 6123),
(1816, 'after update', 18, 0, 300, '-', 'AKTIF', 7, 2, '2020-06-29 12:18:09', '2020-07-06 05:34:11', 1, 1, 6124),
(1817, 'after update', 10, 0, 1, 'poiuytrewq', 'nonaktif', 5, 1, '2020-06-22 01:46:33', '2020-07-04 10:18:19', 1, 1, 6125),
(1818, 'after update', 24, 0, 1, '-', 'AKTIF', 5, 1, '2020-07-04 10:18:46', '2020-07-04 10:25:16', 1, 1, 6126),
(1819, 'after update', 16, 0, 180, '-', 'AKTIF', 5, 2, '2020-06-22 03:01:02', '2020-07-06 05:21:27', 1, 1, 6127),
(1820, 'after update', 17, 0, 300, '-', 'AKTIF', 6, 2, '2020-06-22 05:26:20', '2020-07-06 05:21:38', 1, 1, 6128),
(1821, 'after update', 19, 0, 2, '-', 'nonaktif', 7, 1, '2020-07-04 09:08:25', '2020-07-04 09:16:51', 1, 1, 6129),
(1822, 'after update', 25, 0, 2, '-', 'AKTIF', 7, 1, '2020-07-04 10:18:46', '2020-07-04 10:25:21', 1, 1, 6130),
(1823, 'after update', 18, 0, 300, '-', 'AKTIF', 7, 2, '2020-06-29 12:18:09', '2020-07-06 05:34:11', 1, 1, 6131),
(1824, 'after update', 10, 0, 1, 'poiuytrewq', 'nonaktif', 5, 1, '2020-06-22 01:46:33', '2020-07-04 10:18:19', 1, 1, 6132),
(1825, 'after update', 24, 0, 1, '-', 'AKTIF', 5, 1, '2020-07-04 10:18:46', '2020-07-04 10:25:16', 1, 1, 6133),
(1826, 'after update', 16, 0, 180, '-', 'AKTIF', 5, 2, '2020-06-22 03:01:02', '2020-07-06 05:21:27', 1, 1, 6134),
(1827, 'after update', 17, 0, 300, '-', 'AKTIF', 6, 2, '2020-06-22 05:26:20', '2020-07-06 05:21:38', 1, 1, 6135),
(1828, 'after update', 19, 0, 2, '-', 'nonaktif', 7, 1, '2020-07-04 09:08:25', '2020-07-04 09:16:51', 1, 1, 6136),
(1829, 'after update', 25, 0, 2, '-', 'AKTIF', 7, 1, '2020-07-04 10:18:46', '2020-07-04 10:25:21', 1, 1, 6137),
(1830, 'after update', 18, 0, 300, '-', 'AKTIF', 7, 2, '2020-06-29 12:18:09', '2020-07-06 05:34:11', 1, 1, 6138),
(1831, 'after update', 10, 0, 1, 'poiuytrewq', 'nonaktif', 5, 1, '2020-06-22 01:46:33', '2020-07-04 10:18:19', 1, 1, 6139),
(1832, 'after update', 24, 0, 1, '-', 'AKTIF', 5, 1, '2020-07-04 10:18:46', '2020-07-04 10:25:16', 1, 1, 6140),
(1833, 'after update', 16, 0, 180, '-', 'AKTIF', 5, 2, '2020-06-22 03:01:02', '2020-07-06 05:21:27', 1, 1, 6141),
(1834, 'after update', 17, 0, 300, '-', 'AKTIF', 6, 2, '2020-06-22 05:26:20', '2020-07-06 05:21:38', 1, 1, 6142),
(1835, 'after update', 19, 0, 2, '-', 'nonaktif', 7, 1, '2020-07-04 09:08:25', '2020-07-04 09:16:51', 1, 1, 6143),
(1836, 'after update', 25, 0, 2, '-', 'AKTIF', 7, 1, '2020-07-04 10:18:46', '2020-07-04 10:25:21', 1, 1, 6144),
(1837, 'after update', 18, 0, 300, '-', 'AKTIF', 7, 2, '2020-06-29 12:18:09', '2020-07-06 05:34:11', 1, 1, 6145),
(1838, 'after update', 10, 0, 1, 'poiuytrewq', 'nonaktif', 5, 1, '2020-06-22 01:46:33', '2020-07-04 10:18:19', 1, 1, 6146),
(1839, 'after update', 24, 0, 1, '-', 'AKTIF', 5, 1, '2020-07-04 10:18:46', '2020-07-04 10:25:16', 1, 1, 6147),
(1840, 'after update', 16, 0, 180, '-', 'AKTIF', 5, 2, '2020-06-22 03:01:02', '2020-07-06 05:21:27', 1, 1, 6148),
(1841, 'after update', 17, 0, 300, '-', 'AKTIF', 6, 2, '2020-06-22 05:26:20', '2020-07-06 05:21:38', 1, 1, 6149),
(1842, 'after update', 19, 0, 2, '-', 'nonaktif', 7, 1, '2020-07-04 09:08:25', '2020-07-04 09:16:51', 1, 1, 6150),
(1843, 'after update', 25, 0, 2, '-', 'AKTIF', 7, 1, '2020-07-04 10:18:46', '2020-07-04 10:25:21', 1, 1, 6151),
(1844, 'after update', 18, 0, 300, '-', 'AKTIF', 7, 2, '2020-06-29 12:18:09', '2020-07-06 05:34:11', 1, 1, 6152),
(1845, 'after update', 10, 0, 1, 'poiuytrewq', 'nonaktif', 5, 1, '2020-06-22 01:46:33', '2020-07-04 10:18:19', 1, 1, 6153),
(1846, 'after update', 24, 0, 1, '-', 'AKTIF', 5, 1, '2020-07-04 10:18:46', '2020-07-04 10:25:16', 1, 1, 6154),
(1847, 'after update', 16, 0, 180, '-', 'AKTIF', 5, 2, '2020-06-22 03:01:02', '2020-07-06 05:21:27', 1, 1, 6155),
(1848, 'after update', 17, 0, 300, '-', 'AKTIF', 6, 2, '2020-06-22 05:26:20', '2020-07-06 05:21:38', 1, 1, 6156),
(1849, 'after update', 19, 0, 2, '-', 'nonaktif', 7, 1, '2020-07-04 09:08:25', '2020-07-04 09:16:51', 1, 1, 6157),
(1850, 'after update', 25, 0, 2, '-', 'AKTIF', 7, 1, '2020-07-04 10:18:46', '2020-07-04 10:25:21', 1, 1, 6158),
(1851, 'after update', 18, 0, 300, '-', 'AKTIF', 7, 2, '2020-06-29 12:18:09', '2020-07-06 05:34:11', 1, 1, 6159),
(1852, 'after update', 10, 0, 1, 'poiuytrewq', 'nonaktif', 5, 1, '2020-06-22 01:46:33', '2020-07-04 10:18:19', 1, 1, 6160),
(1853, 'after update', 24, 0, 1, '-', 'AKTIF', 5, 1, '2020-07-04 10:18:46', '2020-07-04 10:25:16', 1, 1, 6161),
(1854, 'after update', 16, 0, 180, '-', 'AKTIF', 5, 2, '2020-06-22 03:01:02', '2020-07-06 05:21:27', 1, 1, 6162),
(1855, 'after update', 17, 0, 300, '-', 'AKTIF', 6, 2, '2020-06-22 05:26:20', '2020-07-06 05:21:38', 1, 1, 6163),
(1856, 'after update', 19, 0, 2, '-', 'nonaktif', 7, 1, '2020-07-04 09:08:25', '2020-07-04 09:16:51', 1, 1, 6164),
(1857, 'after update', 25, 0, 2, '-', 'AKTIF', 7, 1, '2020-07-04 10:18:46', '2020-07-04 10:25:21', 1, 1, 6165),
(1858, 'after update', 18, 0, 300, '-', 'AKTIF', 7, 2, '2020-06-29 12:18:09', '2020-07-06 05:34:11', 1, 1, 6166),
(1859, 'after update', 10, 0, 1, 'poiuytrewq', 'nonaktif', 5, 1, '2020-06-22 01:46:33', '2020-07-04 10:18:19', 1, 1, 6167),
(1860, 'after update', 24, 0, 1, '-', 'AKTIF', 5, 1, '2020-07-04 10:18:46', '2020-07-04 10:25:16', 1, 1, 6168),
(1861, 'after update', 16, 0, 180, '-', 'AKTIF', 5, 2, '2020-06-22 03:01:02', '2020-07-06 05:21:27', 1, 1, 6169),
(1862, 'after update', 17, 0, 300, '-', 'AKTIF', 6, 2, '2020-06-22 05:26:20', '2020-07-06 05:21:38', 1, 1, 6170),
(1863, 'after update', 19, 0, 2, '-', 'nonaktif', 7, 1, '2020-07-04 09:08:25', '2020-07-04 09:16:51', 1, 1, 6171),
(1864, 'after update', 25, 0, 2, '-', 'AKTIF', 7, 1, '2020-07-04 10:18:46', '2020-07-04 10:25:21', 1, 1, 6172),
(1865, 'after update', 18, 0, 300, '-', 'AKTIF', 7, 2, '2020-06-29 12:18:09', '2020-07-06 05:34:11', 1, 1, 6173),
(1866, 'after update', 10, 0, 1, 'poiuytrewq', 'nonaktif', 5, 1, '2020-06-22 01:46:33', '2020-07-04 10:18:19', 1, 1, 6174),
(1867, 'after update', 24, 0, 1, '-', 'AKTIF', 5, 1, '2020-07-04 10:18:46', '2020-07-04 10:25:16', 1, 1, 6175),
(1868, 'after update', 16, 0, 180, '-', 'AKTIF', 5, 2, '2020-06-22 03:01:02', '2020-07-06 05:21:27', 1, 1, 6176),
(1869, 'after update', 17, 0, 300, '-', 'AKTIF', 6, 2, '2020-06-22 05:26:20', '2020-07-06 05:21:38', 1, 1, 6177),
(1870, 'after update', 19, 0, 2, '-', 'nonaktif', 7, 1, '2020-07-04 09:08:25', '2020-07-04 09:16:51', 1, 1, 6178),
(1871, 'after update', 25, 0, 2, '-', 'AKTIF', 7, 1, '2020-07-04 10:18:46', '2020-07-04 10:25:21', 1, 1, 6179),
(1872, 'after update', 18, 0, 300, '-', 'AKTIF', 7, 2, '2020-06-29 12:18:09', '2020-07-06 05:34:11', 1, 1, 6180),
(1873, 'after update', 10, 0, 1, 'poiuytrewq', 'nonaktif', 5, 1, '2020-06-22 01:46:33', '2020-07-04 10:18:19', 1, 1, 6181),
(1874, 'after update', 24, 0, 1, '-', 'AKTIF', 5, 1, '2020-07-04 10:18:46', '2020-07-04 10:25:16', 1, 1, 6182),
(1875, 'after update', 16, 0, 180, '-', 'AKTIF', 5, 2, '2020-06-22 03:01:02', '2020-07-06 05:21:27', 1, 1, 6183),
(1876, 'after update', 17, 0, 300, '-', 'AKTIF', 6, 2, '2020-06-22 05:26:20', '2020-07-06 05:21:38', 1, 1, 6184),
(1877, 'after update', 19, 0, 2, '-', 'nonaktif', 7, 1, '2020-07-04 09:08:25', '2020-07-04 09:16:51', 1, 1, 6185),
(1878, 'after update', 25, 0, 2, '-', 'AKTIF', 7, 1, '2020-07-04 10:18:46', '2020-07-04 10:25:21', 1, 1, 6186),
(1879, 'after update', 18, 0, 300, '-', 'AKTIF', 7, 2, '2020-06-29 12:18:09', '2020-07-06 05:34:11', 1, 1, 6187),
(1880, 'after update', 10, 0, 1, 'poiuytrewq', 'nonaktif', 5, 1, '2020-06-22 01:46:33', '2020-07-04 10:18:19', 1, 1, 6188),
(1881, 'after update', 24, 0, 1, '-', 'AKTIF', 5, 1, '2020-07-04 10:18:46', '2020-07-04 10:25:16', 1, 1, 6189),
(1882, 'after update', 16, 0, 180, '-', 'AKTIF', 5, 2, '2020-06-22 03:01:02', '2020-07-06 05:21:27', 1, 1, 6190),
(1883, 'after update', 17, 0, 300, '-', 'AKTIF', 6, 2, '2020-06-22 05:26:20', '2020-07-06 05:21:38', 1, 1, 6191),
(1884, 'after update', 19, 0, 2, '-', 'nonaktif', 7, 1, '2020-07-04 09:08:25', '2020-07-04 09:16:51', 1, 1, 6192),
(1885, 'after update', 25, 0, 2, '-', 'AKTIF', 7, 1, '2020-07-04 10:18:46', '2020-07-04 10:25:21', 1, 1, 6193),
(1886, 'after update', 18, 0, 300, '-', 'AKTIF', 7, 2, '2020-06-29 12:18:09', '2020-07-06 05:34:11', 1, 1, 6194),
(1887, 'after update', 10, 0, 1, 'poiuytrewq', 'nonaktif', 5, 1, '2020-06-22 01:46:33', '2020-07-04 10:18:19', 1, 1, 6195),
(1888, 'after update', 24, 0, 1, '-', 'AKTIF', 5, 1, '2020-07-04 10:18:46', '2020-07-04 10:25:16', 1, 1, 6196),
(1889, 'after update', 16, 0, 180, '-', 'AKTIF', 5, 2, '2020-06-22 03:01:02', '2020-07-06 05:21:27', 1, 1, 6197),
(1890, 'after update', 17, 0, 300, '-', 'AKTIF', 6, 2, '2020-06-22 05:26:20', '2020-07-06 05:21:38', 1, 1, 6198),
(1891, 'after update', 19, 0, 2, '-', 'nonaktif', 7, 1, '2020-07-04 09:08:25', '2020-07-04 09:16:51', 1, 1, 6199),
(1892, 'after update', 25, 0, 2, '-', 'AKTIF', 7, 1, '2020-07-04 10:18:46', '2020-07-04 10:25:21', 1, 1, 6200),
(1893, 'after update', 18, 0, 300, '-', 'AKTIF', 7, 2, '2020-06-29 12:18:09', '2020-07-06 05:34:11', 1, 1, 6201),
(1894, 'after update', 10, 0, 1, 'poiuytrewq', 'nonaktif', 5, 1, '2020-06-22 01:46:33', '2020-07-04 10:18:19', 1, 1, 6202),
(1895, 'after update', 24, 0, 1, '-', 'AKTIF', 5, 1, '2020-07-04 10:18:46', '2020-07-04 10:25:16', 1, 1, 6203),
(1896, 'after update', 16, 0, 180, '-', 'AKTIF', 5, 2, '2020-06-22 03:01:02', '2020-07-06 05:21:27', 1, 1, 6204),
(1897, 'after update', 17, 0, 300, '-', 'AKTIF', 6, 2, '2020-06-22 05:26:20', '2020-07-06 05:21:38', 1, 1, 6205),
(1898, 'after update', 19, 0, 2, '-', 'nonaktif', 7, 1, '2020-07-04 09:08:25', '2020-07-04 09:16:51', 1, 1, 6206),
(1899, 'after update', 25, 0, 2, '-', 'AKTIF', 7, 1, '2020-07-04 10:18:46', '2020-07-04 10:25:21', 1, 1, 6207),
(1900, 'after update', 18, 0, 300, '-', 'AKTIF', 7, 2, '2020-06-29 12:18:09', '2020-07-06 05:34:11', 1, 1, 6208),
(1901, 'after update', 10, 0, 1, 'poiuytrewq', 'nonaktif', 5, 1, '2020-06-22 01:46:33', '2020-07-04 10:18:19', 1, 1, 6209),
(1902, 'after update', 24, 0, 1, '-', 'AKTIF', 5, 1, '2020-07-04 10:18:46', '2020-07-04 10:25:16', 1, 1, 6210),
(1903, 'after update', 16, 0, 180, '-', 'AKTIF', 5, 2, '2020-06-22 03:01:02', '2020-07-06 05:21:27', 1, 1, 6211),
(1904, 'after update', 17, 0, 300, '-', 'AKTIF', 6, 2, '2020-06-22 05:26:20', '2020-07-06 05:21:38', 1, 1, 6212),
(1905, 'after update', 19, 0, 2, '-', 'nonaktif', 7, 1, '2020-07-04 09:08:25', '2020-07-04 09:16:51', 1, 1, 6213),
(1906, 'after update', 25, 0, 2, '-', 'AKTIF', 7, 1, '2020-07-04 10:18:46', '2020-07-04 10:25:21', 1, 1, 6214),
(1907, 'after update', 18, 0, 300, '-', 'AKTIF', 7, 2, '2020-06-29 12:18:09', '2020-07-06 05:34:11', 1, 1, 6215),
(1908, 'after update', 10, 0, 1, 'poiuytrewq', 'nonaktif', 5, 1, '2020-06-22 01:46:33', '2020-07-04 10:18:19', 1, 1, 6216),
(1909, 'after update', 24, 0, 1, '-', 'AKTIF', 5, 1, '2020-07-04 10:18:46', '2020-07-04 10:25:16', 1, 1, 6217),
(1910, 'after update', 16, 0, 180, '-', 'AKTIF', 5, 2, '2020-06-22 03:01:02', '2020-07-06 05:21:27', 1, 1, 6218),
(1911, 'after update', 17, 0, 300, '-', 'AKTIF', 6, 2, '2020-06-22 05:26:20', '2020-07-06 05:21:38', 1, 1, 6219),
(1912, 'after update', 19, 0, 2, '-', 'nonaktif', 7, 1, '2020-07-04 09:08:25', '2020-07-04 09:16:51', 1, 1, 6220),
(1913, 'after update', 25, 0, 2, '-', 'AKTIF', 7, 1, '2020-07-04 10:18:46', '2020-07-04 10:25:21', 1, 1, 6221),
(1914, 'after update', 18, 0, 300, '-', 'AKTIF', 7, 2, '2020-06-29 12:18:09', '2020-07-06 05:34:11', 1, 1, 6222),
(1915, 'after update', 10, 0, 1, 'poiuytrewq', 'nonaktif', 5, 1, '2020-06-22 01:46:33', '2020-07-04 10:18:19', 1, 1, 6223),
(1916, 'after update', 24, 0, 1, '-', 'AKTIF', 5, 1, '2020-07-04 10:18:46', '2020-07-04 10:25:16', 1, 1, 6224),
(1917, 'after update', 16, 0, 180, '-', 'AKTIF', 5, 2, '2020-06-22 03:01:02', '2020-07-06 05:21:27', 1, 1, 6225),
(1918, 'after update', 17, 0, 300, '-', 'AKTIF', 6, 2, '2020-06-22 05:26:20', '2020-07-06 05:21:38', 1, 1, 6226),
(1919, 'after update', 19, 0, 2, '-', 'nonaktif', 7, 1, '2020-07-04 09:08:25', '2020-07-04 09:16:51', 1, 1, 6227),
(1920, 'after update', 25, 0, 2, '-', 'AKTIF', 7, 1, '2020-07-04 10:18:46', '2020-07-04 10:25:21', 1, 1, 6228),
(1921, 'after update', 18, 0, 300, '-', 'AKTIF', 7, 2, '2020-06-29 12:18:09', '2020-07-06 05:34:11', 1, 1, 6229),
(1922, 'after update', 10, 0, 1, 'poiuytrewq', 'nonaktif', 5, 1, '2020-06-22 01:46:33', '2020-07-04 10:18:19', 1, 1, 6230),
(1923, 'after update', 24, 0, 1, '-', 'AKTIF', 5, 1, '2020-07-04 10:18:46', '2020-07-04 10:25:16', 1, 1, 6231),
(1924, 'after update', 16, 0, 180, '-', 'AKTIF', 5, 2, '2020-06-22 03:01:02', '2020-07-06 05:21:27', 1, 1, 6232),
(1925, 'after update', 17, 0, 300, '-', 'AKTIF', 6, 2, '2020-06-22 05:26:20', '2020-07-06 05:21:38', 1, 1, 6233),
(1926, 'after update', 19, 0, 2, '-', 'nonaktif', 7, 1, '2020-07-04 09:08:25', '2020-07-04 09:16:51', 1, 1, 6234),
(1927, 'after update', 25, 0, 2, '-', 'AKTIF', 7, 1, '2020-07-04 10:18:46', '2020-07-04 10:25:21', 1, 1, 6235),
(1928, 'after update', 18, 0, 300, '-', 'AKTIF', 7, 2, '2020-06-29 12:18:09', '2020-07-06 05:34:11', 1, 1, 6236),
(1929, 'after update', 10, 0, 1, 'poiuytrewq', 'nonaktif', 5, 1, '2020-06-22 01:46:33', '2020-07-04 10:18:19', 1, 1, 6237),
(1930, 'after update', 24, 0, 1, '-', 'AKTIF', 5, 1, '2020-07-04 10:18:46', '2020-07-04 10:25:16', 1, 1, 6238),
(1931, 'after update', 16, 0, 180, '-', 'AKTIF', 5, 2, '2020-06-22 03:01:02', '2020-07-06 05:21:27', 1, 1, 6239),
(1932, 'after update', 17, 0, 300, '-', 'AKTIF', 6, 2, '2020-06-22 05:26:20', '2020-07-06 05:21:38', 1, 1, 6240),
(1933, 'after update', 19, 0, 2, '-', 'nonaktif', 7, 1, '2020-07-04 09:08:25', '2020-07-04 09:16:51', 1, 1, 6241),
(1934, 'after update', 25, 0, 2, '-', 'AKTIF', 7, 1, '2020-07-04 10:18:46', '2020-07-04 10:25:21', 1, 1, 6242),
(1935, 'after update', 18, 0, 300, '-', 'AKTIF', 7, 2, '2020-06-29 12:18:09', '2020-07-06 05:34:11', 1, 1, 6243),
(1936, 'after update', 10, 0, 1, 'poiuytrewq', 'nonaktif', 5, 1, '2020-06-22 01:46:33', '2020-07-04 10:18:19', 1, 1, 6244),
(1937, 'after update', 24, 0, 1, '-', 'AKTIF', 5, 1, '2020-07-04 10:18:46', '2020-07-04 10:25:16', 1, 1, 6245),
(1938, 'after update', 16, 0, 180, '-', 'AKTIF', 5, 2, '2020-06-22 03:01:02', '2020-07-06 05:21:27', 1, 1, 6246),
(1939, 'after update', 17, 0, 300, '-', 'AKTIF', 6, 2, '2020-06-22 05:26:20', '2020-07-06 05:21:38', 1, 1, 6247),
(1940, 'after update', 19, 0, 2, '-', 'nonaktif', 7, 1, '2020-07-04 09:08:25', '2020-07-04 09:16:51', 1, 1, 6248),
(1941, 'after update', 25, 0, 2, '-', 'AKTIF', 7, 1, '2020-07-04 10:18:46', '2020-07-04 10:25:21', 1, 1, 6249),
(1942, 'after update', 18, 0, 300, '-', 'AKTIF', 7, 2, '2020-06-29 12:18:09', '2020-07-06 05:34:11', 1, 1, 6250),
(1943, 'after update', 10, 0, 1, 'poiuytrewq', 'nonaktif', 5, 1, '2020-06-22 01:46:33', '2020-07-04 10:18:19', 1, 1, 6251),
(1944, 'after update', 24, 0, 1, '-', 'AKTIF', 5, 1, '2020-07-04 10:18:46', '2020-07-04 10:25:16', 1, 1, 6252),
(1945, 'after update', 16, 0, 180, '-', 'AKTIF', 5, 2, '2020-06-22 03:01:02', '2020-07-06 05:21:27', 1, 1, 6253),
(1946, 'after update', 17, 0, 300, '-', 'AKTIF', 6, 2, '2020-06-22 05:26:20', '2020-07-06 05:21:38', 1, 1, 6254),
(1947, 'after update', 19, 0, 2, '-', 'nonaktif', 7, 1, '2020-07-04 09:08:25', '2020-07-04 09:16:51', 1, 1, 6255),
(1948, 'after update', 25, 0, 2, '-', 'AKTIF', 7, 1, '2020-07-04 10:18:46', '2020-07-04 10:25:21', 1, 1, 6256),
(1949, 'after update', 18, 0, 300, '-', 'AKTIF', 7, 2, '2020-06-29 12:18:09', '2020-07-06 05:34:11', 1, 1, 6257),
(1950, 'after update', 10, 0, 1, 'poiuytrewq', 'nonaktif', 5, 1, '2020-06-22 01:46:33', '2020-07-04 10:18:19', 1, 1, 6258),
(1951, 'after update', 24, 0, 1, '-', 'AKTIF', 5, 1, '2020-07-04 10:18:46', '2020-07-04 10:25:16', 1, 1, 6259),
(1952, 'after update', 16, 0, 180, '-', 'AKTIF', 5, 2, '2020-06-22 03:01:02', '2020-07-06 05:21:27', 1, 1, 6260),
(1953, 'after update', 17, 0, 300, '-', 'AKTIF', 6, 2, '2020-06-22 05:26:20', '2020-07-06 05:21:38', 1, 1, 6261),
(1954, 'after update', 19, 0, 2, '-', 'nonaktif', 7, 1, '2020-07-04 09:08:25', '2020-07-04 09:16:51', 1, 1, 6262),
(1955, 'after update', 25, 0, 2, '-', 'AKTIF', 7, 1, '2020-07-04 10:18:46', '2020-07-04 10:25:21', 1, 1, 6263),
(1956, 'after update', 18, 0, 300, '-', 'AKTIF', 7, 2, '2020-06-29 12:18:09', '2020-07-06 05:34:11', 1, 1, 6264),
(1957, 'after update', 10, 0, 1, 'poiuytrewq', 'nonaktif', 5, 1, '2020-06-22 01:46:33', '2020-07-04 10:18:19', 1, 1, 6265),
(1958, 'after update', 24, 0, 1, '-', 'AKTIF', 5, 1, '2020-07-04 10:18:46', '2020-07-04 10:25:16', 1, 1, 6266),
(1959, 'after update', 16, 0, 180, '-', 'AKTIF', 5, 2, '2020-06-22 03:01:02', '2020-07-06 05:21:27', 1, 1, 6267),
(1960, 'after update', 17, 0, 300, '-', 'AKTIF', 6, 2, '2020-06-22 05:26:20', '2020-07-06 05:21:38', 1, 1, 6268),
(1961, 'after update', 19, 0, 2, '-', 'nonaktif', 7, 1, '2020-07-04 09:08:25', '2020-07-04 09:16:51', 1, 1, 6269),
(1962, 'after update', 25, 0, 2, '-', 'AKTIF', 7, 1, '2020-07-04 10:18:46', '2020-07-04 10:25:21', 1, 1, 6270),
(1963, 'after update', 18, 0, 300, '-', 'AKTIF', 7, 2, '2020-06-29 12:18:09', '2020-07-06 05:34:11', 1, 1, 6271),
(1964, 'after update', 10, 0, 1, 'poiuytrewq', 'nonaktif', 5, 1, '2020-06-22 01:46:33', '2020-07-04 10:18:19', 1, 1, 6272),
(1965, 'after update', 24, 0, 1, '-', 'AKTIF', 5, 1, '2020-07-04 10:18:46', '2020-07-04 10:25:16', 1, 1, 6273),
(1966, 'after update', 16, 0, 180, '-', 'AKTIF', 5, 2, '2020-06-22 03:01:02', '2020-07-06 05:21:27', 1, 1, 6274),
(1967, 'after update', 17, 0, 300, '-', 'AKTIF', 6, 2, '2020-06-22 05:26:20', '2020-07-06 05:21:38', 1, 1, 6275),
(1968, 'after update', 19, 0, 2, '-', 'nonaktif', 7, 1, '2020-07-04 09:08:25', '2020-07-04 09:16:51', 1, 1, 6276),
(1969, 'after update', 25, 0, 2, '-', 'AKTIF', 7, 1, '2020-07-04 10:18:46', '2020-07-04 10:25:21', 1, 1, 6277),
(1970, 'after update', 18, 0, 300, '-', 'AKTIF', 7, 2, '2020-06-29 12:18:09', '2020-07-06 05:34:11', 1, 1, 6278),
(1971, 'after update', 10, 0, 1, 'poiuytrewq', 'nonaktif', 5, 1, '2020-06-22 01:46:33', '2020-07-04 10:18:19', 1, 1, 6279),
(1972, 'after update', 24, 0, 1, '-', 'AKTIF', 5, 1, '2020-07-04 10:18:46', '2020-07-04 10:25:16', 1, 1, 6280),
(1973, 'after update', 16, 0, 180, '-', 'AKTIF', 5, 2, '2020-06-22 03:01:02', '2020-07-06 05:21:27', 1, 1, 6281),
(1974, 'after update', 17, 0, 300, '-', 'AKTIF', 6, 2, '2020-06-22 05:26:20', '2020-07-06 05:21:38', 1, 1, 6282),
(1975, 'after update', 19, 0, 2, '-', 'nonaktif', 7, 1, '2020-07-04 09:08:25', '2020-07-04 09:16:51', 1, 1, 6283),
(1976, 'after update', 25, 0, 2, '-', 'AKTIF', 7, 1, '2020-07-04 10:18:46', '2020-07-04 10:25:21', 1, 1, 6284),
(1977, 'after update', 18, 0, 300, '-', 'AKTIF', 7, 2, '2020-06-29 12:18:09', '2020-07-06 05:34:11', 1, 1, 6285),
(1978, 'after update', 10, 0, 1, 'poiuytrewq', 'nonaktif', 5, 1, '2020-06-22 01:46:33', '2020-07-04 10:18:19', 1, 1, 6286),
(1979, 'after update', 24, 0, 1, '-', 'AKTIF', 5, 1, '2020-07-04 10:18:46', '2020-07-04 10:25:16', 1, 1, 6287),
(1980, 'after update', 16, 0, 180, '-', 'AKTIF', 5, 2, '2020-06-22 03:01:02', '2020-07-06 05:21:27', 1, 1, 6288),
(1981, 'after update', 17, 0, 300, '-', 'AKTIF', 6, 2, '2020-06-22 05:26:20', '2020-07-06 05:21:38', 1, 1, 6289),
(1982, 'after update', 19, 0, 2, '-', 'nonaktif', 7, 1, '2020-07-04 09:08:25', '2020-07-04 09:16:51', 1, 1, 6290),
(1983, 'after update', 25, 0, 2, '-', 'AKTIF', 7, 1, '2020-07-04 10:18:46', '2020-07-04 10:25:21', 1, 1, 6291),
(1984, 'after update', 18, 0, 300, '-', 'AKTIF', 7, 2, '2020-06-29 12:18:09', '2020-07-06 05:34:11', 1, 1, 6292),
(1985, 'after update', 10, 0, 1, 'poiuytrewq', 'nonaktif', 5, 1, '2020-06-22 01:46:33', '2020-07-04 10:18:19', 1, 1, 6293),
(1986, 'after update', 24, 0, 1, '-', 'AKTIF', 5, 1, '2020-07-04 10:18:46', '2020-07-04 10:25:16', 1, 1, 6294),
(1987, 'after update', 16, 0, 180, '-', 'AKTIF', 5, 2, '2020-06-22 03:01:02', '2020-07-06 05:21:27', 1, 1, 6295),
(1988, 'after update', 17, 0, 300, '-', 'AKTIF', 6, 2, '2020-06-22 05:26:20', '2020-07-06 05:21:38', 1, 1, 6296),
(1989, 'after update', 19, 0, 2, '-', 'nonaktif', 7, 1, '2020-07-04 09:08:25', '2020-07-04 09:16:51', 1, 1, 6297),
(1990, 'after update', 25, 0, 2, '-', 'AKTIF', 7, 1, '2020-07-04 10:18:46', '2020-07-04 10:25:21', 1, 1, 6298),
(1991, 'after update', 18, 0, 300, '-', 'AKTIF', 7, 2, '2020-06-29 12:18:09', '2020-07-06 05:34:11', 1, 1, 6299),
(1992, 'after update', 10, 0, 1, 'poiuytrewq', 'nonaktif', 5, 1, '2020-06-22 01:46:33', '2020-07-04 10:18:19', 1, 1, 6300),
(1993, 'after update', 24, 0, 1, '-', 'AKTIF', 5, 1, '2020-07-04 10:18:46', '2020-07-04 10:25:16', 1, 1, 6301),
(1994, 'after update', 16, 0, 180, '-', 'AKTIF', 5, 2, '2020-06-22 03:01:02', '2020-07-06 05:21:27', 1, 1, 6302),
(1995, 'after update', 17, 0, 300, '-', 'AKTIF', 6, 2, '2020-06-22 05:26:20', '2020-07-06 05:21:38', 1, 1, 6303),
(1996, 'after update', 19, 0, 2, '-', 'nonaktif', 7, 1, '2020-07-04 09:08:25', '2020-07-04 09:16:51', 1, 1, 6304),
(1997, 'after update', 25, 0, 2, '-', 'AKTIF', 7, 1, '2020-07-04 10:18:46', '2020-07-04 10:25:21', 1, 1, 6305),
(1998, 'after update', 18, 0, 300, '-', 'AKTIF', 7, 2, '2020-06-29 12:18:09', '2020-07-06 05:34:11', 1, 1, 6306),
(1999, 'after update', 10, 0, 1, 'poiuytrewq', 'nonaktif', 5, 1, '2020-06-22 01:46:33', '2020-07-04 10:18:19', 1, 1, 6307),
(2000, 'after update', 24, 0, 1, '-', 'AKTIF', 5, 1, '2020-07-04 10:18:46', '2020-07-04 10:25:16', 1, 1, 6308),
(2001, 'after update', 16, 0, 180, '-', 'AKTIF', 5, 2, '2020-06-22 03:01:02', '2020-07-06 05:21:27', 1, 1, 6309),
(2002, 'after update', 17, 0, 300, '-', 'AKTIF', 6, 2, '2020-06-22 05:26:20', '2020-07-06 05:21:38', 1, 1, 6310),
(2003, 'after update', 19, 0, 2, '-', 'nonaktif', 7, 1, '2020-07-04 09:08:25', '2020-07-04 09:16:51', 1, 1, 6311),
(2004, 'after update', 25, 0, 2, '-', 'AKTIF', 7, 1, '2020-07-04 10:18:46', '2020-07-04 10:25:21', 1, 1, 6312),
(2005, 'after update', 18, 0, 300, '-', 'AKTIF', 7, 2, '2020-06-29 12:18:09', '2020-07-06 05:34:11', 1, 1, 6313),
(2006, 'after update', 10, 0, 1, 'poiuytrewq', 'nonaktif', 5, 1, '2020-06-22 01:46:33', '2020-07-04 10:18:19', 1, 1, 6314),
(2007, 'after update', 24, 0, 1, '-', 'AKTIF', 5, 1, '2020-07-04 10:18:46', '2020-07-04 10:25:16', 1, 1, 6315),
(2008, 'after update', 16, 0, 180, '-', 'AKTIF', 5, 2, '2020-06-22 03:01:02', '2020-07-06 05:21:27', 1, 1, 6316),
(2009, 'after update', 17, 0, 300, '-', 'AKTIF', 6, 2, '2020-06-22 05:26:20', '2020-07-06 05:21:38', 1, 1, 6317),
(2010, 'after update', 19, 0, 2, '-', 'nonaktif', 7, 1, '2020-07-04 09:08:25', '2020-07-04 09:16:51', 1, 1, 6318),
(2011, 'after update', 25, 0, 2, '-', 'AKTIF', 7, 1, '2020-07-04 10:18:46', '2020-07-04 10:25:21', 1, 1, 6319),
(2012, 'after update', 18, 0, 300, '-', 'AKTIF', 7, 2, '2020-06-29 12:18:09', '2020-07-06 05:34:11', 1, 1, 6320),
(2013, 'after update', 10, 0, 1, 'poiuytrewq', 'nonaktif', 5, 1, '2020-06-22 01:46:33', '2020-07-04 10:18:19', 1, 1, 6321),
(2014, 'after update', 24, 0, 1, '-', 'AKTIF', 5, 1, '2020-07-04 10:18:46', '2020-07-04 10:25:16', 1, 1, 6322),
(2015, 'after update', 16, 0, 180, '-', 'AKTIF', 5, 2, '2020-06-22 03:01:02', '2020-07-06 05:21:27', 1, 1, 6323),
(2016, 'after update', 17, 0, 300, '-', 'AKTIF', 6, 2, '2020-06-22 05:26:20', '2020-07-06 05:21:38', 1, 1, 6324),
(2017, 'after update', 19, 0, 2, '-', 'nonaktif', 7, 1, '2020-07-04 09:08:25', '2020-07-04 09:16:51', 1, 1, 6325),
(2018, 'after update', 25, 0, 2, '-', 'AKTIF', 7, 1, '2020-07-04 10:18:46', '2020-07-04 10:25:21', 1, 1, 6326),
(2019, 'after update', 18, 0, 300, '-', 'AKTIF', 7, 2, '2020-06-29 12:18:09', '2020-07-06 05:34:11', 1, 1, 6327),
(2020, 'after update', 10, 0, 1, 'poiuytrewq', 'nonaktif', 5, 1, '2020-06-22 01:46:33', '2020-07-04 10:18:19', 1, 1, 6328),
(2021, 'after update', 24, 0, 1, '-', 'AKTIF', 5, 1, '2020-07-04 10:18:46', '2020-07-04 10:25:16', 1, 1, 6329),
(2022, 'after update', 16, 0, 180, '-', 'AKTIF', 5, 2, '2020-06-22 03:01:02', '2020-07-06 05:21:27', 1, 1, 6330),
(2023, 'after update', 17, 0, 300, '-', 'AKTIF', 6, 2, '2020-06-22 05:26:20', '2020-07-06 05:21:38', 1, 1, 6331),
(2024, 'after update', 19, 0, 2, '-', 'nonaktif', 7, 1, '2020-07-04 09:08:25', '2020-07-04 09:16:51', 1, 1, 6332),
(2025, 'after update', 25, 0, 2, '-', 'AKTIF', 7, 1, '2020-07-04 10:18:46', '2020-07-04 10:25:21', 1, 1, 6333),
(2026, 'after update', 18, 0, 300, '-', 'AKTIF', 7, 2, '2020-06-29 12:18:09', '2020-07-06 05:34:11', 1, 1, 6334),
(2027, 'after update', 10, 0, 1, 'poiuytrewq', 'nonaktif', 5, 1, '2020-06-22 01:46:33', '2020-07-04 10:18:19', 1, 1, 6335),
(2028, 'after update', 24, 0, 1, '-', 'AKTIF', 5, 1, '2020-07-04 10:18:46', '2020-07-04 10:25:16', 1, 1, 6336),
(2029, 'after update', 16, 0, 180, '-', 'AKTIF', 5, 2, '2020-06-22 03:01:02', '2020-07-06 05:21:27', 1, 1, 6337),
(2030, 'after update', 17, 0, 300, '-', 'AKTIF', 6, 2, '2020-06-22 05:26:20', '2020-07-06 05:21:38', 1, 1, 6338),
(2031, 'after update', 19, 0, 2, '-', 'nonaktif', 7, 1, '2020-07-04 09:08:25', '2020-07-04 09:16:51', 1, 1, 6339),
(2032, 'after update', 25, 0, 2, '-', 'AKTIF', 7, 1, '2020-07-04 10:18:46', '2020-07-04 10:25:21', 1, 1, 6340),
(2033, 'after update', 18, 0, 300, '-', 'AKTIF', 7, 2, '2020-06-29 12:18:09', '2020-07-06 05:34:11', 1, 1, 6341),
(2034, 'after update', 10, 0, 1, 'poiuytrewq', 'nonaktif', 5, 1, '2020-06-22 01:46:33', '2020-07-04 10:18:19', 1, 1, 6342),
(2035, 'after update', 24, 0, 1, '-', 'AKTIF', 5, 1, '2020-07-04 10:18:46', '2020-07-04 10:25:16', 1, 1, 6343),
(2036, 'after update', 16, 0, 180, '-', 'AKTIF', 5, 2, '2020-06-22 03:01:02', '2020-07-06 05:21:27', 1, 1, 6344),
(2037, 'after update', 17, 0, 300, '-', 'AKTIF', 6, 2, '2020-06-22 05:26:20', '2020-07-06 05:21:38', 1, 1, 6345),
(2038, 'after update', 19, 0, 2, '-', 'nonaktif', 7, 1, '2020-07-04 09:08:25', '2020-07-04 09:16:51', 1, 1, 6346),
(2039, 'after update', 25, 0, 2, '-', 'AKTIF', 7, 1, '2020-07-04 10:18:46', '2020-07-04 10:25:21', 1, 1, 6347),
(2040, 'after update', 18, 0, 300, '-', 'AKTIF', 7, 2, '2020-06-29 12:18:09', '2020-07-06 05:34:11', 1, 1, 6348),
(2041, 'after update', 10, 0, 1, 'poiuytrewq', 'nonaktif', 5, 1, '2020-06-22 01:46:33', '2020-07-04 10:18:19', 1, 1, 6349),
(2042, 'after update', 24, 0, 1, '-', 'AKTIF', 5, 1, '2020-07-04 10:18:46', '2020-07-04 10:25:16', 1, 1, 6350),
(2043, 'after update', 16, 0, 180, '-', 'AKTIF', 5, 2, '2020-06-22 03:01:02', '2020-07-06 05:21:27', 1, 1, 6351),
(2044, 'after update', 17, 0, 300, '-', 'AKTIF', 6, 2, '2020-06-22 05:26:20', '2020-07-06 05:21:38', 1, 1, 6352),
(2045, 'after update', 19, 0, 2, '-', 'nonaktif', 7, 1, '2020-07-04 09:08:25', '2020-07-04 09:16:51', 1, 1, 6353),
(2046, 'after update', 25, 0, 2, '-', 'AKTIF', 7, 1, '2020-07-04 10:18:46', '2020-07-04 10:25:21', 1, 1, 6354),
(2047, 'after update', 18, 0, 300, '-', 'AKTIF', 7, 2, '2020-06-29 12:18:09', '2020-07-06 05:34:11', 1, 1, 6355),
(2048, 'after update', 10, 0, 1, 'poiuytrewq', 'nonaktif', 5, 1, '2020-06-22 01:46:33', '2020-07-04 10:18:19', 1, 1, 6356),
(2049, 'after update', 24, 0, 1, '-', 'AKTIF', 5, 1, '2020-07-04 10:18:46', '2020-07-04 10:25:16', 1, 1, 6357),
(2050, 'after update', 16, 0, 180, '-', 'AKTIF', 5, 2, '2020-06-22 03:01:02', '2020-07-06 05:21:27', 1, 1, 6358),
(2051, 'after update', 17, 0, 300, '-', 'AKTIF', 6, 2, '2020-06-22 05:26:20', '2020-07-06 05:21:38', 1, 1, 6359),
(2052, 'after update', 19, 0, 2, '-', 'nonaktif', 7, 1, '2020-07-04 09:08:25', '2020-07-04 09:16:51', 1, 1, 6360),
(2053, 'after update', 25, 0, 2, '-', 'AKTIF', 7, 1, '2020-07-04 10:18:46', '2020-07-04 10:25:21', 1, 1, 6361),
(2054, 'after update', 18, 0, 300, '-', 'AKTIF', 7, 2, '2020-06-29 12:18:09', '2020-07-06 05:34:11', 1, 1, 6362),
(2055, 'after update', 10, 0, 1, 'poiuytrewq', 'nonaktif', 5, 1, '2020-06-22 01:46:33', '2020-07-04 10:18:19', 1, 1, 6363),
(2056, 'after update', 24, 0, 1, '-', 'AKTIF', 5, 1, '2020-07-04 10:18:46', '2020-07-04 10:25:16', 1, 1, 6364),
(2057, 'after update', 16, 0, 180, '-', 'AKTIF', 5, 2, '2020-06-22 03:01:02', '2020-07-06 05:21:27', 1, 1, 6365),
(2058, 'after update', 17, 0, 300, '-', 'AKTIF', 6, 2, '2020-06-22 05:26:20', '2020-07-06 05:21:38', 1, 1, 6366),
(2059, 'after update', 19, 0, 2, '-', 'nonaktif', 7, 1, '2020-07-04 09:08:25', '2020-07-04 09:16:51', 1, 1, 6367),
(2060, 'after update', 25, 0, 2, '-', 'AKTIF', 7, 1, '2020-07-04 10:18:46', '2020-07-04 10:25:21', 1, 1, 6368),
(2061, 'after update', 18, 0, 300, '-', 'AKTIF', 7, 2, '2020-06-29 12:18:09', '2020-07-06 05:34:11', 1, 1, 6369),
(2062, 'after update', 10, 0, 1, 'poiuytrewq', 'nonaktif', 5, 1, '2020-06-22 01:46:33', '2020-07-04 10:18:19', 1, 1, 6370),
(2063, 'after update', 24, 0, 1, '-', 'AKTIF', 5, 1, '2020-07-04 10:18:46', '2020-07-04 10:25:16', 1, 1, 6371),
(2064, 'after update', 16, 0, 180, '-', 'AKTIF', 5, 2, '2020-06-22 03:01:02', '2020-07-06 05:21:27', 1, 1, 6372),
(2065, 'after update', 17, 0, 300, '-', 'AKTIF', 6, 2, '2020-06-22 05:26:20', '2020-07-06 05:21:38', 1, 1, 6373),
(2066, 'after update', 19, 0, 2, '-', 'nonaktif', 7, 1, '2020-07-04 09:08:25', '2020-07-04 09:16:51', 1, 1, 6374),
(2067, 'after update', 25, 0, 2, '-', 'AKTIF', 7, 1, '2020-07-04 10:18:46', '2020-07-04 10:25:21', 1, 1, 6375),
(2068, 'after update', 18, 0, 300, '-', 'AKTIF', 7, 2, '2020-06-29 12:18:09', '2020-07-06 05:34:11', 1, 1, 6376),
(2069, 'after update', 10, 0, 1, 'poiuytrewq', 'nonaktif', 5, 1, '2020-06-22 01:46:33', '2020-07-04 10:18:19', 1, 1, 6377),
(2070, 'after update', 24, 0, 1, '-', 'AKTIF', 5, 1, '2020-07-04 10:18:46', '2020-07-04 10:25:16', 1, 1, 6378),
(2071, 'after update', 16, 0, 180, '-', 'AKTIF', 5, 2, '2020-06-22 03:01:02', '2020-07-06 05:21:27', 1, 1, 6379),
(2072, 'after update', 17, 0, 300, '-', 'AKTIF', 6, 2, '2020-06-22 05:26:20', '2020-07-06 05:21:38', 1, 1, 6380),
(2073, 'after update', 19, 0, 2, '-', 'nonaktif', 7, 1, '2020-07-04 09:08:25', '2020-07-04 09:16:51', 1, 1, 6381),
(2074, 'after update', 25, 0, 2, '-', 'AKTIF', 7, 1, '2020-07-04 10:18:46', '2020-07-04 10:25:21', 1, 1, 6382),
(2075, 'after update', 18, 0, 300, '-', 'AKTIF', 7, 2, '2020-06-29 12:18:09', '2020-07-06 05:34:11', 1, 1, 6383),
(2076, 'after update', 10, 0, 1, 'poiuytrewq', 'nonaktif', 5, 1, '2020-06-22 01:46:33', '2020-07-04 10:18:19', 1, 1, 6386),
(2077, 'after update', 24, 0, 1, '-', 'AKTIF', 5, 1, '2020-07-04 10:18:46', '2020-07-04 10:25:16', 1, 1, 6387),
(2078, 'after update', 16, 0, 180, '-', 'AKTIF', 5, 2, '2020-06-22 03:01:02', '2020-07-06 05:21:27', 1, 1, 6388),
(2079, 'after update', 17, 0, 300, '-', 'AKTIF', 6, 2, '2020-06-22 05:26:20', '2020-07-06 05:21:38', 1, 1, 6389),
(2080, 'after update', 19, 0, 2, '-', 'nonaktif', 7, 1, '2020-07-04 09:08:25', '2020-07-04 09:16:51', 1, 1, 6390),
(2081, 'after update', 25, 0, 2, '-', 'AKTIF', 7, 1, '2020-07-04 10:18:46', '2020-07-04 10:25:21', 1, 1, 6391),
(2082, 'after update', 18, 0, 300, '-', 'AKTIF', 7, 2, '2020-06-29 12:18:09', '2020-07-06 05:34:11', 1, 1, 6392),
(2083, 'after update', 10, 0, 1, 'poiuytrewq', 'nonaktif', 5, 1, '2020-06-22 01:46:33', '2020-07-04 10:18:19', 1, 1, 6393),
(2084, 'after update', 24, 0, 1, '-', 'AKTIF', 5, 1, '2020-07-04 10:18:46', '2020-07-04 10:25:16', 1, 1, 6394),
(2085, 'after update', 16, 0, 180, '-', 'AKTIF', 5, 2, '2020-06-22 03:01:02', '2020-07-06 05:21:27', 1, 1, 6395),
(2086, 'after update', 17, 0, 300, '-', 'AKTIF', 6, 2, '2020-06-22 05:26:20', '2020-07-06 05:21:38', 1, 1, 6396),
(2087, 'after update', 19, 0, 2, '-', 'nonaktif', 7, 1, '2020-07-04 09:08:25', '2020-07-04 09:16:51', 1, 1, 6397),
(2088, 'after update', 25, 0, 2, '-', 'AKTIF', 7, 1, '2020-07-04 10:18:46', '2020-07-04 10:25:21', 1, 1, 6398),
(2089, 'after update', 18, 0, 300, '-', 'AKTIF', 7, 2, '2020-06-29 12:18:09', '2020-07-06 05:34:11', 1, 1, 6399),
(2090, 'after update', 10, 0, 1, 'poiuytrewq', 'nonaktif', 5, 1, '2020-06-22 01:46:33', '2020-07-04 10:18:19', 1, 1, 6400),
(2091, 'after update', 24, 0, 1, '-', 'AKTIF', 5, 1, '2020-07-04 10:18:46', '2020-07-04 10:25:16', 1, 1, 6401),
(2092, 'after update', 16, 0, 180, '-', 'AKTIF', 5, 2, '2020-06-22 03:01:02', '2020-07-06 05:21:27', 1, 1, 6402),
(2093, 'after update', 17, 0, 300, '-', 'AKTIF', 6, 2, '2020-06-22 05:26:20', '2020-07-06 05:21:38', 1, 1, 6403),
(2094, 'after update', 19, 0, 2, '-', 'nonaktif', 7, 1, '2020-07-04 09:08:25', '2020-07-04 09:16:51', 1, 1, 6404),
(2095, 'after update', 25, 0, 2, '-', 'AKTIF', 7, 1, '2020-07-04 10:18:46', '2020-07-04 10:25:21', 1, 1, 6405),
(2096, 'after update', 18, 0, 300, '-', 'AKTIF', 7, 2, '2020-06-29 12:18:09', '2020-07-06 05:34:11', 1, 1, 6406),
(2097, 'after update', 10, 0, 1, 'poiuytrewq', 'nonaktif', 5, 1, '2020-06-22 01:46:33', '2020-07-04 10:18:19', 1, 1, 6407),
(2098, 'after update', 24, 0, 1, '-', 'AKTIF', 5, 1, '2020-07-04 10:18:46', '2020-07-04 10:25:16', 1, 1, 6408),
(2099, 'after update', 16, 0, 180, '-', 'AKTIF', 5, 2, '2020-06-22 03:01:02', '2020-07-06 05:21:27', 1, 1, 6409),
(2100, 'after update', 17, 0, 300, '-', 'AKTIF', 6, 2, '2020-06-22 05:26:20', '2020-07-06 05:21:38', 1, 1, 6410),
(2101, 'after update', 19, 0, 2, '-', 'nonaktif', 7, 1, '2020-07-04 09:08:25', '2020-07-04 09:16:51', 1, 1, 6411),
(2102, 'after update', 25, 0, 2, '-', 'AKTIF', 7, 1, '2020-07-04 10:18:46', '2020-07-04 10:25:21', 1, 1, 6412),
(2103, 'after update', 18, 0, 300, '-', 'AKTIF', 7, 2, '2020-06-29 12:18:09', '2020-07-06 05:34:11', 1, 1, 6413),
(2104, 'after update', 10, 0, 1, 'poiuytrewq', 'nonaktif', 5, 1, '2020-06-22 01:46:33', '2020-07-04 10:18:19', 1, 1, 6414),
(2105, 'after update', 24, 0, 1, '-', 'AKTIF', 5, 1, '2020-07-04 10:18:46', '2020-07-04 10:25:16', 1, 1, 6415),
(2106, 'after update', 16, 0, 180, '-', 'AKTIF', 5, 2, '2020-06-22 03:01:02', '2020-07-06 05:21:27', 1, 1, 6416),
(2107, 'after update', 17, 0, 300, '-', 'AKTIF', 6, 2, '2020-06-22 05:26:20', '2020-07-06 05:21:38', 1, 1, 6417),
(2108, 'after update', 19, 0, 2, '-', 'nonaktif', 7, 1, '2020-07-04 09:08:25', '2020-07-04 09:16:51', 1, 1, 6418),
(2109, 'after update', 25, 0, 2, '-', 'AKTIF', 7, 1, '2020-07-04 10:18:46', '2020-07-04 10:25:21', 1, 1, 6419),
(2110, 'after update', 18, 0, 300, '-', 'AKTIF', 7, 2, '2020-06-29 12:18:09', '2020-07-06 05:34:11', 1, 1, 6420),
(2111, 'after update', 10, 0, 1, 'poiuytrewq', 'nonaktif', 5, 1, '2020-06-22 01:46:33', '2020-07-04 10:18:19', 1, 1, 6421),
(2112, 'after update', 24, 0, 1, '-', 'AKTIF', 5, 1, '2020-07-04 10:18:46', '2020-07-04 10:25:16', 1, 1, 6422),
(2113, 'after update', 16, 0, 180, '-', 'AKTIF', 5, 2, '2020-06-22 03:01:02', '2020-07-06 05:21:27', 1, 1, 6423),
(2114, 'after update', 17, 0, 300, '-', 'AKTIF', 6, 2, '2020-06-22 05:26:20', '2020-07-06 05:21:38', 1, 1, 6424),
(2115, 'after update', 19, 0, 2, '-', 'nonaktif', 7, 1, '2020-07-04 09:08:25', '2020-07-04 09:16:51', 1, 1, 6425),
(2116, 'after update', 25, 0, 2, '-', 'AKTIF', 7, 1, '2020-07-04 10:18:46', '2020-07-04 10:25:21', 1, 1, 6426),
(2117, 'after update', 18, 0, 300, '-', 'AKTIF', 7, 2, '2020-06-29 12:18:09', '2020-07-06 05:34:11', 1, 1, 6427),
(2118, 'after update', 10, 0, 1, 'poiuytrewq', 'nonaktif', 5, 1, '2020-06-22 01:46:33', '2020-07-04 10:18:19', 1, 1, 6428),
(2119, 'after update', 24, 0, 1, '-', 'AKTIF', 5, 1, '2020-07-04 10:18:46', '2020-07-04 10:25:16', 1, 1, 6429),
(2120, 'after update', 16, 0, 180, '-', 'AKTIF', 5, 2, '2020-06-22 03:01:02', '2020-07-06 05:21:27', 1, 1, 6430),
(2121, 'after update', 17, 0, 300, '-', 'AKTIF', 6, 2, '2020-06-22 05:26:20', '2020-07-06 05:21:38', 1, 1, 6431),
(2122, 'after update', 19, 0, 2, '-', 'nonaktif', 7, 1, '2020-07-04 09:08:25', '2020-07-04 09:16:51', 1, 1, 6432),
(2123, 'after update', 25, 0, 2, '-', 'AKTIF', 7, 1, '2020-07-04 10:18:46', '2020-07-04 10:25:21', 1, 1, 6433),
(2124, 'after update', 18, 0, 300, '-', 'AKTIF', 7, 2, '2020-06-29 12:18:09', '2020-07-06 05:34:11', 1, 1, 6434),
(2125, 'after update', 10, 0, 1, 'poiuytrewq', 'nonaktif', 5, 1, '2020-06-22 01:46:33', '2020-07-04 10:18:19', 1, 1, 6435),
(2126, 'after update', 24, 0, 1, '-', 'AKTIF', 5, 1, '2020-07-04 10:18:46', '2020-07-04 10:25:16', 1, 1, 6436),
(2127, 'after update', 16, 0, 180, '-', 'AKTIF', 5, 2, '2020-06-22 03:01:02', '2020-07-06 05:21:27', 1, 1, 6437),
(2128, 'after update', 17, 0, 300, '-', 'AKTIF', 6, 2, '2020-06-22 05:26:20', '2020-07-06 05:21:38', 1, 1, 6438),
(2129, 'after update', 19, 0, 2, '-', 'nonaktif', 7, 1, '2020-07-04 09:08:25', '2020-07-04 09:16:51', 1, 1, 6439),
(2130, 'after update', 25, 0, 2, '-', 'AKTIF', 7, 1, '2020-07-04 10:18:46', '2020-07-04 10:25:21', 1, 1, 6440),
(2131, 'after update', 18, 0, 300, '-', 'AKTIF', 7, 2, '2020-06-29 12:18:09', '2020-07-06 05:34:11', 1, 1, 6441),
(2132, 'after update', 10, 0, 1, 'poiuytrewq', 'nonaktif', 5, 1, '2020-06-22 01:46:33', '2020-07-04 10:18:19', 1, 1, 6442),
(2133, 'after update', 24, 0, 1, '-', 'AKTIF', 5, 1, '2020-07-04 10:18:46', '2020-07-04 10:25:16', 1, 1, 6443),
(2134, 'after update', 16, 0, 180, '-', 'AKTIF', 5, 2, '2020-06-22 03:01:02', '2020-07-06 05:21:27', 1, 1, 6444),
(2135, 'after update', 17, 0, 300, '-', 'AKTIF', 6, 2, '2020-06-22 05:26:20', '2020-07-06 05:21:38', 1, 1, 6445),
(2136, 'after update', 19, 0, 2, '-', 'nonaktif', 7, 1, '2020-07-04 09:08:25', '2020-07-04 09:16:51', 1, 1, 6446);
INSERT INTO `tbl_brg_cabang_log` (`id_pk_brg_cabang_log`, `executed_function`, `id_pk_brg_cabang`, `brg_cabang_qty`, `brg_cabang_last_price`, `brg_cabang_notes`, `brg_cabang_status`, `id_fk_brg`, `id_fk_cabang`, `brg_cabang_create_date`, `brg_cabang_last_modified`, `id_create_data`, `id_last_modified`, `id_log_all`) VALUES
(2137, 'after update', 25, 0, 2, '-', 'AKTIF', 7, 1, '2020-07-04 10:18:46', '2020-07-04 10:25:21', 1, 1, 6447),
(2138, 'after update', 18, 0, 300, '-', 'AKTIF', 7, 2, '2020-06-29 12:18:09', '2020-07-06 05:34:11', 1, 1, 6448),
(2139, 'after update', 10, 0, 1, 'poiuytrewq', 'nonaktif', 5, 1, '2020-06-22 01:46:33', '2020-07-04 10:18:19', 1, 1, 6451),
(2140, 'after update', 24, 0, 1, '-', 'AKTIF', 5, 1, '2020-07-04 10:18:46', '2020-07-04 10:25:16', 1, 1, 6452),
(2141, 'after update', 16, 0, 180, '-', 'AKTIF', 5, 2, '2020-06-22 03:01:02', '2020-07-06 05:21:27', 1, 1, 6453),
(2142, 'after update', 17, 0, 300, '-', 'AKTIF', 6, 2, '2020-06-22 05:26:20', '2020-07-06 05:21:38', 1, 1, 6454),
(2143, 'after update', 19, 0, 2, '-', 'nonaktif', 7, 1, '2020-07-04 09:08:25', '2020-07-04 09:16:51', 1, 1, 6455),
(2144, 'after update', 25, 0, 2, '-', 'AKTIF', 7, 1, '2020-07-04 10:18:46', '2020-07-04 10:25:21', 1, 1, 6456),
(2145, 'after update', 18, 0, 300, '-', 'AKTIF', 7, 2, '2020-06-29 12:18:09', '2020-07-06 05:34:11', 1, 1, 6457),
(2146, 'after update', 10, 0, 1, 'poiuytrewq', 'nonaktif', 5, 1, '2020-06-22 01:46:33', '2020-07-04 10:18:19', 1, 1, 6458),
(2147, 'after update', 24, 0, 1, '-', 'AKTIF', 5, 1, '2020-07-04 10:18:46', '2020-07-04 10:25:16', 1, 1, 6459),
(2148, 'after update', 16, 0, 180, '-', 'AKTIF', 5, 2, '2020-06-22 03:01:02', '2020-07-06 05:21:27', 1, 1, 6460),
(2149, 'after update', 17, 0, 300, '-', 'AKTIF', 6, 2, '2020-06-22 05:26:20', '2020-07-06 05:21:38', 1, 1, 6461),
(2150, 'after update', 19, 0, 2, '-', 'nonaktif', 7, 1, '2020-07-04 09:08:25', '2020-07-04 09:16:51', 1, 1, 6462),
(2151, 'after update', 25, 0, 2, '-', 'AKTIF', 7, 1, '2020-07-04 10:18:46', '2020-07-04 10:25:21', 1, 1, 6463),
(2152, 'after update', 18, 0, 300, '-', 'AKTIF', 7, 2, '2020-06-29 12:18:09', '2020-07-06 05:34:11', 1, 1, 6464),
(2153, 'after update', 10, 0, 1, 'poiuytrewq', 'nonaktif', 5, 1, '2020-06-22 01:46:33', '2020-07-04 10:18:19', 1, 1, 6465),
(2154, 'after update', 24, 0, 1, '-', 'AKTIF', 5, 1, '2020-07-04 10:18:46', '2020-07-04 10:25:16', 1, 1, 6466),
(2155, 'after update', 16, 0, 180, '-', 'AKTIF', 5, 2, '2020-06-22 03:01:02', '2020-07-06 05:21:27', 1, 1, 6467),
(2156, 'after update', 17, 0, 300, '-', 'AKTIF', 6, 2, '2020-06-22 05:26:20', '2020-07-06 05:21:38', 1, 1, 6468),
(2157, 'after update', 19, 0, 2, '-', 'nonaktif', 7, 1, '2020-07-04 09:08:25', '2020-07-04 09:16:51', 1, 1, 6469),
(2158, 'after update', 25, 0, 2, '-', 'AKTIF', 7, 1, '2020-07-04 10:18:46', '2020-07-04 10:25:21', 1, 1, 6470),
(2159, 'after update', 18, 0, 300, '-', 'AKTIF', 7, 2, '2020-06-29 12:18:09', '2020-07-06 05:34:11', 1, 1, 6471),
(2160, 'after update', 10, 0, 1, 'poiuytrewq', 'nonaktif', 5, 1, '2020-06-22 01:46:33', '2020-07-04 10:18:19', 1, 1, 6472),
(2161, 'after update', 24, 0, 1, '-', 'AKTIF', 5, 1, '2020-07-04 10:18:46', '2020-07-04 10:25:16', 1, 1, 6473),
(2162, 'after update', 16, 0, 180, '-', 'AKTIF', 5, 2, '2020-06-22 03:01:02', '2020-07-06 05:21:27', 1, 1, 6474),
(2163, 'after update', 17, 0, 300, '-', 'AKTIF', 6, 2, '2020-06-22 05:26:20', '2020-07-06 05:21:38', 1, 1, 6475),
(2164, 'after update', 19, 0, 2, '-', 'nonaktif', 7, 1, '2020-07-04 09:08:25', '2020-07-04 09:16:51', 1, 1, 6476),
(2165, 'after update', 25, 0, 2, '-', 'AKTIF', 7, 1, '2020-07-04 10:18:46', '2020-07-04 10:25:21', 1, 1, 6477),
(2166, 'after update', 18, 0, 300, '-', 'AKTIF', 7, 2, '2020-06-29 12:18:09', '2020-07-06 05:34:11', 1, 1, 6478),
(2167, 'after update', 10, 0, 1, 'poiuytrewq', 'nonaktif', 5, 1, '2020-06-22 01:46:33', '2020-07-04 10:18:19', 1, 1, 6479),
(2168, 'after update', 24, 0, 1, '-', 'AKTIF', 5, 1, '2020-07-04 10:18:46', '2020-07-04 10:25:16', 1, 1, 6480),
(2169, 'after update', 16, 0, 180, '-', 'AKTIF', 5, 2, '2020-06-22 03:01:02', '2020-07-06 05:21:27', 1, 1, 6481),
(2170, 'after update', 17, 0, 300, '-', 'AKTIF', 6, 2, '2020-06-22 05:26:20', '2020-07-06 05:21:38', 1, 1, 6482),
(2171, 'after update', 19, 0, 2, '-', 'nonaktif', 7, 1, '2020-07-04 09:08:25', '2020-07-04 09:16:51', 1, 1, 6483),
(2172, 'after update', 25, 0, 2, '-', 'AKTIF', 7, 1, '2020-07-04 10:18:46', '2020-07-04 10:25:21', 1, 1, 6484),
(2173, 'after update', 18, 0, 300, '-', 'AKTIF', 7, 2, '2020-06-29 12:18:09', '2020-07-06 05:34:11', 1, 1, 6485),
(2174, 'after update', 10, 0, 1, 'poiuytrewq', 'nonaktif', 5, 1, '2020-06-22 01:46:33', '2020-07-04 10:18:19', 1, 1, 6486),
(2175, 'after update', 24, 0, 1, '-', 'AKTIF', 5, 1, '2020-07-04 10:18:46', '2020-07-04 10:25:16', 1, 1, 6487),
(2176, 'after update', 16, 0, 180, '-', 'AKTIF', 5, 2, '2020-06-22 03:01:02', '2020-07-06 05:21:27', 1, 1, 6488),
(2177, 'after update', 17, 0, 300, '-', 'AKTIF', 6, 2, '2020-06-22 05:26:20', '2020-07-06 05:21:38', 1, 1, 6489),
(2178, 'after update', 19, 0, 2, '-', 'nonaktif', 7, 1, '2020-07-04 09:08:25', '2020-07-04 09:16:51', 1, 1, 6490),
(2179, 'after update', 25, 0, 2, '-', 'AKTIF', 7, 1, '2020-07-04 10:18:46', '2020-07-04 10:25:21', 1, 1, 6491),
(2180, 'after update', 18, 0, 300, '-', 'AKTIF', 7, 2, '2020-06-29 12:18:09', '2020-07-06 05:34:11', 1, 1, 6492),
(2181, 'after update', 10, 0, 1, 'poiuytrewq', 'nonaktif', 5, 1, '2020-06-22 01:46:33', '2020-07-04 10:18:19', 1, 1, 6493),
(2182, 'after update', 24, 0, 1, '-', 'AKTIF', 5, 1, '2020-07-04 10:18:46', '2020-07-04 10:25:16', 1, 1, 6494),
(2183, 'after update', 16, 0, 180, '-', 'AKTIF', 5, 2, '2020-06-22 03:01:02', '2020-07-06 05:21:27', 1, 1, 6495),
(2184, 'after update', 17, 0, 300, '-', 'AKTIF', 6, 2, '2020-06-22 05:26:20', '2020-07-06 05:21:38', 1, 1, 6496),
(2185, 'after update', 19, 0, 2, '-', 'nonaktif', 7, 1, '2020-07-04 09:08:25', '2020-07-04 09:16:51', 1, 1, 6497),
(2186, 'after update', 25, 0, 2, '-', 'AKTIF', 7, 1, '2020-07-04 10:18:46', '2020-07-04 10:25:21', 1, 1, 6498),
(2187, 'after update', 18, 0, 300, '-', 'AKTIF', 7, 2, '2020-06-29 12:18:09', '2020-07-06 05:34:11', 1, 1, 6499),
(2188, 'after update', 10, 0, 1, 'poiuytrewq', 'nonaktif', 5, 1, '2020-06-22 01:46:33', '2020-07-04 10:18:19', 1, 1, 6500),
(2189, 'after update', 24, 0, 1, '-', 'AKTIF', 5, 1, '2020-07-04 10:18:46', '2020-07-04 10:25:16', 1, 1, 6501),
(2190, 'after update', 16, 0, 180, '-', 'AKTIF', 5, 2, '2020-06-22 03:01:02', '2020-07-06 05:21:27', 1, 1, 6502),
(2191, 'after update', 17, 0, 300, '-', 'AKTIF', 6, 2, '2020-06-22 05:26:20', '2020-07-06 05:21:38', 1, 1, 6503),
(2192, 'after update', 19, 0, 2, '-', 'nonaktif', 7, 1, '2020-07-04 09:08:25', '2020-07-04 09:16:51', 1, 1, 6504),
(2193, 'after update', 25, 0, 2, '-', 'AKTIF', 7, 1, '2020-07-04 10:18:46', '2020-07-04 10:25:21', 1, 1, 6505),
(2194, 'after update', 18, 0, 300, '-', 'AKTIF', 7, 2, '2020-06-29 12:18:09', '2020-07-06 05:34:11', 1, 1, 6506),
(2195, 'after update', 10, 0, 1, 'poiuytrewq', 'nonaktif', 5, 1, '2020-06-22 01:46:33', '2020-07-04 10:18:19', 1, 1, 6507),
(2196, 'after update', 24, 0, 1, '-', 'AKTIF', 5, 1, '2020-07-04 10:18:46', '2020-07-04 10:25:16', 1, 1, 6508),
(2197, 'after update', 16, 0, 180, '-', 'AKTIF', 5, 2, '2020-06-22 03:01:02', '2020-07-06 05:21:27', 1, 1, 6509),
(2198, 'after update', 17, 0, 300, '-', 'AKTIF', 6, 2, '2020-06-22 05:26:20', '2020-07-06 05:21:38', 1, 1, 6510),
(2199, 'after update', 19, 0, 2, '-', 'nonaktif', 7, 1, '2020-07-04 09:08:25', '2020-07-04 09:16:51', 1, 1, 6511),
(2200, 'after update', 25, 0, 2, '-', 'AKTIF', 7, 1, '2020-07-04 10:18:46', '2020-07-04 10:25:21', 1, 1, 6512),
(2201, 'after update', 18, 0, 300, '-', 'AKTIF', 7, 2, '2020-06-29 12:18:09', '2020-07-06 05:34:11', 1, 1, 6513),
(2202, 'after update', 10, 0, 1, 'poiuytrewq', 'nonaktif', 5, 1, '2020-06-22 01:46:33', '2020-07-04 10:18:19', 1, 1, 6514),
(2203, 'after update', 24, 0, 1, '-', 'AKTIF', 5, 1, '2020-07-04 10:18:46', '2020-07-04 10:25:16', 1, 1, 6515),
(2204, 'after update', 16, 0, 180, '-', 'AKTIF', 5, 2, '2020-06-22 03:01:02', '2020-07-06 05:21:27', 1, 1, 6516),
(2205, 'after update', 17, 0, 300, '-', 'AKTIF', 6, 2, '2020-06-22 05:26:20', '2020-07-06 05:21:38', 1, 1, 6517),
(2206, 'after update', 19, 0, 2, '-', 'nonaktif', 7, 1, '2020-07-04 09:08:25', '2020-07-04 09:16:51', 1, 1, 6518),
(2207, 'after update', 25, 0, 2, '-', 'AKTIF', 7, 1, '2020-07-04 10:18:46', '2020-07-04 10:25:21', 1, 1, 6519),
(2208, 'after update', 18, 0, 300, '-', 'AKTIF', 7, 2, '2020-06-29 12:18:09', '2020-07-06 05:34:11', 1, 1, 6520),
(2209, 'after update', 10, 0, 1, 'poiuytrewq', 'nonaktif', 5, 1, '2020-06-22 01:46:33', '2020-07-04 10:18:19', 1, 1, 6521),
(2210, 'after update', 24, 0, 1, '-', 'AKTIF', 5, 1, '2020-07-04 10:18:46', '2020-07-04 10:25:16', 1, 1, 6522),
(2211, 'after update', 16, 0, 180, '-', 'AKTIF', 5, 2, '2020-06-22 03:01:02', '2020-07-06 05:21:27', 1, 1, 6523),
(2212, 'after update', 17, 0, 300, '-', 'AKTIF', 6, 2, '2020-06-22 05:26:20', '2020-07-06 05:21:38', 1, 1, 6524),
(2213, 'after update', 19, 0, 2, '-', 'nonaktif', 7, 1, '2020-07-04 09:08:25', '2020-07-04 09:16:51', 1, 1, 6525),
(2214, 'after update', 25, 0, 2, '-', 'AKTIF', 7, 1, '2020-07-04 10:18:46', '2020-07-04 10:25:21', 1, 1, 6526),
(2215, 'after update', 18, 0, 300, '-', 'AKTIF', 7, 2, '2020-06-29 12:18:09', '2020-07-06 05:34:11', 1, 1, 6527),
(2216, 'after update', 10, 0, 1, 'poiuytrewq', 'nonaktif', 5, 1, '2020-06-22 01:46:33', '2020-07-04 10:18:19', 1, 1, 6528),
(2217, 'after update', 24, 0, 1, '-', 'AKTIF', 5, 1, '2020-07-04 10:18:46', '2020-07-04 10:25:16', 1, 1, 6529),
(2218, 'after update', 16, 0, 180, '-', 'AKTIF', 5, 2, '2020-06-22 03:01:02', '2020-07-06 05:21:27', 1, 1, 6530),
(2219, 'after update', 17, 0, 300, '-', 'AKTIF', 6, 2, '2020-06-22 05:26:20', '2020-07-06 05:21:38', 1, 1, 6531),
(2220, 'after update', 19, 0, 2, '-', 'nonaktif', 7, 1, '2020-07-04 09:08:25', '2020-07-04 09:16:51', 1, 1, 6532),
(2221, 'after update', 25, 0, 2, '-', 'AKTIF', 7, 1, '2020-07-04 10:18:46', '2020-07-04 10:25:21', 1, 1, 6533),
(2222, 'after update', 18, 0, 300, '-', 'AKTIF', 7, 2, '2020-06-29 12:18:09', '2020-07-06 05:34:11', 1, 1, 6534),
(2223, 'after update', 10, 0, 1, 'poiuytrewq', 'nonaktif', 5, 1, '2020-06-22 01:46:33', '2020-07-04 10:18:19', 1, 1, 6535),
(2224, 'after update', 24, 0, 1, '-', 'AKTIF', 5, 1, '2020-07-04 10:18:46', '2020-07-04 10:25:16', 1, 1, 6536),
(2225, 'after update', 16, 0, 180, '-', 'AKTIF', 5, 2, '2020-06-22 03:01:02', '2020-07-06 05:21:27', 1, 1, 6537),
(2226, 'after update', 17, 0, 300, '-', 'AKTIF', 6, 2, '2020-06-22 05:26:20', '2020-07-06 05:21:38', 1, 1, 6538),
(2227, 'after update', 19, 0, 2, '-', 'nonaktif', 7, 1, '2020-07-04 09:08:25', '2020-07-04 09:16:51', 1, 1, 6539),
(2228, 'after update', 25, 0, 2, '-', 'AKTIF', 7, 1, '2020-07-04 10:18:46', '2020-07-04 10:25:21', 1, 1, 6540),
(2229, 'after update', 18, 0, 300, '-', 'AKTIF', 7, 2, '2020-06-29 12:18:09', '2020-07-06 05:34:11', 1, 1, 6541),
(2230, 'after update', 10, 0, 1, 'poiuytrewq', 'nonaktif', 5, 1, '2020-06-22 01:46:33', '2020-07-04 10:18:19', 1, 1, 6542),
(2231, 'after update', 24, 0, 1, '-', 'AKTIF', 5, 1, '2020-07-04 10:18:46', '2020-07-04 10:25:16', 1, 1, 6543),
(2232, 'after update', 16, 0, 180, '-', 'AKTIF', 5, 2, '2020-06-22 03:01:02', '2020-07-06 05:21:27', 1, 1, 6544),
(2233, 'after update', 17, 0, 300, '-', 'AKTIF', 6, 2, '2020-06-22 05:26:20', '2020-07-06 05:21:38', 1, 1, 6545),
(2234, 'after update', 19, 0, 2, '-', 'nonaktif', 7, 1, '2020-07-04 09:08:25', '2020-07-04 09:16:51', 1, 1, 6546),
(2235, 'after update', 25, 0, 2, '-', 'AKTIF', 7, 1, '2020-07-04 10:18:46', '2020-07-04 10:25:21', 1, 1, 6547),
(2236, 'after update', 18, 0, 300, '-', 'AKTIF', 7, 2, '2020-06-29 12:18:09', '2020-07-06 05:34:11', 1, 1, 6548),
(2237, 'after update', 10, 0, 1, 'poiuytrewq', 'nonaktif', 5, 1, '2020-06-22 01:46:33', '2020-07-04 10:18:19', 1, 1, 6549),
(2238, 'after update', 24, 0, 1, '-', 'AKTIF', 5, 1, '2020-07-04 10:18:46', '2020-07-04 10:25:16', 1, 1, 6550),
(2239, 'after update', 16, 0, 180, '-', 'AKTIF', 5, 2, '2020-06-22 03:01:02', '2020-07-06 05:21:27', 1, 1, 6551),
(2240, 'after update', 17, 0, 300, '-', 'AKTIF', 6, 2, '2020-06-22 05:26:20', '2020-07-06 05:21:38', 1, 1, 6552),
(2241, 'after update', 19, 0, 2, '-', 'nonaktif', 7, 1, '2020-07-04 09:08:25', '2020-07-04 09:16:51', 1, 1, 6553),
(2242, 'after update', 25, 0, 2, '-', 'AKTIF', 7, 1, '2020-07-04 10:18:46', '2020-07-04 10:25:21', 1, 1, 6554),
(2243, 'after update', 18, 0, 300, '-', 'AKTIF', 7, 2, '2020-06-29 12:18:09', '2020-07-06 05:34:11', 1, 1, 6555),
(2244, 'after update', 10, 0, 1, 'poiuytrewq', 'nonaktif', 5, 1, '2020-06-22 01:46:33', '2020-07-04 10:18:19', 1, 1, 6556),
(2245, 'after update', 24, 0, 1, '-', 'AKTIF', 5, 1, '2020-07-04 10:18:46', '2020-07-04 10:25:16', 1, 1, 6557),
(2246, 'after update', 16, 0, 180, '-', 'AKTIF', 5, 2, '2020-06-22 03:01:02', '2020-07-06 05:21:27', 1, 1, 6558),
(2247, 'after update', 17, 0, 300, '-', 'AKTIF', 6, 2, '2020-06-22 05:26:20', '2020-07-06 05:21:38', 1, 1, 6559),
(2248, 'after update', 19, 0, 2, '-', 'nonaktif', 7, 1, '2020-07-04 09:08:25', '2020-07-04 09:16:51', 1, 1, 6560),
(2249, 'after update', 25, 0, 2, '-', 'AKTIF', 7, 1, '2020-07-04 10:18:46', '2020-07-04 10:25:21', 1, 1, 6561),
(2250, 'after update', 18, 0, 300, '-', 'AKTIF', 7, 2, '2020-06-29 12:18:09', '2020-07-06 05:34:11', 1, 1, 6562),
(2251, 'after update', 10, 0, 1, 'poiuytrewq', 'nonaktif', 5, 1, '2020-06-22 01:46:33', '2020-07-04 10:18:19', 1, 1, 6563),
(2252, 'after update', 24, 0, 1, '-', 'AKTIF', 5, 1, '2020-07-04 10:18:46', '2020-07-04 10:25:16', 1, 1, 6564),
(2253, 'after update', 16, 0, 180, '-', 'AKTIF', 5, 2, '2020-06-22 03:01:02', '2020-07-06 05:21:27', 1, 1, 6565),
(2254, 'after update', 17, 0, 300, '-', 'AKTIF', 6, 2, '2020-06-22 05:26:20', '2020-07-06 05:21:38', 1, 1, 6566),
(2255, 'after update', 19, 0, 2, '-', 'nonaktif', 7, 1, '2020-07-04 09:08:25', '2020-07-04 09:16:51', 1, 1, 6567),
(2256, 'after update', 25, 0, 2, '-', 'AKTIF', 7, 1, '2020-07-04 10:18:46', '2020-07-04 10:25:21', 1, 1, 6568),
(2257, 'after update', 18, 0, 300, '-', 'AKTIF', 7, 2, '2020-06-29 12:18:09', '2020-07-06 05:34:11', 1, 1, 6569),
(2258, 'after update', 10, 0, 1, 'poiuytrewq', 'nonaktif', 5, 1, '2020-06-22 01:46:33', '2020-07-04 10:18:19', 1, 1, 6570),
(2259, 'after update', 24, 0, 1, '-', 'AKTIF', 5, 1, '2020-07-04 10:18:46', '2020-07-04 10:25:16', 1, 1, 6571),
(2260, 'after update', 16, 0, 180, '-', 'AKTIF', 5, 2, '2020-06-22 03:01:02', '2020-07-06 05:21:27', 1, 1, 6572),
(2261, 'after update', 17, 0, 300, '-', 'AKTIF', 6, 2, '2020-06-22 05:26:20', '2020-07-06 05:21:38', 1, 1, 6573),
(2262, 'after update', 19, 0, 2, '-', 'nonaktif', 7, 1, '2020-07-04 09:08:25', '2020-07-04 09:16:51', 1, 1, 6574),
(2263, 'after update', 25, 0, 2, '-', 'AKTIF', 7, 1, '2020-07-04 10:18:46', '2020-07-04 10:25:21', 1, 1, 6575),
(2264, 'after update', 18, 0, 300, '-', 'AKTIF', 7, 2, '2020-06-29 12:18:09', '2020-07-06 05:34:11', 1, 1, 6576),
(2265, 'after update', 10, 0, 1, 'poiuytrewq', 'nonaktif', 5, 1, '2020-06-22 01:46:33', '2020-07-04 10:18:19', 1, 1, 6577),
(2266, 'after update', 24, 0, 1, '-', 'AKTIF', 5, 1, '2020-07-04 10:18:46', '2020-07-04 10:25:16', 1, 1, 6578),
(2267, 'after update', 16, 0, 180, '-', 'AKTIF', 5, 2, '2020-06-22 03:01:02', '2020-07-06 05:21:27', 1, 1, 6579),
(2268, 'after update', 17, 0, 300, '-', 'AKTIF', 6, 2, '2020-06-22 05:26:20', '2020-07-06 05:21:38', 1, 1, 6580),
(2269, 'after update', 19, 0, 2, '-', 'nonaktif', 7, 1, '2020-07-04 09:08:25', '2020-07-04 09:16:51', 1, 1, 6581),
(2270, 'after update', 25, 0, 2, '-', 'AKTIF', 7, 1, '2020-07-04 10:18:46', '2020-07-04 10:25:21', 1, 1, 6582),
(2271, 'after update', 18, 0, 300, '-', 'AKTIF', 7, 2, '2020-06-29 12:18:09', '2020-07-06 05:34:11', 1, 1, 6583),
(2272, 'after update', 10, 0, 1, 'poiuytrewq', 'nonaktif', 5, 1, '2020-06-22 01:46:33', '2020-07-04 10:18:19', 1, 1, 6584),
(2273, 'after update', 24, 0, 1, '-', 'AKTIF', 5, 1, '2020-07-04 10:18:46', '2020-07-04 10:25:16', 1, 1, 6585),
(2274, 'after update', 16, 0, 180, '-', 'AKTIF', 5, 2, '2020-06-22 03:01:02', '2020-07-06 05:21:27', 1, 1, 6586),
(2275, 'after update', 17, 0, 300, '-', 'AKTIF', 6, 2, '2020-06-22 05:26:20', '2020-07-06 05:21:38', 1, 1, 6587),
(2276, 'after update', 19, 0, 2, '-', 'nonaktif', 7, 1, '2020-07-04 09:08:25', '2020-07-04 09:16:51', 1, 1, 6588),
(2277, 'after update', 25, 0, 2, '-', 'AKTIF', 7, 1, '2020-07-04 10:18:46', '2020-07-04 10:25:21', 1, 1, 6589),
(2278, 'after update', 18, 0, 300, '-', 'AKTIF', 7, 2, '2020-06-29 12:18:09', '2020-07-06 05:34:11', 1, 1, 6590),
(2279, 'after update', 10, 0, 1, 'poiuytrewq', 'nonaktif', 5, 1, '2020-06-22 01:46:33', '2020-07-04 10:18:19', 1, 1, 6591),
(2280, 'after update', 24, 0, 1, '-', 'AKTIF', 5, 1, '2020-07-04 10:18:46', '2020-07-04 10:25:16', 1, 1, 6592),
(2281, 'after update', 16, 0, 180, '-', 'AKTIF', 5, 2, '2020-06-22 03:01:02', '2020-07-06 05:21:27', 1, 1, 6593),
(2282, 'after update', 17, 0, 300, '-', 'AKTIF', 6, 2, '2020-06-22 05:26:20', '2020-07-06 05:21:38', 1, 1, 6594),
(2283, 'after update', 19, 0, 2, '-', 'nonaktif', 7, 1, '2020-07-04 09:08:25', '2020-07-04 09:16:51', 1, 1, 6595),
(2284, 'after update', 25, 0, 2, '-', 'AKTIF', 7, 1, '2020-07-04 10:18:46', '2020-07-04 10:25:21', 1, 1, 6596),
(2285, 'after update', 18, 0, 300, '-', 'AKTIF', 7, 2, '2020-06-29 12:18:09', '2020-07-06 05:34:11', 1, 1, 6597),
(2286, 'after update', 10, 0, 1, 'poiuytrewq', 'nonaktif', 5, 1, '2020-06-22 01:46:33', '2020-07-04 10:18:19', 1, 1, 6598),
(2287, 'after update', 24, 0, 1, '-', 'AKTIF', 5, 1, '2020-07-04 10:18:46', '2020-07-04 10:25:16', 1, 1, 6599),
(2288, 'after update', 16, 0, 180, '-', 'AKTIF', 5, 2, '2020-06-22 03:01:02', '2020-07-06 05:21:27', 1, 1, 6600),
(2289, 'after update', 17, 0, 300, '-', 'AKTIF', 6, 2, '2020-06-22 05:26:20', '2020-07-06 05:21:38', 1, 1, 6601),
(2290, 'after update', 19, 0, 2, '-', 'nonaktif', 7, 1, '2020-07-04 09:08:25', '2020-07-04 09:16:51', 1, 1, 6602),
(2291, 'after update', 25, 0, 2, '-', 'AKTIF', 7, 1, '2020-07-04 10:18:46', '2020-07-04 10:25:21', 1, 1, 6603),
(2292, 'after update', 18, 0, 300, '-', 'AKTIF', 7, 2, '2020-06-29 12:18:09', '2020-07-06 05:34:11', 1, 1, 6604),
(2293, 'after update', 10, 0, 1, 'poiuytrewq', 'nonaktif', 5, 1, '2020-06-22 01:46:33', '2020-07-04 10:18:19', 1, 1, 6605),
(2294, 'after update', 24, 0, 1, '-', 'AKTIF', 5, 1, '2020-07-04 10:18:46', '2020-07-04 10:25:16', 1, 1, 6606),
(2295, 'after update', 16, 0, 180, '-', 'AKTIF', 5, 2, '2020-06-22 03:01:02', '2020-07-06 05:21:27', 1, 1, 6607),
(2296, 'after update', 17, 0, 300, '-', 'AKTIF', 6, 2, '2020-06-22 05:26:20', '2020-07-06 05:21:38', 1, 1, 6608),
(2297, 'after update', 19, 0, 2, '-', 'nonaktif', 7, 1, '2020-07-04 09:08:25', '2020-07-04 09:16:51', 1, 1, 6609),
(2298, 'after update', 25, 0, 2, '-', 'AKTIF', 7, 1, '2020-07-04 10:18:46', '2020-07-04 10:25:21', 1, 1, 6610),
(2299, 'after update', 18, 0, 300, '-', 'AKTIF', 7, 2, '2020-06-29 12:18:09', '2020-07-06 05:34:11', 1, 1, 6611),
(2300, 'after update', 10, 0, 1, 'poiuytrewq', 'nonaktif', 5, 1, '2020-06-22 01:46:33', '2020-07-04 10:18:19', 1, 1, 6612),
(2301, 'after update', 24, 0, 1, '-', 'AKTIF', 5, 1, '2020-07-04 10:18:46', '2020-07-04 10:25:16', 1, 1, 6613),
(2302, 'after update', 16, 0, 180, '-', 'AKTIF', 5, 2, '2020-06-22 03:01:02', '2020-07-06 05:21:27', 1, 1, 6614),
(2303, 'after update', 17, 0, 300, '-', 'AKTIF', 6, 2, '2020-06-22 05:26:20', '2020-07-06 05:21:38', 1, 1, 6615),
(2304, 'after update', 19, 0, 2, '-', 'nonaktif', 7, 1, '2020-07-04 09:08:25', '2020-07-04 09:16:51', 1, 1, 6616),
(2305, 'after update', 25, 0, 2, '-', 'AKTIF', 7, 1, '2020-07-04 10:18:46', '2020-07-04 10:25:21', 1, 1, 6617),
(2306, 'after update', 18, 0, 300, '-', 'AKTIF', 7, 2, '2020-06-29 12:18:09', '2020-07-06 05:34:11', 1, 1, 6618),
(2307, 'after update', 10, 0, 1, 'poiuytrewq', 'nonaktif', 5, 1, '2020-06-22 01:46:33', '2020-07-04 10:18:19', 1, 1, 6619),
(2308, 'after update', 24, 0, 1, '-', 'AKTIF', 5, 1, '2020-07-04 10:18:46', '2020-07-04 10:25:16', 1, 1, 6620),
(2309, 'after update', 16, 0, 180, '-', 'AKTIF', 5, 2, '2020-06-22 03:01:02', '2020-07-06 05:21:27', 1, 1, 6621),
(2310, 'after update', 17, 0, 300, '-', 'AKTIF', 6, 2, '2020-06-22 05:26:20', '2020-07-06 05:21:38', 1, 1, 6622),
(2311, 'after update', 19, 0, 2, '-', 'nonaktif', 7, 1, '2020-07-04 09:08:25', '2020-07-04 09:16:51', 1, 1, 6623),
(2312, 'after update', 25, 0, 2, '-', 'AKTIF', 7, 1, '2020-07-04 10:18:46', '2020-07-04 10:25:21', 1, 1, 6624),
(2313, 'after update', 18, 0, 300, '-', 'AKTIF', 7, 2, '2020-06-29 12:18:09', '2020-07-06 05:34:11', 1, 1, 6625),
(2314, 'after update', 10, 0, 1, 'poiuytrewq', 'nonaktif', 5, 1, '2020-06-22 01:46:33', '2020-07-04 10:18:19', 1, 1, 6626),
(2315, 'after update', 24, 0, 1, '-', 'AKTIF', 5, 1, '2020-07-04 10:18:46', '2020-07-04 10:25:16', 1, 1, 6627),
(2316, 'after update', 16, 0, 180, '-', 'AKTIF', 5, 2, '2020-06-22 03:01:02', '2020-07-06 05:21:27', 1, 1, 6628),
(2317, 'after update', 17, 0, 300, '-', 'AKTIF', 6, 2, '2020-06-22 05:26:20', '2020-07-06 05:21:38', 1, 1, 6629),
(2318, 'after update', 19, 0, 2, '-', 'nonaktif', 7, 1, '2020-07-04 09:08:25', '2020-07-04 09:16:51', 1, 1, 6630),
(2319, 'after update', 25, 0, 2, '-', 'AKTIF', 7, 1, '2020-07-04 10:18:46', '2020-07-04 10:25:21', 1, 1, 6631),
(2320, 'after update', 18, 0, 300, '-', 'AKTIF', 7, 2, '2020-06-29 12:18:09', '2020-07-06 05:34:11', 1, 1, 6632),
(2321, 'after update', 10, 0, 1, 'poiuytrewq', 'nonaktif', 5, 1, '2020-06-22 01:46:33', '2020-07-04 10:18:19', 1, 1, 6633),
(2322, 'after update', 24, 0, 1, '-', 'AKTIF', 5, 1, '2020-07-04 10:18:46', '2020-07-04 10:25:16', 1, 1, 6634),
(2323, 'after update', 16, 0, 180, '-', 'AKTIF', 5, 2, '2020-06-22 03:01:02', '2020-07-06 05:21:27', 1, 1, 6635),
(2324, 'after update', 17, 0, 300, '-', 'AKTIF', 6, 2, '2020-06-22 05:26:20', '2020-07-06 05:21:38', 1, 1, 6636),
(2325, 'after update', 19, 0, 2, '-', 'nonaktif', 7, 1, '2020-07-04 09:08:25', '2020-07-04 09:16:51', 1, 1, 6637),
(2326, 'after update', 25, 0, 2, '-', 'AKTIF', 7, 1, '2020-07-04 10:18:46', '2020-07-04 10:25:21', 1, 1, 6638),
(2327, 'after update', 18, 0, 300, '-', 'AKTIF', 7, 2, '2020-06-29 12:18:09', '2020-07-06 05:34:11', 1, 1, 6639),
(2328, 'after update', 10, 0, 1, 'poiuytrewq', 'nonaktif', 5, 1, '2020-06-22 01:46:33', '2020-07-04 10:18:19', 1, 1, 6642),
(2329, 'after update', 24, 0, 1, '-', 'AKTIF', 5, 1, '2020-07-04 10:18:46', '2020-07-04 10:25:16', 1, 1, 6643),
(2330, 'after update', 16, 0, 180, '-', 'AKTIF', 5, 2, '2020-06-22 03:01:02', '2020-07-06 05:21:27', 1, 1, 6644),
(2331, 'after update', 17, 0, 300, '-', 'AKTIF', 6, 2, '2020-06-22 05:26:20', '2020-07-06 05:21:38', 1, 1, 6645),
(2332, 'after update', 19, 0, 2, '-', 'nonaktif', 7, 1, '2020-07-04 09:08:25', '2020-07-04 09:16:51', 1, 1, 6646),
(2333, 'after update', 25, 0, 2, '-', 'AKTIF', 7, 1, '2020-07-04 10:18:46', '2020-07-04 10:25:21', 1, 1, 6647),
(2334, 'after update', 18, 0, 300, '-', 'AKTIF', 7, 2, '2020-06-29 12:18:09', '2020-07-06 05:34:11', 1, 1, 6648),
(2335, 'after update', 10, 0, 1, 'poiuytrewq', 'nonaktif', 5, 1, '2020-06-22 01:46:33', '2020-07-04 10:18:19', 1, 1, 6649),
(2336, 'after update', 24, 0, 1, '-', 'AKTIF', 5, 1, '2020-07-04 10:18:46', '2020-07-04 10:25:16', 1, 1, 6650),
(2337, 'after update', 16, 0, 180, '-', 'AKTIF', 5, 2, '2020-06-22 03:01:02', '2020-07-06 05:21:27', 1, 1, 6651),
(2338, 'after update', 17, 0, 300, '-', 'AKTIF', 6, 2, '2020-06-22 05:26:20', '2020-07-06 05:21:38', 1, 1, 6652),
(2339, 'after update', 19, 0, 2, '-', 'nonaktif', 7, 1, '2020-07-04 09:08:25', '2020-07-04 09:16:51', 1, 1, 6653),
(2340, 'after update', 25, 0, 2, '-', 'AKTIF', 7, 1, '2020-07-04 10:18:46', '2020-07-04 10:25:21', 1, 1, 6654),
(2341, 'after update', 18, 0, 300, '-', 'AKTIF', 7, 2, '2020-06-29 12:18:09', '2020-07-06 05:34:11', 1, 1, 6655),
(2342, 'after update', 10, 0, 1, 'poiuytrewq', 'nonaktif', 5, 1, '2020-06-22 01:46:33', '2020-07-04 10:18:19', 1, 1, 6656),
(2343, 'after update', 24, 0, 1, '-', 'AKTIF', 5, 1, '2020-07-04 10:18:46', '2020-07-04 10:25:16', 1, 1, 6657),
(2344, 'after update', 16, 0, 180, '-', 'AKTIF', 5, 2, '2020-06-22 03:01:02', '2020-07-06 05:21:27', 1, 1, 6658),
(2345, 'after update', 17, 0, 300, '-', 'AKTIF', 6, 2, '2020-06-22 05:26:20', '2020-07-06 05:21:38', 1, 1, 6659),
(2346, 'after update', 19, 0, 2, '-', 'nonaktif', 7, 1, '2020-07-04 09:08:25', '2020-07-04 09:16:51', 1, 1, 6660),
(2347, 'after update', 25, 0, 2, '-', 'AKTIF', 7, 1, '2020-07-04 10:18:46', '2020-07-04 10:25:21', 1, 1, 6661),
(2348, 'after update', 18, 0, 300, '-', 'AKTIF', 7, 2, '2020-06-29 12:18:09', '2020-07-06 05:34:11', 1, 1, 6662),
(2349, 'after update', 10, 0, 1, 'poiuytrewq', 'nonaktif', 5, 1, '2020-06-22 01:46:33', '2020-07-04 10:18:19', 1, 1, 6663),
(2350, 'after update', 24, 0, 1, '-', 'AKTIF', 5, 1, '2020-07-04 10:18:46', '2020-07-04 10:25:16', 1, 1, 6664),
(2351, 'after update', 16, 0, 180, '-', 'AKTIF', 5, 2, '2020-06-22 03:01:02', '2020-07-06 05:21:27', 1, 1, 6665),
(2352, 'after update', 17, 0, 300, '-', 'AKTIF', 6, 2, '2020-06-22 05:26:20', '2020-07-06 05:21:38', 1, 1, 6666),
(2353, 'after update', 19, 0, 2, '-', 'nonaktif', 7, 1, '2020-07-04 09:08:25', '2020-07-04 09:16:51', 1, 1, 6667),
(2354, 'after update', 25, 0, 2, '-', 'AKTIF', 7, 1, '2020-07-04 10:18:46', '2020-07-04 10:25:21', 1, 1, 6668),
(2355, 'after update', 18, 0, 300, '-', 'AKTIF', 7, 2, '2020-06-29 12:18:09', '2020-07-06 05:34:11', 1, 1, 6669),
(2356, 'after update', 10, 0, 1, 'poiuytrewq', 'nonaktif', 5, 1, '2020-06-22 01:46:33', '2020-07-04 10:18:19', 1, 1, 6670),
(2357, 'after update', 24, 0, 1, '-', 'AKTIF', 5, 1, '2020-07-04 10:18:46', '2020-07-04 10:25:16', 1, 1, 6671),
(2358, 'after update', 16, 0, 180, '-', 'AKTIF', 5, 2, '2020-06-22 03:01:02', '2020-07-06 05:21:27', 1, 1, 6672),
(2359, 'after update', 17, 0, 300, '-', 'AKTIF', 6, 2, '2020-06-22 05:26:20', '2020-07-06 05:21:38', 1, 1, 6673),
(2360, 'after update', 19, 0, 2, '-', 'nonaktif', 7, 1, '2020-07-04 09:08:25', '2020-07-04 09:16:51', 1, 1, 6674),
(2361, 'after update', 25, 0, 2, '-', 'AKTIF', 7, 1, '2020-07-04 10:18:46', '2020-07-04 10:25:21', 1, 1, 6675),
(2362, 'after update', 18, 0, 300, '-', 'AKTIF', 7, 2, '2020-06-29 12:18:09', '2020-07-06 05:34:11', 1, 1, 6676),
(2363, 'after update', 10, 0, 1, 'poiuytrewq', 'nonaktif', 5, 1, '2020-06-22 01:46:33', '2020-07-04 10:18:19', 1, 1, 6677),
(2364, 'after update', 24, 0, 1, '-', 'AKTIF', 5, 1, '2020-07-04 10:18:46', '2020-07-04 10:25:16', 1, 1, 6678),
(2365, 'after update', 16, 0, 180, '-', 'AKTIF', 5, 2, '2020-06-22 03:01:02', '2020-07-06 05:21:27', 1, 1, 6679),
(2366, 'after update', 17, 0, 300, '-', 'AKTIF', 6, 2, '2020-06-22 05:26:20', '2020-07-06 05:21:38', 1, 1, 6680),
(2367, 'after update', 19, 0, 2, '-', 'nonaktif', 7, 1, '2020-07-04 09:08:25', '2020-07-04 09:16:51', 1, 1, 6681),
(2368, 'after update', 25, 0, 2, '-', 'AKTIF', 7, 1, '2020-07-04 10:18:46', '2020-07-04 10:25:21', 1, 1, 6682),
(2369, 'after update', 18, 0, 300, '-', 'AKTIF', 7, 2, '2020-06-29 12:18:09', '2020-07-06 05:34:11', 1, 1, 6683),
(2370, 'after update', 10, 0, 1, 'poiuytrewq', 'nonaktif', 5, 1, '2020-06-22 01:46:33', '2020-07-04 10:18:19', 1, 1, 6686),
(2371, 'after update', 24, 0, 1, '-', 'AKTIF', 5, 1, '2020-07-04 10:18:46', '2020-07-04 10:25:16', 1, 1, 6687),
(2372, 'after update', 16, 0, 180, '-', 'AKTIF', 5, 2, '2020-06-22 03:01:02', '2020-07-06 05:21:27', 1, 1, 6688),
(2373, 'after update', 17, 0, 300, '-', 'AKTIF', 6, 2, '2020-06-22 05:26:20', '2020-07-06 05:21:38', 1, 1, 6689),
(2374, 'after update', 19, 0, 2, '-', 'nonaktif', 7, 1, '2020-07-04 09:08:25', '2020-07-04 09:16:51', 1, 1, 6690),
(2375, 'after update', 25, 0, 2, '-', 'AKTIF', 7, 1, '2020-07-04 10:18:46', '2020-07-04 10:25:21', 1, 1, 6691),
(2376, 'after update', 18, 0, 300, '-', 'AKTIF', 7, 2, '2020-06-29 12:18:09', '2020-07-06 05:34:11', 1, 1, 6692),
(2377, 'after update', 10, 0, 1, 'poiuytrewq', 'nonaktif', 5, 1, '2020-06-22 01:46:33', '2020-07-04 10:18:19', 1, 1, 6693),
(2378, 'after update', 24, 0, 1, '-', 'AKTIF', 5, 1, '2020-07-04 10:18:46', '2020-07-04 10:25:16', 1, 1, 6694),
(2379, 'after update', 16, 0, 180, '-', 'AKTIF', 5, 2, '2020-06-22 03:01:02', '2020-07-06 05:21:27', 1, 1, 6695),
(2380, 'after update', 17, 0, 300, '-', 'AKTIF', 6, 2, '2020-06-22 05:26:20', '2020-07-06 05:21:38', 1, 1, 6696),
(2381, 'after update', 19, 0, 2, '-', 'nonaktif', 7, 1, '2020-07-04 09:08:25', '2020-07-04 09:16:51', 1, 1, 6697),
(2382, 'after update', 25, 0, 2, '-', 'AKTIF', 7, 1, '2020-07-04 10:18:46', '2020-07-04 10:25:21', 1, 1, 6698),
(2383, 'after update', 18, 0, 300, '-', 'AKTIF', 7, 2, '2020-06-29 12:18:09', '2020-07-06 05:34:11', 1, 1, 6699),
(2384, 'after update', 10, 0, 1, 'poiuytrewq', 'nonaktif', 5, 1, '2020-06-22 01:46:33', '2020-07-04 10:18:19', 1, 1, 6703),
(2385, 'after update', 24, 0, 1, '-', 'AKTIF', 5, 1, '2020-07-04 10:18:46', '2020-07-04 10:25:16', 1, 1, 6704),
(2386, 'after update', 16, 0, 180, '-', 'AKTIF', 5, 2, '2020-06-22 03:01:02', '2020-07-06 05:21:27', 1, 1, 6705),
(2387, 'after update', 17, 0, 300, '-', 'AKTIF', 6, 2, '2020-06-22 05:26:20', '2020-07-06 05:21:38', 1, 1, 6706),
(2388, 'after update', 19, 0, 2, '-', 'nonaktif', 7, 1, '2020-07-04 09:08:25', '2020-07-04 09:16:51', 1, 1, 6707),
(2389, 'after update', 25, 0, 2, '-', 'AKTIF', 7, 1, '2020-07-04 10:18:46', '2020-07-04 10:25:21', 1, 1, 6708),
(2390, 'after update', 18, 0, 300, '-', 'AKTIF', 7, 2, '2020-06-29 12:18:09', '2020-07-06 05:34:11', 1, 1, 6709),
(2391, 'after update', 10, 0, 1, 'poiuytrewq', 'nonaktif', 5, 1, '2020-06-22 01:46:33', '2020-07-04 10:18:19', 1, 1, 6710),
(2392, 'after update', 24, 0, 1, '-', 'AKTIF', 5, 1, '2020-07-04 10:18:46', '2020-07-04 10:25:16', 1, 1, 6711),
(2393, 'after update', 16, 0, 180, '-', 'AKTIF', 5, 2, '2020-06-22 03:01:02', '2020-07-06 05:21:27', 1, 1, 6712),
(2394, 'after update', 17, 0, 300, '-', 'AKTIF', 6, 2, '2020-06-22 05:26:20', '2020-07-06 05:21:38', 1, 1, 6713),
(2395, 'after update', 19, 0, 2, '-', 'nonaktif', 7, 1, '2020-07-04 09:08:25', '2020-07-04 09:16:51', 1, 1, 6714),
(2396, 'after update', 25, 0, 2, '-', 'AKTIF', 7, 1, '2020-07-04 10:18:46', '2020-07-04 10:25:21', 1, 1, 6715),
(2397, 'after update', 18, 0, 300, '-', 'AKTIF', 7, 2, '2020-06-29 12:18:09', '2020-07-06 05:34:11', 1, 1, 6716),
(2398, 'after update', 10, 0, 1, 'poiuytrewq', 'nonaktif', 5, 1, '2020-06-22 01:46:33', '2020-07-04 10:18:19', 1, 1, 6720),
(2399, 'after update', 24, 0, 1, '-', 'AKTIF', 5, 1, '2020-07-04 10:18:46', '2020-07-04 10:25:16', 1, 1, 6721),
(2400, 'after update', 16, 0, 180, '-', 'AKTIF', 5, 2, '2020-06-22 03:01:02', '2020-07-06 05:21:27', 1, 1, 6722),
(2401, 'after update', 17, 0, 300, '-', 'AKTIF', 6, 2, '2020-06-22 05:26:20', '2020-07-06 05:21:38', 1, 1, 6723),
(2402, 'after update', 19, 0, 2, '-', 'nonaktif', 7, 1, '2020-07-04 09:08:25', '2020-07-04 09:16:51', 1, 1, 6724),
(2403, 'after update', 25, 0, 2, '-', 'AKTIF', 7, 1, '2020-07-04 10:18:46', '2020-07-04 10:25:21', 1, 1, 6725),
(2404, 'after update', 18, 0, 300, '-', 'AKTIF', 7, 2, '2020-06-29 12:18:09', '2020-07-06 05:34:11', 1, 1, 6726),
(2405, 'after update', 10, 0, 1, 'poiuytrewq', 'nonaktif', 5, 1, '2020-06-22 01:46:33', '2020-07-04 10:18:19', 1, 1, 6733),
(2406, 'after update', 24, 0, 1, '-', 'AKTIF', 5, 1, '2020-07-04 10:18:46', '2020-07-04 10:25:16', 1, 1, 6734),
(2407, 'after update', 16, 0, 180, '-', 'AKTIF', 5, 2, '2020-06-22 03:01:02', '2020-07-06 05:21:27', 1, 1, 6735),
(2408, 'after update', 17, 0, 300, '-', 'AKTIF', 6, 2, '2020-06-22 05:26:20', '2020-07-06 05:21:38', 1, 1, 6736),
(2409, 'after update', 19, 0, 2, '-', 'nonaktif', 7, 1, '2020-07-04 09:08:25', '2020-07-04 09:16:51', 1, 1, 6737),
(2410, 'after update', 25, 0, 2, '-', 'AKTIF', 7, 1, '2020-07-04 10:18:46', '2020-07-04 10:25:21', 1, 1, 6738),
(2411, 'after update', 18, 0, 300, '-', 'AKTIF', 7, 2, '2020-06-29 12:18:09', '2020-07-06 05:34:11', 1, 1, 6739),
(2412, 'after update', 10, 0, 1, 'poiuytrewq', 'nonaktif', 5, 1, '2020-06-22 01:46:33', '2020-07-04 10:18:19', 1, 1, 6740),
(2413, 'after update', 24, 0, 1, '-', 'AKTIF', 5, 1, '2020-07-04 10:18:46', '2020-07-04 10:25:16', 1, 1, 6741),
(2414, 'after update', 16, 0, 180, '-', 'AKTIF', 5, 2, '2020-06-22 03:01:02', '2020-07-06 05:21:27', 1, 1, 6742),
(2415, 'after update', 17, 0, 300, '-', 'AKTIF', 6, 2, '2020-06-22 05:26:20', '2020-07-06 05:21:38', 1, 1, 6743),
(2416, 'after update', 19, 0, 2, '-', 'nonaktif', 7, 1, '2020-07-04 09:08:25', '2020-07-04 09:16:51', 1, 1, 6744),
(2417, 'after update', 25, 0, 2, '-', 'AKTIF', 7, 1, '2020-07-04 10:18:46', '2020-07-04 10:25:21', 1, 1, 6745),
(2418, 'after update', 18, 0, 300, '-', 'AKTIF', 7, 2, '2020-06-29 12:18:09', '2020-07-06 05:34:11', 1, 1, 6746),
(2419, 'after update', 10, 0, 1, 'poiuytrewq', 'nonaktif', 5, 1, '2020-06-22 01:46:33', '2020-07-04 10:18:19', 1, 1, 6747),
(2420, 'after update', 24, 0, 1, '-', 'AKTIF', 5, 1, '2020-07-04 10:18:46', '2020-07-04 10:25:16', 1, 1, 6748),
(2421, 'after update', 16, 0, 180, '-', 'AKTIF', 5, 2, '2020-06-22 03:01:02', '2020-07-06 05:21:27', 1, 1, 6749),
(2422, 'after update', 17, 0, 300, '-', 'AKTIF', 6, 2, '2020-06-22 05:26:20', '2020-07-06 05:21:38', 1, 1, 6750),
(2423, 'after update', 19, 0, 2, '-', 'nonaktif', 7, 1, '2020-07-04 09:08:25', '2020-07-04 09:16:51', 1, 1, 6751),
(2424, 'after update', 25, 0, 2, '-', 'AKTIF', 7, 1, '2020-07-04 10:18:46', '2020-07-04 10:25:21', 1, 1, 6752),
(2425, 'after update', 18, 0, 300, '-', 'AKTIF', 7, 2, '2020-06-29 12:18:09', '2020-07-06 05:34:11', 1, 1, 6753),
(2426, 'after update', 10, 0, 1, 'poiuytrewq', 'nonaktif', 5, 1, '2020-06-22 01:46:33', '2020-07-04 10:18:19', 1, 1, 6754),
(2427, 'after update', 24, 0, 1, '-', 'AKTIF', 5, 1, '2020-07-04 10:18:46', '2020-07-04 10:25:16', 1, 1, 6755),
(2428, 'after update', 16, 0, 180, '-', 'AKTIF', 5, 2, '2020-06-22 03:01:02', '2020-07-06 05:21:27', 1, 1, 6756),
(2429, 'after update', 17, 0, 300, '-', 'AKTIF', 6, 2, '2020-06-22 05:26:20', '2020-07-06 05:21:38', 1, 1, 6757),
(2430, 'after update', 19, 0, 2, '-', 'nonaktif', 7, 1, '2020-07-04 09:08:25', '2020-07-04 09:16:51', 1, 1, 6758),
(2431, 'after update', 25, 0, 2, '-', 'AKTIF', 7, 1, '2020-07-04 10:18:46', '2020-07-04 10:25:21', 1, 1, 6759),
(2432, 'after update', 18, 0, 300, '-', 'AKTIF', 7, 2, '2020-06-29 12:18:09', '2020-07-06 05:34:11', 1, 1, 6760),
(2433, 'after update', 10, 0, 1, 'poiuytrewq', 'nonaktif', 5, 1, '2020-06-22 01:46:33', '2020-07-04 10:18:19', 1, 1, 6761),
(2434, 'after update', 24, 0, 1, '-', 'AKTIF', 5, 1, '2020-07-04 10:18:46', '2020-07-04 10:25:16', 1, 1, 6762),
(2435, 'after update', 16, 0, 180, '-', 'AKTIF', 5, 2, '2020-06-22 03:01:02', '2020-07-06 05:21:27', 1, 1, 6763),
(2436, 'after update', 17, 0, 300, '-', 'AKTIF', 6, 2, '2020-06-22 05:26:20', '2020-07-06 05:21:38', 1, 1, 6764),
(2437, 'after update', 19, 0, 2, '-', 'nonaktif', 7, 1, '2020-07-04 09:08:25', '2020-07-04 09:16:51', 1, 1, 6765),
(2438, 'after update', 25, 0, 2, '-', 'AKTIF', 7, 1, '2020-07-04 10:18:46', '2020-07-04 10:25:21', 1, 1, 6766),
(2439, 'after update', 18, 0, 300, '-', 'AKTIF', 7, 2, '2020-06-29 12:18:09', '2020-07-06 05:34:11', 1, 1, 6767),
(2440, 'after update', 10, 0, 1, 'poiuytrewq', 'nonaktif', 5, 1, '2020-06-22 01:46:33', '2020-07-04 10:18:19', 1, 1, 6768),
(2441, 'after update', 24, 0, 1, '-', 'AKTIF', 5, 1, '2020-07-04 10:18:46', '2020-07-04 10:25:16', 1, 1, 6769),
(2442, 'after update', 16, 0, 180, '-', 'AKTIF', 5, 2, '2020-06-22 03:01:02', '2020-07-06 05:21:27', 1, 1, 6770),
(2443, 'after update', 17, 0, 300, '-', 'AKTIF', 6, 2, '2020-06-22 05:26:20', '2020-07-06 05:21:38', 1, 1, 6771),
(2444, 'after update', 19, 0, 2, '-', 'nonaktif', 7, 1, '2020-07-04 09:08:25', '2020-07-04 09:16:51', 1, 1, 6772),
(2445, 'after update', 25, 0, 2, '-', 'AKTIF', 7, 1, '2020-07-04 10:18:46', '2020-07-04 10:25:21', 1, 1, 6773),
(2446, 'after update', 18, 0, 300, '-', 'AKTIF', 7, 2, '2020-06-29 12:18:09', '2020-07-06 05:34:11', 1, 1, 6774),
(2447, 'after update', 10, 0, 1, 'poiuytrewq', 'nonaktif', 5, 1, '2020-06-22 01:46:33', '2020-07-04 10:18:19', 1, 1, 6775),
(2448, 'after update', 24, 0, 1, '-', 'AKTIF', 5, 1, '2020-07-04 10:18:46', '2020-07-04 10:25:16', 1, 1, 6776),
(2449, 'after update', 16, 0, 180, '-', 'AKTIF', 5, 2, '2020-06-22 03:01:02', '2020-07-06 05:21:27', 1, 1, 6777),
(2450, 'after update', 17, 0, 300, '-', 'AKTIF', 6, 2, '2020-06-22 05:26:20', '2020-07-06 05:21:38', 1, 1, 6778),
(2451, 'after update', 19, 0, 2, '-', 'nonaktif', 7, 1, '2020-07-04 09:08:25', '2020-07-04 09:16:51', 1, 1, 6779),
(2452, 'after update', 25, 0, 2, '-', 'AKTIF', 7, 1, '2020-07-04 10:18:46', '2020-07-04 10:25:21', 1, 1, 6780),
(2453, 'after update', 18, 0, 300, '-', 'AKTIF', 7, 2, '2020-06-29 12:18:09', '2020-07-06 05:34:11', 1, 1, 6781),
(2454, 'after update', 10, 0, 1, 'poiuytrewq', 'nonaktif', 5, 1, '2020-06-22 01:46:33', '2020-07-04 10:18:19', 1, 1, 6782),
(2455, 'after update', 24, 0, 1, '-', 'AKTIF', 5, 1, '2020-07-04 10:18:46', '2020-07-04 10:25:16', 1, 1, 6783),
(2456, 'after update', 16, 0, 180, '-', 'AKTIF', 5, 2, '2020-06-22 03:01:02', '2020-07-06 05:21:27', 1, 1, 6784),
(2457, 'after update', 17, 0, 300, '-', 'AKTIF', 6, 2, '2020-06-22 05:26:20', '2020-07-06 05:21:38', 1, 1, 6785),
(2458, 'after update', 19, 0, 2, '-', 'nonaktif', 7, 1, '2020-07-04 09:08:25', '2020-07-04 09:16:51', 1, 1, 6786),
(2459, 'after update', 25, 0, 2, '-', 'AKTIF', 7, 1, '2020-07-04 10:18:46', '2020-07-04 10:25:21', 1, 1, 6787),
(2460, 'after update', 18, 0, 300, '-', 'AKTIF', 7, 2, '2020-06-29 12:18:09', '2020-07-06 05:34:11', 1, 1, 6788),
(2461, 'after update', 10, 0, 1, 'poiuytrewq', 'nonaktif', 5, 1, '2020-06-22 01:46:33', '2020-07-04 10:18:19', 1, 1, 6789),
(2462, 'after update', 24, 0, 1, '-', 'AKTIF', 5, 1, '2020-07-04 10:18:46', '2020-07-04 10:25:16', 1, 1, 6790),
(2463, 'after update', 16, 0, 180, '-', 'AKTIF', 5, 2, '2020-06-22 03:01:02', '2020-07-06 05:21:27', 1, 1, 6791),
(2464, 'after update', 17, 0, 300, '-', 'AKTIF', 6, 2, '2020-06-22 05:26:20', '2020-07-06 05:21:38', 1, 1, 6792),
(2465, 'after update', 19, 0, 2, '-', 'nonaktif', 7, 1, '2020-07-04 09:08:25', '2020-07-04 09:16:51', 1, 1, 6793),
(2466, 'after update', 25, 0, 2, '-', 'AKTIF', 7, 1, '2020-07-04 10:18:46', '2020-07-04 10:25:21', 1, 1, 6794),
(2467, 'after update', 18, 0, 300, '-', 'AKTIF', 7, 2, '2020-06-29 12:18:09', '2020-07-06 05:34:11', 1, 1, 6795),
(2468, 'after update', 10, 0, 1, 'poiuytrewq', 'nonaktif', 5, 1, '2020-06-22 01:46:33', '2020-07-04 10:18:19', 1, 1, 6796),
(2469, 'after update', 24, 0, 1, '-', 'AKTIF', 5, 1, '2020-07-04 10:18:46', '2020-07-04 10:25:16', 1, 1, 6797),
(2470, 'after update', 16, 0, 180, '-', 'AKTIF', 5, 2, '2020-06-22 03:01:02', '2020-07-06 05:21:27', 1, 1, 6798),
(2471, 'after update', 17, 0, 300, '-', 'AKTIF', 6, 2, '2020-06-22 05:26:20', '2020-07-06 05:21:38', 1, 1, 6799),
(2472, 'after update', 19, 0, 2, '-', 'nonaktif', 7, 1, '2020-07-04 09:08:25', '2020-07-04 09:16:51', 1, 1, 6800),
(2473, 'after update', 25, 0, 2, '-', 'AKTIF', 7, 1, '2020-07-04 10:18:46', '2020-07-04 10:25:21', 1, 1, 6801),
(2474, 'after update', 18, 0, 300, '-', 'AKTIF', 7, 2, '2020-06-29 12:18:09', '2020-07-06 05:34:11', 1, 1, 6802),
(2475, 'after update', 10, 0, 1, 'poiuytrewq', 'nonaktif', 5, 1, '2020-06-22 01:46:33', '2020-07-04 10:18:19', 1, 1, 6803),
(2476, 'after update', 24, 0, 1, '-', 'AKTIF', 5, 1, '2020-07-04 10:18:46', '2020-07-04 10:25:16', 1, 1, 6804),
(2477, 'after update', 16, 0, 180, '-', 'AKTIF', 5, 2, '2020-06-22 03:01:02', '2020-07-06 05:21:27', 1, 1, 6805),
(2478, 'after update', 17, 0, 300, '-', 'AKTIF', 6, 2, '2020-06-22 05:26:20', '2020-07-06 05:21:38', 1, 1, 6806),
(2479, 'after update', 19, 0, 2, '-', 'nonaktif', 7, 1, '2020-07-04 09:08:25', '2020-07-04 09:16:51', 1, 1, 6807),
(2480, 'after update', 25, 0, 2, '-', 'AKTIF', 7, 1, '2020-07-04 10:18:46', '2020-07-04 10:25:21', 1, 1, 6808),
(2481, 'after update', 18, 0, 300, '-', 'AKTIF', 7, 2, '2020-06-29 12:18:09', '2020-07-06 05:34:11', 1, 1, 6809),
(2482, 'after update', 10, 0, 1, 'poiuytrewq', 'nonaktif', 5, 1, '2020-06-22 01:46:33', '2020-07-04 10:18:19', 1, 1, 6817),
(2483, 'after update', 24, 0, 1, '-', 'AKTIF', 5, 1, '2020-07-04 10:18:46', '2020-07-04 10:25:16', 1, 1, 6818),
(2484, 'after update', 16, 0, 180, '-', 'AKTIF', 5, 2, '2020-06-22 03:01:02', '2020-07-06 05:21:27', 1, 1, 6819),
(2485, 'after update', 17, 0, 300, '-', 'AKTIF', 6, 2, '2020-06-22 05:26:20', '2020-07-06 05:21:38', 1, 1, 6820),
(2486, 'after update', 19, 0, 2, '-', 'nonaktif', 7, 1, '2020-07-04 09:08:25', '2020-07-04 09:16:51', 1, 1, 6821),
(2487, 'after update', 25, 0, 2, '-', 'AKTIF', 7, 1, '2020-07-04 10:18:46', '2020-07-04 10:25:21', 1, 1, 6822),
(2488, 'after update', 18, 0, 300, '-', 'AKTIF', 7, 2, '2020-06-29 12:18:09', '2020-07-06 05:34:11', 1, 1, 6823),
(2489, 'after update', 10, 0, 1, 'poiuytrewq', 'nonaktif', 5, 1, '2020-06-22 01:46:33', '2020-07-04 10:18:19', 1, 1, 6824),
(2490, 'after update', 24, 0, 1, '-', 'AKTIF', 5, 1, '2020-07-04 10:18:46', '2020-07-04 10:25:16', 1, 1, 6825),
(2491, 'after update', 16, 0, 180, '-', 'AKTIF', 5, 2, '2020-06-22 03:01:02', '2020-07-06 05:21:27', 1, 1, 6826),
(2492, 'after update', 17, 0, 300, '-', 'AKTIF', 6, 2, '2020-06-22 05:26:20', '2020-07-06 05:21:38', 1, 1, 6827),
(2493, 'after update', 19, 0, 2, '-', 'nonaktif', 7, 1, '2020-07-04 09:08:25', '2020-07-04 09:16:51', 1, 1, 6828),
(2494, 'after update', 25, 0, 2, '-', 'AKTIF', 7, 1, '2020-07-04 10:18:46', '2020-07-04 10:25:21', 1, 1, 6829),
(2495, 'after update', 18, 0, 300, '-', 'AKTIF', 7, 2, '2020-06-29 12:18:09', '2020-07-06 05:34:11', 1, 1, 6830),
(2496, 'after update', 10, 0, 1, 'poiuytrewq', 'nonaktif', 5, 1, '2020-06-22 01:46:33', '2020-07-04 10:18:19', 1, 1, 6831),
(2497, 'after update', 24, 0, 1, '-', 'AKTIF', 5, 1, '2020-07-04 10:18:46', '2020-07-04 10:25:16', 1, 1, 6832),
(2498, 'after update', 16, 0, 180, '-', 'AKTIF', 5, 2, '2020-06-22 03:01:02', '2020-07-06 05:21:27', 1, 1, 6833),
(2499, 'after update', 17, 0, 300, '-', 'AKTIF', 6, 2, '2020-06-22 05:26:20', '2020-07-06 05:21:38', 1, 1, 6834),
(2500, 'after update', 19, 0, 2, '-', 'nonaktif', 7, 1, '2020-07-04 09:08:25', '2020-07-04 09:16:51', 1, 1, 6835),
(2501, 'after update', 25, 0, 2, '-', 'AKTIF', 7, 1, '2020-07-04 10:18:46', '2020-07-04 10:25:21', 1, 1, 6836),
(2502, 'after update', 18, 0, 300, '-', 'AKTIF', 7, 2, '2020-06-29 12:18:09', '2020-07-06 05:34:11', 1, 1, 6837),
(2503, 'after update', 10, 0, 1, 'poiuytrewq', 'nonaktif', 5, 1, '2020-06-22 01:46:33', '2020-07-04 10:18:19', 1, 1, 6838),
(2504, 'after update', 24, 0, 1, '-', 'AKTIF', 5, 1, '2020-07-04 10:18:46', '2020-07-04 10:25:16', 1, 1, 6839),
(2505, 'after update', 16, 0, 180, '-', 'AKTIF', 5, 2, '2020-06-22 03:01:02', '2020-07-06 05:21:27', 1, 1, 6840),
(2506, 'after update', 17, 0, 300, '-', 'AKTIF', 6, 2, '2020-06-22 05:26:20', '2020-07-06 05:21:38', 1, 1, 6841),
(2507, 'after update', 19, 0, 2, '-', 'nonaktif', 7, 1, '2020-07-04 09:08:25', '2020-07-04 09:16:51', 1, 1, 6842),
(2508, 'after update', 25, 0, 2, '-', 'AKTIF', 7, 1, '2020-07-04 10:18:46', '2020-07-04 10:25:21', 1, 1, 6843),
(2509, 'after update', 18, 0, 300, '-', 'AKTIF', 7, 2, '2020-06-29 12:18:09', '2020-07-06 05:34:11', 1, 1, 6844),
(2510, 'after update', 10, 0, 1, 'poiuytrewq', 'nonaktif', 5, 1, '2020-06-22 01:46:33', '2020-07-04 10:18:19', 1, 1, 6845),
(2511, 'after update', 24, 0, 1, '-', 'AKTIF', 5, 1, '2020-07-04 10:18:46', '2020-07-04 10:25:16', 1, 1, 6846),
(2512, 'after update', 16, 0, 180, '-', 'AKTIF', 5, 2, '2020-06-22 03:01:02', '2020-07-06 05:21:27', 1, 1, 6847),
(2513, 'after update', 17, 0, 300, '-', 'AKTIF', 6, 2, '2020-06-22 05:26:20', '2020-07-06 05:21:38', 1, 1, 6848),
(2514, 'after update', 19, 0, 2, '-', 'nonaktif', 7, 1, '2020-07-04 09:08:25', '2020-07-04 09:16:51', 1, 1, 6849),
(2515, 'after update', 25, 0, 2, '-', 'AKTIF', 7, 1, '2020-07-04 10:18:46', '2020-07-04 10:25:21', 1, 1, 6850),
(2516, 'after update', 18, 0, 300, '-', 'AKTIF', 7, 2, '2020-06-29 12:18:09', '2020-07-06 05:34:11', 1, 1, 6851),
(2517, 'after update', 10, 0, 1, 'poiuytrewq', 'nonaktif', 5, 1, '2020-06-22 01:46:33', '2020-07-04 10:18:19', 1, 1, 6852),
(2518, 'after update', 24, 0, 1, '-', 'AKTIF', 5, 1, '2020-07-04 10:18:46', '2020-07-04 10:25:16', 1, 1, 6853),
(2519, 'after update', 16, 0, 180, '-', 'AKTIF', 5, 2, '2020-06-22 03:01:02', '2020-07-06 05:21:27', 1, 1, 6854),
(2520, 'after update', 17, 0, 300, '-', 'AKTIF', 6, 2, '2020-06-22 05:26:20', '2020-07-06 05:21:38', 1, 1, 6855),
(2521, 'after update', 19, 0, 2, '-', 'nonaktif', 7, 1, '2020-07-04 09:08:25', '2020-07-04 09:16:51', 1, 1, 6856),
(2522, 'after update', 25, 0, 2, '-', 'AKTIF', 7, 1, '2020-07-04 10:18:46', '2020-07-04 10:25:21', 1, 1, 6857),
(2523, 'after update', 18, 0, 300, '-', 'AKTIF', 7, 2, '2020-06-29 12:18:09', '2020-07-06 05:34:11', 1, 1, 6858),
(2524, 'after update', 10, 0, 1, 'poiuytrewq', 'nonaktif', 5, 1, '2020-06-22 01:46:33', '2020-07-04 10:18:19', 1, 1, 6859),
(2525, 'after update', 24, 0, 1, '-', 'AKTIF', 5, 1, '2020-07-04 10:18:46', '2020-07-04 10:25:16', 1, 1, 6860),
(2526, 'after update', 16, 0, 180, '-', 'AKTIF', 5, 2, '2020-06-22 03:01:02', '2020-07-06 05:21:27', 1, 1, 6861),
(2527, 'after update', 17, 0, 300, '-', 'AKTIF', 6, 2, '2020-06-22 05:26:20', '2020-07-06 05:21:38', 1, 1, 6862),
(2528, 'after update', 19, 0, 2, '-', 'nonaktif', 7, 1, '2020-07-04 09:08:25', '2020-07-04 09:16:51', 1, 1, 6863),
(2529, 'after update', 25, 0, 2, '-', 'AKTIF', 7, 1, '2020-07-04 10:18:46', '2020-07-04 10:25:21', 1, 1, 6864),
(2530, 'after update', 18, 0, 300, '-', 'AKTIF', 7, 2, '2020-06-29 12:18:09', '2020-07-06 05:34:11', 1, 1, 6865),
(2531, 'after update', 10, 0, 1, 'poiuytrewq', 'nonaktif', 5, 1, '2020-06-22 01:46:33', '2020-07-04 10:18:19', 1, 1, 6866),
(2532, 'after update', 24, 0, 1, '-', 'AKTIF', 5, 1, '2020-07-04 10:18:46', '2020-07-04 10:25:16', 1, 1, 6867),
(2533, 'after update', 16, 0, 180, '-', 'AKTIF', 5, 2, '2020-06-22 03:01:02', '2020-07-06 05:21:27', 1, 1, 6868),
(2534, 'after update', 17, 0, 300, '-', 'AKTIF', 6, 2, '2020-06-22 05:26:20', '2020-07-06 05:21:38', 1, 1, 6869),
(2535, 'after update', 19, 0, 2, '-', 'nonaktif', 7, 1, '2020-07-04 09:08:25', '2020-07-04 09:16:51', 1, 1, 6870),
(2536, 'after update', 25, 0, 2, '-', 'AKTIF', 7, 1, '2020-07-04 10:18:46', '2020-07-04 10:25:21', 1, 1, 6871),
(2537, 'after update', 18, 0, 300, '-', 'AKTIF', 7, 2, '2020-06-29 12:18:09', '2020-07-06 05:34:11', 1, 1, 6872),
(2538, 'after update', 10, 0, 1, 'poiuytrewq', 'nonaktif', 5, 1, '2020-06-22 01:46:33', '2020-07-04 10:18:19', 1, 1, 6873),
(2539, 'after update', 24, 0, 1, '-', 'AKTIF', 5, 1, '2020-07-04 10:18:46', '2020-07-04 10:25:16', 1, 1, 6874),
(2540, 'after update', 16, 0, 180, '-', 'AKTIF', 5, 2, '2020-06-22 03:01:02', '2020-07-06 05:21:27', 1, 1, 6875),
(2541, 'after update', 17, 0, 300, '-', 'AKTIF', 6, 2, '2020-06-22 05:26:20', '2020-07-06 05:21:38', 1, 1, 6876),
(2542, 'after update', 19, 0, 2, '-', 'nonaktif', 7, 1, '2020-07-04 09:08:25', '2020-07-04 09:16:51', 1, 1, 6877),
(2543, 'after update', 25, 0, 2, '-', 'AKTIF', 7, 1, '2020-07-04 10:18:46', '2020-07-04 10:25:21', 1, 1, 6878),
(2544, 'after update', 18, 0, 300, '-', 'AKTIF', 7, 2, '2020-06-29 12:18:09', '2020-07-06 05:34:11', 1, 1, 6879),
(2545, 'after update', 10, 0, 1, 'poiuytrewq', 'nonaktif', 5, 1, '2020-06-22 01:46:33', '2020-07-04 10:18:19', 1, 1, 6880),
(2546, 'after update', 24, 0, 1, '-', 'AKTIF', 5, 1, '2020-07-04 10:18:46', '2020-07-04 10:25:16', 1, 1, 6881),
(2547, 'after update', 16, 0, 180, '-', 'AKTIF', 5, 2, '2020-06-22 03:01:02', '2020-07-06 05:21:27', 1, 1, 6882),
(2548, 'after update', 17, 0, 300, '-', 'AKTIF', 6, 2, '2020-06-22 05:26:20', '2020-07-06 05:21:38', 1, 1, 6883),
(2549, 'after update', 19, 0, 2, '-', 'nonaktif', 7, 1, '2020-07-04 09:08:25', '2020-07-04 09:16:51', 1, 1, 6884),
(2550, 'after update', 25, 0, 2, '-', 'AKTIF', 7, 1, '2020-07-04 10:18:46', '2020-07-04 10:25:21', 1, 1, 6885),
(2551, 'after update', 18, 0, 300, '-', 'AKTIF', 7, 2, '2020-06-29 12:18:09', '2020-07-06 05:34:11', 1, 1, 6886),
(2552, 'after update', 10, 0, 1, 'poiuytrewq', 'nonaktif', 5, 1, '2020-06-22 01:46:33', '2020-07-04 10:18:19', 1, 1, 6887),
(2553, 'after update', 24, 0, 1, '-', 'AKTIF', 5, 1, '2020-07-04 10:18:46', '2020-07-04 10:25:16', 1, 1, 6888),
(2554, 'after update', 16, 0, 180, '-', 'AKTIF', 5, 2, '2020-06-22 03:01:02', '2020-07-06 05:21:27', 1, 1, 6889),
(2555, 'after update', 17, 0, 300, '-', 'AKTIF', 6, 2, '2020-06-22 05:26:20', '2020-07-06 05:21:38', 1, 1, 6890),
(2556, 'after update', 19, 0, 2, '-', 'nonaktif', 7, 1, '2020-07-04 09:08:25', '2020-07-04 09:16:51', 1, 1, 6891),
(2557, 'after update', 25, 0, 2, '-', 'AKTIF', 7, 1, '2020-07-04 10:18:46', '2020-07-04 10:25:21', 1, 1, 6892),
(2558, 'after update', 18, 0, 300, '-', 'AKTIF', 7, 2, '2020-06-29 12:18:09', '2020-07-06 05:34:11', 1, 1, 6893),
(2559, 'after update', 10, 0, 1, 'poiuytrewq', 'nonaktif', 5, 1, '2020-06-22 01:46:33', '2020-07-04 10:18:19', 1, 1, 6894),
(2560, 'after update', 24, 0, 1, '-', 'AKTIF', 5, 1, '2020-07-04 10:18:46', '2020-07-04 10:25:16', 1, 1, 6895),
(2561, 'after update', 16, 0, 180, '-', 'AKTIF', 5, 2, '2020-06-22 03:01:02', '2020-07-06 05:21:27', 1, 1, 6896),
(2562, 'after update', 17, 0, 300, '-', 'AKTIF', 6, 2, '2020-06-22 05:26:20', '2020-07-06 05:21:38', 1, 1, 6897),
(2563, 'after update', 19, 0, 2, '-', 'nonaktif', 7, 1, '2020-07-04 09:08:25', '2020-07-04 09:16:51', 1, 1, 6898),
(2564, 'after update', 25, 0, 2, '-', 'AKTIF', 7, 1, '2020-07-04 10:18:46', '2020-07-04 10:25:21', 1, 1, 6899),
(2565, 'after update', 18, 0, 300, '-', 'AKTIF', 7, 2, '2020-06-29 12:18:09', '2020-07-06 05:34:11', 1, 1, 6900),
(2566, 'after update', 10, 0, 1, 'poiuytrewq', 'nonaktif', 5, 1, '2020-06-22 01:46:33', '2020-07-04 10:18:19', 1, 1, 6901),
(2567, 'after update', 24, 0, 1, '-', 'AKTIF', 5, 1, '2020-07-04 10:18:46', '2020-07-04 10:25:16', 1, 1, 6902),
(2568, 'after update', 16, 0, 180, '-', 'AKTIF', 5, 2, '2020-06-22 03:01:02', '2020-07-06 05:21:27', 1, 1, 6903),
(2569, 'after update', 17, 0, 300, '-', 'AKTIF', 6, 2, '2020-06-22 05:26:20', '2020-07-06 05:21:38', 1, 1, 6904),
(2570, 'after update', 19, 0, 2, '-', 'nonaktif', 7, 1, '2020-07-04 09:08:25', '2020-07-04 09:16:51', 1, 1, 6905),
(2571, 'after update', 25, 0, 2, '-', 'AKTIF', 7, 1, '2020-07-04 10:18:46', '2020-07-04 10:25:21', 1, 1, 6906),
(2572, 'after update', 18, 0, 300, '-', 'AKTIF', 7, 2, '2020-06-29 12:18:09', '2020-07-06 05:34:11', 1, 1, 6907),
(2573, 'after update', 10, 0, 1, 'poiuytrewq', 'nonaktif', 5, 1, '2020-06-22 01:46:33', '2020-07-04 10:18:19', 1, 1, 6908),
(2574, 'after update', 24, 0, 1, '-', 'AKTIF', 5, 1, '2020-07-04 10:18:46', '2020-07-04 10:25:16', 1, 1, 6909),
(2575, 'after update', 16, 0, 180, '-', 'AKTIF', 5, 2, '2020-06-22 03:01:02', '2020-07-06 05:21:27', 1, 1, 6910);
INSERT INTO `tbl_brg_cabang_log` (`id_pk_brg_cabang_log`, `executed_function`, `id_pk_brg_cabang`, `brg_cabang_qty`, `brg_cabang_last_price`, `brg_cabang_notes`, `brg_cabang_status`, `id_fk_brg`, `id_fk_cabang`, `brg_cabang_create_date`, `brg_cabang_last_modified`, `id_create_data`, `id_last_modified`, `id_log_all`) VALUES
(2576, 'after update', 17, 0, 300, '-', 'AKTIF', 6, 2, '2020-06-22 05:26:20', '2020-07-06 05:21:38', 1, 1, 6911),
(2577, 'after update', 19, 0, 2, '-', 'nonaktif', 7, 1, '2020-07-04 09:08:25', '2020-07-04 09:16:51', 1, 1, 6912),
(2578, 'after update', 25, 0, 2, '-', 'AKTIF', 7, 1, '2020-07-04 10:18:46', '2020-07-04 10:25:21', 1, 1, 6913),
(2579, 'after update', 18, 0, 300, '-', 'AKTIF', 7, 2, '2020-06-29 12:18:09', '2020-07-06 05:34:11', 1, 1, 6914),
(2580, 'after update', 10, 0, 1, 'poiuytrewq', 'nonaktif', 5, 1, '2020-06-22 01:46:33', '2020-07-04 10:18:19', 1, 1, 6915),
(2581, 'after update', 24, 0, 1, '-', 'AKTIF', 5, 1, '2020-07-04 10:18:46', '2020-07-04 10:25:16', 1, 1, 6916),
(2582, 'after update', 16, 0, 180, '-', 'AKTIF', 5, 2, '2020-06-22 03:01:02', '2020-07-06 05:21:27', 1, 1, 6917),
(2583, 'after update', 17, 0, 300, '-', 'AKTIF', 6, 2, '2020-06-22 05:26:20', '2020-07-06 05:21:38', 1, 1, 6918),
(2584, 'after update', 19, 0, 2, '-', 'nonaktif', 7, 1, '2020-07-04 09:08:25', '2020-07-04 09:16:51', 1, 1, 6919),
(2585, 'after update', 25, 0, 2, '-', 'AKTIF', 7, 1, '2020-07-04 10:18:46', '2020-07-04 10:25:21', 1, 1, 6920),
(2586, 'after update', 18, 0, 300, '-', 'AKTIF', 7, 2, '2020-06-29 12:18:09', '2020-07-06 05:34:11', 1, 1, 6921),
(2587, 'after update', 10, 0, 1, 'poiuytrewq', 'nonaktif', 5, 1, '2020-06-22 01:46:33', '2020-07-04 10:18:19', 1, 1, 6922),
(2588, 'after update', 24, 0, 1, '-', 'AKTIF', 5, 1, '2020-07-04 10:18:46', '2020-07-04 10:25:16', 1, 1, 6923),
(2589, 'after update', 16, 0, 180, '-', 'AKTIF', 5, 2, '2020-06-22 03:01:02', '2020-07-06 05:21:27', 1, 1, 6924),
(2590, 'after update', 17, 0, 300, '-', 'AKTIF', 6, 2, '2020-06-22 05:26:20', '2020-07-06 05:21:38', 1, 1, 6925),
(2591, 'after update', 19, 0, 2, '-', 'nonaktif', 7, 1, '2020-07-04 09:08:25', '2020-07-04 09:16:51', 1, 1, 6926),
(2592, 'after update', 25, 0, 2, '-', 'AKTIF', 7, 1, '2020-07-04 10:18:46', '2020-07-04 10:25:21', 1, 1, 6927),
(2593, 'after update', 18, 0, 300, '-', 'AKTIF', 7, 2, '2020-06-29 12:18:09', '2020-07-06 05:34:11', 1, 1, 6928),
(2594, 'after update', 10, 0, 1, 'poiuytrewq', 'nonaktif', 5, 1, '2020-06-22 01:46:33', '2020-07-04 10:18:19', 1, 1, 6929),
(2595, 'after update', 24, 0, 1, '-', 'AKTIF', 5, 1, '2020-07-04 10:18:46', '2020-07-04 10:25:16', 1, 1, 6930),
(2596, 'after update', 16, 0, 180, '-', 'AKTIF', 5, 2, '2020-06-22 03:01:02', '2020-07-06 05:21:27', 1, 1, 6931),
(2597, 'after update', 17, 0, 300, '-', 'AKTIF', 6, 2, '2020-06-22 05:26:20', '2020-07-06 05:21:38', 1, 1, 6932),
(2598, 'after update', 19, 0, 2, '-', 'nonaktif', 7, 1, '2020-07-04 09:08:25', '2020-07-04 09:16:51', 1, 1, 6933),
(2599, 'after update', 25, 0, 2, '-', 'AKTIF', 7, 1, '2020-07-04 10:18:46', '2020-07-04 10:25:21', 1, 1, 6934),
(2600, 'after update', 18, 0, 300, '-', 'AKTIF', 7, 2, '2020-06-29 12:18:09', '2020-07-06 05:34:11', 1, 1, 6935),
(2601, 'after update', 10, 0, 1, 'poiuytrewq', 'nonaktif', 5, 1, '2020-06-22 01:46:33', '2020-07-04 10:18:19', 1, 1, 6936),
(2602, 'after update', 24, 0, 1, '-', 'AKTIF', 5, 1, '2020-07-04 10:18:46', '2020-07-04 10:25:16', 1, 1, 6937),
(2603, 'after update', 16, 0, 180, '-', 'AKTIF', 5, 2, '2020-06-22 03:01:02', '2020-07-06 05:21:27', 1, 1, 6938),
(2604, 'after update', 17, 0, 300, '-', 'AKTIF', 6, 2, '2020-06-22 05:26:20', '2020-07-06 05:21:38', 1, 1, 6939),
(2605, 'after update', 19, 0, 2, '-', 'nonaktif', 7, 1, '2020-07-04 09:08:25', '2020-07-04 09:16:51', 1, 1, 6940),
(2606, 'after update', 25, 0, 2, '-', 'AKTIF', 7, 1, '2020-07-04 10:18:46', '2020-07-04 10:25:21', 1, 1, 6941),
(2607, 'after update', 18, 0, 300, '-', 'AKTIF', 7, 2, '2020-06-29 12:18:09', '2020-07-06 05:34:11', 1, 1, 6942),
(2608, 'after update', 10, 0, 1, 'poiuytrewq', 'nonaktif', 5, 1, '2020-06-22 01:46:33', '2020-07-04 10:18:19', 1, 1, 6943),
(2609, 'after update', 24, 0, 1, '-', 'AKTIF', 5, 1, '2020-07-04 10:18:46', '2020-07-04 10:25:16', 1, 1, 6944),
(2610, 'after update', 16, 0, 180, '-', 'AKTIF', 5, 2, '2020-06-22 03:01:02', '2020-07-06 05:21:27', 1, 1, 6945),
(2611, 'after update', 17, 0, 300, '-', 'AKTIF', 6, 2, '2020-06-22 05:26:20', '2020-07-06 05:21:38', 1, 1, 6946),
(2612, 'after update', 19, 0, 2, '-', 'nonaktif', 7, 1, '2020-07-04 09:08:25', '2020-07-04 09:16:51', 1, 1, 6947),
(2613, 'after update', 25, 0, 2, '-', 'AKTIF', 7, 1, '2020-07-04 10:18:46', '2020-07-04 10:25:21', 1, 1, 6948),
(2614, 'after update', 18, 0, 300, '-', 'AKTIF', 7, 2, '2020-06-29 12:18:09', '2020-07-06 05:34:11', 1, 1, 6949),
(2615, 'after update', 10, 0, 1, 'poiuytrewq', 'nonaktif', 5, 1, '2020-06-22 01:46:33', '2020-07-04 10:18:19', 1, 1, 6950),
(2616, 'after update', 24, 0, 1, '-', 'AKTIF', 5, 1, '2020-07-04 10:18:46', '2020-07-04 10:25:16', 1, 1, 6951),
(2617, 'after update', 16, 0, 180, '-', 'AKTIF', 5, 2, '2020-06-22 03:01:02', '2020-07-06 05:21:27', 1, 1, 6952),
(2618, 'after update', 17, 0, 300, '-', 'AKTIF', 6, 2, '2020-06-22 05:26:20', '2020-07-06 05:21:38', 1, 1, 6953),
(2619, 'after update', 19, 0, 2, '-', 'nonaktif', 7, 1, '2020-07-04 09:08:25', '2020-07-04 09:16:51', 1, 1, 6954),
(2620, 'after update', 25, 0, 2, '-', 'AKTIF', 7, 1, '2020-07-04 10:18:46', '2020-07-04 10:25:21', 1, 1, 6955),
(2621, 'after update', 18, 0, 300, '-', 'AKTIF', 7, 2, '2020-06-29 12:18:09', '2020-07-06 05:34:11', 1, 1, 6956),
(2622, 'after update', 10, 0, 1, 'poiuytrewq', 'nonaktif', 5, 1, '2020-06-22 01:46:33', '2020-07-04 10:18:19', 1, 1, 6957),
(2623, 'after update', 24, 0, 1, '-', 'AKTIF', 5, 1, '2020-07-04 10:18:46', '2020-07-04 10:25:16', 1, 1, 6958),
(2624, 'after update', 16, 0, 180, '-', 'AKTIF', 5, 2, '2020-06-22 03:01:02', '2020-07-06 05:21:27', 1, 1, 6959),
(2625, 'after update', 17, 0, 300, '-', 'AKTIF', 6, 2, '2020-06-22 05:26:20', '2020-07-06 05:21:38', 1, 1, 6960),
(2626, 'after update', 19, 0, 2, '-', 'nonaktif', 7, 1, '2020-07-04 09:08:25', '2020-07-04 09:16:51', 1, 1, 6961),
(2627, 'after update', 25, 0, 2, '-', 'AKTIF', 7, 1, '2020-07-04 10:18:46', '2020-07-04 10:25:21', 1, 1, 6962),
(2628, 'after update', 18, 0, 300, '-', 'AKTIF', 7, 2, '2020-06-29 12:18:09', '2020-07-06 05:34:11', 1, 1, 6963),
(2629, 'after update', 10, 0, 1, 'poiuytrewq', 'nonaktif', 5, 1, '2020-06-22 01:46:33', '2020-07-04 10:18:19', 1, 1, 6964),
(2630, 'after update', 24, 0, 1, '-', 'AKTIF', 5, 1, '2020-07-04 10:18:46', '2020-07-04 10:25:16', 1, 1, 6965),
(2631, 'after update', 16, 0, 180, '-', 'AKTIF', 5, 2, '2020-06-22 03:01:02', '2020-07-06 05:21:27', 1, 1, 6966),
(2632, 'after update', 17, 0, 300, '-', 'AKTIF', 6, 2, '2020-06-22 05:26:20', '2020-07-06 05:21:38', 1, 1, 6967),
(2633, 'after update', 19, 0, 2, '-', 'nonaktif', 7, 1, '2020-07-04 09:08:25', '2020-07-04 09:16:51', 1, 1, 6968),
(2634, 'after update', 25, 0, 2, '-', 'AKTIF', 7, 1, '2020-07-04 10:18:46', '2020-07-04 10:25:21', 1, 1, 6969),
(2635, 'after update', 18, 0, 300, '-', 'AKTIF', 7, 2, '2020-06-29 12:18:09', '2020-07-06 05:34:11', 1, 1, 6970),
(2636, 'after update', 10, 0, 1, 'poiuytrewq', 'nonaktif', 5, 1, '2020-06-22 01:46:33', '2020-07-04 10:18:19', 1, 1, 6971),
(2637, 'after update', 24, 0, 1, '-', 'AKTIF', 5, 1, '2020-07-04 10:18:46', '2020-07-04 10:25:16', 1, 1, 6972),
(2638, 'after update', 16, 0, 180, '-', 'AKTIF', 5, 2, '2020-06-22 03:01:02', '2020-07-06 05:21:27', 1, 1, 6973),
(2639, 'after update', 17, 0, 300, '-', 'AKTIF', 6, 2, '2020-06-22 05:26:20', '2020-07-06 05:21:38', 1, 1, 6974),
(2640, 'after update', 19, 0, 2, '-', 'nonaktif', 7, 1, '2020-07-04 09:08:25', '2020-07-04 09:16:51', 1, 1, 6975),
(2641, 'after update', 25, 0, 2, '-', 'AKTIF', 7, 1, '2020-07-04 10:18:46', '2020-07-04 10:25:21', 1, 1, 6976),
(2642, 'after update', 18, 0, 300, '-', 'AKTIF', 7, 2, '2020-06-29 12:18:09', '2020-07-06 05:34:11', 1, 1, 6977),
(2643, 'after update', 10, 0, 1, 'poiuytrewq', 'nonaktif', 5, 1, '2020-06-22 01:46:33', '2020-07-04 10:18:19', 1, 1, 6978),
(2644, 'after update', 24, 0, 1, '-', 'AKTIF', 5, 1, '2020-07-04 10:18:46', '2020-07-04 10:25:16', 1, 1, 6979),
(2645, 'after update', 16, 0, 180, '-', 'AKTIF', 5, 2, '2020-06-22 03:01:02', '2020-07-06 05:21:27', 1, 1, 6980),
(2646, 'after update', 17, 0, 300, '-', 'AKTIF', 6, 2, '2020-06-22 05:26:20', '2020-07-06 05:21:38', 1, 1, 6981),
(2647, 'after update', 19, 0, 2, '-', 'nonaktif', 7, 1, '2020-07-04 09:08:25', '2020-07-04 09:16:51', 1, 1, 6982),
(2648, 'after update', 25, 0, 2, '-', 'AKTIF', 7, 1, '2020-07-04 10:18:46', '2020-07-04 10:25:21', 1, 1, 6983),
(2649, 'after update', 18, 0, 300, '-', 'AKTIF', 7, 2, '2020-06-29 12:18:09', '2020-07-06 05:34:11', 1, 1, 6984),
(2650, 'after update', 10, 0, 1, 'poiuytrewq', 'nonaktif', 5, 1, '2020-06-22 01:46:33', '2020-07-04 10:18:19', 1, 1, 6985),
(2651, 'after update', 24, 0, 1, '-', 'AKTIF', 5, 1, '2020-07-04 10:18:46', '2020-07-04 10:25:16', 1, 1, 6986),
(2652, 'after update', 16, 0, 180, '-', 'AKTIF', 5, 2, '2020-06-22 03:01:02', '2020-07-06 05:21:27', 1, 1, 6987),
(2653, 'after update', 17, 0, 300, '-', 'AKTIF', 6, 2, '2020-06-22 05:26:20', '2020-07-06 05:21:38', 1, 1, 6988),
(2654, 'after update', 19, 0, 2, '-', 'nonaktif', 7, 1, '2020-07-04 09:08:25', '2020-07-04 09:16:51', 1, 1, 6989),
(2655, 'after update', 25, 0, 2, '-', 'AKTIF', 7, 1, '2020-07-04 10:18:46', '2020-07-04 10:25:21', 1, 1, 6990),
(2656, 'after update', 18, 0, 300, '-', 'AKTIF', 7, 2, '2020-06-29 12:18:09', '2020-07-06 05:34:11', 1, 1, 6991),
(2657, 'after update', 10, 0, 1, 'poiuytrewq', 'nonaktif', 5, 1, '2020-06-22 01:46:33', '2020-07-04 10:18:19', 1, 1, 6992),
(2658, 'after update', 24, 0, 1, '-', 'AKTIF', 5, 1, '2020-07-04 10:18:46', '2020-07-04 10:25:16', 1, 1, 6993),
(2659, 'after update', 16, 0, 180, '-', 'AKTIF', 5, 2, '2020-06-22 03:01:02', '2020-07-06 05:21:27', 1, 1, 6994),
(2660, 'after update', 17, 0, 300, '-', 'AKTIF', 6, 2, '2020-06-22 05:26:20', '2020-07-06 05:21:38', 1, 1, 6995),
(2661, 'after update', 19, 0, 2, '-', 'nonaktif', 7, 1, '2020-07-04 09:08:25', '2020-07-04 09:16:51', 1, 1, 6996),
(2662, 'after update', 25, 0, 2, '-', 'AKTIF', 7, 1, '2020-07-04 10:18:46', '2020-07-04 10:25:21', 1, 1, 6997),
(2663, 'after update', 18, 0, 300, '-', 'AKTIF', 7, 2, '2020-06-29 12:18:09', '2020-07-06 05:34:11', 1, 1, 6998),
(2664, 'after update', 10, 0, 1, 'poiuytrewq', 'nonaktif', 5, 1, '2020-06-22 01:46:33', '2020-07-04 10:18:19', 1, 1, 6999),
(2665, 'after update', 24, 0, 1, '-', 'AKTIF', 5, 1, '2020-07-04 10:18:46', '2020-07-04 10:25:16', 1, 1, 7000),
(2666, 'after update', 16, 0, 180, '-', 'AKTIF', 5, 2, '2020-06-22 03:01:02', '2020-07-06 05:21:27', 1, 1, 7001),
(2667, 'after update', 17, 0, 300, '-', 'AKTIF', 6, 2, '2020-06-22 05:26:20', '2020-07-06 05:21:38', 1, 1, 7002),
(2668, 'after update', 19, 0, 2, '-', 'nonaktif', 7, 1, '2020-07-04 09:08:25', '2020-07-04 09:16:51', 1, 1, 7003),
(2669, 'after update', 25, 0, 2, '-', 'AKTIF', 7, 1, '2020-07-04 10:18:46', '2020-07-04 10:25:21', 1, 1, 7004),
(2670, 'after update', 18, 0, 300, '-', 'AKTIF', 7, 2, '2020-06-29 12:18:09', '2020-07-06 05:34:11', 1, 1, 7005),
(2671, 'after update', 10, 0, 1, 'poiuytrewq', 'nonaktif', 5, 1, '2020-06-22 01:46:33', '2020-07-04 10:18:19', 1, 1, 7006),
(2672, 'after update', 24, 0, 1, '-', 'AKTIF', 5, 1, '2020-07-04 10:18:46', '2020-07-04 10:25:16', 1, 1, 7007),
(2673, 'after update', 16, 0, 180, '-', 'AKTIF', 5, 2, '2020-06-22 03:01:02', '2020-07-06 05:21:27', 1, 1, 7008),
(2674, 'after update', 17, 0, 300, '-', 'AKTIF', 6, 2, '2020-06-22 05:26:20', '2020-07-06 05:21:38', 1, 1, 7009),
(2675, 'after update', 19, 0, 2, '-', 'nonaktif', 7, 1, '2020-07-04 09:08:25', '2020-07-04 09:16:51', 1, 1, 7010),
(2676, 'after update', 25, 0, 2, '-', 'AKTIF', 7, 1, '2020-07-04 10:18:46', '2020-07-04 10:25:21', 1, 1, 7011),
(2677, 'after update', 18, 0, 300, '-', 'AKTIF', 7, 2, '2020-06-29 12:18:09', '2020-07-06 05:34:11', 1, 1, 7012),
(2678, 'after update', 10, 0, 1, 'poiuytrewq', 'nonaktif', 5, 1, '2020-06-22 01:46:33', '2020-07-04 10:18:19', 1, 1, 7013),
(2679, 'after update', 24, 0, 1, '-', 'AKTIF', 5, 1, '2020-07-04 10:18:46', '2020-07-04 10:25:16', 1, 1, 7014),
(2680, 'after update', 16, 0, 180, '-', 'AKTIF', 5, 2, '2020-06-22 03:01:02', '2020-07-06 05:21:27', 1, 1, 7015),
(2681, 'after update', 17, 0, 300, '-', 'AKTIF', 6, 2, '2020-06-22 05:26:20', '2020-07-06 05:21:38', 1, 1, 7016),
(2682, 'after update', 19, 0, 2, '-', 'nonaktif', 7, 1, '2020-07-04 09:08:25', '2020-07-04 09:16:51', 1, 1, 7017),
(2683, 'after update', 25, 0, 2, '-', 'AKTIF', 7, 1, '2020-07-04 10:18:46', '2020-07-04 10:25:21', 1, 1, 7018),
(2684, 'after update', 18, 0, 300, '-', 'AKTIF', 7, 2, '2020-06-29 12:18:09', '2020-07-06 05:34:11', 1, 1, 7019),
(2685, 'after update', 10, 0, 1, 'poiuytrewq', 'nonaktif', 5, 1, '2020-06-22 01:46:33', '2020-07-04 10:18:19', 1, 1, 7020),
(2686, 'after update', 24, 0, 1, '-', 'AKTIF', 5, 1, '2020-07-04 10:18:46', '2020-07-04 10:25:16', 1, 1, 7021),
(2687, 'after update', 16, 0, 180, '-', 'AKTIF', 5, 2, '2020-06-22 03:01:02', '2020-07-06 05:21:27', 1, 1, 7022),
(2688, 'after update', 17, 0, 300, '-', 'AKTIF', 6, 2, '2020-06-22 05:26:20', '2020-07-06 05:21:38', 1, 1, 7023),
(2689, 'after update', 19, 0, 2, '-', 'nonaktif', 7, 1, '2020-07-04 09:08:25', '2020-07-04 09:16:51', 1, 1, 7024),
(2690, 'after update', 25, 0, 2, '-', 'AKTIF', 7, 1, '2020-07-04 10:18:46', '2020-07-04 10:25:21', 1, 1, 7025),
(2691, 'after update', 18, 0, 300, '-', 'AKTIF', 7, 2, '2020-06-29 12:18:09', '2020-07-06 05:34:11', 1, 1, 7026),
(2692, 'after update', 10, 0, 1, 'poiuytrewq', 'nonaktif', 5, 1, '2020-06-22 01:46:33', '2020-07-04 10:18:19', 1, 1, 7027),
(2693, 'after update', 24, 0, 1, '-', 'AKTIF', 5, 1, '2020-07-04 10:18:46', '2020-07-04 10:25:16', 1, 1, 7028),
(2694, 'after update', 16, 0, 180, '-', 'AKTIF', 5, 2, '2020-06-22 03:01:02', '2020-07-06 05:21:27', 1, 1, 7029),
(2695, 'after update', 17, 0, 300, '-', 'AKTIF', 6, 2, '2020-06-22 05:26:20', '2020-07-06 05:21:38', 1, 1, 7030),
(2696, 'after update', 19, 0, 2, '-', 'nonaktif', 7, 1, '2020-07-04 09:08:25', '2020-07-04 09:16:51', 1, 1, 7031),
(2697, 'after update', 25, 0, 2, '-', 'AKTIF', 7, 1, '2020-07-04 10:18:46', '2020-07-04 10:25:21', 1, 1, 7032),
(2698, 'after update', 18, 0, 300, '-', 'AKTIF', 7, 2, '2020-06-29 12:18:09', '2020-07-06 05:34:11', 1, 1, 7033),
(2699, 'after update', 10, 0, 1, 'poiuytrewq', 'nonaktif', 5, 1, '2020-06-22 01:46:33', '2020-07-04 10:18:19', 1, 1, 7034),
(2700, 'after update', 24, 0, 1, '-', 'AKTIF', 5, 1, '2020-07-04 10:18:46', '2020-07-04 10:25:16', 1, 1, 7035),
(2701, 'after update', 16, 0, 180, '-', 'AKTIF', 5, 2, '2020-06-22 03:01:02', '2020-07-06 05:21:27', 1, 1, 7036),
(2702, 'after update', 17, 0, 300, '-', 'AKTIF', 6, 2, '2020-06-22 05:26:20', '2020-07-06 05:21:38', 1, 1, 7037),
(2703, 'after update', 19, 0, 2, '-', 'nonaktif', 7, 1, '2020-07-04 09:08:25', '2020-07-04 09:16:51', 1, 1, 7038),
(2704, 'after update', 25, 0, 2, '-', 'AKTIF', 7, 1, '2020-07-04 10:18:46', '2020-07-04 10:25:21', 1, 1, 7039),
(2705, 'after update', 18, 0, 300, '-', 'AKTIF', 7, 2, '2020-06-29 12:18:09', '2020-07-06 05:34:11', 1, 1, 7040),
(2706, 'after update', 10, 0, 1, 'poiuytrewq', 'nonaktif', 5, 1, '2020-06-22 01:46:33', '2020-07-04 10:18:19', 1, 1, 7148),
(2707, 'after update', 24, 0, 1, '-', 'AKTIF', 5, 1, '2020-07-04 10:18:46', '2020-07-04 10:25:16', 1, 1, 7149),
(2708, 'after update', 16, 0, 180, '-', 'AKTIF', 5, 2, '2020-06-22 03:01:02', '2020-07-06 05:21:27', 1, 1, 7150),
(2709, 'after update', 17, 0, 300, '-', 'AKTIF', 6, 2, '2020-06-22 05:26:20', '2020-07-06 05:21:38', 1, 1, 7151),
(2710, 'after update', 19, 0, 2, '-', 'nonaktif', 7, 1, '2020-07-04 09:08:25', '2020-07-04 09:16:51', 1, 1, 7152),
(2711, 'after update', 25, 0, 2, '-', 'AKTIF', 7, 1, '2020-07-04 10:18:46', '2020-07-04 10:25:21', 1, 1, 7153),
(2712, 'after update', 18, 0, 300, '-', 'AKTIF', 7, 2, '2020-06-29 12:18:09', '2020-07-06 05:34:11', 1, 1, 7154),
(2713, 'after update', 10, 0, 1, 'poiuytrewq', 'nonaktif', 5, 1, '2020-06-22 01:46:33', '2020-07-04 10:18:19', 1, 1, 7155),
(2714, 'after update', 24, 0, 1, '-', 'AKTIF', 5, 1, '2020-07-04 10:18:46', '2020-07-04 10:25:16', 1, 1, 7156),
(2715, 'after update', 16, 0, 180, '-', 'AKTIF', 5, 2, '2020-06-22 03:01:02', '2020-07-06 05:21:27', 1, 1, 7157),
(2716, 'after update', 17, 0, 300, '-', 'AKTIF', 6, 2, '2020-06-22 05:26:20', '2020-07-06 05:21:38', 1, 1, 7158),
(2717, 'after update', 19, 0, 2, '-', 'nonaktif', 7, 1, '2020-07-04 09:08:25', '2020-07-04 09:16:51', 1, 1, 7159),
(2718, 'after update', 25, 0, 2, '-', 'AKTIF', 7, 1, '2020-07-04 10:18:46', '2020-07-04 10:25:21', 1, 1, 7160),
(2719, 'after update', 18, 0, 300, '-', 'AKTIF', 7, 2, '2020-06-29 12:18:09', '2020-07-06 05:34:11', 1, 1, 7161),
(2720, 'after update', 10, 0, 1, 'poiuytrewq', 'nonaktif', 5, 1, '2020-06-22 01:46:33', '2020-07-04 10:18:19', 1, 1, 7162),
(2721, 'after update', 24, 0, 1, '-', 'AKTIF', 5, 1, '2020-07-04 10:18:46', '2020-07-04 10:25:16', 1, 1, 7163),
(2722, 'after update', 16, 0, 180, '-', 'AKTIF', 5, 2, '2020-06-22 03:01:02', '2020-07-06 05:21:27', 1, 1, 7164),
(2723, 'after update', 17, 0, 300, '-', 'AKTIF', 6, 2, '2020-06-22 05:26:20', '2020-07-06 05:21:38', 1, 1, 7165),
(2724, 'after update', 19, 0, 2, '-', 'nonaktif', 7, 1, '2020-07-04 09:08:25', '2020-07-04 09:16:51', 1, 1, 7166),
(2725, 'after update', 25, 0, 2, '-', 'AKTIF', 7, 1, '2020-07-04 10:18:46', '2020-07-04 10:25:21', 1, 1, 7167),
(2726, 'after update', 18, 0, 300, '-', 'AKTIF', 7, 2, '2020-06-29 12:18:09', '2020-07-06 05:34:11', 1, 1, 7168),
(2727, 'after update', 10, 0, 1, 'poiuytrewq', 'nonaktif', 5, 1, '2020-06-22 01:46:33', '2020-07-04 10:18:19', 1, 1, 7169),
(2728, 'after update', 24, 0, 1, '-', 'AKTIF', 5, 1, '2020-07-04 10:18:46', '2020-07-04 10:25:16', 1, 1, 7170),
(2729, 'after update', 16, 0, 180, '-', 'AKTIF', 5, 2, '2020-06-22 03:01:02', '2020-07-06 05:21:27', 1, 1, 7171),
(2730, 'after update', 17, 0, 300, '-', 'AKTIF', 6, 2, '2020-06-22 05:26:20', '2020-07-06 05:21:38', 1, 1, 7172),
(2731, 'after update', 19, 0, 2, '-', 'nonaktif', 7, 1, '2020-07-04 09:08:25', '2020-07-04 09:16:51', 1, 1, 7173),
(2732, 'after update', 25, 0, 2, '-', 'AKTIF', 7, 1, '2020-07-04 10:18:46', '2020-07-04 10:25:21', 1, 1, 7174),
(2733, 'after update', 18, 0, 300, '-', 'AKTIF', 7, 2, '2020-06-29 12:18:09', '2020-07-06 05:34:11', 1, 1, 7175),
(2734, 'after update', 10, 0, 1, 'poiuytrewq', 'nonaktif', 5, 1, '2020-06-22 01:46:33', '2020-07-04 10:18:19', 1, 1, 7265),
(2735, 'after update', 24, 0, 1, '-', 'AKTIF', 5, 1, '2020-07-04 10:18:46', '2020-07-04 10:25:16', 1, 1, 7266),
(2736, 'after update', 16, 0, 180, '-', 'AKTIF', 5, 2, '2020-06-22 03:01:02', '2020-07-06 05:21:27', 1, 1, 7267),
(2737, 'after update', 17, 0, 300, '-', 'AKTIF', 6, 2, '2020-06-22 05:26:20', '2020-07-06 05:21:38', 1, 1, 7268),
(2738, 'after update', 19, 0, 2, '-', 'nonaktif', 7, 1, '2020-07-04 09:08:25', '2020-07-04 09:16:51', 1, 1, 7269),
(2739, 'after update', 25, 0, 2, '-', 'AKTIF', 7, 1, '2020-07-04 10:18:46', '2020-07-04 10:25:21', 1, 1, 7270),
(2740, 'after update', 18, 0, 300, '-', 'AKTIF', 7, 2, '2020-06-29 12:18:09', '2020-07-06 05:34:11', 1, 1, 7271),
(2741, 'after update', 10, 0, 1, 'poiuytrewq', 'nonaktif', 5, 1, '2020-06-22 01:46:33', '2020-07-04 10:18:19', 1, 1, 7272),
(2742, 'after update', 24, 0, 1, '-', 'AKTIF', 5, 1, '2020-07-04 10:18:46', '2020-07-04 10:25:16', 1, 1, 7273),
(2743, 'after update', 16, 0, 180, '-', 'AKTIF', 5, 2, '2020-06-22 03:01:02', '2020-07-06 05:21:27', 1, 1, 7274),
(2744, 'after update', 17, 0, 300, '-', 'AKTIF', 6, 2, '2020-06-22 05:26:20', '2020-07-06 05:21:38', 1, 1, 7275),
(2745, 'after update', 19, 0, 2, '-', 'nonaktif', 7, 1, '2020-07-04 09:08:25', '2020-07-04 09:16:51', 1, 1, 7276),
(2746, 'after update', 25, 0, 2, '-', 'AKTIF', 7, 1, '2020-07-04 10:18:46', '2020-07-04 10:25:21', 1, 1, 7277),
(2747, 'after update', 18, 0, 300, '-', 'AKTIF', 7, 2, '2020-06-29 12:18:09', '2020-07-06 05:34:11', 1, 1, 7278),
(2748, 'after update', 10, 0, 1, 'poiuytrewq', 'nonaktif', 5, 1, '2020-06-22 01:46:33', '2020-07-04 10:18:19', 1, 1, 7279),
(2749, 'after update', 24, 0, 1, '-', 'AKTIF', 5, 1, '2020-07-04 10:18:46', '2020-07-04 10:25:16', 1, 1, 7280),
(2750, 'after update', 16, 0, 180, '-', 'AKTIF', 5, 2, '2020-06-22 03:01:02', '2020-07-06 05:21:27', 1, 1, 7281),
(2751, 'after update', 17, 0, 300, '-', 'AKTIF', 6, 2, '2020-06-22 05:26:20', '2020-07-06 05:21:38', 1, 1, 7282),
(2752, 'after update', 19, 0, 2, '-', 'nonaktif', 7, 1, '2020-07-04 09:08:25', '2020-07-04 09:16:51', 1, 1, 7283),
(2753, 'after update', 25, 0, 2, '-', 'AKTIF', 7, 1, '2020-07-04 10:18:46', '2020-07-04 10:25:21', 1, 1, 7284),
(2754, 'after update', 18, 0, 300, '-', 'AKTIF', 7, 2, '2020-06-29 12:18:09', '2020-07-06 05:34:11', 1, 1, 7285),
(2755, 'after update', 10, 0, 1, 'poiuytrewq', 'nonaktif', 5, 1, '2020-06-22 01:46:33', '2020-07-04 10:18:19', 1, 1, 7286),
(2756, 'after update', 24, 0, 1, '-', 'AKTIF', 5, 1, '2020-07-04 10:18:46', '2020-07-04 10:25:16', 1, 1, 7287),
(2757, 'after update', 16, 0, 180, '-', 'AKTIF', 5, 2, '2020-06-22 03:01:02', '2020-07-06 05:21:27', 1, 1, 7288),
(2758, 'after update', 17, 0, 300, '-', 'AKTIF', 6, 2, '2020-06-22 05:26:20', '2020-07-06 05:21:38', 1, 1, 7289),
(2759, 'after update', 19, 0, 2, '-', 'nonaktif', 7, 1, '2020-07-04 09:08:25', '2020-07-04 09:16:51', 1, 1, 7290),
(2760, 'after update', 25, 0, 2, '-', 'AKTIF', 7, 1, '2020-07-04 10:18:46', '2020-07-04 10:25:21', 1, 1, 7291),
(2761, 'after update', 18, 0, 300, '-', 'AKTIF', 7, 2, '2020-06-29 12:18:09', '2020-07-06 05:34:11', 1, 1, 7292),
(2762, 'after update', 10, 0, 1, 'poiuytrewq', 'nonaktif', 5, 1, '2020-06-22 01:46:33', '2020-07-04 10:18:19', 1, 1, 7293),
(2763, 'after update', 24, 0, 1, '-', 'AKTIF', 5, 1, '2020-07-04 10:18:46', '2020-07-04 10:25:16', 1, 1, 7294),
(2764, 'after update', 16, 0, 180, '-', 'AKTIF', 5, 2, '2020-06-22 03:01:02', '2020-07-06 05:21:27', 1, 1, 7295),
(2765, 'after update', 17, 0, 300, '-', 'AKTIF', 6, 2, '2020-06-22 05:26:20', '2020-07-06 05:21:38', 1, 1, 7296),
(2766, 'after update', 19, 0, 2, '-', 'nonaktif', 7, 1, '2020-07-04 09:08:25', '2020-07-04 09:16:51', 1, 1, 7297),
(2767, 'after update', 25, 0, 2, '-', 'AKTIF', 7, 1, '2020-07-04 10:18:46', '2020-07-04 10:25:21', 1, 1, 7298),
(2768, 'after update', 18, 0, 300, '-', 'AKTIF', 7, 2, '2020-06-29 12:18:09', '2020-07-06 05:34:11', 1, 1, 7299),
(2769, 'after update', 10, 0, 1, 'poiuytrewq', 'nonaktif', 5, 1, '2020-06-22 01:46:33', '2020-07-04 10:18:19', 1, 1, 7300),
(2770, 'after update', 24, 0, 1, '-', 'AKTIF', 5, 1, '2020-07-04 10:18:46', '2020-07-04 10:25:16', 1, 1, 7301),
(2771, 'after update', 16, 0, 180, '-', 'AKTIF', 5, 2, '2020-06-22 03:01:02', '2020-07-06 05:21:27', 1, 1, 7302),
(2772, 'after update', 17, 0, 300, '-', 'AKTIF', 6, 2, '2020-06-22 05:26:20', '2020-07-06 05:21:38', 1, 1, 7303),
(2773, 'after update', 19, 0, 2, '-', 'nonaktif', 7, 1, '2020-07-04 09:08:25', '2020-07-04 09:16:51', 1, 1, 7304),
(2774, 'after update', 25, 0, 2, '-', 'AKTIF', 7, 1, '2020-07-04 10:18:46', '2020-07-04 10:25:21', 1, 1, 7305),
(2775, 'after update', 18, 0, 300, '-', 'AKTIF', 7, 2, '2020-06-29 12:18:09', '2020-07-06 05:34:11', 1, 1, 7306),
(2776, 'after update', 10, 0, 1, 'poiuytrewq', 'nonaktif', 5, 1, '2020-06-22 01:46:33', '2020-07-04 10:18:19', 1, 1, 7307),
(2777, 'after update', 24, 0, 1, '-', 'AKTIF', 5, 1, '2020-07-04 10:18:46', '2020-07-04 10:25:16', 1, 1, 7308),
(2778, 'after update', 16, 0, 180, '-', 'AKTIF', 5, 2, '2020-06-22 03:01:02', '2020-07-06 05:21:27', 1, 1, 7309),
(2779, 'after update', 17, 0, 300, '-', 'AKTIF', 6, 2, '2020-06-22 05:26:20', '2020-07-06 05:21:38', 1, 1, 7310),
(2780, 'after update', 19, 0, 2, '-', 'nonaktif', 7, 1, '2020-07-04 09:08:25', '2020-07-04 09:16:51', 1, 1, 7311),
(2781, 'after update', 25, 0, 2, '-', 'AKTIF', 7, 1, '2020-07-04 10:18:46', '2020-07-04 10:25:21', 1, 1, 7312),
(2782, 'after update', 18, 0, 300, '-', 'AKTIF', 7, 2, '2020-06-29 12:18:09', '2020-07-06 05:34:11', 1, 1, 7313),
(2783, 'after update', 10, 0, 1, 'poiuytrewq', 'nonaktif', 5, 1, '2020-06-22 01:46:33', '2020-07-04 10:18:19', 1, 1, 7314),
(2784, 'after update', 24, 0, 1, '-', 'AKTIF', 5, 1, '2020-07-04 10:18:46', '2020-07-04 10:25:16', 1, 1, 7315),
(2785, 'after update', 16, 0, 180, '-', 'AKTIF', 5, 2, '2020-06-22 03:01:02', '2020-07-06 05:21:27', 1, 1, 7316),
(2786, 'after update', 17, 0, 300, '-', 'AKTIF', 6, 2, '2020-06-22 05:26:20', '2020-07-06 05:21:38', 1, 1, 7317),
(2787, 'after update', 19, 0, 2, '-', 'nonaktif', 7, 1, '2020-07-04 09:08:25', '2020-07-04 09:16:51', 1, 1, 7318),
(2788, 'after update', 25, 0, 2, '-', 'AKTIF', 7, 1, '2020-07-04 10:18:46', '2020-07-04 10:25:21', 1, 1, 7319),
(2789, 'after update', 18, 0, 300, '-', 'AKTIF', 7, 2, '2020-06-29 12:18:09', '2020-07-06 05:34:11', 1, 1, 7320),
(2790, 'after update', 10, 0, 1, 'poiuytrewq', 'nonaktif', 5, 1, '2020-06-22 01:46:33', '2020-07-04 10:18:19', 1, 1, 7321),
(2791, 'after update', 24, 0, 1, '-', 'AKTIF', 5, 1, '2020-07-04 10:18:46', '2020-07-04 10:25:16', 1, 1, 7322),
(2792, 'after update', 16, 0, 180, '-', 'AKTIF', 5, 2, '2020-06-22 03:01:02', '2020-07-06 05:21:27', 1, 1, 7323),
(2793, 'after update', 17, 0, 300, '-', 'AKTIF', 6, 2, '2020-06-22 05:26:20', '2020-07-06 05:21:38', 1, 1, 7324),
(2794, 'after update', 19, 0, 2, '-', 'nonaktif', 7, 1, '2020-07-04 09:08:25', '2020-07-04 09:16:51', 1, 1, 7325),
(2795, 'after update', 25, 0, 2, '-', 'AKTIF', 7, 1, '2020-07-04 10:18:46', '2020-07-04 10:25:21', 1, 1, 7326),
(2796, 'after update', 18, 0, 300, '-', 'AKTIF', 7, 2, '2020-06-29 12:18:09', '2020-07-06 05:34:11', 1, 1, 7327),
(2797, 'after update', 10, 0, 1, 'poiuytrewq', 'nonaktif', 5, 1, '2020-06-22 01:46:33', '2020-07-04 10:18:19', 1, 1, 7328),
(2798, 'after update', 24, 0, 1, '-', 'AKTIF', 5, 1, '2020-07-04 10:18:46', '2020-07-04 10:25:16', 1, 1, 7329),
(2799, 'after update', 16, 0, 180, '-', 'AKTIF', 5, 2, '2020-06-22 03:01:02', '2020-07-06 05:21:27', 1, 1, 7330),
(2800, 'after update', 17, 0, 300, '-', 'AKTIF', 6, 2, '2020-06-22 05:26:20', '2020-07-06 05:21:38', 1, 1, 7331),
(2801, 'after update', 19, 0, 2, '-', 'nonaktif', 7, 1, '2020-07-04 09:08:25', '2020-07-04 09:16:51', 1, 1, 7332),
(2802, 'after update', 25, 0, 2, '-', 'AKTIF', 7, 1, '2020-07-04 10:18:46', '2020-07-04 10:25:21', 1, 1, 7333),
(2803, 'after update', 18, 0, 300, '-', 'AKTIF', 7, 2, '2020-06-29 12:18:09', '2020-07-06 05:34:11', 1, 1, 7334),
(2804, 'after update', 10, 0, 1, 'poiuytrewq', 'nonaktif', 5, 1, '2020-06-22 01:46:33', '2020-07-04 10:18:19', 1, 1, 7335),
(2805, 'after update', 24, 0, 1, '-', 'AKTIF', 5, 1, '2020-07-04 10:18:46', '2020-07-04 10:25:16', 1, 1, 7336),
(2806, 'after update', 16, 0, 180, '-', 'AKTIF', 5, 2, '2020-06-22 03:01:02', '2020-07-06 05:21:27', 1, 1, 7337),
(2807, 'after update', 17, 0, 300, '-', 'AKTIF', 6, 2, '2020-06-22 05:26:20', '2020-07-06 05:21:38', 1, 1, 7338),
(2808, 'after update', 19, 0, 2, '-', 'nonaktif', 7, 1, '2020-07-04 09:08:25', '2020-07-04 09:16:51', 1, 1, 7339),
(2809, 'after update', 25, 0, 2, '-', 'AKTIF', 7, 1, '2020-07-04 10:18:46', '2020-07-04 10:25:21', 1, 1, 7340),
(2810, 'after update', 18, 0, 300, '-', 'AKTIF', 7, 2, '2020-06-29 12:18:09', '2020-07-06 05:34:11', 1, 1, 7341),
(2811, 'after update', 10, 0, 1, 'poiuytrewq', 'nonaktif', 5, 1, '2020-06-22 01:46:33', '2020-07-04 10:18:19', 1, 1, 7342),
(2812, 'after update', 24, 0, 1, '-', 'AKTIF', 5, 1, '2020-07-04 10:18:46', '2020-07-04 10:25:16', 1, 1, 7343),
(2813, 'after update', 16, 0, 180, '-', 'AKTIF', 5, 2, '2020-06-22 03:01:02', '2020-07-06 05:21:27', 1, 1, 7344),
(2814, 'after update', 17, 0, 300, '-', 'AKTIF', 6, 2, '2020-06-22 05:26:20', '2020-07-06 05:21:38', 1, 1, 7345),
(2815, 'after update', 19, 0, 2, '-', 'nonaktif', 7, 1, '2020-07-04 09:08:25', '2020-07-04 09:16:51', 1, 1, 7346),
(2816, 'after update', 25, 0, 2, '-', 'AKTIF', 7, 1, '2020-07-04 10:18:46', '2020-07-04 10:25:21', 1, 1, 7347),
(2817, 'after update', 18, 0, 300, '-', 'AKTIF', 7, 2, '2020-06-29 12:18:09', '2020-07-06 05:34:11', 1, 1, 7348),
(2818, 'after update', 10, 0, 1, 'poiuytrewq', 'nonaktif', 5, 1, '2020-06-22 01:46:33', '2020-07-04 10:18:19', 1, 1, 7349),
(2819, 'after update', 24, 0, 1, '-', 'AKTIF', 5, 1, '2020-07-04 10:18:46', '2020-07-04 10:25:16', 1, 1, 7350),
(2820, 'after update', 16, 0, 180, '-', 'AKTIF', 5, 2, '2020-06-22 03:01:02', '2020-07-06 05:21:27', 1, 1, 7351),
(2821, 'after update', 17, 0, 300, '-', 'AKTIF', 6, 2, '2020-06-22 05:26:20', '2020-07-06 05:21:38', 1, 1, 7352),
(2822, 'after update', 19, 0, 2, '-', 'nonaktif', 7, 1, '2020-07-04 09:08:25', '2020-07-04 09:16:51', 1, 1, 7353),
(2823, 'after update', 25, 0, 2, '-', 'AKTIF', 7, 1, '2020-07-04 10:18:46', '2020-07-04 10:25:21', 1, 1, 7354),
(2824, 'after update', 18, 0, 300, '-', 'AKTIF', 7, 2, '2020-06-29 12:18:09', '2020-07-06 05:34:11', 1, 1, 7355),
(2825, 'after update', 10, 0, 1, 'poiuytrewq', 'nonaktif', 5, 1, '2020-06-22 01:46:33', '2020-07-04 10:18:19', 1, 1, 7356),
(2826, 'after update', 24, 0, 1, '-', 'AKTIF', 5, 1, '2020-07-04 10:18:46', '2020-07-04 10:25:16', 1, 1, 7357),
(2827, 'after update', 16, 0, 180, '-', 'AKTIF', 5, 2, '2020-06-22 03:01:02', '2020-07-06 05:21:27', 1, 1, 7358),
(2828, 'after update', 17, 0, 300, '-', 'AKTIF', 6, 2, '2020-06-22 05:26:20', '2020-07-06 05:21:38', 1, 1, 7359),
(2829, 'after update', 19, 0, 2, '-', 'nonaktif', 7, 1, '2020-07-04 09:08:25', '2020-07-04 09:16:51', 1, 1, 7360),
(2830, 'after update', 25, 0, 2, '-', 'AKTIF', 7, 1, '2020-07-04 10:18:46', '2020-07-04 10:25:21', 1, 1, 7361),
(2831, 'after update', 18, 0, 300, '-', 'AKTIF', 7, 2, '2020-06-29 12:18:09', '2020-07-06 05:34:11', 1, 1, 7362),
(2832, 'after update', 10, 0, 1, 'poiuytrewq', 'nonaktif', 5, 1, '2020-06-22 01:46:33', '2020-07-04 10:18:19', 1, 1, 7363),
(2833, 'after update', 24, 0, 1, '-', 'AKTIF', 5, 1, '2020-07-04 10:18:46', '2020-07-04 10:25:16', 1, 1, 7364),
(2834, 'after update', 16, 0, 180, '-', 'AKTIF', 5, 2, '2020-06-22 03:01:02', '2020-07-06 05:21:27', 1, 1, 7365),
(2835, 'after update', 17, 0, 300, '-', 'AKTIF', 6, 2, '2020-06-22 05:26:20', '2020-07-06 05:21:38', 1, 1, 7366),
(2836, 'after update', 19, 0, 2, '-', 'nonaktif', 7, 1, '2020-07-04 09:08:25', '2020-07-04 09:16:51', 1, 1, 7367),
(2837, 'after update', 25, 0, 2, '-', 'AKTIF', 7, 1, '2020-07-04 10:18:46', '2020-07-04 10:25:21', 1, 1, 7368),
(2838, 'after update', 18, 0, 300, '-', 'AKTIF', 7, 2, '2020-06-29 12:18:09', '2020-07-06 05:34:11', 1, 1, 7369),
(2839, 'after update', 10, 0, 1, 'poiuytrewq', 'nonaktif', 5, 1, '2020-06-22 01:46:33', '2020-07-04 10:18:19', 1, 1, 7370),
(2840, 'after update', 24, 0, 1, '-', 'AKTIF', 5, 1, '2020-07-04 10:18:46', '2020-07-04 10:25:16', 1, 1, 7371),
(2841, 'after update', 16, 0, 180, '-', 'AKTIF', 5, 2, '2020-06-22 03:01:02', '2020-07-06 05:21:27', 1, 1, 7372),
(2842, 'after update', 17, 0, 300, '-', 'AKTIF', 6, 2, '2020-06-22 05:26:20', '2020-07-06 05:21:38', 1, 1, 7373),
(2843, 'after update', 19, 0, 2, '-', 'nonaktif', 7, 1, '2020-07-04 09:08:25', '2020-07-04 09:16:51', 1, 1, 7374),
(2844, 'after update', 25, 0, 2, '-', 'AKTIF', 7, 1, '2020-07-04 10:18:46', '2020-07-04 10:25:21', 1, 1, 7375),
(2845, 'after update', 18, 0, 300, '-', 'AKTIF', 7, 2, '2020-06-29 12:18:09', '2020-07-06 05:34:11', 1, 1, 7376),
(2846, 'after update', 10, 0, 1, 'poiuytrewq', 'nonaktif', 5, 1, '2020-06-22 01:46:33', '2020-07-04 10:18:19', 1, 1, 7377),
(2847, 'after update', 24, 0, 1, '-', 'AKTIF', 5, 1, '2020-07-04 10:18:46', '2020-07-04 10:25:16', 1, 1, 7378),
(2848, 'after update', 16, 0, 180, '-', 'AKTIF', 5, 2, '2020-06-22 03:01:02', '2020-07-06 05:21:27', 1, 1, 7379),
(2849, 'after update', 17, 0, 300, '-', 'AKTIF', 6, 2, '2020-06-22 05:26:20', '2020-07-06 05:21:38', 1, 1, 7380),
(2850, 'after update', 19, 0, 2, '-', 'nonaktif', 7, 1, '2020-07-04 09:08:25', '2020-07-04 09:16:51', 1, 1, 7381),
(2851, 'after update', 25, 0, 2, '-', 'AKTIF', 7, 1, '2020-07-04 10:18:46', '2020-07-04 10:25:21', 1, 1, 7382),
(2852, 'after update', 18, 0, 300, '-', 'AKTIF', 7, 2, '2020-06-29 12:18:09', '2020-07-06 05:34:11', 1, 1, 7383),
(2853, 'after update', 10, 0, 1, 'poiuytrewq', 'nonaktif', 5, 1, '2020-06-22 01:46:33', '2020-07-04 10:18:19', 1, 1, 7384),
(2854, 'after update', 24, 0, 1, '-', 'AKTIF', 5, 1, '2020-07-04 10:18:46', '2020-07-04 10:25:16', 1, 1, 7385),
(2855, 'after update', 16, 0, 180, '-', 'AKTIF', 5, 2, '2020-06-22 03:01:02', '2020-07-06 05:21:27', 1, 1, 7386),
(2856, 'after update', 17, 0, 300, '-', 'AKTIF', 6, 2, '2020-06-22 05:26:20', '2020-07-06 05:21:38', 1, 1, 7387),
(2857, 'after update', 19, 0, 2, '-', 'nonaktif', 7, 1, '2020-07-04 09:08:25', '2020-07-04 09:16:51', 1, 1, 7388),
(2858, 'after update', 25, 0, 2, '-', 'AKTIF', 7, 1, '2020-07-04 10:18:46', '2020-07-04 10:25:21', 1, 1, 7389),
(2859, 'after update', 18, 0, 300, '-', 'AKTIF', 7, 2, '2020-06-29 12:18:09', '2020-07-06 05:34:11', 1, 1, 7390),
(2860, 'after update', 10, 0, 1, 'poiuytrewq', 'nonaktif', 5, 1, '2020-06-22 01:46:33', '2020-07-04 10:18:19', 1, 1, 7391),
(2861, 'after update', 24, 0, 1, '-', 'AKTIF', 5, 1, '2020-07-04 10:18:46', '2020-07-04 10:25:16', 1, 1, 7392),
(2862, 'after update', 16, 0, 180, '-', 'AKTIF', 5, 2, '2020-06-22 03:01:02', '2020-07-06 05:21:27', 1, 1, 7393),
(2863, 'after update', 17, 0, 300, '-', 'AKTIF', 6, 2, '2020-06-22 05:26:20', '2020-07-06 05:21:38', 1, 1, 7394),
(2864, 'after update', 19, 0, 2, '-', 'nonaktif', 7, 1, '2020-07-04 09:08:25', '2020-07-04 09:16:51', 1, 1, 7395),
(2865, 'after update', 25, 0, 2, '-', 'AKTIF', 7, 1, '2020-07-04 10:18:46', '2020-07-04 10:25:21', 1, 1, 7396),
(2866, 'after update', 18, 0, 300, '-', 'AKTIF', 7, 2, '2020-06-29 12:18:09', '2020-07-06 05:34:11', 1, 1, 7397),
(2867, 'after update', 10, 0, 1, 'poiuytrewq', 'nonaktif', 5, 1, '2020-06-22 01:46:33', '2020-07-04 10:18:19', 1, 1, 7398),
(2868, 'after update', 24, 0, 1, '-', 'AKTIF', 5, 1, '2020-07-04 10:18:46', '2020-07-04 10:25:16', 1, 1, 7399),
(2869, 'after update', 16, 0, 180, '-', 'AKTIF', 5, 2, '2020-06-22 03:01:02', '2020-07-06 05:21:27', 1, 1, 7400),
(2870, 'after update', 17, 0, 300, '-', 'AKTIF', 6, 2, '2020-06-22 05:26:20', '2020-07-06 05:21:38', 1, 1, 7401),
(2871, 'after update', 19, 0, 2, '-', 'nonaktif', 7, 1, '2020-07-04 09:08:25', '2020-07-04 09:16:51', 1, 1, 7402),
(2872, 'after update', 25, 0, 2, '-', 'AKTIF', 7, 1, '2020-07-04 10:18:46', '2020-07-04 10:25:21', 1, 1, 7403),
(2873, 'after update', 18, 0, 300, '-', 'AKTIF', 7, 2, '2020-06-29 12:18:09', '2020-07-06 05:34:11', 1, 1, 7404),
(2874, 'after update', 10, 0, 1, 'poiuytrewq', 'nonaktif', 5, 1, '2020-06-22 01:46:33', '2020-07-04 10:18:19', 1, 1, 7405),
(2875, 'after update', 24, 0, 1, '-', 'AKTIF', 5, 1, '2020-07-04 10:18:46', '2020-07-04 10:25:16', 1, 1, 7406),
(2876, 'after update', 16, 0, 180, '-', 'AKTIF', 5, 2, '2020-06-22 03:01:02', '2020-07-06 05:21:27', 1, 1, 7407),
(2877, 'after update', 17, 0, 300, '-', 'AKTIF', 6, 2, '2020-06-22 05:26:20', '2020-07-06 05:21:38', 1, 1, 7408),
(2878, 'after update', 19, 0, 2, '-', 'nonaktif', 7, 1, '2020-07-04 09:08:25', '2020-07-04 09:16:51', 1, 1, 7409),
(2879, 'after update', 25, 0, 2, '-', 'AKTIF', 7, 1, '2020-07-04 10:18:46', '2020-07-04 10:25:21', 1, 1, 7410),
(2880, 'after update', 18, 0, 300, '-', 'AKTIF', 7, 2, '2020-06-29 12:18:09', '2020-07-06 05:34:11', 1, 1, 7411),
(2881, 'after update', 10, 0, 1, 'poiuytrewq', 'nonaktif', 5, 1, '2020-06-22 01:46:33', '2020-07-04 10:18:19', 1, 1, 7412),
(2882, 'after update', 24, 0, 1, '-', 'AKTIF', 5, 1, '2020-07-04 10:18:46', '2020-07-04 10:25:16', 1, 1, 7413),
(2883, 'after update', 16, 0, 180, '-', 'AKTIF', 5, 2, '2020-06-22 03:01:02', '2020-07-06 05:21:27', 1, 1, 7414),
(2884, 'after update', 17, 0, 300, '-', 'AKTIF', 6, 2, '2020-06-22 05:26:20', '2020-07-06 05:21:38', 1, 1, 7415),
(2885, 'after update', 19, 0, 2, '-', 'nonaktif', 7, 1, '2020-07-04 09:08:25', '2020-07-04 09:16:51', 1, 1, 7416),
(2886, 'after update', 25, 0, 2, '-', 'AKTIF', 7, 1, '2020-07-04 10:18:46', '2020-07-04 10:25:21', 1, 1, 7417),
(2887, 'after update', 18, 0, 300, '-', 'AKTIF', 7, 2, '2020-06-29 12:18:09', '2020-07-06 05:34:11', 1, 1, 7418),
(2888, 'after update', 10, 0, 1, 'poiuytrewq', 'nonaktif', 5, 1, '2020-06-22 01:46:33', '2020-07-04 10:18:19', 1, 1, 7419),
(2889, 'after update', 24, 0, 1, '-', 'AKTIF', 5, 1, '2020-07-04 10:18:46', '2020-07-04 10:25:16', 1, 1, 7420),
(2890, 'after update', 16, 0, 180, '-', 'AKTIF', 5, 2, '2020-06-22 03:01:02', '2020-07-06 05:21:27', 1, 1, 7421),
(2891, 'after update', 17, 0, 300, '-', 'AKTIF', 6, 2, '2020-06-22 05:26:20', '2020-07-06 05:21:38', 1, 1, 7422),
(2892, 'after update', 19, 0, 2, '-', 'nonaktif', 7, 1, '2020-07-04 09:08:25', '2020-07-04 09:16:51', 1, 1, 7423),
(2893, 'after update', 25, 0, 2, '-', 'AKTIF', 7, 1, '2020-07-04 10:18:46', '2020-07-04 10:25:21', 1, 1, 7424),
(2894, 'after update', 18, 0, 300, '-', 'AKTIF', 7, 2, '2020-06-29 12:18:09', '2020-07-06 05:34:11', 1, 1, 7425),
(2895, 'after update', 10, 0, 1, 'poiuytrewq', 'nonaktif', 5, 1, '2020-06-22 01:46:33', '2020-07-04 10:18:19', 1, 1, 7426),
(2896, 'after update', 24, 0, 1, '-', 'AKTIF', 5, 1, '2020-07-04 10:18:46', '2020-07-04 10:25:16', 1, 1, 7427),
(2897, 'after update', 16, 0, 180, '-', 'AKTIF', 5, 2, '2020-06-22 03:01:02', '2020-07-06 05:21:27', 1, 1, 7428),
(2898, 'after update', 17, 0, 300, '-', 'AKTIF', 6, 2, '2020-06-22 05:26:20', '2020-07-06 05:21:38', 1, 1, 7429),
(2899, 'after update', 19, 0, 2, '-', 'nonaktif', 7, 1, '2020-07-04 09:08:25', '2020-07-04 09:16:51', 1, 1, 7430),
(2900, 'after update', 25, 0, 2, '-', 'AKTIF', 7, 1, '2020-07-04 10:18:46', '2020-07-04 10:25:21', 1, 1, 7431),
(2901, 'after update', 18, 0, 300, '-', 'AKTIF', 7, 2, '2020-06-29 12:18:09', '2020-07-06 05:34:11', 1, 1, 7432),
(2902, 'after update', 10, 0, 1, 'poiuytrewq', 'nonaktif', 5, 1, '2020-06-22 01:46:33', '2020-07-04 10:18:19', 1, 1, 7433),
(2903, 'after update', 24, 0, 1, '-', 'AKTIF', 5, 1, '2020-07-04 10:18:46', '2020-07-04 10:25:16', 1, 1, 7434),
(2904, 'after update', 16, 0, 180, '-', 'AKTIF', 5, 2, '2020-06-22 03:01:02', '2020-07-06 05:21:27', 1, 1, 7435),
(2905, 'after update', 17, 0, 300, '-', 'AKTIF', 6, 2, '2020-06-22 05:26:20', '2020-07-06 05:21:38', 1, 1, 7436),
(2906, 'after update', 19, 0, 2, '-', 'nonaktif', 7, 1, '2020-07-04 09:08:25', '2020-07-04 09:16:51', 1, 1, 7437),
(2907, 'after update', 25, 0, 2, '-', 'AKTIF', 7, 1, '2020-07-04 10:18:46', '2020-07-04 10:25:21', 1, 1, 7438),
(2908, 'after update', 18, 0, 300, '-', 'AKTIF', 7, 2, '2020-06-29 12:18:09', '2020-07-06 05:34:11', 1, 1, 7439),
(2909, 'after update', 10, 0, 1, 'poiuytrewq', 'nonaktif', 5, 1, '2020-06-22 01:46:33', '2020-07-04 10:18:19', 1, 1, 7440),
(2910, 'after update', 24, 0, 1, '-', 'AKTIF', 5, 1, '2020-07-04 10:18:46', '2020-07-04 10:25:16', 1, 1, 7441),
(2911, 'after update', 16, 0, 180, '-', 'AKTIF', 5, 2, '2020-06-22 03:01:02', '2020-07-06 05:21:27', 1, 1, 7442),
(2912, 'after update', 17, 0, 300, '-', 'AKTIF', 6, 2, '2020-06-22 05:26:20', '2020-07-06 05:21:38', 1, 1, 7443),
(2913, 'after update', 19, 0, 2, '-', 'nonaktif', 7, 1, '2020-07-04 09:08:25', '2020-07-04 09:16:51', 1, 1, 7444),
(2914, 'after update', 25, 0, 2, '-', 'AKTIF', 7, 1, '2020-07-04 10:18:46', '2020-07-04 10:25:21', 1, 1, 7445),
(2915, 'after update', 18, 0, 300, '-', 'AKTIF', 7, 2, '2020-06-29 12:18:09', '2020-07-06 05:34:11', 1, 1, 7446),
(2916, 'after update', 10, 0, 1, 'poiuytrewq', 'nonaktif', 5, 1, '2020-06-22 01:46:33', '2020-07-04 10:18:19', 1, 1, 7447),
(2917, 'after update', 24, 0, 1, '-', 'AKTIF', 5, 1, '2020-07-04 10:18:46', '2020-07-04 10:25:16', 1, 1, 7448),
(2918, 'after update', 16, 0, 180, '-', 'AKTIF', 5, 2, '2020-06-22 03:01:02', '2020-07-06 05:21:27', 1, 1, 7449),
(2919, 'after update', 17, 0, 300, '-', 'AKTIF', 6, 2, '2020-06-22 05:26:20', '2020-07-06 05:21:38', 1, 1, 7450),
(2920, 'after update', 19, 0, 2, '-', 'nonaktif', 7, 1, '2020-07-04 09:08:25', '2020-07-04 09:16:51', 1, 1, 7451),
(2921, 'after update', 25, 0, 2, '-', 'AKTIF', 7, 1, '2020-07-04 10:18:46', '2020-07-04 10:25:21', 1, 1, 7452),
(2922, 'after update', 18, 0, 300, '-', 'AKTIF', 7, 2, '2020-06-29 12:18:09', '2020-07-06 05:34:11', 1, 1, 7453),
(2923, 'after update', 10, 0, 1, 'poiuytrewq', 'nonaktif', 5, 1, '2020-06-22 01:46:33', '2020-07-04 10:18:19', 1, 1, 7454),
(2924, 'after update', 24, 0, 1, '-', 'AKTIF', 5, 1, '2020-07-04 10:18:46', '2020-07-04 10:25:16', 1, 1, 7455),
(2925, 'after update', 16, 0, 180, '-', 'AKTIF', 5, 2, '2020-06-22 03:01:02', '2020-07-06 05:21:27', 1, 1, 7456),
(2926, 'after update', 17, 0, 300, '-', 'AKTIF', 6, 2, '2020-06-22 05:26:20', '2020-07-06 05:21:38', 1, 1, 7457),
(2927, 'after update', 19, 0, 2, '-', 'nonaktif', 7, 1, '2020-07-04 09:08:25', '2020-07-04 09:16:51', 1, 1, 7458),
(2928, 'after update', 25, 0, 2, '-', 'AKTIF', 7, 1, '2020-07-04 10:18:46', '2020-07-04 10:25:21', 1, 1, 7459),
(2929, 'after update', 18, 0, 300, '-', 'AKTIF', 7, 2, '2020-06-29 12:18:09', '2020-07-06 05:34:11', 1, 1, 7460),
(2930, 'after update', 10, 0, 1, 'poiuytrewq', 'nonaktif', 5, 1, '2020-06-22 01:46:33', '2020-07-04 10:18:19', 1, 1, 7461),
(2931, 'after update', 24, 0, 1, '-', 'AKTIF', 5, 1, '2020-07-04 10:18:46', '2020-07-04 10:25:16', 1, 1, 7462),
(2932, 'after update', 16, 0, 180, '-', 'AKTIF', 5, 2, '2020-06-22 03:01:02', '2020-07-06 05:21:27', 1, 1, 7463),
(2933, 'after update', 17, 0, 300, '-', 'AKTIF', 6, 2, '2020-06-22 05:26:20', '2020-07-06 05:21:38', 1, 1, 7464),
(2934, 'after update', 19, 0, 2, '-', 'nonaktif', 7, 1, '2020-07-04 09:08:25', '2020-07-04 09:16:51', 1, 1, 7465),
(2935, 'after update', 25, 0, 2, '-', 'AKTIF', 7, 1, '2020-07-04 10:18:46', '2020-07-04 10:25:21', 1, 1, 7466),
(2936, 'after update', 18, 0, 300, '-', 'AKTIF', 7, 2, '2020-06-29 12:18:09', '2020-07-06 05:34:11', 1, 1, 7467),
(2937, 'after update', 10, 0, 1, 'poiuytrewq', 'nonaktif', 5, 1, '2020-06-22 01:46:33', '2020-07-04 10:18:19', 1, 1, 7468),
(2938, 'after update', 24, 0, 1, '-', 'AKTIF', 5, 1, '2020-07-04 10:18:46', '2020-07-04 10:25:16', 1, 1, 7469),
(2939, 'after update', 16, 0, 180, '-', 'AKTIF', 5, 2, '2020-06-22 03:01:02', '2020-07-06 05:21:27', 1, 1, 7470),
(2940, 'after update', 17, 0, 300, '-', 'AKTIF', 6, 2, '2020-06-22 05:26:20', '2020-07-06 05:21:38', 1, 1, 7471),
(2941, 'after update', 19, 0, 2, '-', 'nonaktif', 7, 1, '2020-07-04 09:08:25', '2020-07-04 09:16:51', 1, 1, 7472),
(2942, 'after update', 25, 0, 2, '-', 'AKTIF', 7, 1, '2020-07-04 10:18:46', '2020-07-04 10:25:21', 1, 1, 7473),
(2943, 'after update', 18, 0, 300, '-', 'AKTIF', 7, 2, '2020-06-29 12:18:09', '2020-07-06 05:34:11', 1, 1, 7474),
(2944, 'after update', 10, 0, 1, 'poiuytrewq', 'nonaktif', 5, 1, '2020-06-22 01:46:33', '2020-07-04 10:18:19', 1, 1, 7568),
(2945, 'after update', 24, 0, 1, '-', 'AKTIF', 5, 1, '2020-07-04 10:18:46', '2020-07-04 10:25:16', 1, 1, 7569),
(2946, 'after update', 16, 0, 180, '-', 'AKTIF', 5, 2, '2020-06-22 03:01:02', '2020-07-06 05:21:27', 1, 1, 7570),
(2947, 'after update', 17, 0, 300, '-', 'AKTIF', 6, 2, '2020-06-22 05:26:20', '2020-07-06 05:21:38', 1, 1, 7571),
(2948, 'after update', 19, 0, 2, '-', 'nonaktif', 7, 1, '2020-07-04 09:08:25', '2020-07-04 09:16:51', 1, 1, 7572),
(2949, 'after update', 25, 0, 2, '-', 'AKTIF', 7, 1, '2020-07-04 10:18:46', '2020-07-04 10:25:21', 1, 1, 7573),
(2950, 'after update', 18, 0, 300, '-', 'AKTIF', 7, 2, '2020-06-29 12:18:09', '2020-07-06 05:34:11', 1, 1, 7574),
(2951, 'after update', 10, 0, 1, 'poiuytrewq', 'nonaktif', 5, 1, '2020-06-22 01:46:33', '2020-07-04 10:18:19', 1, 1, 7575),
(2952, 'after update', 24, 0, 1, '-', 'AKTIF', 5, 1, '2020-07-04 10:18:46', '2020-07-04 10:25:16', 1, 1, 7576),
(2953, 'after update', 16, 0, 180, '-', 'AKTIF', 5, 2, '2020-06-22 03:01:02', '2020-07-06 05:21:27', 1, 1, 7577),
(2954, 'after update', 17, 0, 300, '-', 'AKTIF', 6, 2, '2020-06-22 05:26:20', '2020-07-06 05:21:38', 1, 1, 7578),
(2955, 'after update', 19, 0, 2, '-', 'nonaktif', 7, 1, '2020-07-04 09:08:25', '2020-07-04 09:16:51', 1, 1, 7579),
(2956, 'after update', 25, 0, 2, '-', 'AKTIF', 7, 1, '2020-07-04 10:18:46', '2020-07-04 10:25:21', 1, 1, 7580),
(2957, 'after update', 18, 0, 300, '-', 'AKTIF', 7, 2, '2020-06-29 12:18:09', '2020-07-06 05:34:11', 1, 1, 7581),
(2958, 'after update', 10, 0, 1, 'poiuytrewq', 'nonaktif', 5, 1, '2020-06-22 01:46:33', '2020-07-04 10:18:19', 1, 1, 7582),
(2959, 'after update', 24, 0, 1, '-', 'AKTIF', 5, 1, '2020-07-04 10:18:46', '2020-07-04 10:25:16', 1, 1, 7583),
(2960, 'after update', 16, 0, 180, '-', 'AKTIF', 5, 2, '2020-06-22 03:01:02', '2020-07-06 05:21:27', 1, 1, 7584),
(2961, 'after update', 17, 0, 300, '-', 'AKTIF', 6, 2, '2020-06-22 05:26:20', '2020-07-06 05:21:38', 1, 1, 7585),
(2962, 'after update', 19, 0, 2, '-', 'nonaktif', 7, 1, '2020-07-04 09:08:25', '2020-07-04 09:16:51', 1, 1, 7586),
(2963, 'after update', 25, 0, 2, '-', 'AKTIF', 7, 1, '2020-07-04 10:18:46', '2020-07-04 10:25:21', 1, 1, 7587),
(2964, 'after update', 18, 0, 300, '-', 'AKTIF', 7, 2, '2020-06-29 12:18:09', '2020-07-06 05:34:11', 1, 1, 7588),
(2965, 'after update', 10, 0, 1, 'poiuytrewq', 'nonaktif', 5, 1, '2020-06-22 01:46:33', '2020-07-04 10:18:19', 1, 1, 7589),
(2966, 'after update', 24, 0, 1, '-', 'AKTIF', 5, 1, '2020-07-04 10:18:46', '2020-07-04 10:25:16', 1, 1, 7590),
(2967, 'after update', 16, 0, 180, '-', 'AKTIF', 5, 2, '2020-06-22 03:01:02', '2020-07-06 05:21:27', 1, 1, 7591),
(2968, 'after update', 17, 0, 300, '-', 'AKTIF', 6, 2, '2020-06-22 05:26:20', '2020-07-06 05:21:38', 1, 1, 7592),
(2969, 'after update', 19, 0, 2, '-', 'nonaktif', 7, 1, '2020-07-04 09:08:25', '2020-07-04 09:16:51', 1, 1, 7593),
(2970, 'after update', 25, 0, 2, '-', 'AKTIF', 7, 1, '2020-07-04 10:18:46', '2020-07-04 10:25:21', 1, 1, 7594),
(2971, 'after update', 18, 0, 300, '-', 'AKTIF', 7, 2, '2020-06-29 12:18:09', '2020-07-06 05:34:11', 1, 1, 7595),
(2972, 'after update', 10, 0, 1, 'poiuytrewq', 'nonaktif', 5, 1, '2020-06-22 01:46:33', '2020-07-04 10:18:19', 1, 1, 7596),
(2973, 'after update', 24, 0, 1, '-', 'AKTIF', 5, 1, '2020-07-04 10:18:46', '2020-07-04 10:25:16', 1, 1, 7597),
(2974, 'after update', 16, 0, 180, '-', 'AKTIF', 5, 2, '2020-06-22 03:01:02', '2020-07-06 05:21:27', 1, 1, 7598),
(2975, 'after update', 17, 0, 300, '-', 'AKTIF', 6, 2, '2020-06-22 05:26:20', '2020-07-06 05:21:38', 1, 1, 7599),
(2976, 'after update', 19, 0, 2, '-', 'nonaktif', 7, 1, '2020-07-04 09:08:25', '2020-07-04 09:16:51', 1, 1, 7600),
(2977, 'after update', 25, 0, 2, '-', 'AKTIF', 7, 1, '2020-07-04 10:18:46', '2020-07-04 10:25:21', 1, 1, 7601),
(2978, 'after update', 18, 0, 300, '-', 'AKTIF', 7, 2, '2020-06-29 12:18:09', '2020-07-06 05:34:11', 1, 1, 7602),
(2979, 'after update', 10, 0, 1, 'poiuytrewq', 'nonaktif', 5, 1, '2020-06-22 01:46:33', '2020-07-04 10:18:19', 1, 1, 7603),
(2980, 'after update', 24, 0, 1, '-', 'AKTIF', 5, 1, '2020-07-04 10:18:46', '2020-07-04 10:25:16', 1, 1, 7604),
(2981, 'after update', 16, 0, 180, '-', 'AKTIF', 5, 2, '2020-06-22 03:01:02', '2020-07-06 05:21:27', 1, 1, 7605),
(2982, 'after update', 17, 0, 300, '-', 'AKTIF', 6, 2, '2020-06-22 05:26:20', '2020-07-06 05:21:38', 1, 1, 7606),
(2983, 'after update', 19, 0, 2, '-', 'nonaktif', 7, 1, '2020-07-04 09:08:25', '2020-07-04 09:16:51', 1, 1, 7607),
(2984, 'after update', 25, 0, 2, '-', 'AKTIF', 7, 1, '2020-07-04 10:18:46', '2020-07-04 10:25:21', 1, 1, 7608),
(2985, 'after update', 18, 0, 300, '-', 'AKTIF', 7, 2, '2020-06-29 12:18:09', '2020-07-06 05:34:11', 1, 1, 7609),
(2986, 'after update', 10, 0, 1, 'poiuytrewq', 'nonaktif', 5, 1, '2020-06-22 01:46:33', '2020-07-04 10:18:19', 1, 1, 7610),
(2987, 'after update', 24, 0, 1, '-', 'AKTIF', 5, 1, '2020-07-04 10:18:46', '2020-07-04 10:25:16', 1, 1, 7611),
(2988, 'after update', 16, 0, 180, '-', 'AKTIF', 5, 2, '2020-06-22 03:01:02', '2020-07-06 05:21:27', 1, 1, 7612),
(2989, 'after update', 17, 0, 300, '-', 'AKTIF', 6, 2, '2020-06-22 05:26:20', '2020-07-06 05:21:38', 1, 1, 7613),
(2990, 'after update', 19, 0, 2, '-', 'nonaktif', 7, 1, '2020-07-04 09:08:25', '2020-07-04 09:16:51', 1, 1, 7614),
(2991, 'after update', 25, 0, 2, '-', 'AKTIF', 7, 1, '2020-07-04 10:18:46', '2020-07-04 10:25:21', 1, 1, 7615),
(2992, 'after update', 18, 0, 300, '-', 'AKTIF', 7, 2, '2020-06-29 12:18:09', '2020-07-06 05:34:11', 1, 1, 7616),
(2993, 'after update', 10, 0, 1, 'poiuytrewq', 'nonaktif', 5, 1, '2020-06-22 01:46:33', '2020-07-04 10:18:19', 1, 1, 7617),
(2994, 'after update', 24, 0, 1, '-', 'AKTIF', 5, 1, '2020-07-04 10:18:46', '2020-07-04 10:25:16', 1, 1, 7618),
(2995, 'after update', 16, 0, 180, '-', 'AKTIF', 5, 2, '2020-06-22 03:01:02', '2020-07-06 05:21:27', 1, 1, 7619),
(2996, 'after update', 17, 0, 300, '-', 'AKTIF', 6, 2, '2020-06-22 05:26:20', '2020-07-06 05:21:38', 1, 1, 7620),
(2997, 'after update', 19, 0, 2, '-', 'nonaktif', 7, 1, '2020-07-04 09:08:25', '2020-07-04 09:16:51', 1, 1, 7621),
(2998, 'after update', 25, 0, 2, '-', 'AKTIF', 7, 1, '2020-07-04 10:18:46', '2020-07-04 10:25:21', 1, 1, 7622),
(2999, 'after update', 18, 0, 300, '-', 'AKTIF', 7, 2, '2020-06-29 12:18:09', '2020-07-06 05:34:11', 1, 1, 7623),
(3000, 'after update', 10, 0, 1, 'poiuytrewq', 'nonaktif', 5, 1, '2020-06-22 01:46:33', '2020-07-04 10:18:19', 1, 1, 7624),
(3001, 'after update', 24, 0, 1, '-', 'AKTIF', 5, 1, '2020-07-04 10:18:46', '2020-07-04 10:25:16', 1, 1, 7625),
(3002, 'after update', 16, 0, 180, '-', 'AKTIF', 5, 2, '2020-06-22 03:01:02', '2020-07-06 05:21:27', 1, 1, 7626),
(3003, 'after update', 17, 0, 300, '-', 'AKTIF', 6, 2, '2020-06-22 05:26:20', '2020-07-06 05:21:38', 1, 1, 7627),
(3004, 'after update', 19, 0, 2, '-', 'nonaktif', 7, 1, '2020-07-04 09:08:25', '2020-07-04 09:16:51', 1, 1, 7628),
(3005, 'after update', 25, 0, 2, '-', 'AKTIF', 7, 1, '2020-07-04 10:18:46', '2020-07-04 10:25:21', 1, 1, 7629),
(3006, 'after update', 18, 0, 300, '-', 'AKTIF', 7, 2, '2020-06-29 12:18:09', '2020-07-06 05:34:11', 1, 1, 7630),
(3007, 'after update', 10, 0, 1, 'poiuytrewq', 'nonaktif', 5, 1, '2020-06-22 01:46:33', '2020-07-04 10:18:19', 1, 1, 7633),
(3008, 'after update', 24, 0, 1, '-', 'AKTIF', 5, 1, '2020-07-04 10:18:46', '2020-07-04 10:25:16', 1, 1, 7634),
(3009, 'after update', 16, 0, 180, '-', 'AKTIF', 5, 2, '2020-06-22 03:01:02', '2020-07-06 05:21:27', 1, 1, 7635),
(3010, 'after update', 17, 0, 300, '-', 'AKTIF', 6, 2, '2020-06-22 05:26:20', '2020-07-06 05:21:38', 1, 1, 7636),
(3011, 'after update', 19, 0, 2, '-', 'nonaktif', 7, 1, '2020-07-04 09:08:25', '2020-07-04 09:16:51', 1, 1, 7637),
(3012, 'after update', 25, 0, 2, '-', 'AKTIF', 7, 1, '2020-07-04 10:18:46', '2020-07-04 10:25:21', 1, 1, 7638),
(3013, 'after update', 18, 0, 300, '-', 'AKTIF', 7, 2, '2020-06-29 12:18:09', '2020-07-06 05:34:11', 1, 1, 7639),
(3014, 'after update', 10, 0, 1, 'poiuytrewq', 'nonaktif', 5, 1, '2020-06-22 01:46:33', '2020-07-04 10:18:19', 1, 1, 7640);
INSERT INTO `tbl_brg_cabang_log` (`id_pk_brg_cabang_log`, `executed_function`, `id_pk_brg_cabang`, `brg_cabang_qty`, `brg_cabang_last_price`, `brg_cabang_notes`, `brg_cabang_status`, `id_fk_brg`, `id_fk_cabang`, `brg_cabang_create_date`, `brg_cabang_last_modified`, `id_create_data`, `id_last_modified`, `id_log_all`) VALUES
(3015, 'after update', 24, 0, 1, '-', 'AKTIF', 5, 1, '2020-07-04 10:18:46', '2020-07-04 10:25:16', 1, 1, 7641),
(3016, 'after update', 16, 0, 180, '-', 'AKTIF', 5, 2, '2020-06-22 03:01:02', '2020-07-06 05:21:27', 1, 1, 7642),
(3017, 'after update', 17, 0, 300, '-', 'AKTIF', 6, 2, '2020-06-22 05:26:20', '2020-07-06 05:21:38', 1, 1, 7643),
(3018, 'after update', 19, 0, 2, '-', 'nonaktif', 7, 1, '2020-07-04 09:08:25', '2020-07-04 09:16:51', 1, 1, 7644),
(3019, 'after update', 25, 0, 2, '-', 'AKTIF', 7, 1, '2020-07-04 10:18:46', '2020-07-04 10:25:21', 1, 1, 7645),
(3020, 'after update', 18, 0, 300, '-', 'AKTIF', 7, 2, '2020-06-29 12:18:09', '2020-07-06 05:34:11', 1, 1, 7646),
(3021, 'after update', 10, 0, 1, 'poiuytrewq', 'nonaktif', 5, 1, '2020-06-22 01:46:33', '2020-07-04 10:18:19', 1, 1, 7647),
(3022, 'after update', 24, 0, 1, '-', 'AKTIF', 5, 1, '2020-07-04 10:18:46', '2020-07-04 10:25:16', 1, 1, 7648),
(3023, 'after update', 16, 0, 180, '-', 'AKTIF', 5, 2, '2020-06-22 03:01:02', '2020-07-06 05:21:27', 1, 1, 7649),
(3024, 'after update', 17, 0, 300, '-', 'AKTIF', 6, 2, '2020-06-22 05:26:20', '2020-07-06 05:21:38', 1, 1, 7650),
(3025, 'after update', 19, 0, 2, '-', 'nonaktif', 7, 1, '2020-07-04 09:08:25', '2020-07-04 09:16:51', 1, 1, 7651),
(3026, 'after update', 25, 0, 2, '-', 'AKTIF', 7, 1, '2020-07-04 10:18:46', '2020-07-04 10:25:21', 1, 1, 7652),
(3027, 'after update', 18, 0, 300, '-', 'AKTIF', 7, 2, '2020-06-29 12:18:09', '2020-07-06 05:34:11', 1, 1, 7653),
(3028, 'after update', 10, 0, 1, 'poiuytrewq', 'nonaktif', 5, 1, '2020-06-22 01:46:33', '2020-07-04 10:18:19', 1, 1, 7654),
(3029, 'after update', 24, 0, 1, '-', 'AKTIF', 5, 1, '2020-07-04 10:18:46', '2020-07-04 10:25:16', 1, 1, 7655),
(3030, 'after update', 16, 0, 180, '-', 'AKTIF', 5, 2, '2020-06-22 03:01:02', '2020-07-06 05:21:27', 1, 1, 7656),
(3031, 'after update', 17, 0, 300, '-', 'AKTIF', 6, 2, '2020-06-22 05:26:20', '2020-07-06 05:21:38', 1, 1, 7657),
(3032, 'after update', 19, 0, 2, '-', 'nonaktif', 7, 1, '2020-07-04 09:08:25', '2020-07-04 09:16:51', 1, 1, 7658),
(3033, 'after update', 25, 0, 2, '-', 'AKTIF', 7, 1, '2020-07-04 10:18:46', '2020-07-04 10:25:21', 1, 1, 7659),
(3034, 'after update', 18, 0, 300, '-', 'AKTIF', 7, 2, '2020-06-29 12:18:09', '2020-07-06 05:34:11', 1, 1, 7660),
(3035, 'after update', 10, 0, 1, 'poiuytrewq', 'nonaktif', 5, 1, '2020-06-22 01:46:33', '2020-07-04 10:18:19', 1, 1, 7661),
(3036, 'after update', 24, 0, 1, '-', 'AKTIF', 5, 1, '2020-07-04 10:18:46', '2020-07-04 10:25:16', 1, 1, 7662),
(3037, 'after update', 16, 0, 180, '-', 'AKTIF', 5, 2, '2020-06-22 03:01:02', '2020-07-06 05:21:27', 1, 1, 7663),
(3038, 'after update', 17, 0, 300, '-', 'AKTIF', 6, 2, '2020-06-22 05:26:20', '2020-07-06 05:21:38', 1, 1, 7664),
(3039, 'after update', 19, 0, 2, '-', 'nonaktif', 7, 1, '2020-07-04 09:08:25', '2020-07-04 09:16:51', 1, 1, 7665),
(3040, 'after update', 25, 0, 2, '-', 'AKTIF', 7, 1, '2020-07-04 10:18:46', '2020-07-04 10:25:21', 1, 1, 7666),
(3041, 'after update', 18, 0, 300, '-', 'AKTIF', 7, 2, '2020-06-29 12:18:09', '2020-07-06 05:34:11', 1, 1, 7667),
(3042, 'after update', 10, 0, 1, 'poiuytrewq', 'nonaktif', 5, 1, '2020-06-22 01:46:33', '2020-07-04 10:18:19', 1, 1, 7668),
(3043, 'after update', 24, 0, 1, '-', 'AKTIF', 5, 1, '2020-07-04 10:18:46', '2020-07-04 10:25:16', 1, 1, 7669),
(3044, 'after update', 16, 0, 180, '-', 'AKTIF', 5, 2, '2020-06-22 03:01:02', '2020-07-06 05:21:27', 1, 1, 7670),
(3045, 'after update', 17, 0, 300, '-', 'AKTIF', 6, 2, '2020-06-22 05:26:20', '2020-07-06 05:21:38', 1, 1, 7671),
(3046, 'after update', 19, 0, 2, '-', 'nonaktif', 7, 1, '2020-07-04 09:08:25', '2020-07-04 09:16:51', 1, 1, 7672),
(3047, 'after update', 25, 0, 2, '-', 'AKTIF', 7, 1, '2020-07-04 10:18:46', '2020-07-04 10:25:21', 1, 1, 7673),
(3048, 'after update', 18, 0, 300, '-', 'AKTIF', 7, 2, '2020-06-29 12:18:09', '2020-07-06 05:34:11', 1, 1, 7674),
(3049, 'after update', 10, 0, 1, 'poiuytrewq', 'nonaktif', 5, 1, '2020-06-22 01:46:33', '2020-07-04 10:18:19', 1, 1, 7675),
(3050, 'after update', 24, 0, 1, '-', 'AKTIF', 5, 1, '2020-07-04 10:18:46', '2020-07-04 10:25:16', 1, 1, 7676),
(3051, 'after update', 16, 0, 180, '-', 'AKTIF', 5, 2, '2020-06-22 03:01:02', '2020-07-06 05:21:27', 1, 1, 7677),
(3052, 'after update', 17, 0, 300, '-', 'AKTIF', 6, 2, '2020-06-22 05:26:20', '2020-07-06 05:21:38', 1, 1, 7678),
(3053, 'after update', 19, 0, 2, '-', 'nonaktif', 7, 1, '2020-07-04 09:08:25', '2020-07-04 09:16:51', 1, 1, 7679),
(3054, 'after update', 25, 0, 2, '-', 'AKTIF', 7, 1, '2020-07-04 10:18:46', '2020-07-04 10:25:21', 1, 1, 7680),
(3055, 'after update', 18, 0, 300, '-', 'AKTIF', 7, 2, '2020-06-29 12:18:09', '2020-07-06 05:34:11', 1, 1, 7681),
(3056, 'after update', 10, 0, 1, 'poiuytrewq', 'nonaktif', 5, 1, '2020-06-22 01:46:33', '2020-07-04 10:18:19', 1, 1, 7682),
(3057, 'after update', 24, 0, 1, '-', 'AKTIF', 5, 1, '2020-07-04 10:18:46', '2020-07-04 10:25:16', 1, 1, 7683),
(3058, 'after update', 16, 0, 180, '-', 'AKTIF', 5, 2, '2020-06-22 03:01:02', '2020-07-06 05:21:27', 1, 1, 7684),
(3059, 'after update', 17, 0, 300, '-', 'AKTIF', 6, 2, '2020-06-22 05:26:20', '2020-07-06 05:21:38', 1, 1, 7685),
(3060, 'after update', 19, 0, 2, '-', 'nonaktif', 7, 1, '2020-07-04 09:08:25', '2020-07-04 09:16:51', 1, 1, 7686),
(3061, 'after update', 25, 0, 2, '-', 'AKTIF', 7, 1, '2020-07-04 10:18:46', '2020-07-04 10:25:21', 1, 1, 7687),
(3062, 'after update', 18, 0, 300, '-', 'AKTIF', 7, 2, '2020-06-29 12:18:09', '2020-07-06 05:34:11', 1, 1, 7688),
(3063, 'after update', 10, 0, 1, 'poiuytrewq', 'nonaktif', 5, 1, '2020-06-22 01:46:33', '2020-07-04 10:18:19', 1, 1, 7689),
(3064, 'after update', 24, 0, 1, '-', 'AKTIF', 5, 1, '2020-07-04 10:18:46', '2020-07-04 10:25:16', 1, 1, 7690),
(3065, 'after update', 16, 0, 180, '-', 'AKTIF', 5, 2, '2020-06-22 03:01:02', '2020-07-06 05:21:27', 1, 1, 7691),
(3066, 'after update', 17, 0, 300, '-', 'AKTIF', 6, 2, '2020-06-22 05:26:20', '2020-07-06 05:21:38', 1, 1, 7692),
(3067, 'after update', 19, 0, 2, '-', 'nonaktif', 7, 1, '2020-07-04 09:08:25', '2020-07-04 09:16:51', 1, 1, 7693),
(3068, 'after update', 25, 0, 2, '-', 'AKTIF', 7, 1, '2020-07-04 10:18:46', '2020-07-04 10:25:21', 1, 1, 7694),
(3069, 'after update', 18, 0, 300, '-', 'AKTIF', 7, 2, '2020-06-29 12:18:09', '2020-07-06 05:34:11', 1, 1, 7695),
(3070, 'after update', 10, 0, 1, 'poiuytrewq', 'nonaktif', 5, 1, '2020-06-22 01:46:33', '2020-07-04 10:18:19', 1, 1, 7696),
(3071, 'after update', 24, 0, 1, '-', 'AKTIF', 5, 1, '2020-07-04 10:18:46', '2020-07-04 10:25:16', 1, 1, 7697),
(3072, 'after update', 16, 0, 180, '-', 'AKTIF', 5, 2, '2020-06-22 03:01:02', '2020-07-06 05:21:27', 1, 1, 7698),
(3073, 'after update', 17, 0, 300, '-', 'AKTIF', 6, 2, '2020-06-22 05:26:20', '2020-07-06 05:21:38', 1, 1, 7699),
(3074, 'after update', 19, 0, 2, '-', 'nonaktif', 7, 1, '2020-07-04 09:08:25', '2020-07-04 09:16:51', 1, 1, 7700),
(3075, 'after update', 25, 0, 2, '-', 'AKTIF', 7, 1, '2020-07-04 10:18:46', '2020-07-04 10:25:21', 1, 1, 7701),
(3076, 'after update', 18, 0, 300, '-', 'AKTIF', 7, 2, '2020-06-29 12:18:09', '2020-07-06 05:34:11', 1, 1, 7702),
(3077, 'after update', 10, 0, 1, 'poiuytrewq', 'nonaktif', 5, 1, '2020-06-22 01:46:33', '2020-07-04 10:18:19', 1, 1, 7703),
(3078, 'after update', 24, 0, 1, '-', 'AKTIF', 5, 1, '2020-07-04 10:18:46', '2020-07-04 10:25:16', 1, 1, 7704),
(3079, 'after update', 16, 0, 180, '-', 'AKTIF', 5, 2, '2020-06-22 03:01:02', '2020-07-06 05:21:27', 1, 1, 7705),
(3080, 'after update', 17, 0, 300, '-', 'AKTIF', 6, 2, '2020-06-22 05:26:20', '2020-07-06 05:21:38', 1, 1, 7706),
(3081, 'after update', 19, 0, 2, '-', 'nonaktif', 7, 1, '2020-07-04 09:08:25', '2020-07-04 09:16:51', 1, 1, 7707),
(3082, 'after update', 25, 0, 2, '-', 'AKTIF', 7, 1, '2020-07-04 10:18:46', '2020-07-04 10:25:21', 1, 1, 7708),
(3083, 'after update', 18, 0, 300, '-', 'AKTIF', 7, 2, '2020-06-29 12:18:09', '2020-07-06 05:34:11', 1, 1, 7709),
(3084, 'after update', 10, 0, 1, 'poiuytrewq', 'nonaktif', 5, 1, '2020-06-22 01:46:33', '2020-07-04 10:18:19', 1, 1, 7710),
(3085, 'after update', 24, 0, 1, '-', 'AKTIF', 5, 1, '2020-07-04 10:18:46', '2020-07-04 10:25:16', 1, 1, 7711),
(3086, 'after update', 16, 0, 180, '-', 'AKTIF', 5, 2, '2020-06-22 03:01:02', '2020-07-06 05:21:27', 1, 1, 7712),
(3087, 'after update', 17, 0, 300, '-', 'AKTIF', 6, 2, '2020-06-22 05:26:20', '2020-07-06 05:21:38', 1, 1, 7713),
(3088, 'after update', 19, 0, 2, '-', 'nonaktif', 7, 1, '2020-07-04 09:08:25', '2020-07-04 09:16:51', 1, 1, 7714),
(3089, 'after update', 25, 0, 2, '-', 'AKTIF', 7, 1, '2020-07-04 10:18:46', '2020-07-04 10:25:21', 1, 1, 7715),
(3090, 'after update', 18, 0, 300, '-', 'AKTIF', 7, 2, '2020-06-29 12:18:09', '2020-07-06 05:34:11', 1, 1, 7716),
(3091, 'after update', 10, 0, 1, 'poiuytrewq', 'nonaktif', 5, 1, '2020-06-22 01:46:33', '2020-07-04 10:18:19', 1, 1, 7717),
(3092, 'after update', 24, 0, 1, '-', 'AKTIF', 5, 1, '2020-07-04 10:18:46', '2020-07-04 10:25:16', 1, 1, 7718),
(3093, 'after update', 16, 0, 180, '-', 'AKTIF', 5, 2, '2020-06-22 03:01:02', '2020-07-06 05:21:27', 1, 1, 7719),
(3094, 'after update', 17, 0, 300, '-', 'AKTIF', 6, 2, '2020-06-22 05:26:20', '2020-07-06 05:21:38', 1, 1, 7720),
(3095, 'after update', 19, 0, 2, '-', 'nonaktif', 7, 1, '2020-07-04 09:08:25', '2020-07-04 09:16:51', 1, 1, 7721),
(3096, 'after update', 25, 0, 2, '-', 'AKTIF', 7, 1, '2020-07-04 10:18:46', '2020-07-04 10:25:21', 1, 1, 7722),
(3097, 'after update', 18, 0, 300, '-', 'AKTIF', 7, 2, '2020-06-29 12:18:09', '2020-07-06 05:34:11', 1, 1, 7723),
(3098, 'after update', 10, 0, 1, 'poiuytrewq', 'nonaktif', 5, 1, '2020-06-22 01:46:33', '2020-07-04 10:18:19', 1, 1, 7724),
(3099, 'after update', 24, 0, 1, '-', 'AKTIF', 5, 1, '2020-07-04 10:18:46', '2020-07-04 10:25:16', 1, 1, 7725),
(3100, 'after update', 16, 0, 180, '-', 'AKTIF', 5, 2, '2020-06-22 03:01:02', '2020-07-06 05:21:27', 1, 1, 7726),
(3101, 'after update', 17, 0, 300, '-', 'AKTIF', 6, 2, '2020-06-22 05:26:20', '2020-07-06 05:21:38', 1, 1, 7727),
(3102, 'after update', 19, 0, 2, '-', 'nonaktif', 7, 1, '2020-07-04 09:08:25', '2020-07-04 09:16:51', 1, 1, 7728),
(3103, 'after update', 25, 0, 2, '-', 'AKTIF', 7, 1, '2020-07-04 10:18:46', '2020-07-04 10:25:21', 1, 1, 7729),
(3104, 'after update', 18, 0, 300, '-', 'AKTIF', 7, 2, '2020-06-29 12:18:09', '2020-07-06 05:34:11', 1, 1, 7730),
(3105, 'after update', 10, 0, 1, 'poiuytrewq', 'nonaktif', 5, 1, '2020-06-22 01:46:33', '2020-07-04 10:18:19', 1, 1, 7731),
(3106, 'after update', 24, 0, 1, '-', 'AKTIF', 5, 1, '2020-07-04 10:18:46', '2020-07-04 10:25:16', 1, 1, 7732),
(3107, 'after update', 16, 0, 180, '-', 'AKTIF', 5, 2, '2020-06-22 03:01:02', '2020-07-06 05:21:27', 1, 1, 7733),
(3108, 'after update', 17, 0, 300, '-', 'AKTIF', 6, 2, '2020-06-22 05:26:20', '2020-07-06 05:21:38', 1, 1, 7734),
(3109, 'after update', 19, 0, 2, '-', 'nonaktif', 7, 1, '2020-07-04 09:08:25', '2020-07-04 09:16:51', 1, 1, 7735),
(3110, 'after update', 25, 0, 2, '-', 'AKTIF', 7, 1, '2020-07-04 10:18:46', '2020-07-04 10:25:21', 1, 1, 7736),
(3111, 'after update', 18, 0, 300, '-', 'AKTIF', 7, 2, '2020-06-29 12:18:09', '2020-07-06 05:34:11', 1, 1, 7737),
(3112, 'after update', 10, 0, 1, 'poiuytrewq', 'nonaktif', 5, 1, '2020-06-22 01:46:33', '2020-07-04 10:18:19', 1, 1, 7738),
(3113, 'after update', 24, 0, 1, '-', 'AKTIF', 5, 1, '2020-07-04 10:18:46', '2020-07-04 10:25:16', 1, 1, 7739),
(3114, 'after update', 16, 0, 180, '-', 'AKTIF', 5, 2, '2020-06-22 03:01:02', '2020-07-06 05:21:27', 1, 1, 7740),
(3115, 'after update', 17, 0, 300, '-', 'AKTIF', 6, 2, '2020-06-22 05:26:20', '2020-07-06 05:21:38', 1, 1, 7741),
(3116, 'after update', 19, 0, 2, '-', 'nonaktif', 7, 1, '2020-07-04 09:08:25', '2020-07-04 09:16:51', 1, 1, 7742),
(3117, 'after update', 25, 0, 2, '-', 'AKTIF', 7, 1, '2020-07-04 10:18:46', '2020-07-04 10:25:21', 1, 1, 7743),
(3118, 'after update', 18, 0, 300, '-', 'AKTIF', 7, 2, '2020-06-29 12:18:09', '2020-07-06 05:34:11', 1, 1, 7744),
(3119, 'after update', 10, 0, 1, 'poiuytrewq', 'nonaktif', 5, 1, '2020-06-22 01:46:33', '2020-07-04 10:18:19', 1, 1, 7745),
(3120, 'after update', 24, 0, 1, '-', 'AKTIF', 5, 1, '2020-07-04 10:18:46', '2020-07-04 10:25:16', 1, 1, 7746),
(3121, 'after update', 16, 0, 180, '-', 'AKTIF', 5, 2, '2020-06-22 03:01:02', '2020-07-06 05:21:27', 1, 1, 7747),
(3122, 'after update', 17, 0, 300, '-', 'AKTIF', 6, 2, '2020-06-22 05:26:20', '2020-07-06 05:21:38', 1, 1, 7748),
(3123, 'after update', 19, 0, 2, '-', 'nonaktif', 7, 1, '2020-07-04 09:08:25', '2020-07-04 09:16:51', 1, 1, 7749),
(3124, 'after update', 25, 0, 2, '-', 'AKTIF', 7, 1, '2020-07-04 10:18:46', '2020-07-04 10:25:21', 1, 1, 7750),
(3125, 'after update', 18, 0, 300, '-', 'AKTIF', 7, 2, '2020-06-29 12:18:09', '2020-07-06 05:34:11', 1, 1, 7751),
(3126, 'after update', 10, 0, 1, 'poiuytrewq', 'nonaktif', 5, 1, '2020-06-22 01:46:33', '2020-07-04 10:18:19', 1, 1, 7752),
(3127, 'after update', 24, 0, 1, '-', 'AKTIF', 5, 1, '2020-07-04 10:18:46', '2020-07-04 10:25:16', 1, 1, 7753),
(3128, 'after update', 16, 0, 180, '-', 'AKTIF', 5, 2, '2020-06-22 03:01:02', '2020-07-06 05:21:27', 1, 1, 7754),
(3129, 'after update', 17, 0, 300, '-', 'AKTIF', 6, 2, '2020-06-22 05:26:20', '2020-07-06 05:21:38', 1, 1, 7755),
(3130, 'after update', 19, 0, 2, '-', 'nonaktif', 7, 1, '2020-07-04 09:08:25', '2020-07-04 09:16:51', 1, 1, 7756),
(3131, 'after update', 25, 0, 2, '-', 'AKTIF', 7, 1, '2020-07-04 10:18:46', '2020-07-04 10:25:21', 1, 1, 7757),
(3132, 'after update', 18, 0, 300, '-', 'AKTIF', 7, 2, '2020-06-29 12:18:09', '2020-07-06 05:34:11', 1, 1, 7758),
(3133, 'after update', 10, 0, 1, 'poiuytrewq', 'nonaktif', 5, 1, '2020-06-22 01:46:33', '2020-07-04 10:18:19', 1, 1, 7759),
(3134, 'after update', 24, 0, 1, '-', 'AKTIF', 5, 1, '2020-07-04 10:18:46', '2020-07-04 10:25:16', 1, 1, 7760),
(3135, 'after update', 16, 0, 180, '-', 'AKTIF', 5, 2, '2020-06-22 03:01:02', '2020-07-06 05:21:27', 1, 1, 7761),
(3136, 'after update', 17, 0, 300, '-', 'AKTIF', 6, 2, '2020-06-22 05:26:20', '2020-07-06 05:21:38', 1, 1, 7762),
(3137, 'after update', 19, 0, 2, '-', 'nonaktif', 7, 1, '2020-07-04 09:08:25', '2020-07-04 09:16:51', 1, 1, 7763),
(3138, 'after update', 25, 0, 2, '-', 'AKTIF', 7, 1, '2020-07-04 10:18:46', '2020-07-04 10:25:21', 1, 1, 7764),
(3139, 'after update', 18, 0, 300, '-', 'AKTIF', 7, 2, '2020-06-29 12:18:09', '2020-07-06 05:34:11', 1, 1, 7765),
(3140, 'after update', 10, 0, 1, 'poiuytrewq', 'nonaktif', 5, 1, '2020-06-22 01:46:33', '2020-07-04 10:18:19', 1, 1, 7766),
(3141, 'after update', 24, 0, 1, '-', 'AKTIF', 5, 1, '2020-07-04 10:18:46', '2020-07-04 10:25:16', 1, 1, 7767),
(3142, 'after update', 16, 0, 180, '-', 'AKTIF', 5, 2, '2020-06-22 03:01:02', '2020-07-06 05:21:27', 1, 1, 7768),
(3143, 'after update', 17, 0, 300, '-', 'AKTIF', 6, 2, '2020-06-22 05:26:20', '2020-07-06 05:21:38', 1, 1, 7769),
(3144, 'after update', 19, 0, 2, '-', 'nonaktif', 7, 1, '2020-07-04 09:08:25', '2020-07-04 09:16:51', 1, 1, 7770),
(3145, 'after update', 25, 0, 2, '-', 'AKTIF', 7, 1, '2020-07-04 10:18:46', '2020-07-04 10:25:21', 1, 1, 7771),
(3146, 'after update', 18, 0, 300, '-', 'AKTIF', 7, 2, '2020-06-29 12:18:09', '2020-07-06 05:34:11', 1, 1, 7772),
(3147, 'after update', 10, 0, 1, 'poiuytrewq', 'nonaktif', 5, 1, '2020-06-22 01:46:33', '2020-07-04 10:18:19', 1, 1, 7773),
(3148, 'after update', 24, 0, 1, '-', 'AKTIF', 5, 1, '2020-07-04 10:18:46', '2020-07-04 10:25:16', 1, 1, 7774),
(3149, 'after update', 16, 0, 180, '-', 'AKTIF', 5, 2, '2020-06-22 03:01:02', '2020-07-06 05:21:27', 1, 1, 7775),
(3150, 'after update', 17, 0, 300, '-', 'AKTIF', 6, 2, '2020-06-22 05:26:20', '2020-07-06 05:21:38', 1, 1, 7776),
(3151, 'after update', 19, 0, 2, '-', 'nonaktif', 7, 1, '2020-07-04 09:08:25', '2020-07-04 09:16:51', 1, 1, 7777),
(3152, 'after update', 25, 0, 2, '-', 'AKTIF', 7, 1, '2020-07-04 10:18:46', '2020-07-04 10:25:21', 1, 1, 7778),
(3153, 'after update', 18, 0, 300, '-', 'AKTIF', 7, 2, '2020-06-29 12:18:09', '2020-07-06 05:34:11', 1, 1, 7779),
(3154, 'after update', 10, 0, 1, 'poiuytrewq', 'nonaktif', 5, 1, '2020-06-22 01:46:33', '2020-07-04 10:18:19', 1, 1, 7780),
(3155, 'after update', 24, 0, 1, '-', 'AKTIF', 5, 1, '2020-07-04 10:18:46', '2020-07-04 10:25:16', 1, 1, 7781),
(3156, 'after update', 16, 0, 180, '-', 'AKTIF', 5, 2, '2020-06-22 03:01:02', '2020-07-06 05:21:27', 1, 1, 7782),
(3157, 'after update', 17, 0, 300, '-', 'AKTIF', 6, 2, '2020-06-22 05:26:20', '2020-07-06 05:21:38', 1, 1, 7783),
(3158, 'after update', 19, 0, 2, '-', 'nonaktif', 7, 1, '2020-07-04 09:08:25', '2020-07-04 09:16:51', 1, 1, 7784),
(3159, 'after update', 25, 0, 2, '-', 'AKTIF', 7, 1, '2020-07-04 10:18:46', '2020-07-04 10:25:21', 1, 1, 7785),
(3160, 'after update', 18, 0, 300, '-', 'AKTIF', 7, 2, '2020-06-29 12:18:09', '2020-07-06 05:34:11', 1, 1, 7786),
(3161, 'after update', 10, 0, 1, 'poiuytrewq', 'nonaktif', 5, 1, '2020-06-22 01:46:33', '2020-07-04 10:18:19', 1, 1, 7787),
(3162, 'after update', 24, 0, 1, '-', 'AKTIF', 5, 1, '2020-07-04 10:18:46', '2020-07-04 10:25:16', 1, 1, 7788),
(3163, 'after update', 16, 0, 180, '-', 'AKTIF', 5, 2, '2020-06-22 03:01:02', '2020-07-06 05:21:27', 1, 1, 7789),
(3164, 'after update', 17, 0, 300, '-', 'AKTIF', 6, 2, '2020-06-22 05:26:20', '2020-07-06 05:21:38', 1, 1, 7790),
(3165, 'after update', 19, 0, 2, '-', 'nonaktif', 7, 1, '2020-07-04 09:08:25', '2020-07-04 09:16:51', 1, 1, 7791),
(3166, 'after update', 25, 0, 2, '-', 'AKTIF', 7, 1, '2020-07-04 10:18:46', '2020-07-04 10:25:21', 1, 1, 7792),
(3167, 'after update', 18, 0, 300, '-', 'AKTIF', 7, 2, '2020-06-29 12:18:09', '2020-07-06 05:34:11', 1, 1, 7793),
(3168, 'after update', 10, 0, 1, 'poiuytrewq', 'nonaktif', 5, 1, '2020-06-22 01:46:33', '2020-07-04 10:18:19', 1, 1, 7794),
(3169, 'after update', 24, 0, 1, '-', 'AKTIF', 5, 1, '2020-07-04 10:18:46', '2020-07-04 10:25:16', 1, 1, 7795),
(3170, 'after update', 16, 0, 180, '-', 'AKTIF', 5, 2, '2020-06-22 03:01:02', '2020-07-06 05:21:27', 1, 1, 7796),
(3171, 'after update', 17, 0, 300, '-', 'AKTIF', 6, 2, '2020-06-22 05:26:20', '2020-07-06 05:21:38', 1, 1, 7797),
(3172, 'after update', 19, 0, 2, '-', 'nonaktif', 7, 1, '2020-07-04 09:08:25', '2020-07-04 09:16:51', 1, 1, 7798),
(3173, 'after update', 25, 0, 2, '-', 'AKTIF', 7, 1, '2020-07-04 10:18:46', '2020-07-04 10:25:21', 1, 1, 7799),
(3174, 'after update', 18, 0, 300, '-', 'AKTIF', 7, 2, '2020-06-29 12:18:09', '2020-07-06 05:34:11', 1, 1, 7800),
(3175, 'after update', 10, 0, 1, 'poiuytrewq', 'nonaktif', 5, 1, '2020-06-22 01:46:33', '2020-07-04 10:18:19', 1, 1, 7801),
(3176, 'after update', 24, 0, 1, '-', 'AKTIF', 5, 1, '2020-07-04 10:18:46', '2020-07-04 10:25:16', 1, 1, 7802),
(3177, 'after update', 16, 0, 180, '-', 'AKTIF', 5, 2, '2020-06-22 03:01:02', '2020-07-06 05:21:27', 1, 1, 7803),
(3178, 'after update', 17, 0, 300, '-', 'AKTIF', 6, 2, '2020-06-22 05:26:20', '2020-07-06 05:21:38', 1, 1, 7804),
(3179, 'after update', 19, 0, 2, '-', 'nonaktif', 7, 1, '2020-07-04 09:08:25', '2020-07-04 09:16:51', 1, 1, 7805),
(3180, 'after update', 25, 0, 2, '-', 'AKTIF', 7, 1, '2020-07-04 10:18:46', '2020-07-04 10:25:21', 1, 1, 7806),
(3181, 'after update', 18, 0, 300, '-', 'AKTIF', 7, 2, '2020-06-29 12:18:09', '2020-07-06 05:34:11', 1, 1, 7807),
(3182, 'after update', 10, 0, 1, 'poiuytrewq', 'nonaktif', 5, 1, '2020-06-22 01:46:33', '2020-07-04 10:18:19', 1, 1, 7808),
(3183, 'after update', 24, 0, 1, '-', 'AKTIF', 5, 1, '2020-07-04 10:18:46', '2020-07-04 10:25:16', 1, 1, 7809),
(3184, 'after update', 16, 0, 180, '-', 'AKTIF', 5, 2, '2020-06-22 03:01:02', '2020-07-06 05:21:27', 1, 1, 7810),
(3185, 'after update', 17, 0, 300, '-', 'AKTIF', 6, 2, '2020-06-22 05:26:20', '2020-07-06 05:21:38', 1, 1, 7811),
(3186, 'after update', 19, 0, 2, '-', 'nonaktif', 7, 1, '2020-07-04 09:08:25', '2020-07-04 09:16:51', 1, 1, 7812),
(3187, 'after update', 25, 0, 2, '-', 'AKTIF', 7, 1, '2020-07-04 10:18:46', '2020-07-04 10:25:21', 1, 1, 7813),
(3188, 'after update', 18, 0, 300, '-', 'AKTIF', 7, 2, '2020-06-29 12:18:09', '2020-07-06 05:34:11', 1, 1, 7814),
(3189, 'after update', 10, 0, 1, 'poiuytrewq', 'nonaktif', 5, 1, '2020-06-22 01:46:33', '2020-07-04 10:18:19', 1, 1, 7815),
(3190, 'after update', 24, 0, 1, '-', 'AKTIF', 5, 1, '2020-07-04 10:18:46', '2020-07-04 10:25:16', 1, 1, 7816),
(3191, 'after update', 16, 0, 180, '-', 'AKTIF', 5, 2, '2020-06-22 03:01:02', '2020-07-06 05:21:27', 1, 1, 7817),
(3192, 'after update', 17, 0, 300, '-', 'AKTIF', 6, 2, '2020-06-22 05:26:20', '2020-07-06 05:21:38', 1, 1, 7818),
(3193, 'after update', 19, 0, 2, '-', 'nonaktif', 7, 1, '2020-07-04 09:08:25', '2020-07-04 09:16:51', 1, 1, 7819),
(3194, 'after update', 25, 0, 2, '-', 'AKTIF', 7, 1, '2020-07-04 10:18:46', '2020-07-04 10:25:21', 1, 1, 7820),
(3195, 'after update', 18, 0, 300, '-', 'AKTIF', 7, 2, '2020-06-29 12:18:09', '2020-07-06 05:34:11', 1, 1, 7821),
(3196, 'after update', 10, 0, 1, 'poiuytrewq', 'nonaktif', 5, 1, '2020-06-22 01:46:33', '2020-07-04 10:18:19', 1, 1, 7822),
(3197, 'after update', 24, 0, 1, '-', 'AKTIF', 5, 1, '2020-07-04 10:18:46', '2020-07-04 10:25:16', 1, 1, 7823),
(3198, 'after update', 16, 0, 180, '-', 'AKTIF', 5, 2, '2020-06-22 03:01:02', '2020-07-06 05:21:27', 1, 1, 7824),
(3199, 'after update', 17, 0, 300, '-', 'AKTIF', 6, 2, '2020-06-22 05:26:20', '2020-07-06 05:21:38', 1, 1, 7825),
(3200, 'after update', 19, 0, 2, '-', 'nonaktif', 7, 1, '2020-07-04 09:08:25', '2020-07-04 09:16:51', 1, 1, 7826),
(3201, 'after update', 25, 0, 2, '-', 'AKTIF', 7, 1, '2020-07-04 10:18:46', '2020-07-04 10:25:21', 1, 1, 7827),
(3202, 'after update', 18, 0, 300, '-', 'AKTIF', 7, 2, '2020-06-29 12:18:09', '2020-07-06 05:34:11', 1, 1, 7828),
(3203, 'after update', 10, 0, 1, 'poiuytrewq', 'nonaktif', 5, 1, '2020-06-22 01:46:33', '2020-07-04 10:18:19', 1, 1, 7829),
(3204, 'after update', 24, 0, 1, '-', 'AKTIF', 5, 1, '2020-07-04 10:18:46', '2020-07-04 10:25:16', 1, 1, 7830),
(3205, 'after update', 16, 0, 180, '-', 'AKTIF', 5, 2, '2020-06-22 03:01:02', '2020-07-06 05:21:27', 1, 1, 7831),
(3206, 'after update', 17, 0, 300, '-', 'AKTIF', 6, 2, '2020-06-22 05:26:20', '2020-07-06 05:21:38', 1, 1, 7832),
(3207, 'after update', 19, 0, 2, '-', 'nonaktif', 7, 1, '2020-07-04 09:08:25', '2020-07-04 09:16:51', 1, 1, 7833),
(3208, 'after update', 25, 0, 2, '-', 'AKTIF', 7, 1, '2020-07-04 10:18:46', '2020-07-04 10:25:21', 1, 1, 7834),
(3209, 'after update', 18, 0, 300, '-', 'AKTIF', 7, 2, '2020-06-29 12:18:09', '2020-07-06 05:34:11', 1, 1, 7835),
(3210, 'after update', 10, 0, 1, 'poiuytrewq', 'nonaktif', 5, 1, '2020-06-22 01:46:33', '2020-07-04 10:18:19', 1, 1, 7836),
(3211, 'after update', 24, 0, 1, '-', 'AKTIF', 5, 1, '2020-07-04 10:18:46', '2020-07-04 10:25:16', 1, 1, 7837),
(3212, 'after update', 16, 0, 180, '-', 'AKTIF', 5, 2, '2020-06-22 03:01:02', '2020-07-06 05:21:27', 1, 1, 7838),
(3213, 'after update', 17, 0, 300, '-', 'AKTIF', 6, 2, '2020-06-22 05:26:20', '2020-07-06 05:21:38', 1, 1, 7839),
(3214, 'after update', 19, 0, 2, '-', 'nonaktif', 7, 1, '2020-07-04 09:08:25', '2020-07-04 09:16:51', 1, 1, 7840),
(3215, 'after update', 25, 0, 2, '-', 'AKTIF', 7, 1, '2020-07-04 10:18:46', '2020-07-04 10:25:21', 1, 1, 7841),
(3216, 'after update', 18, 0, 300, '-', 'AKTIF', 7, 2, '2020-06-29 12:18:09', '2020-07-06 05:34:11', 1, 1, 7842),
(3217, 'after update', 10, 0, 1, 'poiuytrewq', 'nonaktif', 5, 1, '2020-06-22 01:46:33', '2020-07-04 10:18:19', 1, 1, 7843),
(3218, 'after update', 24, 0, 1, '-', 'AKTIF', 5, 1, '2020-07-04 10:18:46', '2020-07-04 10:25:16', 1, 1, 7844),
(3219, 'after update', 16, 0, 180, '-', 'AKTIF', 5, 2, '2020-06-22 03:01:02', '2020-07-06 05:21:27', 1, 1, 7845),
(3220, 'after update', 17, 0, 300, '-', 'AKTIF', 6, 2, '2020-06-22 05:26:20', '2020-07-06 05:21:38', 1, 1, 7846),
(3221, 'after update', 19, 0, 2, '-', 'nonaktif', 7, 1, '2020-07-04 09:08:25', '2020-07-04 09:16:51', 1, 1, 7847),
(3222, 'after update', 25, 0, 2, '-', 'AKTIF', 7, 1, '2020-07-04 10:18:46', '2020-07-04 10:25:21', 1, 1, 7848),
(3223, 'after update', 18, 0, 300, '-', 'AKTIF', 7, 2, '2020-06-29 12:18:09', '2020-07-06 05:34:11', 1, 1, 7849),
(3224, 'after update', 10, 0, 1, 'poiuytrewq', 'nonaktif', 5, 1, '2020-06-22 01:46:33', '2020-07-04 10:18:19', 1, 1, 7850),
(3225, 'after update', 24, 0, 1, '-', 'AKTIF', 5, 1, '2020-07-04 10:18:46', '2020-07-04 10:25:16', 1, 1, 7851),
(3226, 'after update', 16, 0, 180, '-', 'AKTIF', 5, 2, '2020-06-22 03:01:02', '2020-07-06 05:21:27', 1, 1, 7852),
(3227, 'after update', 17, 0, 300, '-', 'AKTIF', 6, 2, '2020-06-22 05:26:20', '2020-07-06 05:21:38', 1, 1, 7853),
(3228, 'after update', 19, 0, 2, '-', 'nonaktif', 7, 1, '2020-07-04 09:08:25', '2020-07-04 09:16:51', 1, 1, 7854),
(3229, 'after update', 25, 0, 2, '-', 'AKTIF', 7, 1, '2020-07-04 10:18:46', '2020-07-04 10:25:21', 1, 1, 7855),
(3230, 'after update', 18, 0, 300, '-', 'AKTIF', 7, 2, '2020-06-29 12:18:09', '2020-07-06 05:34:11', 1, 1, 7856),
(3231, 'after update', 10, 0, 1, 'poiuytrewq', 'nonaktif', 5, 1, '2020-06-22 01:46:33', '2020-07-04 10:18:19', 1, 1, 7857),
(3232, 'after update', 24, 0, 1, '-', 'AKTIF', 5, 1, '2020-07-04 10:18:46', '2020-07-04 10:25:16', 1, 1, 7858),
(3233, 'after update', 16, 0, 180, '-', 'AKTIF', 5, 2, '2020-06-22 03:01:02', '2020-07-06 05:21:27', 1, 1, 7859),
(3234, 'after update', 17, 0, 300, '-', 'AKTIF', 6, 2, '2020-06-22 05:26:20', '2020-07-06 05:21:38', 1, 1, 7860),
(3235, 'after update', 19, 0, 2, '-', 'nonaktif', 7, 1, '2020-07-04 09:08:25', '2020-07-04 09:16:51', 1, 1, 7861),
(3236, 'after update', 25, 0, 2, '-', 'AKTIF', 7, 1, '2020-07-04 10:18:46', '2020-07-04 10:25:21', 1, 1, 7862),
(3237, 'after update', 18, 0, 300, '-', 'AKTIF', 7, 2, '2020-06-29 12:18:09', '2020-07-06 05:34:11', 1, 1, 7863),
(3238, 'after update', 10, 0, 1, 'poiuytrewq', 'nonaktif', 5, 1, '2020-06-22 01:46:33', '2020-07-04 10:18:19', 1, 1, 7864),
(3239, 'after update', 24, 0, 1, '-', 'AKTIF', 5, 1, '2020-07-04 10:18:46', '2020-07-04 10:25:16', 1, 1, 7865),
(3240, 'after update', 16, 0, 180, '-', 'AKTIF', 5, 2, '2020-06-22 03:01:02', '2020-07-06 05:21:27', 1, 1, 7866),
(3241, 'after update', 17, 0, 300, '-', 'AKTIF', 6, 2, '2020-06-22 05:26:20', '2020-07-06 05:21:38', 1, 1, 7867),
(3242, 'after update', 19, 0, 2, '-', 'nonaktif', 7, 1, '2020-07-04 09:08:25', '2020-07-04 09:16:51', 1, 1, 7868),
(3243, 'after update', 25, 0, 2, '-', 'AKTIF', 7, 1, '2020-07-04 10:18:46', '2020-07-04 10:25:21', 1, 1, 7869),
(3244, 'after update', 18, 0, 300, '-', 'AKTIF', 7, 2, '2020-06-29 12:18:09', '2020-07-06 05:34:11', 1, 1, 7870),
(3245, 'after update', 10, 0, 1, 'poiuytrewq', 'nonaktif', 5, 1, '2020-06-22 01:46:33', '2020-07-04 10:18:19', 1, 1, 7871),
(3246, 'after update', 24, 0, 1, '-', 'AKTIF', 5, 1, '2020-07-04 10:18:46', '2020-07-04 10:25:16', 1, 1, 7872),
(3247, 'after update', 16, 0, 180, '-', 'AKTIF', 5, 2, '2020-06-22 03:01:02', '2020-07-06 05:21:27', 1, 1, 7873),
(3248, 'after update', 17, 0, 300, '-', 'AKTIF', 6, 2, '2020-06-22 05:26:20', '2020-07-06 05:21:38', 1, 1, 7874),
(3249, 'after update', 19, 0, 2, '-', 'nonaktif', 7, 1, '2020-07-04 09:08:25', '2020-07-04 09:16:51', 1, 1, 7875),
(3250, 'after update', 25, 0, 2, '-', 'AKTIF', 7, 1, '2020-07-04 10:18:46', '2020-07-04 10:25:21', 1, 1, 7876),
(3251, 'after update', 18, 0, 300, '-', 'AKTIF', 7, 2, '2020-06-29 12:18:09', '2020-07-06 05:34:11', 1, 1, 7877),
(3252, 'after update', 10, 0, 1, 'poiuytrewq', 'nonaktif', 5, 1, '2020-06-22 01:46:33', '2020-07-04 10:18:19', 1, 1, 7878),
(3253, 'after update', 24, 0, 1, '-', 'AKTIF', 5, 1, '2020-07-04 10:18:46', '2020-07-04 10:25:16', 1, 1, 7879),
(3254, 'after update', 16, 0, 180, '-', 'AKTIF', 5, 2, '2020-06-22 03:01:02', '2020-07-06 05:21:27', 1, 1, 7880),
(3255, 'after update', 17, 0, 300, '-', 'AKTIF', 6, 2, '2020-06-22 05:26:20', '2020-07-06 05:21:38', 1, 1, 7881),
(3256, 'after update', 19, 0, 2, '-', 'nonaktif', 7, 1, '2020-07-04 09:08:25', '2020-07-04 09:16:51', 1, 1, 7882),
(3257, 'after update', 25, 0, 2, '-', 'AKTIF', 7, 1, '2020-07-04 10:18:46', '2020-07-04 10:25:21', 1, 1, 7883),
(3258, 'after update', 18, 0, 300, '-', 'AKTIF', 7, 2, '2020-06-29 12:18:09', '2020-07-06 05:34:11', 1, 1, 7884),
(3259, 'after update', 10, 0, 1, 'poiuytrewq', 'nonaktif', 5, 1, '2020-06-22 01:46:33', '2020-07-04 10:18:19', 1, 1, 7885),
(3260, 'after update', 24, 0, 1, '-', 'AKTIF', 5, 1, '2020-07-04 10:18:46', '2020-07-04 10:25:16', 1, 1, 7886),
(3261, 'after update', 16, 0, 180, '-', 'AKTIF', 5, 2, '2020-06-22 03:01:02', '2020-07-06 05:21:27', 1, 1, 7887),
(3262, 'after update', 17, 0, 300, '-', 'AKTIF', 6, 2, '2020-06-22 05:26:20', '2020-07-06 05:21:38', 1, 1, 7888),
(3263, 'after update', 19, 0, 2, '-', 'nonaktif', 7, 1, '2020-07-04 09:08:25', '2020-07-04 09:16:51', 1, 1, 7889),
(3264, 'after update', 25, 0, 2, '-', 'AKTIF', 7, 1, '2020-07-04 10:18:46', '2020-07-04 10:25:21', 1, 1, 7890),
(3265, 'after update', 18, 0, 300, '-', 'AKTIF', 7, 2, '2020-06-29 12:18:09', '2020-07-06 05:34:11', 1, 1, 7891),
(3266, 'after update', 10, 0, 1, 'poiuytrewq', 'nonaktif', 5, 1, '2020-06-22 01:46:33', '2020-07-04 10:18:19', 1, 1, 7892),
(3267, 'after update', 24, 0, 1, '-', 'AKTIF', 5, 1, '2020-07-04 10:18:46', '2020-07-04 10:25:16', 1, 1, 7893),
(3268, 'after update', 16, 0, 180, '-', 'AKTIF', 5, 2, '2020-06-22 03:01:02', '2020-07-06 05:21:27', 1, 1, 7894),
(3269, 'after update', 17, 0, 300, '-', 'AKTIF', 6, 2, '2020-06-22 05:26:20', '2020-07-06 05:21:38', 1, 1, 7895),
(3270, 'after update', 19, 0, 2, '-', 'nonaktif', 7, 1, '2020-07-04 09:08:25', '2020-07-04 09:16:51', 1, 1, 7896),
(3271, 'after update', 25, 0, 2, '-', 'AKTIF', 7, 1, '2020-07-04 10:18:46', '2020-07-04 10:25:21', 1, 1, 7897),
(3272, 'after update', 18, 0, 300, '-', 'AKTIF', 7, 2, '2020-06-29 12:18:09', '2020-07-06 05:34:11', 1, 1, 7898),
(3273, 'after update', 10, 0, 1, 'poiuytrewq', 'nonaktif', 5, 1, '2020-06-22 01:46:33', '2020-07-04 10:18:19', 1, 1, 7899),
(3274, 'after update', 24, 0, 1, '-', 'AKTIF', 5, 1, '2020-07-04 10:18:46', '2020-07-04 10:25:16', 1, 1, 7900),
(3275, 'after update', 16, 0, 180, '-', 'AKTIF', 5, 2, '2020-06-22 03:01:02', '2020-07-06 05:21:27', 1, 1, 7901),
(3276, 'after update', 17, 0, 300, '-', 'AKTIF', 6, 2, '2020-06-22 05:26:20', '2020-07-06 05:21:38', 1, 1, 7902),
(3277, 'after update', 19, 0, 2, '-', 'nonaktif', 7, 1, '2020-07-04 09:08:25', '2020-07-04 09:16:51', 1, 1, 7903),
(3278, 'after update', 25, 0, 2, '-', 'AKTIF', 7, 1, '2020-07-04 10:18:46', '2020-07-04 10:25:21', 1, 1, 7904),
(3279, 'after update', 18, 0, 300, '-', 'AKTIF', 7, 2, '2020-06-29 12:18:09', '2020-07-06 05:34:11', 1, 1, 7905),
(3280, 'after update', 10, 0, 1, 'poiuytrewq', 'nonaktif', 5, 1, '2020-06-22 01:46:33', '2020-07-04 10:18:19', 1, 1, 7906),
(3281, 'after update', 24, 0, 1, '-', 'AKTIF', 5, 1, '2020-07-04 10:18:46', '2020-07-04 10:25:16', 1, 1, 7907),
(3282, 'after update', 16, 0, 180, '-', 'AKTIF', 5, 2, '2020-06-22 03:01:02', '2020-07-06 05:21:27', 1, 1, 7908),
(3283, 'after update', 17, 0, 300, '-', 'AKTIF', 6, 2, '2020-06-22 05:26:20', '2020-07-06 05:21:38', 1, 1, 7909),
(3284, 'after update', 19, 0, 2, '-', 'nonaktif', 7, 1, '2020-07-04 09:08:25', '2020-07-04 09:16:51', 1, 1, 7910),
(3285, 'after update', 25, 0, 2, '-', 'AKTIF', 7, 1, '2020-07-04 10:18:46', '2020-07-04 10:25:21', 1, 1, 7911),
(3286, 'after update', 18, 0, 300, '-', 'AKTIF', 7, 2, '2020-06-29 12:18:09', '2020-07-06 05:34:11', 1, 1, 7912),
(3287, 'after update', 10, 0, 1, 'poiuytrewq', 'nonaktif', 5, 1, '2020-06-22 01:46:33', '2020-07-04 10:18:19', 1, 1, 7913),
(3288, 'after update', 24, 0, 1, '-', 'AKTIF', 5, 1, '2020-07-04 10:18:46', '2020-07-04 10:25:16', 1, 1, 7914),
(3289, 'after update', 16, 0, 180, '-', 'AKTIF', 5, 2, '2020-06-22 03:01:02', '2020-07-06 05:21:27', 1, 1, 7915),
(3290, 'after update', 17, 0, 300, '-', 'AKTIF', 6, 2, '2020-06-22 05:26:20', '2020-07-06 05:21:38', 1, 1, 7916),
(3291, 'after update', 19, 0, 2, '-', 'nonaktif', 7, 1, '2020-07-04 09:08:25', '2020-07-04 09:16:51', 1, 1, 7917),
(3292, 'after update', 25, 0, 2, '-', 'AKTIF', 7, 1, '2020-07-04 10:18:46', '2020-07-04 10:25:21', 1, 1, 7918),
(3293, 'after update', 18, 0, 300, '-', 'AKTIF', 7, 2, '2020-06-29 12:18:09', '2020-07-06 05:34:11', 1, 1, 7919),
(3294, 'after update', 10, 0, 1, 'poiuytrewq', 'nonaktif', 5, 1, '2020-06-22 01:46:33', '2020-07-04 10:18:19', 1, 1, 7920),
(3295, 'after update', 24, 0, 1, '-', 'AKTIF', 5, 1, '2020-07-04 10:18:46', '2020-07-04 10:25:16', 1, 1, 7921),
(3296, 'after update', 16, 0, 180, '-', 'AKTIF', 5, 2, '2020-06-22 03:01:02', '2020-07-06 05:21:27', 1, 1, 7922),
(3297, 'after update', 17, 0, 300, '-', 'AKTIF', 6, 2, '2020-06-22 05:26:20', '2020-07-06 05:21:38', 1, 1, 7923),
(3298, 'after update', 19, 0, 2, '-', 'nonaktif', 7, 1, '2020-07-04 09:08:25', '2020-07-04 09:16:51', 1, 1, 7924),
(3299, 'after update', 25, 0, 2, '-', 'AKTIF', 7, 1, '2020-07-04 10:18:46', '2020-07-04 10:25:21', 1, 1, 7925),
(3300, 'after update', 18, 0, 300, '-', 'AKTIF', 7, 2, '2020-06-29 12:18:09', '2020-07-06 05:34:11', 1, 1, 7926),
(3301, 'after update', 10, 0, 1, 'poiuytrewq', 'nonaktif', 5, 1, '2020-06-22 01:46:33', '2020-07-04 10:18:19', 1, 1, 7927),
(3302, 'after update', 24, 0, 1, '-', 'AKTIF', 5, 1, '2020-07-04 10:18:46', '2020-07-04 10:25:16', 1, 1, 7928),
(3303, 'after update', 16, 0, 180, '-', 'AKTIF', 5, 2, '2020-06-22 03:01:02', '2020-07-06 05:21:27', 1, 1, 7929),
(3304, 'after update', 17, 0, 300, '-', 'AKTIF', 6, 2, '2020-06-22 05:26:20', '2020-07-06 05:21:38', 1, 1, 7930),
(3305, 'after update', 19, 0, 2, '-', 'nonaktif', 7, 1, '2020-07-04 09:08:25', '2020-07-04 09:16:51', 1, 1, 7931),
(3306, 'after update', 25, 0, 2, '-', 'AKTIF', 7, 1, '2020-07-04 10:18:46', '2020-07-04 10:25:21', 1, 1, 7932),
(3307, 'after update', 18, 0, 300, '-', 'AKTIF', 7, 2, '2020-06-29 12:18:09', '2020-07-06 05:34:11', 1, 1, 7933),
(3308, 'after update', 10, 0, 1, 'poiuytrewq', 'nonaktif', 5, 1, '2020-06-22 01:46:33', '2020-07-04 10:18:19', 1, 1, 7934),
(3309, 'after update', 24, 0, 1, '-', 'AKTIF', 5, 1, '2020-07-04 10:18:46', '2020-07-04 10:25:16', 1, 1, 7935),
(3310, 'after update', 16, 0, 180, '-', 'AKTIF', 5, 2, '2020-06-22 03:01:02', '2020-07-06 05:21:27', 1, 1, 7936),
(3311, 'after update', 17, 0, 300, '-', 'AKTIF', 6, 2, '2020-06-22 05:26:20', '2020-07-06 05:21:38', 1, 1, 7937),
(3312, 'after update', 19, 0, 2, '-', 'nonaktif', 7, 1, '2020-07-04 09:08:25', '2020-07-04 09:16:51', 1, 1, 7938),
(3313, 'after update', 25, 0, 2, '-', 'AKTIF', 7, 1, '2020-07-04 10:18:46', '2020-07-04 10:25:21', 1, 1, 7939),
(3314, 'after update', 18, 0, 300, '-', 'AKTIF', 7, 2, '2020-06-29 12:18:09', '2020-07-06 05:34:11', 1, 1, 7940),
(3315, 'after update', 10, 0, 1, 'poiuytrewq', 'nonaktif', 5, 1, '2020-06-22 01:46:33', '2020-07-04 10:18:19', 1, 1, 7941),
(3316, 'after update', 24, 0, 1, '-', 'AKTIF', 5, 1, '2020-07-04 10:18:46', '2020-07-04 10:25:16', 1, 1, 7942),
(3317, 'after update', 16, 0, 180, '-', 'AKTIF', 5, 2, '2020-06-22 03:01:02', '2020-07-06 05:21:27', 1, 1, 7943),
(3318, 'after update', 17, 0, 300, '-', 'AKTIF', 6, 2, '2020-06-22 05:26:20', '2020-07-06 05:21:38', 1, 1, 7944),
(3319, 'after update', 19, 0, 2, '-', 'nonaktif', 7, 1, '2020-07-04 09:08:25', '2020-07-04 09:16:51', 1, 1, 7945),
(3320, 'after update', 25, 0, 2, '-', 'AKTIF', 7, 1, '2020-07-04 10:18:46', '2020-07-04 10:25:21', 1, 1, 7946),
(3321, 'after update', 18, 0, 300, '-', 'AKTIF', 7, 2, '2020-06-29 12:18:09', '2020-07-06 05:34:11', 1, 1, 7947),
(3322, 'after update', 10, 0, 1, 'poiuytrewq', 'nonaktif', 5, 1, '2020-06-22 01:46:33', '2020-07-04 10:18:19', 1, 1, 7948),
(3323, 'after update', 24, 0, 1, '-', 'AKTIF', 5, 1, '2020-07-04 10:18:46', '2020-07-04 10:25:16', 1, 1, 7949),
(3324, 'after update', 16, 0, 180, '-', 'AKTIF', 5, 2, '2020-06-22 03:01:02', '2020-07-06 05:21:27', 1, 1, 7950),
(3325, 'after update', 17, 0, 300, '-', 'AKTIF', 6, 2, '2020-06-22 05:26:20', '2020-07-06 05:21:38', 1, 1, 7951),
(3326, 'after update', 19, 0, 2, '-', 'nonaktif', 7, 1, '2020-07-04 09:08:25', '2020-07-04 09:16:51', 1, 1, 7952),
(3327, 'after update', 25, 0, 2, '-', 'AKTIF', 7, 1, '2020-07-04 10:18:46', '2020-07-04 10:25:21', 1, 1, 7953),
(3328, 'after update', 18, 0, 300, '-', 'AKTIF', 7, 2, '2020-06-29 12:18:09', '2020-07-06 05:34:11', 1, 1, 7954),
(3329, 'after update', 10, 0, 1, 'poiuytrewq', 'nonaktif', 5, 1, '2020-06-22 01:46:33', '2020-07-04 10:18:19', 1, 1, 7955),
(3330, 'after update', 24, 0, 1, '-', 'AKTIF', 5, 1, '2020-07-04 10:18:46', '2020-07-04 10:25:16', 1, 1, 7956),
(3331, 'after update', 16, 0, 180, '-', 'AKTIF', 5, 2, '2020-06-22 03:01:02', '2020-07-06 05:21:27', 1, 1, 7957),
(3332, 'after update', 17, 0, 300, '-', 'AKTIF', 6, 2, '2020-06-22 05:26:20', '2020-07-06 05:21:38', 1, 1, 7958),
(3333, 'after update', 19, 0, 2, '-', 'nonaktif', 7, 1, '2020-07-04 09:08:25', '2020-07-04 09:16:51', 1, 1, 7959),
(3334, 'after update', 25, 0, 2, '-', 'AKTIF', 7, 1, '2020-07-04 10:18:46', '2020-07-04 10:25:21', 1, 1, 7960),
(3335, 'after update', 18, 0, 300, '-', 'AKTIF', 7, 2, '2020-06-29 12:18:09', '2020-07-06 05:34:11', 1, 1, 7961),
(3336, 'after update', 10, 0, 1, 'poiuytrewq', 'nonaktif', 5, 1, '2020-06-22 01:46:33', '2020-07-04 10:18:19', 1, 1, 7962),
(3337, 'after update', 24, 0, 1, '-', 'AKTIF', 5, 1, '2020-07-04 10:18:46', '2020-07-04 10:25:16', 1, 1, 7963),
(3338, 'after update', 16, 0, 180, '-', 'AKTIF', 5, 2, '2020-06-22 03:01:02', '2020-07-06 05:21:27', 1, 1, 7964),
(3339, 'after update', 17, 0, 300, '-', 'AKTIF', 6, 2, '2020-06-22 05:26:20', '2020-07-06 05:21:38', 1, 1, 7965),
(3340, 'after update', 19, 0, 2, '-', 'nonaktif', 7, 1, '2020-07-04 09:08:25', '2020-07-04 09:16:51', 1, 1, 7966),
(3341, 'after update', 25, 0, 2, '-', 'AKTIF', 7, 1, '2020-07-04 10:18:46', '2020-07-04 10:25:21', 1, 1, 7967),
(3342, 'after update', 18, 0, 300, '-', 'AKTIF', 7, 2, '2020-06-29 12:18:09', '2020-07-06 05:34:11', 1, 1, 7968),
(3343, 'after update', 10, 0, 1, 'poiuytrewq', 'nonaktif', 5, 1, '2020-06-22 01:46:33', '2020-07-04 10:18:19', 1, 1, 7969),
(3344, 'after update', 24, 0, 1, '-', 'AKTIF', 5, 1, '2020-07-04 10:18:46', '2020-07-04 10:25:16', 1, 1, 7970),
(3345, 'after update', 16, 0, 180, '-', 'AKTIF', 5, 2, '2020-06-22 03:01:02', '2020-07-06 05:21:27', 1, 1, 7971),
(3346, 'after update', 17, 0, 300, '-', 'AKTIF', 6, 2, '2020-06-22 05:26:20', '2020-07-06 05:21:38', 1, 1, 7972),
(3347, 'after update', 19, 0, 2, '-', 'nonaktif', 7, 1, '2020-07-04 09:08:25', '2020-07-04 09:16:51', 1, 1, 7973),
(3348, 'after update', 25, 0, 2, '-', 'AKTIF', 7, 1, '2020-07-04 10:18:46', '2020-07-04 10:25:21', 1, 1, 7974),
(3349, 'after update', 18, 0, 300, '-', 'AKTIF', 7, 2, '2020-06-29 12:18:09', '2020-07-06 05:34:11', 1, 1, 7975),
(3350, 'after update', 10, 0, 1, 'poiuytrewq', 'nonaktif', 5, 1, '2020-06-22 01:46:33', '2020-07-04 10:18:19', 1, 1, 7976),
(3351, 'after update', 24, 0, 1, '-', 'AKTIF', 5, 1, '2020-07-04 10:18:46', '2020-07-04 10:25:16', 1, 1, 7977),
(3352, 'after update', 16, 0, 180, '-', 'AKTIF', 5, 2, '2020-06-22 03:01:02', '2020-07-06 05:21:27', 1, 1, 7978),
(3353, 'after update', 17, 0, 300, '-', 'AKTIF', 6, 2, '2020-06-22 05:26:20', '2020-07-06 05:21:38', 1, 1, 7979),
(3354, 'after update', 19, 0, 2, '-', 'nonaktif', 7, 1, '2020-07-04 09:08:25', '2020-07-04 09:16:51', 1, 1, 7980),
(3355, 'after update', 25, 0, 2, '-', 'AKTIF', 7, 1, '2020-07-04 10:18:46', '2020-07-04 10:25:21', 1, 1, 7981),
(3356, 'after update', 18, 0, 300, '-', 'AKTIF', 7, 2, '2020-06-29 12:18:09', '2020-07-06 05:34:11', 1, 1, 7982),
(3357, 'after update', 10, 0, 1, 'poiuytrewq', 'nonaktif', 5, 1, '2020-06-22 01:46:33', '2020-07-04 10:18:19', 1, 1, 7983),
(3358, 'after update', 24, 0, 1, '-', 'AKTIF', 5, 1, '2020-07-04 10:18:46', '2020-07-04 10:25:16', 1, 1, 7984),
(3359, 'after update', 16, 0, 180, '-', 'AKTIF', 5, 2, '2020-06-22 03:01:02', '2020-07-06 05:21:27', 1, 1, 7985),
(3360, 'after update', 17, 0, 300, '-', 'AKTIF', 6, 2, '2020-06-22 05:26:20', '2020-07-06 05:21:38', 1, 1, 7986),
(3361, 'after update', 19, 0, 2, '-', 'nonaktif', 7, 1, '2020-07-04 09:08:25', '2020-07-04 09:16:51', 1, 1, 7987),
(3362, 'after update', 25, 0, 2, '-', 'AKTIF', 7, 1, '2020-07-04 10:18:46', '2020-07-04 10:25:21', 1, 1, 7988),
(3363, 'after update', 18, 0, 300, '-', 'AKTIF', 7, 2, '2020-06-29 12:18:09', '2020-07-06 05:34:11', 1, 1, 7989),
(3364, 'after update', 10, 0, 1, 'poiuytrewq', 'nonaktif', 5, 1, '2020-06-22 01:46:33', '2020-07-04 10:18:19', 1, 1, 7990),
(3365, 'after update', 24, 0, 1, '-', 'AKTIF', 5, 1, '2020-07-04 10:18:46', '2020-07-04 10:25:16', 1, 1, 7991),
(3366, 'after update', 16, 0, 180, '-', 'AKTIF', 5, 2, '2020-06-22 03:01:02', '2020-07-06 05:21:27', 1, 1, 7992),
(3367, 'after update', 17, 0, 300, '-', 'AKTIF', 6, 2, '2020-06-22 05:26:20', '2020-07-06 05:21:38', 1, 1, 7993),
(3368, 'after update', 19, 0, 2, '-', 'nonaktif', 7, 1, '2020-07-04 09:08:25', '2020-07-04 09:16:51', 1, 1, 7994),
(3369, 'after update', 25, 0, 2, '-', 'AKTIF', 7, 1, '2020-07-04 10:18:46', '2020-07-04 10:25:21', 1, 1, 7995),
(3370, 'after update', 18, 0, 300, '-', 'AKTIF', 7, 2, '2020-06-29 12:18:09', '2020-07-06 05:34:11', 1, 1, 7996),
(3371, 'after update', 10, 0, 1, 'poiuytrewq', 'nonaktif', 5, 1, '2020-06-22 01:46:33', '2020-07-04 10:18:19', 1, 1, 7997),
(3372, 'after update', 24, 0, 1, '-', 'AKTIF', 5, 1, '2020-07-04 10:18:46', '2020-07-04 10:25:16', 1, 1, 7998),
(3373, 'after update', 16, 0, 180, '-', 'AKTIF', 5, 2, '2020-06-22 03:01:02', '2020-07-06 05:21:27', 1, 1, 7999),
(3374, 'after update', 17, 0, 300, '-', 'AKTIF', 6, 2, '2020-06-22 05:26:20', '2020-07-06 05:21:38', 1, 1, 8000),
(3375, 'after update', 19, 0, 2, '-', 'nonaktif', 7, 1, '2020-07-04 09:08:25', '2020-07-04 09:16:51', 1, 1, 8001),
(3376, 'after update', 25, 0, 2, '-', 'AKTIF', 7, 1, '2020-07-04 10:18:46', '2020-07-04 10:25:21', 1, 1, 8002),
(3377, 'after update', 18, 0, 300, '-', 'AKTIF', 7, 2, '2020-06-29 12:18:09', '2020-07-06 05:34:11', 1, 1, 8003),
(3378, 'after update', 10, 0, 1, 'poiuytrewq', 'nonaktif', 5, 1, '2020-06-22 01:46:33', '2020-07-04 10:18:19', 1, 1, 8004),
(3379, 'after update', 24, 0, 1, '-', 'AKTIF', 5, 1, '2020-07-04 10:18:46', '2020-07-04 10:25:16', 1, 1, 8005),
(3380, 'after update', 16, 0, 180, '-', 'AKTIF', 5, 2, '2020-06-22 03:01:02', '2020-07-06 05:21:27', 1, 1, 8006),
(3381, 'after update', 17, 0, 300, '-', 'AKTIF', 6, 2, '2020-06-22 05:26:20', '2020-07-06 05:21:38', 1, 1, 8007),
(3382, 'after update', 19, 0, 2, '-', 'nonaktif', 7, 1, '2020-07-04 09:08:25', '2020-07-04 09:16:51', 1, 1, 8008),
(3383, 'after update', 25, 0, 2, '-', 'AKTIF', 7, 1, '2020-07-04 10:18:46', '2020-07-04 10:25:21', 1, 1, 8009),
(3384, 'after update', 18, 0, 300, '-', 'AKTIF', 7, 2, '2020-06-29 12:18:09', '2020-07-06 05:34:11', 1, 1, 8010),
(3385, 'after update', 10, 0, 1, 'poiuytrewq', 'nonaktif', 5, 1, '2020-06-22 01:46:33', '2020-07-04 10:18:19', 1, 1, 8011),
(3386, 'after update', 24, 0, 1, '-', 'AKTIF', 5, 1, '2020-07-04 10:18:46', '2020-07-04 10:25:16', 1, 1, 8012),
(3387, 'after update', 16, 0, 180, '-', 'AKTIF', 5, 2, '2020-06-22 03:01:02', '2020-07-06 05:21:27', 1, 1, 8013),
(3388, 'after update', 17, 0, 300, '-', 'AKTIF', 6, 2, '2020-06-22 05:26:20', '2020-07-06 05:21:38', 1, 1, 8014),
(3389, 'after update', 19, 0, 2, '-', 'nonaktif', 7, 1, '2020-07-04 09:08:25', '2020-07-04 09:16:51', 1, 1, 8015),
(3390, 'after update', 25, 0, 2, '-', 'AKTIF', 7, 1, '2020-07-04 10:18:46', '2020-07-04 10:25:21', 1, 1, 8016),
(3391, 'after update', 18, 0, 300, '-', 'AKTIF', 7, 2, '2020-06-29 12:18:09', '2020-07-06 05:34:11', 1, 1, 8017),
(3392, 'after update', 10, 0, 1, 'poiuytrewq', 'nonaktif', 5, 1, '2020-06-22 01:46:33', '2020-07-04 10:18:19', 1, 1, 8018),
(3393, 'after update', 24, 0, 1, '-', 'AKTIF', 5, 1, '2020-07-04 10:18:46', '2020-07-04 10:25:16', 1, 1, 8019),
(3394, 'after update', 16, 0, 180, '-', 'AKTIF', 5, 2, '2020-06-22 03:01:02', '2020-07-06 05:21:27', 1, 1, 8020),
(3395, 'after update', 17, 0, 300, '-', 'AKTIF', 6, 2, '2020-06-22 05:26:20', '2020-07-06 05:21:38', 1, 1, 8021),
(3396, 'after update', 19, 0, 2, '-', 'nonaktif', 7, 1, '2020-07-04 09:08:25', '2020-07-04 09:16:51', 1, 1, 8022),
(3397, 'after update', 25, 0, 2, '-', 'AKTIF', 7, 1, '2020-07-04 10:18:46', '2020-07-04 10:25:21', 1, 1, 8023),
(3398, 'after update', 18, 0, 300, '-', 'AKTIF', 7, 2, '2020-06-29 12:18:09', '2020-07-06 05:34:11', 1, 1, 8024),
(3399, 'after update', 10, 0, 1, 'poiuytrewq', 'nonaktif', 5, 1, '2020-06-22 01:46:33', '2020-07-04 10:18:19', 1, 1, 8025),
(3400, 'after update', 24, 0, 1, '-', 'AKTIF', 5, 1, '2020-07-04 10:18:46', '2020-07-04 10:25:16', 1, 1, 8026),
(3401, 'after update', 16, 0, 180, '-', 'AKTIF', 5, 2, '2020-06-22 03:01:02', '2020-07-06 05:21:27', 1, 1, 8027),
(3402, 'after update', 17, 0, 300, '-', 'AKTIF', 6, 2, '2020-06-22 05:26:20', '2020-07-06 05:21:38', 1, 1, 8028),
(3403, 'after update', 19, 0, 2, '-', 'nonaktif', 7, 1, '2020-07-04 09:08:25', '2020-07-04 09:16:51', 1, 1, 8029),
(3404, 'after update', 25, 0, 2, '-', 'AKTIF', 7, 1, '2020-07-04 10:18:46', '2020-07-04 10:25:21', 1, 1, 8030),
(3405, 'after update', 18, 0, 300, '-', 'AKTIF', 7, 2, '2020-06-29 12:18:09', '2020-07-06 05:34:11', 1, 1, 8031),
(3406, 'after update', 10, 0, 1, 'poiuytrewq', 'nonaktif', 5, 1, '2020-06-22 01:46:33', '2020-07-04 10:18:19', 1, 1, 8032),
(3407, 'after update', 24, 0, 1, '-', 'AKTIF', 5, 1, '2020-07-04 10:18:46', '2020-07-04 10:25:16', 1, 1, 8033),
(3408, 'after update', 16, 0, 180, '-', 'AKTIF', 5, 2, '2020-06-22 03:01:02', '2020-07-06 05:21:27', 1, 1, 8034),
(3409, 'after update', 17, 0, 300, '-', 'AKTIF', 6, 2, '2020-06-22 05:26:20', '2020-07-06 05:21:38', 1, 1, 8035),
(3410, 'after update', 19, 0, 2, '-', 'nonaktif', 7, 1, '2020-07-04 09:08:25', '2020-07-04 09:16:51', 1, 1, 8036),
(3411, 'after update', 25, 0, 2, '-', 'AKTIF', 7, 1, '2020-07-04 10:18:46', '2020-07-04 10:25:21', 1, 1, 8037),
(3412, 'after update', 18, 0, 300, '-', 'AKTIF', 7, 2, '2020-06-29 12:18:09', '2020-07-06 05:34:11', 1, 1, 8038),
(3413, 'after update', 10, 0, 1, 'poiuytrewq', 'nonaktif', 5, 1, '2020-06-22 01:46:33', '2020-07-04 10:18:19', 1, 1, 8039),
(3414, 'after update', 24, 0, 1, '-', 'AKTIF', 5, 1, '2020-07-04 10:18:46', '2020-07-04 10:25:16', 1, 1, 8040),
(3415, 'after update', 16, 0, 180, '-', 'AKTIF', 5, 2, '2020-06-22 03:01:02', '2020-07-06 05:21:27', 1, 1, 8041),
(3416, 'after update', 17, 0, 300, '-', 'AKTIF', 6, 2, '2020-06-22 05:26:20', '2020-07-06 05:21:38', 1, 1, 8042),
(3417, 'after update', 19, 0, 2, '-', 'nonaktif', 7, 1, '2020-07-04 09:08:25', '2020-07-04 09:16:51', 1, 1, 8043),
(3418, 'after update', 25, 0, 2, '-', 'AKTIF', 7, 1, '2020-07-04 10:18:46', '2020-07-04 10:25:21', 1, 1, 8044),
(3419, 'after update', 18, 0, 300, '-', 'AKTIF', 7, 2, '2020-06-29 12:18:09', '2020-07-06 05:34:11', 1, 1, 8045),
(3420, 'after update', 10, 0, 1, 'poiuytrewq', 'nonaktif', 5, 1, '2020-06-22 01:46:33', '2020-07-04 10:18:19', 1, 1, 8046),
(3421, 'after update', 24, 0, 1, '-', 'AKTIF', 5, 1, '2020-07-04 10:18:46', '2020-07-04 10:25:16', 1, 1, 8047),
(3422, 'after update', 16, 0, 180, '-', 'AKTIF', 5, 2, '2020-06-22 03:01:02', '2020-07-06 05:21:27', 1, 1, 8048),
(3423, 'after update', 17, 0, 300, '-', 'AKTIF', 6, 2, '2020-06-22 05:26:20', '2020-07-06 05:21:38', 1, 1, 8049),
(3424, 'after update', 19, 0, 2, '-', 'nonaktif', 7, 1, '2020-07-04 09:08:25', '2020-07-04 09:16:51', 1, 1, 8050),
(3425, 'after update', 25, 0, 2, '-', 'AKTIF', 7, 1, '2020-07-04 10:18:46', '2020-07-04 10:25:21', 1, 1, 8051),
(3426, 'after update', 18, 0, 300, '-', 'AKTIF', 7, 2, '2020-06-29 12:18:09', '2020-07-06 05:34:11', 1, 1, 8052),
(3427, 'after update', 10, 0, 1, 'poiuytrewq', 'nonaktif', 5, 1, '2020-06-22 01:46:33', '2020-07-04 10:18:19', 1, 1, 8053),
(3428, 'after update', 24, 0, 1, '-', 'AKTIF', 5, 1, '2020-07-04 10:18:46', '2020-07-04 10:25:16', 1, 1, 8054),
(3429, 'after update', 16, 0, 180, '-', 'AKTIF', 5, 2, '2020-06-22 03:01:02', '2020-07-06 05:21:27', 1, 1, 8055),
(3430, 'after update', 17, 0, 300, '-', 'AKTIF', 6, 2, '2020-06-22 05:26:20', '2020-07-06 05:21:38', 1, 1, 8056),
(3431, 'after update', 19, 0, 2, '-', 'nonaktif', 7, 1, '2020-07-04 09:08:25', '2020-07-04 09:16:51', 1, 1, 8057),
(3432, 'after update', 25, 0, 2, '-', 'AKTIF', 7, 1, '2020-07-04 10:18:46', '2020-07-04 10:25:21', 1, 1, 8058),
(3433, 'after update', 18, 0, 300, '-', 'AKTIF', 7, 2, '2020-06-29 12:18:09', '2020-07-06 05:34:11', 1, 1, 8059),
(3434, 'after update', 10, 0, 1, 'poiuytrewq', 'nonaktif', 5, 1, '2020-06-22 01:46:33', '2020-07-04 10:18:19', 1, 1, 8060),
(3435, 'after update', 24, 0, 1, '-', 'AKTIF', 5, 1, '2020-07-04 10:18:46', '2020-07-04 10:25:16', 1, 1, 8061),
(3436, 'after update', 16, 0, 180, '-', 'AKTIF', 5, 2, '2020-06-22 03:01:02', '2020-07-06 05:21:27', 1, 1, 8062),
(3437, 'after update', 17, 0, 300, '-', 'AKTIF', 6, 2, '2020-06-22 05:26:20', '2020-07-06 05:21:38', 1, 1, 8063),
(3438, 'after update', 19, 0, 2, '-', 'nonaktif', 7, 1, '2020-07-04 09:08:25', '2020-07-04 09:16:51', 1, 1, 8064),
(3439, 'after update', 25, 0, 2, '-', 'AKTIF', 7, 1, '2020-07-04 10:18:46', '2020-07-04 10:25:21', 1, 1, 8065),
(3440, 'after update', 18, 0, 300, '-', 'AKTIF', 7, 2, '2020-06-29 12:18:09', '2020-07-06 05:34:11', 1, 1, 8066),
(3441, 'after update', 10, 0, 1, 'poiuytrewq', 'nonaktif', 5, 1, '2020-06-22 01:46:33', '2020-07-04 10:18:19', 1, 1, 8067),
(3442, 'after update', 24, 0, 1, '-', 'AKTIF', 5, 1, '2020-07-04 10:18:46', '2020-07-04 10:25:16', 1, 1, 8068),
(3443, 'after update', 16, 0, 180, '-', 'AKTIF', 5, 2, '2020-06-22 03:01:02', '2020-07-06 05:21:27', 1, 1, 8069),
(3444, 'after update', 17, 0, 300, '-', 'AKTIF', 6, 2, '2020-06-22 05:26:20', '2020-07-06 05:21:38', 1, 1, 8070),
(3445, 'after update', 19, 0, 2, '-', 'nonaktif', 7, 1, '2020-07-04 09:08:25', '2020-07-04 09:16:51', 1, 1, 8071),
(3446, 'after update', 25, 0, 2, '-', 'AKTIF', 7, 1, '2020-07-04 10:18:46', '2020-07-04 10:25:21', 1, 1, 8072),
(3447, 'after update', 18, 0, 300, '-', 'AKTIF', 7, 2, '2020-06-29 12:18:09', '2020-07-06 05:34:11', 1, 1, 8073),
(3448, 'after update', 10, 0, 1, 'poiuytrewq', 'nonaktif', 5, 1, '2020-06-22 01:46:33', '2020-07-04 10:18:19', 1, 1, 8074),
(3449, 'after update', 24, 0, 1, '-', 'AKTIF', 5, 1, '2020-07-04 10:18:46', '2020-07-04 10:25:16', 1, 1, 8075),
(3450, 'after update', 16, 0, 180, '-', 'AKTIF', 5, 2, '2020-06-22 03:01:02', '2020-07-06 05:21:27', 1, 1, 8076),
(3451, 'after update', 17, 0, 300, '-', 'AKTIF', 6, 2, '2020-06-22 05:26:20', '2020-07-06 05:21:38', 1, 1, 8077),
(3452, 'after update', 19, 0, 2, '-', 'nonaktif', 7, 1, '2020-07-04 09:08:25', '2020-07-04 09:16:51', 1, 1, 8078),
(3453, 'after update', 25, 0, 2, '-', 'AKTIF', 7, 1, '2020-07-04 10:18:46', '2020-07-04 10:25:21', 1, 1, 8079);
INSERT INTO `tbl_brg_cabang_log` (`id_pk_brg_cabang_log`, `executed_function`, `id_pk_brg_cabang`, `brg_cabang_qty`, `brg_cabang_last_price`, `brg_cabang_notes`, `brg_cabang_status`, `id_fk_brg`, `id_fk_cabang`, `brg_cabang_create_date`, `brg_cabang_last_modified`, `id_create_data`, `id_last_modified`, `id_log_all`) VALUES
(3454, 'after update', 18, 0, 300, '-', 'AKTIF', 7, 2, '2020-06-29 12:18:09', '2020-07-06 05:34:11', 1, 1, 8080),
(3455, 'after update', 10, 0, 1, 'poiuytrewq', 'nonaktif', 5, 1, '2020-06-22 01:46:33', '2020-07-04 10:18:19', 1, 1, 8081),
(3456, 'after update', 24, 0, 1, '-', 'AKTIF', 5, 1, '2020-07-04 10:18:46', '2020-07-04 10:25:16', 1, 1, 8082),
(3457, 'after update', 16, 0, 180, '-', 'AKTIF', 5, 2, '2020-06-22 03:01:02', '2020-07-06 05:21:27', 1, 1, 8083),
(3458, 'after update', 17, 0, 300, '-', 'AKTIF', 6, 2, '2020-06-22 05:26:20', '2020-07-06 05:21:38', 1, 1, 8084),
(3459, 'after update', 19, 0, 2, '-', 'nonaktif', 7, 1, '2020-07-04 09:08:25', '2020-07-04 09:16:51', 1, 1, 8085),
(3460, 'after update', 25, 0, 2, '-', 'AKTIF', 7, 1, '2020-07-04 10:18:46', '2020-07-04 10:25:21', 1, 1, 8086),
(3461, 'after update', 18, 0, 300, '-', 'AKTIF', 7, 2, '2020-06-29 12:18:09', '2020-07-06 05:34:11', 1, 1, 8087),
(3462, 'after update', 10, 0, 1, 'poiuytrewq', 'nonaktif', 5, 1, '2020-06-22 01:46:33', '2020-07-04 10:18:19', 1, 1, 8088),
(3463, 'after update', 24, 0, 1, '-', 'AKTIF', 5, 1, '2020-07-04 10:18:46', '2020-07-04 10:25:16', 1, 1, 8089),
(3464, 'after update', 16, 0, 180, '-', 'AKTIF', 5, 2, '2020-06-22 03:01:02', '2020-07-06 05:21:27', 1, 1, 8090),
(3465, 'after update', 17, 0, 300, '-', 'AKTIF', 6, 2, '2020-06-22 05:26:20', '2020-07-06 05:21:38', 1, 1, 8091),
(3466, 'after update', 19, 0, 2, '-', 'nonaktif', 7, 1, '2020-07-04 09:08:25', '2020-07-04 09:16:51', 1, 1, 8092),
(3467, 'after update', 25, 0, 2, '-', 'AKTIF', 7, 1, '2020-07-04 10:18:46', '2020-07-04 10:25:21', 1, 1, 8093),
(3468, 'after update', 18, 0, 300, '-', 'AKTIF', 7, 2, '2020-06-29 12:18:09', '2020-07-06 05:34:11', 1, 1, 8094),
(3469, 'after update', 10, 0, 1, 'poiuytrewq', 'nonaktif', 5, 1, '2020-06-22 01:46:33', '2020-07-04 10:18:19', 1, 1, 8095),
(3470, 'after update', 24, 0, 1, '-', 'AKTIF', 5, 1, '2020-07-04 10:18:46', '2020-07-04 10:25:16', 1, 1, 8096),
(3471, 'after update', 16, 0, 180, '-', 'AKTIF', 5, 2, '2020-06-22 03:01:02', '2020-07-06 05:21:27', 1, 1, 8097),
(3472, 'after update', 17, 0, 300, '-', 'AKTIF', 6, 2, '2020-06-22 05:26:20', '2020-07-06 05:21:38', 1, 1, 8098),
(3473, 'after update', 19, 0, 2, '-', 'nonaktif', 7, 1, '2020-07-04 09:08:25', '2020-07-04 09:16:51', 1, 1, 8099),
(3474, 'after update', 25, 0, 2, '-', 'AKTIF', 7, 1, '2020-07-04 10:18:46', '2020-07-04 10:25:21', 1, 1, 8100),
(3475, 'after update', 18, 0, 300, '-', 'AKTIF', 7, 2, '2020-06-29 12:18:09', '2020-07-06 05:34:11', 1, 1, 8101),
(3476, 'after update', 10, 0, 1, 'poiuytrewq', 'nonaktif', 5, 1, '2020-06-22 01:46:33', '2020-07-04 10:18:19', 1, 1, 8102),
(3477, 'after update', 24, 0, 1, '-', 'AKTIF', 5, 1, '2020-07-04 10:18:46', '2020-07-04 10:25:16', 1, 1, 8103),
(3478, 'after update', 16, 0, 180, '-', 'AKTIF', 5, 2, '2020-06-22 03:01:02', '2020-07-06 05:21:27', 1, 1, 8104),
(3479, 'after update', 17, 0, 300, '-', 'AKTIF', 6, 2, '2020-06-22 05:26:20', '2020-07-06 05:21:38', 1, 1, 8105),
(3480, 'after update', 19, 0, 2, '-', 'nonaktif', 7, 1, '2020-07-04 09:08:25', '2020-07-04 09:16:51', 1, 1, 8106),
(3481, 'after update', 25, 0, 2, '-', 'AKTIF', 7, 1, '2020-07-04 10:18:46', '2020-07-04 10:25:21', 1, 1, 8107),
(3482, 'after update', 18, 0, 300, '-', 'AKTIF', 7, 2, '2020-06-29 12:18:09', '2020-07-06 05:34:11', 1, 1, 8108),
(3483, 'after update', 10, 0, 1, 'poiuytrewq', 'nonaktif', 5, 1, '2020-06-22 01:46:33', '2020-07-04 10:18:19', 1, 1, 8109),
(3484, 'after update', 24, 0, 1, '-', 'AKTIF', 5, 1, '2020-07-04 10:18:46', '2020-07-04 10:25:16', 1, 1, 8110),
(3485, 'after update', 16, 0, 180, '-', 'AKTIF', 5, 2, '2020-06-22 03:01:02', '2020-07-06 05:21:27', 1, 1, 8111),
(3486, 'after update', 17, 0, 300, '-', 'AKTIF', 6, 2, '2020-06-22 05:26:20', '2020-07-06 05:21:38', 1, 1, 8112),
(3487, 'after update', 19, 0, 2, '-', 'nonaktif', 7, 1, '2020-07-04 09:08:25', '2020-07-04 09:16:51', 1, 1, 8113),
(3488, 'after update', 25, 0, 2, '-', 'AKTIF', 7, 1, '2020-07-04 10:18:46', '2020-07-04 10:25:21', 1, 1, 8114),
(3489, 'after update', 18, 0, 300, '-', 'AKTIF', 7, 2, '2020-06-29 12:18:09', '2020-07-06 05:34:11', 1, 1, 8115),
(3490, 'after update', 10, 0, 1, 'poiuytrewq', 'nonaktif', 5, 1, '2020-06-22 01:46:33', '2020-07-04 10:18:19', 1, 1, 8116),
(3491, 'after update', 24, 0, 1, '-', 'AKTIF', 5, 1, '2020-07-04 10:18:46', '2020-07-04 10:25:16', 1, 1, 8117),
(3492, 'after update', 16, 0, 180, '-', 'AKTIF', 5, 2, '2020-06-22 03:01:02', '2020-07-06 05:21:27', 1, 1, 8118),
(3493, 'after update', 17, 0, 300, '-', 'AKTIF', 6, 2, '2020-06-22 05:26:20', '2020-07-06 05:21:38', 1, 1, 8119),
(3494, 'after update', 19, 0, 2, '-', 'nonaktif', 7, 1, '2020-07-04 09:08:25', '2020-07-04 09:16:51', 1, 1, 8120),
(3495, 'after update', 25, 0, 2, '-', 'AKTIF', 7, 1, '2020-07-04 10:18:46', '2020-07-04 10:25:21', 1, 1, 8121),
(3496, 'after update', 18, 0, 300, '-', 'AKTIF', 7, 2, '2020-06-29 12:18:09', '2020-07-06 05:34:11', 1, 1, 8122),
(3497, 'after update', 10, 0, 1, 'poiuytrewq', 'nonaktif', 5, 1, '2020-06-22 01:46:33', '2020-07-04 10:18:19', 1, 1, 8123),
(3498, 'after update', 24, 0, 1, '-', 'AKTIF', 5, 1, '2020-07-04 10:18:46', '2020-07-04 10:25:16', 1, 1, 8124),
(3499, 'after update', 16, 0, 180, '-', 'AKTIF', 5, 2, '2020-06-22 03:01:02', '2020-07-06 05:21:27', 1, 1, 8125),
(3500, 'after update', 17, 0, 300, '-', 'AKTIF', 6, 2, '2020-06-22 05:26:20', '2020-07-06 05:21:38', 1, 1, 8126),
(3501, 'after update', 19, 0, 2, '-', 'nonaktif', 7, 1, '2020-07-04 09:08:25', '2020-07-04 09:16:51', 1, 1, 8127),
(3502, 'after update', 25, 0, 2, '-', 'AKTIF', 7, 1, '2020-07-04 10:18:46', '2020-07-04 10:25:21', 1, 1, 8128),
(3503, 'after update', 18, 0, 300, '-', 'AKTIF', 7, 2, '2020-06-29 12:18:09', '2020-07-06 05:34:11', 1, 1, 8129),
(3504, 'after update', 10, 0, 1, 'poiuytrewq', 'nonaktif', 5, 1, '2020-06-22 01:46:33', '2020-07-04 10:18:19', 1, 1, 8130),
(3505, 'after update', 24, 0, 1, '-', 'AKTIF', 5, 1, '2020-07-04 10:18:46', '2020-07-04 10:25:16', 1, 1, 8131),
(3506, 'after update', 16, 0, 180, '-', 'AKTIF', 5, 2, '2020-06-22 03:01:02', '2020-07-06 05:21:27', 1, 1, 8132),
(3507, 'after update', 17, 0, 300, '-', 'AKTIF', 6, 2, '2020-06-22 05:26:20', '2020-07-06 05:21:38', 1, 1, 8133),
(3508, 'after update', 19, 0, 2, '-', 'nonaktif', 7, 1, '2020-07-04 09:08:25', '2020-07-04 09:16:51', 1, 1, 8134),
(3509, 'after update', 25, 0, 2, '-', 'AKTIF', 7, 1, '2020-07-04 10:18:46', '2020-07-04 10:25:21', 1, 1, 8135),
(3510, 'after update', 18, 0, 300, '-', 'AKTIF', 7, 2, '2020-06-29 12:18:09', '2020-07-06 05:34:11', 1, 1, 8136),
(3511, 'after update', 10, 0, 1, 'poiuytrewq', 'nonaktif', 5, 1, '2020-06-22 01:46:33', '2020-07-04 10:18:19', 1, 1, 8137),
(3512, 'after update', 24, 0, 1, '-', 'AKTIF', 5, 1, '2020-07-04 10:18:46', '2020-07-04 10:25:16', 1, 1, 8138),
(3513, 'after update', 16, 0, 180, '-', 'AKTIF', 5, 2, '2020-06-22 03:01:02', '2020-07-06 05:21:27', 1, 1, 8139),
(3514, 'after update', 17, 0, 300, '-', 'AKTIF', 6, 2, '2020-06-22 05:26:20', '2020-07-06 05:21:38', 1, 1, 8140),
(3515, 'after update', 19, 0, 2, '-', 'nonaktif', 7, 1, '2020-07-04 09:08:25', '2020-07-04 09:16:51', 1, 1, 8141),
(3516, 'after update', 25, 0, 2, '-', 'AKTIF', 7, 1, '2020-07-04 10:18:46', '2020-07-04 10:25:21', 1, 1, 8142),
(3517, 'after update', 18, 0, 300, '-', 'AKTIF', 7, 2, '2020-06-29 12:18:09', '2020-07-06 05:34:11', 1, 1, 8143),
(3518, 'after update', 10, 0, 1, 'poiuytrewq', 'nonaktif', 5, 1, '2020-06-22 01:46:33', '2020-07-04 10:18:19', 1, 1, 8144),
(3519, 'after update', 24, 0, 1, '-', 'AKTIF', 5, 1, '2020-07-04 10:18:46', '2020-07-04 10:25:16', 1, 1, 8145),
(3520, 'after update', 16, 0, 180, '-', 'AKTIF', 5, 2, '2020-06-22 03:01:02', '2020-07-06 05:21:27', 1, 1, 8146),
(3521, 'after update', 17, 0, 300, '-', 'AKTIF', 6, 2, '2020-06-22 05:26:20', '2020-07-06 05:21:38', 1, 1, 8147),
(3522, 'after update', 19, 0, 2, '-', 'nonaktif', 7, 1, '2020-07-04 09:08:25', '2020-07-04 09:16:51', 1, 1, 8148),
(3523, 'after update', 25, 0, 2, '-', 'AKTIF', 7, 1, '2020-07-04 10:18:46', '2020-07-04 10:25:21', 1, 1, 8149),
(3524, 'after update', 18, 0, 300, '-', 'AKTIF', 7, 2, '2020-06-29 12:18:09', '2020-07-06 05:34:11', 1, 1, 8150),
(3525, 'after update', 10, 0, 1, 'poiuytrewq', 'nonaktif', 5, 1, '2020-06-22 01:46:33', '2020-07-04 10:18:19', 1, 1, 8151),
(3526, 'after update', 24, 0, 1, '-', 'AKTIF', 5, 1, '2020-07-04 10:18:46', '2020-07-04 10:25:16', 1, 1, 8152),
(3527, 'after update', 16, 0, 180, '-', 'AKTIF', 5, 2, '2020-06-22 03:01:02', '2020-07-06 05:21:27', 1, 1, 8153),
(3528, 'after update', 17, 0, 300, '-', 'AKTIF', 6, 2, '2020-06-22 05:26:20', '2020-07-06 05:21:38', 1, 1, 8154),
(3529, 'after update', 19, 0, 2, '-', 'nonaktif', 7, 1, '2020-07-04 09:08:25', '2020-07-04 09:16:51', 1, 1, 8155),
(3530, 'after update', 25, 0, 2, '-', 'AKTIF', 7, 1, '2020-07-04 10:18:46', '2020-07-04 10:25:21', 1, 1, 8156),
(3531, 'after update', 18, 0, 300, '-', 'AKTIF', 7, 2, '2020-06-29 12:18:09', '2020-07-06 05:34:11', 1, 1, 8157),
(3532, 'after update', 10, 0, 1, 'poiuytrewq', 'nonaktif', 5, 1, '2020-06-22 01:46:33', '2020-07-04 10:18:19', 1, 1, 8158),
(3533, 'after update', 24, 0, 1, '-', 'AKTIF', 5, 1, '2020-07-04 10:18:46', '2020-07-04 10:25:16', 1, 1, 8159),
(3534, 'after update', 16, 0, 180, '-', 'AKTIF', 5, 2, '2020-06-22 03:01:02', '2020-07-06 05:21:27', 1, 1, 8160),
(3535, 'after update', 17, 0, 300, '-', 'AKTIF', 6, 2, '2020-06-22 05:26:20', '2020-07-06 05:21:38', 1, 1, 8161),
(3536, 'after update', 19, 0, 2, '-', 'nonaktif', 7, 1, '2020-07-04 09:08:25', '2020-07-04 09:16:51', 1, 1, 8162),
(3537, 'after update', 25, 0, 2, '-', 'AKTIF', 7, 1, '2020-07-04 10:18:46', '2020-07-04 10:25:21', 1, 1, 8163),
(3538, 'after update', 18, 0, 300, '-', 'AKTIF', 7, 2, '2020-06-29 12:18:09', '2020-07-06 05:34:11', 1, 1, 8164),
(3539, 'after update', 10, 0, 1, 'poiuytrewq', 'nonaktif', 5, 1, '2020-06-22 01:46:33', '2020-07-04 10:18:19', 1, 1, 8165),
(3540, 'after update', 24, 0, 1, '-', 'AKTIF', 5, 1, '2020-07-04 10:18:46', '2020-07-04 10:25:16', 1, 1, 8166),
(3541, 'after update', 16, 0, 180, '-', 'AKTIF', 5, 2, '2020-06-22 03:01:02', '2020-07-06 05:21:27', 1, 1, 8167),
(3542, 'after update', 17, 0, 300, '-', 'AKTIF', 6, 2, '2020-06-22 05:26:20', '2020-07-06 05:21:38', 1, 1, 8168),
(3543, 'after update', 19, 0, 2, '-', 'nonaktif', 7, 1, '2020-07-04 09:08:25', '2020-07-04 09:16:51', 1, 1, 8169),
(3544, 'after update', 25, 0, 2, '-', 'AKTIF', 7, 1, '2020-07-04 10:18:46', '2020-07-04 10:25:21', 1, 1, 8170),
(3545, 'after update', 18, 0, 300, '-', 'AKTIF', 7, 2, '2020-06-29 12:18:09', '2020-07-06 05:34:11', 1, 1, 8171),
(3546, 'after update', 10, 0, 1, 'poiuytrewq', 'nonaktif', 5, 1, '2020-06-22 01:46:33', '2020-07-04 10:18:19', 1, 1, 8172),
(3547, 'after update', 24, 0, 1, '-', 'AKTIF', 5, 1, '2020-07-04 10:18:46', '2020-07-04 10:25:16', 1, 1, 8173),
(3548, 'after update', 16, 0, 180, '-', 'AKTIF', 5, 2, '2020-06-22 03:01:02', '2020-07-06 05:21:27', 1, 1, 8174),
(3549, 'after update', 17, 0, 300, '-', 'AKTIF', 6, 2, '2020-06-22 05:26:20', '2020-07-06 05:21:38', 1, 1, 8175),
(3550, 'after update', 19, 0, 2, '-', 'nonaktif', 7, 1, '2020-07-04 09:08:25', '2020-07-04 09:16:51', 1, 1, 8176),
(3551, 'after update', 25, 0, 2, '-', 'AKTIF', 7, 1, '2020-07-04 10:18:46', '2020-07-04 10:25:21', 1, 1, 8177),
(3552, 'after update', 18, 0, 300, '-', 'AKTIF', 7, 2, '2020-06-29 12:18:09', '2020-07-06 05:34:11', 1, 1, 8178),
(3553, 'after update', 10, 0, 1, 'poiuytrewq', 'nonaktif', 5, 1, '2020-06-22 01:46:33', '2020-07-04 10:18:19', 1, 1, 8179),
(3554, 'after update', 24, 0, 1, '-', 'AKTIF', 5, 1, '2020-07-04 10:18:46', '2020-07-04 10:25:16', 1, 1, 8180),
(3555, 'after update', 16, 0, 180, '-', 'AKTIF', 5, 2, '2020-06-22 03:01:02', '2020-07-06 05:21:27', 1, 1, 8181),
(3556, 'after update', 17, 0, 300, '-', 'AKTIF', 6, 2, '2020-06-22 05:26:20', '2020-07-06 05:21:38', 1, 1, 8182),
(3557, 'after update', 19, 0, 2, '-', 'nonaktif', 7, 1, '2020-07-04 09:08:25', '2020-07-04 09:16:51', 1, 1, 8183),
(3558, 'after update', 25, 0, 2, '-', 'AKTIF', 7, 1, '2020-07-04 10:18:46', '2020-07-04 10:25:21', 1, 1, 8184),
(3559, 'after update', 18, 0, 300, '-', 'AKTIF', 7, 2, '2020-06-29 12:18:09', '2020-07-06 05:34:11', 1, 1, 8185),
(3560, 'after update', 10, 0, 1, 'poiuytrewq', 'nonaktif', 5, 1, '2020-06-22 01:46:33', '2020-07-04 10:18:19', 1, 1, 8186),
(3561, 'after update', 24, 0, 1, '-', 'AKTIF', 5, 1, '2020-07-04 10:18:46', '2020-07-04 10:25:16', 1, 1, 8187),
(3562, 'after update', 16, 0, 180, '-', 'AKTIF', 5, 2, '2020-06-22 03:01:02', '2020-07-06 05:21:27', 1, 1, 8188),
(3563, 'after update', 17, 0, 300, '-', 'AKTIF', 6, 2, '2020-06-22 05:26:20', '2020-07-06 05:21:38', 1, 1, 8189),
(3564, 'after update', 19, 0, 2, '-', 'nonaktif', 7, 1, '2020-07-04 09:08:25', '2020-07-04 09:16:51', 1, 1, 8190),
(3565, 'after update', 25, 0, 2, '-', 'AKTIF', 7, 1, '2020-07-04 10:18:46', '2020-07-04 10:25:21', 1, 1, 8191),
(3566, 'after update', 18, 0, 300, '-', 'AKTIF', 7, 2, '2020-06-29 12:18:09', '2020-07-06 05:34:11', 1, 1, 8192),
(3567, 'after update', 10, 0, 1, 'poiuytrewq', 'nonaktif', 5, 1, '2020-06-22 01:46:33', '2020-07-04 10:18:19', 1, 1, 8193),
(3568, 'after update', 24, 0, 1, '-', 'AKTIF', 5, 1, '2020-07-04 10:18:46', '2020-07-04 10:25:16', 1, 1, 8194),
(3569, 'after update', 16, 0, 180, '-', 'AKTIF', 5, 2, '2020-06-22 03:01:02', '2020-07-06 05:21:27', 1, 1, 8195),
(3570, 'after update', 17, 0, 300, '-', 'AKTIF', 6, 2, '2020-06-22 05:26:20', '2020-07-06 05:21:38', 1, 1, 8196),
(3571, 'after update', 19, 0, 2, '-', 'nonaktif', 7, 1, '2020-07-04 09:08:25', '2020-07-04 09:16:51', 1, 1, 8197),
(3572, 'after update', 25, 0, 2, '-', 'AKTIF', 7, 1, '2020-07-04 10:18:46', '2020-07-04 10:25:21', 1, 1, 8198),
(3573, 'after update', 18, 0, 300, '-', 'AKTIF', 7, 2, '2020-06-29 12:18:09', '2020-07-06 05:34:11', 1, 1, 8199),
(3574, 'after update', 10, 0, 1, 'poiuytrewq', 'nonaktif', 5, 1, '2020-06-22 01:46:33', '2020-07-04 10:18:19', 1, 1, 8200),
(3575, 'after update', 24, 0, 1, '-', 'AKTIF', 5, 1, '2020-07-04 10:18:46', '2020-07-04 10:25:16', 1, 1, 8201),
(3576, 'after update', 16, 0, 180, '-', 'AKTIF', 5, 2, '2020-06-22 03:01:02', '2020-07-06 05:21:27', 1, 1, 8202),
(3577, 'after update', 17, 0, 300, '-', 'AKTIF', 6, 2, '2020-06-22 05:26:20', '2020-07-06 05:21:38', 1, 1, 8203),
(3578, 'after update', 19, 0, 2, '-', 'nonaktif', 7, 1, '2020-07-04 09:08:25', '2020-07-04 09:16:51', 1, 1, 8204),
(3579, 'after update', 25, 0, 2, '-', 'AKTIF', 7, 1, '2020-07-04 10:18:46', '2020-07-04 10:25:21', 1, 1, 8205),
(3580, 'after update', 18, 0, 300, '-', 'AKTIF', 7, 2, '2020-06-29 12:18:09', '2020-07-06 05:34:11', 1, 1, 8206),
(3581, 'after update', 10, 0, 1, 'poiuytrewq', 'nonaktif', 5, 1, '2020-06-22 01:46:33', '2020-07-04 10:18:19', 1, 1, 8207),
(3582, 'after update', 24, 0, 1, '-', 'AKTIF', 5, 1, '2020-07-04 10:18:46', '2020-07-04 10:25:16', 1, 1, 8208),
(3583, 'after update', 16, 0, 180, '-', 'AKTIF', 5, 2, '2020-06-22 03:01:02', '2020-07-06 05:21:27', 1, 1, 8209),
(3584, 'after update', 17, 0, 300, '-', 'AKTIF', 6, 2, '2020-06-22 05:26:20', '2020-07-06 05:21:38', 1, 1, 8210),
(3585, 'after update', 19, 0, 2, '-', 'nonaktif', 7, 1, '2020-07-04 09:08:25', '2020-07-04 09:16:51', 1, 1, 8211),
(3586, 'after update', 25, 0, 2, '-', 'AKTIF', 7, 1, '2020-07-04 10:18:46', '2020-07-04 10:25:21', 1, 1, 8212),
(3587, 'after update', 18, 0, 300, '-', 'AKTIF', 7, 2, '2020-06-29 12:18:09', '2020-07-06 05:34:11', 1, 1, 8213),
(3588, 'after update', 10, 0, 1, 'poiuytrewq', 'nonaktif', 5, 1, '2020-06-22 01:46:33', '2020-07-04 10:18:19', 1, 1, 8214),
(3589, 'after update', 24, 0, 1, '-', 'AKTIF', 5, 1, '2020-07-04 10:18:46', '2020-07-04 10:25:16', 1, 1, 8215),
(3590, 'after update', 16, 0, 180, '-', 'AKTIF', 5, 2, '2020-06-22 03:01:02', '2020-07-06 05:21:27', 1, 1, 8216),
(3591, 'after update', 17, 0, 300, '-', 'AKTIF', 6, 2, '2020-06-22 05:26:20', '2020-07-06 05:21:38', 1, 1, 8217),
(3592, 'after update', 19, 0, 2, '-', 'nonaktif', 7, 1, '2020-07-04 09:08:25', '2020-07-04 09:16:51', 1, 1, 8218),
(3593, 'after update', 25, 0, 2, '-', 'AKTIF', 7, 1, '2020-07-04 10:18:46', '2020-07-04 10:25:21', 1, 1, 8219),
(3594, 'after update', 18, 0, 300, '-', 'AKTIF', 7, 2, '2020-06-29 12:18:09', '2020-07-06 05:34:11', 1, 1, 8220),
(3595, 'after update', 10, 0, 1, 'poiuytrewq', 'nonaktif', 5, 1, '2020-06-22 01:46:33', '2020-07-04 10:18:19', 1, 1, 8221),
(3596, 'after update', 24, 0, 1, '-', 'AKTIF', 5, 1, '2020-07-04 10:18:46', '2020-07-04 10:25:16', 1, 1, 8222),
(3597, 'after update', 16, 0, 180, '-', 'AKTIF', 5, 2, '2020-06-22 03:01:02', '2020-07-06 05:21:27', 1, 1, 8223),
(3598, 'after update', 17, 0, 300, '-', 'AKTIF', 6, 2, '2020-06-22 05:26:20', '2020-07-06 05:21:38', 1, 1, 8224),
(3599, 'after update', 19, 0, 2, '-', 'nonaktif', 7, 1, '2020-07-04 09:08:25', '2020-07-04 09:16:51', 1, 1, 8225),
(3600, 'after update', 25, 0, 2, '-', 'AKTIF', 7, 1, '2020-07-04 10:18:46', '2020-07-04 10:25:21', 1, 1, 8226),
(3601, 'after update', 18, 0, 300, '-', 'AKTIF', 7, 2, '2020-06-29 12:18:09', '2020-07-06 05:34:11', 1, 1, 8227),
(3602, 'after update', 10, 0, 1, 'poiuytrewq', 'nonaktif', 5, 1, '2020-06-22 01:46:33', '2020-07-04 10:18:19', 1, 1, 8228),
(3603, 'after update', 24, 0, 1, '-', 'AKTIF', 5, 1, '2020-07-04 10:18:46', '2020-07-04 10:25:16', 1, 1, 8229),
(3604, 'after update', 16, 0, 180, '-', 'AKTIF', 5, 2, '2020-06-22 03:01:02', '2020-07-06 05:21:27', 1, 1, 8230),
(3605, 'after update', 17, 0, 300, '-', 'AKTIF', 6, 2, '2020-06-22 05:26:20', '2020-07-06 05:21:38', 1, 1, 8231),
(3606, 'after update', 19, 0, 2, '-', 'nonaktif', 7, 1, '2020-07-04 09:08:25', '2020-07-04 09:16:51', 1, 1, 8232),
(3607, 'after update', 25, 0, 2, '-', 'AKTIF', 7, 1, '2020-07-04 10:18:46', '2020-07-04 10:25:21', 1, 1, 8233),
(3608, 'after update', 18, 0, 300, '-', 'AKTIF', 7, 2, '2020-06-29 12:18:09', '2020-07-06 05:34:11', 1, 1, 8234),
(3609, 'after update', 10, 0, 1, 'poiuytrewq', 'nonaktif', 5, 1, '2020-06-22 01:46:33', '2020-07-04 10:18:19', 1, 1, 8235),
(3610, 'after update', 24, 0, 1, '-', 'AKTIF', 5, 1, '2020-07-04 10:18:46', '2020-07-04 10:25:16', 1, 1, 8236),
(3611, 'after update', 16, 0, 180, '-', 'AKTIF', 5, 2, '2020-06-22 03:01:02', '2020-07-06 05:21:27', 1, 1, 8237),
(3612, 'after update', 17, 0, 300, '-', 'AKTIF', 6, 2, '2020-06-22 05:26:20', '2020-07-06 05:21:38', 1, 1, 8238),
(3613, 'after update', 19, 0, 2, '-', 'nonaktif', 7, 1, '2020-07-04 09:08:25', '2020-07-04 09:16:51', 1, 1, 8239),
(3614, 'after update', 25, 0, 2, '-', 'AKTIF', 7, 1, '2020-07-04 10:18:46', '2020-07-04 10:25:21', 1, 1, 8240),
(3615, 'after update', 18, 0, 300, '-', 'AKTIF', 7, 2, '2020-06-29 12:18:09', '2020-07-06 05:34:11', 1, 1, 8241),
(3616, 'after update', 10, 0, 1, 'poiuytrewq', 'nonaktif', 5, 1, '2020-06-22 01:46:33', '2020-07-04 10:18:19', 1, 1, 8242),
(3617, 'after update', 24, 0, 1, '-', 'AKTIF', 5, 1, '2020-07-04 10:18:46', '2020-07-04 10:25:16', 1, 1, 8243),
(3618, 'after update', 16, 0, 180, '-', 'AKTIF', 5, 2, '2020-06-22 03:01:02', '2020-07-06 05:21:27', 1, 1, 8244),
(3619, 'after update', 17, 0, 300, '-', 'AKTIF', 6, 2, '2020-06-22 05:26:20', '2020-07-06 05:21:38', 1, 1, 8245),
(3620, 'after update', 19, 0, 2, '-', 'nonaktif', 7, 1, '2020-07-04 09:08:25', '2020-07-04 09:16:51', 1, 1, 8246),
(3621, 'after update', 25, 0, 2, '-', 'AKTIF', 7, 1, '2020-07-04 10:18:46', '2020-07-04 10:25:21', 1, 1, 8247),
(3622, 'after update', 18, 0, 300, '-', 'AKTIF', 7, 2, '2020-06-29 12:18:09', '2020-07-06 05:34:11', 1, 1, 8248),
(3623, 'after update', 10, 0, 1, 'poiuytrewq', 'nonaktif', 5, 1, '2020-06-22 01:46:33', '2020-07-04 10:18:19', 1, 1, 8252),
(3624, 'after update', 24, 0, 1, '-', 'AKTIF', 5, 1, '2020-07-04 10:18:46', '2020-07-04 10:25:16', 1, 1, 8253),
(3625, 'after update', 16, 0, 180, '-', 'AKTIF', 5, 2, '2020-06-22 03:01:02', '2020-07-06 05:21:27', 1, 1, 8254),
(3626, 'after update', 17, 0, 300, '-', 'AKTIF', 6, 2, '2020-06-22 05:26:20', '2020-07-06 05:21:38', 1, 1, 8255),
(3627, 'after update', 19, 0, 2, '-', 'nonaktif', 7, 1, '2020-07-04 09:08:25', '2020-07-04 09:16:51', 1, 1, 8256),
(3628, 'after update', 25, 0, 2, '-', 'AKTIF', 7, 1, '2020-07-04 10:18:46', '2020-07-04 10:25:21', 1, 1, 8257),
(3629, 'after update', 18, 0, 300, '-', 'AKTIF', 7, 2, '2020-06-29 12:18:09', '2020-07-06 05:34:11', 1, 1, 8258),
(3630, 'after update', 10, 0, 1, 'poiuytrewq', 'nonaktif', 5, 1, '2020-06-22 01:46:33', '2020-07-04 10:18:19', 1, 1, 8259),
(3631, 'after update', 24, 0, 1, '-', 'AKTIF', 5, 1, '2020-07-04 10:18:46', '2020-07-04 10:25:16', 1, 1, 8260),
(3632, 'after update', 16, 0, 180, '-', 'AKTIF', 5, 2, '2020-06-22 03:01:02', '2020-07-06 05:21:27', 1, 1, 8261),
(3633, 'after update', 17, 0, 300, '-', 'AKTIF', 6, 2, '2020-06-22 05:26:20', '2020-07-06 05:21:38', 1, 1, 8262),
(3634, 'after update', 19, 0, 2, '-', 'nonaktif', 7, 1, '2020-07-04 09:08:25', '2020-07-04 09:16:51', 1, 1, 8263),
(3635, 'after update', 25, 0, 2, '-', 'AKTIF', 7, 1, '2020-07-04 10:18:46', '2020-07-04 10:25:21', 1, 1, 8264),
(3636, 'after update', 18, 0, 300, '-', 'AKTIF', 7, 2, '2020-06-29 12:18:09', '2020-07-06 05:34:11', 1, 1, 8265),
(3637, 'after update', 10, 0, 1, 'poiuytrewq', 'nonaktif', 5, 1, '2020-06-22 01:46:33', '2020-07-04 10:18:19', 1, 1, 8266),
(3638, 'after update', 24, 0, 1, '-', 'AKTIF', 5, 1, '2020-07-04 10:18:46', '2020-07-04 10:25:16', 1, 1, 8267),
(3639, 'after update', 16, 0, 180, '-', 'AKTIF', 5, 2, '2020-06-22 03:01:02', '2020-07-06 05:21:27', 1, 1, 8268),
(3640, 'after update', 17, 0, 300, '-', 'AKTIF', 6, 2, '2020-06-22 05:26:20', '2020-07-06 05:21:38', 1, 1, 8269),
(3641, 'after update', 19, 0, 2, '-', 'nonaktif', 7, 1, '2020-07-04 09:08:25', '2020-07-04 09:16:51', 1, 1, 8270),
(3642, 'after update', 25, 0, 2, '-', 'AKTIF', 7, 1, '2020-07-04 10:18:46', '2020-07-04 10:25:21', 1, 1, 8271),
(3643, 'after update', 18, 0, 300, '-', 'AKTIF', 7, 2, '2020-06-29 12:18:09', '2020-07-06 05:34:11', 1, 1, 8272),
(3644, 'after update', 10, 0, 1, 'poiuytrewq', 'nonaktif', 5, 1, '2020-06-22 01:46:33', '2020-07-04 10:18:19', 1, 1, 8273),
(3645, 'after update', 24, 0, 1, '-', 'AKTIF', 5, 1, '2020-07-04 10:18:46', '2020-07-04 10:25:16', 1, 1, 8274),
(3646, 'after update', 16, 0, 180, '-', 'AKTIF', 5, 2, '2020-06-22 03:01:02', '2020-07-06 05:21:27', 1, 1, 8275),
(3647, 'after update', 17, 0, 300, '-', 'AKTIF', 6, 2, '2020-06-22 05:26:20', '2020-07-06 05:21:38', 1, 1, 8276),
(3648, 'after update', 19, 0, 2, '-', 'nonaktif', 7, 1, '2020-07-04 09:08:25', '2020-07-04 09:16:51', 1, 1, 8277),
(3649, 'after update', 25, 0, 2, '-', 'AKTIF', 7, 1, '2020-07-04 10:18:46', '2020-07-04 10:25:21', 1, 1, 8278),
(3650, 'after update', 18, 0, 300, '-', 'AKTIF', 7, 2, '2020-06-29 12:18:09', '2020-07-06 05:34:11', 1, 1, 8279),
(3651, 'after update', 10, 0, 1, 'poiuytrewq', 'nonaktif', 5, 1, '2020-06-22 01:46:33', '2020-07-04 10:18:19', 1, 1, 8280),
(3652, 'after update', 24, 0, 1, '-', 'AKTIF', 5, 1, '2020-07-04 10:18:46', '2020-07-04 10:25:16', 1, 1, 8281),
(3653, 'after update', 16, 0, 180, '-', 'AKTIF', 5, 2, '2020-06-22 03:01:02', '2020-07-06 05:21:27', 1, 1, 8282),
(3654, 'after update', 17, 0, 300, '-', 'AKTIF', 6, 2, '2020-06-22 05:26:20', '2020-07-06 05:21:38', 1, 1, 8283),
(3655, 'after update', 19, 0, 2, '-', 'nonaktif', 7, 1, '2020-07-04 09:08:25', '2020-07-04 09:16:51', 1, 1, 8284),
(3656, 'after update', 25, 0, 2, '-', 'AKTIF', 7, 1, '2020-07-04 10:18:46', '2020-07-04 10:25:21', 1, 1, 8285),
(3657, 'after update', 18, 0, 300, '-', 'AKTIF', 7, 2, '2020-06-29 12:18:09', '2020-07-06 05:34:11', 1, 1, 8286),
(3658, 'after update', 10, 0, 1, 'poiuytrewq', 'nonaktif', 5, 1, '2020-06-22 01:46:33', '2020-07-04 10:18:19', 1, 1, 8287),
(3659, 'after update', 24, 0, 1, '-', 'AKTIF', 5, 1, '2020-07-04 10:18:46', '2020-07-04 10:25:16', 1, 1, 8288),
(3660, 'after update', 16, 0, 180, '-', 'AKTIF', 5, 2, '2020-06-22 03:01:02', '2020-07-06 05:21:27', 1, 1, 8289),
(3661, 'after update', 17, 0, 300, '-', 'AKTIF', 6, 2, '2020-06-22 05:26:20', '2020-07-06 05:21:38', 1, 1, 8290),
(3662, 'after update', 19, 0, 2, '-', 'nonaktif', 7, 1, '2020-07-04 09:08:25', '2020-07-04 09:16:51', 1, 1, 8291),
(3663, 'after update', 25, 0, 2, '-', 'AKTIF', 7, 1, '2020-07-04 10:18:46', '2020-07-04 10:25:21', 1, 1, 8292),
(3664, 'after update', 18, 0, 300, '-', 'AKTIF', 7, 2, '2020-06-29 12:18:09', '2020-07-06 05:34:11', 1, 1, 8293),
(3665, 'after update', 10, 0, 1, 'poiuytrewq', 'nonaktif', 5, 1, '2020-06-22 01:46:33', '2020-07-04 10:18:19', 1, 1, 8294),
(3666, 'after update', 24, 0, 1, '-', 'AKTIF', 5, 1, '2020-07-04 10:18:46', '2020-07-04 10:25:16', 1, 1, 8295),
(3667, 'after update', 16, 0, 180, '-', 'AKTIF', 5, 2, '2020-06-22 03:01:02', '2020-07-06 05:21:27', 1, 1, 8296),
(3668, 'after update', 17, 0, 300, '-', 'AKTIF', 6, 2, '2020-06-22 05:26:20', '2020-07-06 05:21:38', 1, 1, 8297),
(3669, 'after update', 19, 0, 2, '-', 'nonaktif', 7, 1, '2020-07-04 09:08:25', '2020-07-04 09:16:51', 1, 1, 8298),
(3670, 'after update', 25, 0, 2, '-', 'AKTIF', 7, 1, '2020-07-04 10:18:46', '2020-07-04 10:25:21', 1, 1, 8299),
(3671, 'after update', 18, 0, 300, '-', 'AKTIF', 7, 2, '2020-06-29 12:18:09', '2020-07-06 05:34:11', 1, 1, 8300),
(3672, 'after update', 10, 0, 1, 'poiuytrewq', 'nonaktif', 5, 1, '2020-06-22 01:46:33', '2020-07-04 10:18:19', 1, 1, 8301),
(3673, 'after update', 24, 0, 1, '-', 'AKTIF', 5, 1, '2020-07-04 10:18:46', '2020-07-04 10:25:16', 1, 1, 8302),
(3674, 'after update', 16, 0, 180, '-', 'AKTIF', 5, 2, '2020-06-22 03:01:02', '2020-07-06 05:21:27', 1, 1, 8303),
(3675, 'after update', 17, 0, 300, '-', 'AKTIF', 6, 2, '2020-06-22 05:26:20', '2020-07-06 05:21:38', 1, 1, 8304),
(3676, 'after update', 19, 0, 2, '-', 'nonaktif', 7, 1, '2020-07-04 09:08:25', '2020-07-04 09:16:51', 1, 1, 8305),
(3677, 'after update', 25, 0, 2, '-', 'AKTIF', 7, 1, '2020-07-04 10:18:46', '2020-07-04 10:25:21', 1, 1, 8306),
(3678, 'after update', 18, 0, 300, '-', 'AKTIF', 7, 2, '2020-06-29 12:18:09', '2020-07-06 05:34:11', 1, 1, 8307),
(3679, 'after update', 10, 0, 1, 'poiuytrewq', 'nonaktif', 5, 1, '2020-06-22 01:46:33', '2020-07-04 10:18:19', 1, 1, 8308),
(3680, 'after update', 24, 0, 1, '-', 'AKTIF', 5, 1, '2020-07-04 10:18:46', '2020-07-04 10:25:16', 1, 1, 8309),
(3681, 'after update', 16, 0, 180, '-', 'AKTIF', 5, 2, '2020-06-22 03:01:02', '2020-07-06 05:21:27', 1, 1, 8310),
(3682, 'after update', 17, 0, 300, '-', 'AKTIF', 6, 2, '2020-06-22 05:26:20', '2020-07-06 05:21:38', 1, 1, 8311),
(3683, 'after update', 19, 0, 2, '-', 'nonaktif', 7, 1, '2020-07-04 09:08:25', '2020-07-04 09:16:51', 1, 1, 8312),
(3684, 'after update', 25, 0, 2, '-', 'AKTIF', 7, 1, '2020-07-04 10:18:46', '2020-07-04 10:25:21', 1, 1, 8313),
(3685, 'after update', 18, 0, 300, '-', 'AKTIF', 7, 2, '2020-06-29 12:18:09', '2020-07-06 05:34:11', 1, 1, 8314),
(3686, 'after update', 10, 0, 1, 'poiuytrewq', 'nonaktif', 5, 1, '2020-06-22 01:46:33', '2020-07-04 10:18:19', 1, 1, 8315),
(3687, 'after update', 24, 0, 1, '-', 'AKTIF', 5, 1, '2020-07-04 10:18:46', '2020-07-04 10:25:16', 1, 1, 8316),
(3688, 'after update', 16, 0, 180, '-', 'AKTIF', 5, 2, '2020-06-22 03:01:02', '2020-07-06 05:21:27', 1, 1, 8317),
(3689, 'after update', 17, 0, 300, '-', 'AKTIF', 6, 2, '2020-06-22 05:26:20', '2020-07-06 05:21:38', 1, 1, 8318),
(3690, 'after update', 19, 0, 2, '-', 'nonaktif', 7, 1, '2020-07-04 09:08:25', '2020-07-04 09:16:51', 1, 1, 8319),
(3691, 'after update', 25, 0, 2, '-', 'AKTIF', 7, 1, '2020-07-04 10:18:46', '2020-07-04 10:25:21', 1, 1, 8320),
(3692, 'after update', 18, 0, 300, '-', 'AKTIF', 7, 2, '2020-06-29 12:18:09', '2020-07-06 05:34:11', 1, 1, 8321),
(3693, 'after update', 10, 0, 1, 'poiuytrewq', 'nonaktif', 5, 1, '2020-06-22 01:46:33', '2020-07-04 10:18:19', 1, 1, 8322),
(3694, 'after update', 24, 0, 1, '-', 'AKTIF', 5, 1, '2020-07-04 10:18:46', '2020-07-04 10:25:16', 1, 1, 8323),
(3695, 'after update', 16, 0, 180, '-', 'AKTIF', 5, 2, '2020-06-22 03:01:02', '2020-07-06 05:21:27', 1, 1, 8324),
(3696, 'after update', 17, 0, 300, '-', 'AKTIF', 6, 2, '2020-06-22 05:26:20', '2020-07-06 05:21:38', 1, 1, 8325),
(3697, 'after update', 19, 0, 2, '-', 'nonaktif', 7, 1, '2020-07-04 09:08:25', '2020-07-04 09:16:51', 1, 1, 8326),
(3698, 'after update', 25, 0, 2, '-', 'AKTIF', 7, 1, '2020-07-04 10:18:46', '2020-07-04 10:25:21', 1, 1, 8327),
(3699, 'after update', 18, 0, 300, '-', 'AKTIF', 7, 2, '2020-06-29 12:18:09', '2020-07-06 05:34:11', 1, 1, 8328),
(3700, 'after update', 10, 0, 1, 'poiuytrewq', 'nonaktif', 5, 1, '2020-06-22 01:46:33', '2020-07-04 10:18:19', 1, 1, 8329),
(3701, 'after update', 24, 0, 1, '-', 'AKTIF', 5, 1, '2020-07-04 10:18:46', '2020-07-04 10:25:16', 1, 1, 8330),
(3702, 'after update', 16, 0, 180, '-', 'AKTIF', 5, 2, '2020-06-22 03:01:02', '2020-07-06 05:21:27', 1, 1, 8331),
(3703, 'after update', 17, 0, 300, '-', 'AKTIF', 6, 2, '2020-06-22 05:26:20', '2020-07-06 05:21:38', 1, 1, 8332),
(3704, 'after update', 19, 0, 2, '-', 'nonaktif', 7, 1, '2020-07-04 09:08:25', '2020-07-04 09:16:51', 1, 1, 8333),
(3705, 'after update', 25, 0, 2, '-', 'AKTIF', 7, 1, '2020-07-04 10:18:46', '2020-07-04 10:25:21', 1, 1, 8334),
(3706, 'after update', 18, 0, 300, '-', 'AKTIF', 7, 2, '2020-06-29 12:18:09', '2020-07-06 05:34:11', 1, 1, 8335),
(3707, 'after update', 10, 0, 1, 'poiuytrewq', 'nonaktif', 5, 1, '2020-06-22 01:46:33', '2020-07-04 10:18:19', 1, 1, 8336),
(3708, 'after update', 24, 0, 1, '-', 'AKTIF', 5, 1, '2020-07-04 10:18:46', '2020-07-04 10:25:16', 1, 1, 8337),
(3709, 'after update', 16, 0, 180, '-', 'AKTIF', 5, 2, '2020-06-22 03:01:02', '2020-07-06 05:21:27', 1, 1, 8338),
(3710, 'after update', 17, 0, 300, '-', 'AKTIF', 6, 2, '2020-06-22 05:26:20', '2020-07-06 05:21:38', 1, 1, 8339),
(3711, 'after update', 19, 0, 2, '-', 'nonaktif', 7, 1, '2020-07-04 09:08:25', '2020-07-04 09:16:51', 1, 1, 8340),
(3712, 'after update', 25, 0, 2, '-', 'AKTIF', 7, 1, '2020-07-04 10:18:46', '2020-07-04 10:25:21', 1, 1, 8341),
(3713, 'after update', 18, 0, 300, '-', 'AKTIF', 7, 2, '2020-06-29 12:18:09', '2020-07-06 05:34:11', 1, 1, 8342),
(3714, 'after update', 10, 0, 1, 'poiuytrewq', 'nonaktif', 5, 1, '2020-06-22 01:46:33', '2020-07-04 10:18:19', 1, 1, 8343),
(3715, 'after update', 24, 0, 1, '-', 'AKTIF', 5, 1, '2020-07-04 10:18:46', '2020-07-04 10:25:16', 1, 1, 8344),
(3716, 'after update', 16, 0, 180, '-', 'AKTIF', 5, 2, '2020-06-22 03:01:02', '2020-07-06 05:21:27', 1, 1, 8345),
(3717, 'after update', 17, 0, 300, '-', 'AKTIF', 6, 2, '2020-06-22 05:26:20', '2020-07-06 05:21:38', 1, 1, 8346),
(3718, 'after update', 19, 0, 2, '-', 'nonaktif', 7, 1, '2020-07-04 09:08:25', '2020-07-04 09:16:51', 1, 1, 8347),
(3719, 'after update', 25, 0, 2, '-', 'AKTIF', 7, 1, '2020-07-04 10:18:46', '2020-07-04 10:25:21', 1, 1, 8348),
(3720, 'after update', 18, 0, 300, '-', 'AKTIF', 7, 2, '2020-06-29 12:18:09', '2020-07-06 05:34:11', 1, 1, 8349),
(3721, 'after update', 10, 0, 1, 'poiuytrewq', 'nonaktif', 5, 1, '2020-06-22 01:46:33', '2020-07-04 10:18:19', 1, 1, 8350),
(3722, 'after update', 24, 0, 1, '-', 'AKTIF', 5, 1, '2020-07-04 10:18:46', '2020-07-04 10:25:16', 1, 1, 8351),
(3723, 'after update', 16, 0, 180, '-', 'AKTIF', 5, 2, '2020-06-22 03:01:02', '2020-07-06 05:21:27', 1, 1, 8352),
(3724, 'after update', 17, 0, 300, '-', 'AKTIF', 6, 2, '2020-06-22 05:26:20', '2020-07-06 05:21:38', 1, 1, 8353),
(3725, 'after update', 19, 0, 2, '-', 'nonaktif', 7, 1, '2020-07-04 09:08:25', '2020-07-04 09:16:51', 1, 1, 8354),
(3726, 'after update', 25, 0, 2, '-', 'AKTIF', 7, 1, '2020-07-04 10:18:46', '2020-07-04 10:25:21', 1, 1, 8355),
(3727, 'after update', 18, 0, 300, '-', 'AKTIF', 7, 2, '2020-06-29 12:18:09', '2020-07-06 05:34:11', 1, 1, 8356),
(3728, 'after update', 10, 0, 1, 'poiuytrewq', 'nonaktif', 5, 1, '2020-06-22 01:46:33', '2020-07-04 10:18:19', 1, 1, 8360),
(3729, 'after update', 24, 0, 1, '-', 'AKTIF', 5, 1, '2020-07-04 10:18:46', '2020-07-04 10:25:16', 1, 1, 8361),
(3730, 'after update', 16, 0, 180, '-', 'AKTIF', 5, 2, '2020-06-22 03:01:02', '2020-07-06 05:21:27', 1, 1, 8362),
(3731, 'after update', 17, 0, 300, '-', 'AKTIF', 6, 2, '2020-06-22 05:26:20', '2020-07-06 05:21:38', 1, 1, 8363),
(3732, 'after update', 19, 0, 2, '-', 'nonaktif', 7, 1, '2020-07-04 09:08:25', '2020-07-04 09:16:51', 1, 1, 8364),
(3733, 'after update', 25, 0, 2, '-', 'AKTIF', 7, 1, '2020-07-04 10:18:46', '2020-07-04 10:25:21', 1, 1, 8365),
(3734, 'after update', 18, 0, 300, '-', 'AKTIF', 7, 2, '2020-06-29 12:18:09', '2020-07-06 05:34:11', 1, 1, 8366),
(3735, 'after update', 10, 0, 1, 'poiuytrewq', 'nonaktif', 5, 1, '2020-06-22 01:46:33', '2020-07-04 10:18:19', 1, 1, 8367),
(3736, 'after update', 24, 0, 1, '-', 'AKTIF', 5, 1, '2020-07-04 10:18:46', '2020-07-04 10:25:16', 1, 1, 8368),
(3737, 'after update', 16, 0, 180, '-', 'AKTIF', 5, 2, '2020-06-22 03:01:02', '2020-07-06 05:21:27', 1, 1, 8369),
(3738, 'after update', 17, 0, 300, '-', 'AKTIF', 6, 2, '2020-06-22 05:26:20', '2020-07-06 05:21:38', 1, 1, 8370),
(3739, 'after update', 19, 0, 2, '-', 'nonaktif', 7, 1, '2020-07-04 09:08:25', '2020-07-04 09:16:51', 1, 1, 8371),
(3740, 'after update', 25, 0, 2, '-', 'AKTIF', 7, 1, '2020-07-04 10:18:46', '2020-07-04 10:25:21', 1, 1, 8372),
(3741, 'after update', 18, 0, 300, '-', 'AKTIF', 7, 2, '2020-06-29 12:18:09', '2020-07-06 05:34:11', 1, 1, 8373),
(3742, 'after update', 10, 0, 1, 'poiuytrewq', 'nonaktif', 5, 1, '2020-06-22 01:46:33', '2020-07-04 10:18:19', 1, 1, 8374),
(3743, 'after update', 24, 0, 1, '-', 'AKTIF', 5, 1, '2020-07-04 10:18:46', '2020-07-04 10:25:16', 1, 1, 8375),
(3744, 'after update', 16, 0, 180, '-', 'AKTIF', 5, 2, '2020-06-22 03:01:02', '2020-07-06 05:21:27', 1, 1, 8376),
(3745, 'after update', 17, 0, 300, '-', 'AKTIF', 6, 2, '2020-06-22 05:26:20', '2020-07-06 05:21:38', 1, 1, 8377),
(3746, 'after update', 19, 0, 2, '-', 'nonaktif', 7, 1, '2020-07-04 09:08:25', '2020-07-04 09:16:51', 1, 1, 8378),
(3747, 'after update', 25, 0, 2, '-', 'AKTIF', 7, 1, '2020-07-04 10:18:46', '2020-07-04 10:25:21', 1, 1, 8379),
(3748, 'after update', 18, 0, 300, '-', 'AKTIF', 7, 2, '2020-06-29 12:18:09', '2020-07-06 05:34:11', 1, 1, 8380),
(3749, 'after update', 10, 0, 1, 'poiuytrewq', 'nonaktif', 5, 1, '2020-06-22 01:46:33', '2020-07-04 10:18:19', 1, 1, 8381),
(3750, 'after update', 24, 0, 1, '-', 'AKTIF', 5, 1, '2020-07-04 10:18:46', '2020-07-04 10:25:16', 1, 1, 8382),
(3751, 'after update', 16, 0, 180, '-', 'AKTIF', 5, 2, '2020-06-22 03:01:02', '2020-07-06 05:21:27', 1, 1, 8383),
(3752, 'after update', 17, 0, 300, '-', 'AKTIF', 6, 2, '2020-06-22 05:26:20', '2020-07-06 05:21:38', 1, 1, 8384),
(3753, 'after update', 19, 0, 2, '-', 'nonaktif', 7, 1, '2020-07-04 09:08:25', '2020-07-04 09:16:51', 1, 1, 8385),
(3754, 'after update', 25, 0, 2, '-', 'AKTIF', 7, 1, '2020-07-04 10:18:46', '2020-07-04 10:25:21', 1, 1, 8386),
(3755, 'after update', 18, 0, 300, '-', 'AKTIF', 7, 2, '2020-06-29 12:18:09', '2020-07-06 05:34:11', 1, 1, 8387),
(3756, 'after update', 10, 0, 1, 'poiuytrewq', 'nonaktif', 5, 1, '2020-06-22 01:46:33', '2020-07-04 10:18:19', 1, 1, 8388),
(3757, 'after update', 24, 0, 1, '-', 'AKTIF', 5, 1, '2020-07-04 10:18:46', '2020-07-04 10:25:16', 1, 1, 8389),
(3758, 'after update', 16, 0, 180, '-', 'AKTIF', 5, 2, '2020-06-22 03:01:02', '2020-07-06 05:21:27', 1, 1, 8390),
(3759, 'after update', 17, 0, 300, '-', 'AKTIF', 6, 2, '2020-06-22 05:26:20', '2020-07-06 05:21:38', 1, 1, 8391),
(3760, 'after update', 19, 0, 2, '-', 'nonaktif', 7, 1, '2020-07-04 09:08:25', '2020-07-04 09:16:51', 1, 1, 8392),
(3761, 'after update', 25, 0, 2, '-', 'AKTIF', 7, 1, '2020-07-04 10:18:46', '2020-07-04 10:25:21', 1, 1, 8393),
(3762, 'after update', 18, 0, 300, '-', 'AKTIF', 7, 2, '2020-06-29 12:18:09', '2020-07-06 05:34:11', 1, 1, 8394),
(3763, 'after update', 10, 0, 1, 'poiuytrewq', 'nonaktif', 5, 1, '2020-06-22 01:46:33', '2020-07-04 10:18:19', 1, 1, 8395),
(3764, 'after update', 24, 0, 1, '-', 'AKTIF', 5, 1, '2020-07-04 10:18:46', '2020-07-04 10:25:16', 1, 1, 8396),
(3765, 'after update', 16, 0, 180, '-', 'AKTIF', 5, 2, '2020-06-22 03:01:02', '2020-07-06 05:21:27', 1, 1, 8397),
(3766, 'after update', 17, 0, 300, '-', 'AKTIF', 6, 2, '2020-06-22 05:26:20', '2020-07-06 05:21:38', 1, 1, 8398),
(3767, 'after update', 19, 0, 2, '-', 'nonaktif', 7, 1, '2020-07-04 09:08:25', '2020-07-04 09:16:51', 1, 1, 8399),
(3768, 'after update', 25, 0, 2, '-', 'AKTIF', 7, 1, '2020-07-04 10:18:46', '2020-07-04 10:25:21', 1, 1, 8400),
(3769, 'after update', 18, 0, 300, '-', 'AKTIF', 7, 2, '2020-06-29 12:18:09', '2020-07-06 05:34:11', 1, 1, 8401),
(3770, 'after update', 10, 0, 1, 'poiuytrewq', 'nonaktif', 5, 1, '2020-06-22 01:46:33', '2020-07-04 10:18:19', 1, 1, 8402),
(3771, 'after update', 24, 0, 1, '-', 'AKTIF', 5, 1, '2020-07-04 10:18:46', '2020-07-04 10:25:16', 1, 1, 8403),
(3772, 'after update', 16, 0, 180, '-', 'AKTIF', 5, 2, '2020-06-22 03:01:02', '2020-07-06 05:21:27', 1, 1, 8404),
(3773, 'after update', 17, 0, 300, '-', 'AKTIF', 6, 2, '2020-06-22 05:26:20', '2020-07-06 05:21:38', 1, 1, 8405),
(3774, 'after update', 19, 0, 2, '-', 'nonaktif', 7, 1, '2020-07-04 09:08:25', '2020-07-04 09:16:51', 1, 1, 8406),
(3775, 'after update', 25, 0, 2, '-', 'AKTIF', 7, 1, '2020-07-04 10:18:46', '2020-07-04 10:25:21', 1, 1, 8407),
(3776, 'after update', 18, 0, 300, '-', 'AKTIF', 7, 2, '2020-06-29 12:18:09', '2020-07-06 05:34:11', 1, 1, 8408),
(3777, 'after update', 10, 0, 1, 'poiuytrewq', 'nonaktif', 5, 1, '2020-06-22 01:46:33', '2020-07-04 10:18:19', 1, 1, 8409),
(3778, 'after update', 24, 0, 1, '-', 'AKTIF', 5, 1, '2020-07-04 10:18:46', '2020-07-04 10:25:16', 1, 1, 8410),
(3779, 'after update', 16, 0, 180, '-', 'AKTIF', 5, 2, '2020-06-22 03:01:02', '2020-07-06 05:21:27', 1, 1, 8411),
(3780, 'after update', 17, 0, 300, '-', 'AKTIF', 6, 2, '2020-06-22 05:26:20', '2020-07-06 05:21:38', 1, 1, 8412),
(3781, 'after update', 19, 0, 2, '-', 'nonaktif', 7, 1, '2020-07-04 09:08:25', '2020-07-04 09:16:51', 1, 1, 8413),
(3782, 'after update', 25, 0, 2, '-', 'AKTIF', 7, 1, '2020-07-04 10:18:46', '2020-07-04 10:25:21', 1, 1, 8414),
(3783, 'after update', 18, 0, 300, '-', 'AKTIF', 7, 2, '2020-06-29 12:18:09', '2020-07-06 05:34:11', 1, 1, 8415),
(3784, 'after update', 10, 0, 1, 'poiuytrewq', 'nonaktif', 5, 1, '2020-06-22 01:46:33', '2020-07-04 10:18:19', 1, 1, 8416),
(3785, 'after update', 24, 0, 1, '-', 'AKTIF', 5, 1, '2020-07-04 10:18:46', '2020-07-04 10:25:16', 1, 1, 8417),
(3786, 'after update', 16, 0, 180, '-', 'AKTIF', 5, 2, '2020-06-22 03:01:02', '2020-07-06 05:21:27', 1, 1, 8418),
(3787, 'after update', 17, 0, 300, '-', 'AKTIF', 6, 2, '2020-06-22 05:26:20', '2020-07-06 05:21:38', 1, 1, 8419),
(3788, 'after update', 19, 0, 2, '-', 'nonaktif', 7, 1, '2020-07-04 09:08:25', '2020-07-04 09:16:51', 1, 1, 8420),
(3789, 'after update', 25, 0, 2, '-', 'AKTIF', 7, 1, '2020-07-04 10:18:46', '2020-07-04 10:25:21', 1, 1, 8421),
(3790, 'after update', 18, 0, 300, '-', 'AKTIF', 7, 2, '2020-06-29 12:18:09', '2020-07-06 05:34:11', 1, 1, 8422),
(3791, 'after update', 10, 0, 1, 'poiuytrewq', 'nonaktif', 5, 1, '2020-06-22 01:46:33', '2020-07-04 10:18:19', 1, 1, 8423),
(3792, 'after update', 24, 0, 1, '-', 'AKTIF', 5, 1, '2020-07-04 10:18:46', '2020-07-04 10:25:16', 1, 1, 8424),
(3793, 'after update', 16, 0, 180, '-', 'AKTIF', 5, 2, '2020-06-22 03:01:02', '2020-07-06 05:21:27', 1, 1, 8425),
(3794, 'after update', 17, 0, 300, '-', 'AKTIF', 6, 2, '2020-06-22 05:26:20', '2020-07-06 05:21:38', 1, 1, 8426),
(3795, 'after update', 19, 0, 2, '-', 'nonaktif', 7, 1, '2020-07-04 09:08:25', '2020-07-04 09:16:51', 1, 1, 8427),
(3796, 'after update', 25, 0, 2, '-', 'AKTIF', 7, 1, '2020-07-04 10:18:46', '2020-07-04 10:25:21', 1, 1, 8428),
(3797, 'after update', 18, 0, 300, '-', 'AKTIF', 7, 2, '2020-06-29 12:18:09', '2020-07-06 05:34:11', 1, 1, 8429),
(3798, 'after update', 10, 0, 1, 'poiuytrewq', 'nonaktif', 5, 1, '2020-06-22 01:46:33', '2020-07-04 10:18:19', 1, 1, 8430),
(3799, 'after update', 24, 0, 1, '-', 'AKTIF', 5, 1, '2020-07-04 10:18:46', '2020-07-04 10:25:16', 1, 1, 8431),
(3800, 'after update', 16, 0, 180, '-', 'AKTIF', 5, 2, '2020-06-22 03:01:02', '2020-07-06 05:21:27', 1, 1, 8432),
(3801, 'after update', 17, 0, 300, '-', 'AKTIF', 6, 2, '2020-06-22 05:26:20', '2020-07-06 05:21:38', 1, 1, 8433),
(3802, 'after update', 19, 0, 2, '-', 'nonaktif', 7, 1, '2020-07-04 09:08:25', '2020-07-04 09:16:51', 1, 1, 8434),
(3803, 'after update', 25, 0, 2, '-', 'AKTIF', 7, 1, '2020-07-04 10:18:46', '2020-07-04 10:25:21', 1, 1, 8435),
(3804, 'after update', 18, 0, 300, '-', 'AKTIF', 7, 2, '2020-06-29 12:18:09', '2020-07-06 05:34:11', 1, 1, 8436),
(3805, 'after update', 10, 0, 1, 'poiuytrewq', 'nonaktif', 5, 1, '2020-06-22 01:46:33', '2020-07-04 10:18:19', 1, 1, 8437),
(3806, 'after update', 24, 0, 1, '-', 'AKTIF', 5, 1, '2020-07-04 10:18:46', '2020-07-04 10:25:16', 1, 1, 8438),
(3807, 'after update', 16, 0, 180, '-', 'AKTIF', 5, 2, '2020-06-22 03:01:02', '2020-07-06 05:21:27', 1, 1, 8439),
(3808, 'after update', 17, 0, 300, '-', 'AKTIF', 6, 2, '2020-06-22 05:26:20', '2020-07-06 05:21:38', 1, 1, 8440),
(3809, 'after update', 19, 0, 2, '-', 'nonaktif', 7, 1, '2020-07-04 09:08:25', '2020-07-04 09:16:51', 1, 1, 8441),
(3810, 'after update', 25, 0, 2, '-', 'AKTIF', 7, 1, '2020-07-04 10:18:46', '2020-07-04 10:25:21', 1, 1, 8442),
(3811, 'after update', 18, 0, 300, '-', 'AKTIF', 7, 2, '2020-06-29 12:18:09', '2020-07-06 05:34:11', 1, 1, 8443),
(3812, 'after update', 10, 0, 1, 'poiuytrewq', 'nonaktif', 5, 1, '2020-06-22 01:46:33', '2020-07-04 10:18:19', 1, 1, 8444),
(3813, 'after update', 24, 0, 1, '-', 'AKTIF', 5, 1, '2020-07-04 10:18:46', '2020-07-04 10:25:16', 1, 1, 8445),
(3814, 'after update', 16, 0, 180, '-', 'AKTIF', 5, 2, '2020-06-22 03:01:02', '2020-07-06 05:21:27', 1, 1, 8446),
(3815, 'after update', 17, 0, 300, '-', 'AKTIF', 6, 2, '2020-06-22 05:26:20', '2020-07-06 05:21:38', 1, 1, 8447),
(3816, 'after update', 19, 0, 2, '-', 'nonaktif', 7, 1, '2020-07-04 09:08:25', '2020-07-04 09:16:51', 1, 1, 8448),
(3817, 'after update', 25, 0, 2, '-', 'AKTIF', 7, 1, '2020-07-04 10:18:46', '2020-07-04 10:25:21', 1, 1, 8449),
(3818, 'after update', 18, 0, 300, '-', 'AKTIF', 7, 2, '2020-06-29 12:18:09', '2020-07-06 05:34:11', 1, 1, 8450),
(3819, 'after update', 10, 0, 1, 'poiuytrewq', 'nonaktif', 5, 1, '2020-06-22 01:46:33', '2020-07-04 10:18:19', 1, 1, 8451),
(3820, 'after update', 24, 0, 1, '-', 'AKTIF', 5, 1, '2020-07-04 10:18:46', '2020-07-04 10:25:16', 1, 1, 8452),
(3821, 'after update', 16, 0, 180, '-', 'AKTIF', 5, 2, '2020-06-22 03:01:02', '2020-07-06 05:21:27', 1, 1, 8453),
(3822, 'after update', 17, 0, 300, '-', 'AKTIF', 6, 2, '2020-06-22 05:26:20', '2020-07-06 05:21:38', 1, 1, 8454),
(3823, 'after update', 19, 0, 2, '-', 'nonaktif', 7, 1, '2020-07-04 09:08:25', '2020-07-04 09:16:51', 1, 1, 8455),
(3824, 'after update', 25, 0, 2, '-', 'AKTIF', 7, 1, '2020-07-04 10:18:46', '2020-07-04 10:25:21', 1, 1, 8456),
(3825, 'after update', 18, 0, 300, '-', 'AKTIF', 7, 2, '2020-06-29 12:18:09', '2020-07-06 05:34:11', 1, 1, 8457),
(3826, 'after update', 10, 0, 1, 'poiuytrewq', 'nonaktif', 5, 1, '2020-06-22 01:46:33', '2020-07-04 10:18:19', 1, 1, 8458),
(3827, 'after update', 24, 0, 1, '-', 'AKTIF', 5, 1, '2020-07-04 10:18:46', '2020-07-04 10:25:16', 1, 1, 8459),
(3828, 'after update', 16, 0, 180, '-', 'AKTIF', 5, 2, '2020-06-22 03:01:02', '2020-07-06 05:21:27', 1, 1, 8460),
(3829, 'after update', 17, 0, 300, '-', 'AKTIF', 6, 2, '2020-06-22 05:26:20', '2020-07-06 05:21:38', 1, 1, 8461),
(3830, 'after update', 19, 0, 2, '-', 'nonaktif', 7, 1, '2020-07-04 09:08:25', '2020-07-04 09:16:51', 1, 1, 8462),
(3831, 'after update', 25, 0, 2, '-', 'AKTIF', 7, 1, '2020-07-04 10:18:46', '2020-07-04 10:25:21', 1, 1, 8463),
(3832, 'after update', 18, 0, 300, '-', 'AKTIF', 7, 2, '2020-06-29 12:18:09', '2020-07-06 05:34:11', 1, 1, 8464),
(3833, 'after update', 10, 0, 1, 'poiuytrewq', 'nonaktif', 5, 1, '2020-06-22 01:46:33', '2020-07-04 10:18:19', 1, 1, 8468),
(3834, 'after update', 24, 0, 1, '-', 'AKTIF', 5, 1, '2020-07-04 10:18:46', '2020-07-04 10:25:16', 1, 1, 8469),
(3835, 'after update', 16, 0, 180, '-', 'AKTIF', 5, 2, '2020-06-22 03:01:02', '2020-07-06 05:21:27', 1, 1, 8470),
(3836, 'after update', 17, 0, 300, '-', 'AKTIF', 6, 2, '2020-06-22 05:26:20', '2020-07-06 05:21:38', 1, 1, 8471),
(3837, 'after update', 19, 0, 2, '-', 'nonaktif', 7, 1, '2020-07-04 09:08:25', '2020-07-04 09:16:51', 1, 1, 8472),
(3838, 'after update', 25, 0, 2, '-', 'AKTIF', 7, 1, '2020-07-04 10:18:46', '2020-07-04 10:25:21', 1, 1, 8473),
(3839, 'after update', 18, 0, 300, '-', 'AKTIF', 7, 2, '2020-06-29 12:18:09', '2020-07-06 05:34:11', 1, 1, 8474),
(3840, 'after update', 10, 0, 1, 'poiuytrewq', 'nonaktif', 5, 1, '2020-06-22 01:46:33', '2020-07-04 10:18:19', 1, 1, 8475),
(3841, 'after update', 24, 0, 1, '-', 'AKTIF', 5, 1, '2020-07-04 10:18:46', '2020-07-04 10:25:16', 1, 1, 8476),
(3842, 'after update', 16, 0, 180, '-', 'AKTIF', 5, 2, '2020-06-22 03:01:02', '2020-07-06 05:21:27', 1, 1, 8477),
(3843, 'after update', 17, 0, 300, '-', 'AKTIF', 6, 2, '2020-06-22 05:26:20', '2020-07-06 05:21:38', 1, 1, 8478),
(3844, 'after update', 19, 0, 2, '-', 'nonaktif', 7, 1, '2020-07-04 09:08:25', '2020-07-04 09:16:51', 1, 1, 8479),
(3845, 'after update', 25, 0, 2, '-', 'AKTIF', 7, 1, '2020-07-04 10:18:46', '2020-07-04 10:25:21', 1, 1, 8480),
(3846, 'after update', 18, 0, 300, '-', 'AKTIF', 7, 2, '2020-06-29 12:18:09', '2020-07-06 05:34:11', 1, 1, 8481),
(3847, 'after update', 10, 0, 1, 'poiuytrewq', 'nonaktif', 5, 1, '2020-06-22 01:46:33', '2020-07-04 10:18:19', 1, 1, 8482),
(3848, 'after update', 24, 0, 1, '-', 'AKTIF', 5, 1, '2020-07-04 10:18:46', '2020-07-04 10:25:16', 1, 1, 8483),
(3849, 'after update', 16, 0, 180, '-', 'AKTIF', 5, 2, '2020-06-22 03:01:02', '2020-07-06 05:21:27', 1, 1, 8484),
(3850, 'after update', 17, 0, 300, '-', 'AKTIF', 6, 2, '2020-06-22 05:26:20', '2020-07-06 05:21:38', 1, 1, 8485),
(3851, 'after update', 19, 0, 2, '-', 'nonaktif', 7, 1, '2020-07-04 09:08:25', '2020-07-04 09:16:51', 1, 1, 8486),
(3852, 'after update', 25, 0, 2, '-', 'AKTIF', 7, 1, '2020-07-04 10:18:46', '2020-07-04 10:25:21', 1, 1, 8487),
(3853, 'after update', 18, 0, 300, '-', 'AKTIF', 7, 2, '2020-06-29 12:18:09', '2020-07-06 05:34:11', 1, 1, 8488),
(3854, 'after update', 10, 0, 1, 'poiuytrewq', 'nonaktif', 5, 1, '2020-06-22 01:46:33', '2020-07-04 10:18:19', 1, 1, 8489),
(3855, 'after update', 24, 0, 1, '-', 'AKTIF', 5, 1, '2020-07-04 10:18:46', '2020-07-04 10:25:16', 1, 1, 8490),
(3856, 'after update', 16, 0, 180, '-', 'AKTIF', 5, 2, '2020-06-22 03:01:02', '2020-07-06 05:21:27', 1, 1, 8491),
(3857, 'after update', 17, 0, 300, '-', 'AKTIF', 6, 2, '2020-06-22 05:26:20', '2020-07-06 05:21:38', 1, 1, 8492),
(3858, 'after update', 19, 0, 2, '-', 'nonaktif', 7, 1, '2020-07-04 09:08:25', '2020-07-04 09:16:51', 1, 1, 8493),
(3859, 'after update', 25, 0, 2, '-', 'AKTIF', 7, 1, '2020-07-04 10:18:46', '2020-07-04 10:25:21', 1, 1, 8494),
(3860, 'after update', 18, 0, 300, '-', 'AKTIF', 7, 2, '2020-06-29 12:18:09', '2020-07-06 05:34:11', 1, 1, 8495),
(3861, 'after update', 10, 0, 1, 'poiuytrewq', 'nonaktif', 5, 1, '2020-06-22 01:46:33', '2020-07-04 10:18:19', 1, 1, 8496),
(3862, 'after update', 24, 0, 1, '-', 'AKTIF', 5, 1, '2020-07-04 10:18:46', '2020-07-04 10:25:16', 1, 1, 8497),
(3863, 'after update', 16, 0, 180, '-', 'AKTIF', 5, 2, '2020-06-22 03:01:02', '2020-07-06 05:21:27', 1, 1, 8498),
(3864, 'after update', 17, 0, 300, '-', 'AKTIF', 6, 2, '2020-06-22 05:26:20', '2020-07-06 05:21:38', 1, 1, 8499),
(3865, 'after update', 19, 0, 2, '-', 'nonaktif', 7, 1, '2020-07-04 09:08:25', '2020-07-04 09:16:51', 1, 1, 8500),
(3866, 'after update', 25, 0, 2, '-', 'AKTIF', 7, 1, '2020-07-04 10:18:46', '2020-07-04 10:25:21', 1, 1, 8501),
(3867, 'after update', 18, 0, 300, '-', 'AKTIF', 7, 2, '2020-06-29 12:18:09', '2020-07-06 05:34:11', 1, 1, 8502),
(3868, 'after update', 10, 0, 1, 'poiuytrewq', 'nonaktif', 5, 1, '2020-06-22 01:46:33', '2020-07-04 10:18:19', 1, 1, 8503),
(3869, 'after update', 24, 0, 1, '-', 'AKTIF', 5, 1, '2020-07-04 10:18:46', '2020-07-04 10:25:16', 1, 1, 8504),
(3870, 'after update', 16, 0, 180, '-', 'AKTIF', 5, 2, '2020-06-22 03:01:02', '2020-07-06 05:21:27', 1, 1, 8505),
(3871, 'after update', 17, 0, 300, '-', 'AKTIF', 6, 2, '2020-06-22 05:26:20', '2020-07-06 05:21:38', 1, 1, 8506),
(3872, 'after update', 19, 0, 2, '-', 'nonaktif', 7, 1, '2020-07-04 09:08:25', '2020-07-04 09:16:51', 1, 1, 8507),
(3873, 'after update', 25, 0, 2, '-', 'AKTIF', 7, 1, '2020-07-04 10:18:46', '2020-07-04 10:25:21', 1, 1, 8508),
(3874, 'after update', 18, 0, 300, '-', 'AKTIF', 7, 2, '2020-06-29 12:18:09', '2020-07-06 05:34:11', 1, 1, 8509),
(3875, 'after update', 10, 0, 1, 'poiuytrewq', 'nonaktif', 5, 1, '2020-06-22 01:46:33', '2020-07-04 10:18:19', 1, 1, 8510),
(3876, 'after update', 24, 0, 1, '-', 'AKTIF', 5, 1, '2020-07-04 10:18:46', '2020-07-04 10:25:16', 1, 1, 8511),
(3877, 'after update', 16, 0, 180, '-', 'AKTIF', 5, 2, '2020-06-22 03:01:02', '2020-07-06 05:21:27', 1, 1, 8512),
(3878, 'after update', 17, 0, 300, '-', 'AKTIF', 6, 2, '2020-06-22 05:26:20', '2020-07-06 05:21:38', 1, 1, 8513),
(3879, 'after update', 19, 0, 2, '-', 'nonaktif', 7, 1, '2020-07-04 09:08:25', '2020-07-04 09:16:51', 1, 1, 8514),
(3880, 'after update', 25, 0, 2, '-', 'AKTIF', 7, 1, '2020-07-04 10:18:46', '2020-07-04 10:25:21', 1, 1, 8515),
(3881, 'after update', 18, 0, 300, '-', 'AKTIF', 7, 2, '2020-06-29 12:18:09', '2020-07-06 05:34:11', 1, 1, 8516),
(3882, 'after update', 10, 0, 1, 'poiuytrewq', 'nonaktif', 5, 1, '2020-06-22 01:46:33', '2020-07-04 10:18:19', 1, 1, 8517),
(3883, 'after update', 24, 0, 1, '-', 'AKTIF', 5, 1, '2020-07-04 10:18:46', '2020-07-04 10:25:16', 1, 1, 8518),
(3884, 'after update', 16, 0, 180, '-', 'AKTIF', 5, 2, '2020-06-22 03:01:02', '2020-07-06 05:21:27', 1, 1, 8519),
(3885, 'after update', 17, 0, 300, '-', 'AKTIF', 6, 2, '2020-06-22 05:26:20', '2020-07-06 05:21:38', 1, 1, 8520),
(3886, 'after update', 19, 0, 2, '-', 'nonaktif', 7, 1, '2020-07-04 09:08:25', '2020-07-04 09:16:51', 1, 1, 8521),
(3887, 'after update', 25, 0, 2, '-', 'AKTIF', 7, 1, '2020-07-04 10:18:46', '2020-07-04 10:25:21', 1, 1, 8522),
(3888, 'after update', 18, 0, 300, '-', 'AKTIF', 7, 2, '2020-06-29 12:18:09', '2020-07-06 05:34:11', 1, 1, 8523),
(3889, 'after update', 10, 0, 1, 'poiuytrewq', 'nonaktif', 5, 1, '2020-06-22 01:46:33', '2020-07-04 10:18:19', 1, 1, 8534),
(3890, 'after update', 24, 0, 1, '-', 'AKTIF', 5, 1, '2020-07-04 10:18:46', '2020-07-04 10:25:16', 1, 1, 8535),
(3891, 'after update', 16, 0, 180, '-', 'AKTIF', 5, 2, '2020-06-22 03:01:02', '2020-07-06 05:21:27', 1, 1, 8536),
(3892, 'after update', 17, 0, 300, '-', 'AKTIF', 6, 2, '2020-06-22 05:26:20', '2020-07-06 05:21:38', 1, 1, 8537);
INSERT INTO `tbl_brg_cabang_log` (`id_pk_brg_cabang_log`, `executed_function`, `id_pk_brg_cabang`, `brg_cabang_qty`, `brg_cabang_last_price`, `brg_cabang_notes`, `brg_cabang_status`, `id_fk_brg`, `id_fk_cabang`, `brg_cabang_create_date`, `brg_cabang_last_modified`, `id_create_data`, `id_last_modified`, `id_log_all`) VALUES
(3893, 'after update', 19, 0, 2, '-', 'nonaktif', 7, 1, '2020-07-04 09:08:25', '2020-07-04 09:16:51', 1, 1, 8538),
(3894, 'after update', 25, 0, 2, '-', 'AKTIF', 7, 1, '2020-07-04 10:18:46', '2020-07-04 10:25:21', 1, 1, 8539),
(3895, 'after update', 18, 0, 300, '-', 'AKTIF', 7, 2, '2020-06-29 12:18:09', '2020-07-06 05:34:11', 1, 1, 8540),
(3896, 'after update', 10, 0, 1, 'poiuytrewq', 'nonaktif', 5, 1, '2020-06-22 01:46:33', '2020-07-04 10:18:19', 1, 1, 8541),
(3897, 'after update', 24, 0, 1, '-', 'AKTIF', 5, 1, '2020-07-04 10:18:46', '2020-07-04 10:25:16', 1, 1, 8542),
(3898, 'after update', 16, 0, 180, '-', 'AKTIF', 5, 2, '2020-06-22 03:01:02', '2020-07-06 05:21:27', 1, 1, 8543),
(3899, 'after update', 17, 0, 300, '-', 'AKTIF', 6, 2, '2020-06-22 05:26:20', '2020-07-06 05:21:38', 1, 1, 8544),
(3900, 'after update', 19, 0, 2, '-', 'nonaktif', 7, 1, '2020-07-04 09:08:25', '2020-07-04 09:16:51', 1, 1, 8545),
(3901, 'after update', 25, 0, 2, '-', 'AKTIF', 7, 1, '2020-07-04 10:18:46', '2020-07-04 10:25:21', 1, 1, 8546),
(3902, 'after update', 18, 0, 300, '-', 'AKTIF', 7, 2, '2020-06-29 12:18:09', '2020-07-06 05:34:11', 1, 1, 8547),
(3903, 'after update', 10, 0, 1, 'poiuytrewq', 'nonaktif', 5, 1, '2020-06-22 01:46:33', '2020-07-04 10:18:19', 1, 1, 8548),
(3904, 'after update', 24, 0, 1, '-', 'AKTIF', 5, 1, '2020-07-04 10:18:46', '2020-07-04 10:25:16', 1, 1, 8549),
(3905, 'after update', 16, 0, 180, '-', 'AKTIF', 5, 2, '2020-06-22 03:01:02', '2020-07-06 05:21:27', 1, 1, 8550),
(3906, 'after update', 17, 0, 300, '-', 'AKTIF', 6, 2, '2020-06-22 05:26:20', '2020-07-06 05:21:38', 1, 1, 8551),
(3907, 'after update', 19, 0, 2, '-', 'nonaktif', 7, 1, '2020-07-04 09:08:25', '2020-07-04 09:16:51', 1, 1, 8552),
(3908, 'after update', 25, 0, 2, '-', 'AKTIF', 7, 1, '2020-07-04 10:18:46', '2020-07-04 10:25:21', 1, 1, 8553),
(3909, 'after update', 18, 0, 300, '-', 'AKTIF', 7, 2, '2020-06-29 12:18:09', '2020-07-06 05:34:11', 1, 1, 8554),
(3910, 'after update', 10, 0, 1, 'poiuytrewq', 'nonaktif', 5, 1, '2020-06-22 01:46:33', '2020-07-04 10:18:19', 1, 1, 8555),
(3911, 'after update', 24, 0, 1, '-', 'AKTIF', 5, 1, '2020-07-04 10:18:46', '2020-07-04 10:25:16', 1, 1, 8556),
(3912, 'after update', 16, 0, 180, '-', 'AKTIF', 5, 2, '2020-06-22 03:01:02', '2020-07-06 05:21:27', 1, 1, 8557),
(3913, 'after update', 17, 0, 300, '-', 'AKTIF', 6, 2, '2020-06-22 05:26:20', '2020-07-06 05:21:38', 1, 1, 8558),
(3914, 'after update', 19, 0, 2, '-', 'nonaktif', 7, 1, '2020-07-04 09:08:25', '2020-07-04 09:16:51', 1, 1, 8559),
(3915, 'after update', 25, 0, 2, '-', 'AKTIF', 7, 1, '2020-07-04 10:18:46', '2020-07-04 10:25:21', 1, 1, 8560),
(3916, 'after update', 18, 0, 300, '-', 'AKTIF', 7, 2, '2020-06-29 12:18:09', '2020-07-06 05:34:11', 1, 1, 8561),
(3917, 'after update', 10, 0, 1, 'poiuytrewq', 'nonaktif', 5, 1, '2020-06-22 01:46:33', '2020-07-04 10:18:19', 1, 1, 8562),
(3918, 'after update', 24, 0, 1, '-', 'AKTIF', 5, 1, '2020-07-04 10:18:46', '2020-07-04 10:25:16', 1, 1, 8563),
(3919, 'after update', 16, 0, 180, '-', 'AKTIF', 5, 2, '2020-06-22 03:01:02', '2020-07-06 05:21:27', 1, 1, 8564),
(3920, 'after update', 17, 0, 300, '-', 'AKTIF', 6, 2, '2020-06-22 05:26:20', '2020-07-06 05:21:38', 1, 1, 8565),
(3921, 'after update', 19, 0, 2, '-', 'nonaktif', 7, 1, '2020-07-04 09:08:25', '2020-07-04 09:16:51', 1, 1, 8566),
(3922, 'after update', 25, 0, 2, '-', 'AKTIF', 7, 1, '2020-07-04 10:18:46', '2020-07-04 10:25:21', 1, 1, 8567),
(3923, 'after update', 18, 0, 300, '-', 'AKTIF', 7, 2, '2020-06-29 12:18:09', '2020-07-06 05:34:11', 1, 1, 8568),
(3924, 'after update', 10, 0, 1, 'poiuytrewq', 'nonaktif', 5, 1, '2020-06-22 01:46:33', '2020-07-04 10:18:19', 1, 1, 8569),
(3925, 'after update', 24, 0, 1, '-', 'AKTIF', 5, 1, '2020-07-04 10:18:46', '2020-07-04 10:25:16', 1, 1, 8570),
(3926, 'after update', 16, 0, 180, '-', 'AKTIF', 5, 2, '2020-06-22 03:01:02', '2020-07-06 05:21:27', 1, 1, 8571),
(3927, 'after update', 17, 0, 300, '-', 'AKTIF', 6, 2, '2020-06-22 05:26:20', '2020-07-06 05:21:38', 1, 1, 8572),
(3928, 'after update', 19, 0, 2, '-', 'nonaktif', 7, 1, '2020-07-04 09:08:25', '2020-07-04 09:16:51', 1, 1, 8573),
(3929, 'after update', 25, 0, 2, '-', 'AKTIF', 7, 1, '2020-07-04 10:18:46', '2020-07-04 10:25:21', 1, 1, 8574),
(3930, 'after update', 18, 0, 300, '-', 'AKTIF', 7, 2, '2020-06-29 12:18:09', '2020-07-06 05:34:11', 1, 1, 8575),
(3931, 'after update', 10, 0, 1, 'poiuytrewq', 'nonaktif', 5, 1, '2020-06-22 01:46:33', '2020-07-04 10:18:19', 1, 1, 8576),
(3932, 'after update', 24, 0, 1, '-', 'AKTIF', 5, 1, '2020-07-04 10:18:46', '2020-07-04 10:25:16', 1, 1, 8577),
(3933, 'after update', 16, 0, 180, '-', 'AKTIF', 5, 2, '2020-06-22 03:01:02', '2020-07-06 05:21:27', 1, 1, 8578),
(3934, 'after update', 17, 0, 300, '-', 'AKTIF', 6, 2, '2020-06-22 05:26:20', '2020-07-06 05:21:38', 1, 1, 8579),
(3935, 'after update', 19, 0, 2, '-', 'nonaktif', 7, 1, '2020-07-04 09:08:25', '2020-07-04 09:16:51', 1, 1, 8580),
(3936, 'after update', 25, 0, 2, '-', 'AKTIF', 7, 1, '2020-07-04 10:18:46', '2020-07-04 10:25:21', 1, 1, 8581),
(3937, 'after update', 18, 0, 300, '-', 'AKTIF', 7, 2, '2020-06-29 12:18:09', '2020-07-06 05:34:11', 1, 1, 8582),
(3938, 'after update', 10, 0, 1, 'poiuytrewq', 'nonaktif', 5, 1, '2020-06-22 01:46:33', '2020-07-04 10:18:19', 1, 1, 8583),
(3939, 'after update', 24, 0, 1, '-', 'AKTIF', 5, 1, '2020-07-04 10:18:46', '2020-07-04 10:25:16', 1, 1, 8584),
(3940, 'after update', 16, 0, 180, '-', 'AKTIF', 5, 2, '2020-06-22 03:01:02', '2020-07-06 05:21:27', 1, 1, 8585),
(3941, 'after update', 17, 0, 300, '-', 'AKTIF', 6, 2, '2020-06-22 05:26:20', '2020-07-06 05:21:38', 1, 1, 8586),
(3942, 'after update', 19, 0, 2, '-', 'nonaktif', 7, 1, '2020-07-04 09:08:25', '2020-07-04 09:16:51', 1, 1, 8587),
(3943, 'after update', 25, 0, 2, '-', 'AKTIF', 7, 1, '2020-07-04 10:18:46', '2020-07-04 10:25:21', 1, 1, 8588),
(3944, 'after update', 18, 0, 300, '-', 'AKTIF', 7, 2, '2020-06-29 12:18:09', '2020-07-06 05:34:11', 1, 1, 8589),
(3945, 'after update', 10, 0, 1, 'poiuytrewq', 'nonaktif', 5, 1, '2020-06-22 01:46:33', '2020-07-04 10:18:19', 1, 1, 8590),
(3946, 'after update', 24, 0, 1, '-', 'AKTIF', 5, 1, '2020-07-04 10:18:46', '2020-07-04 10:25:16', 1, 1, 8591),
(3947, 'after update', 16, 0, 180, '-', 'AKTIF', 5, 2, '2020-06-22 03:01:02', '2020-07-06 05:21:27', 1, 1, 8592),
(3948, 'after update', 17, 0, 300, '-', 'AKTIF', 6, 2, '2020-06-22 05:26:20', '2020-07-06 05:21:38', 1, 1, 8593),
(3949, 'after update', 19, 0, 2, '-', 'nonaktif', 7, 1, '2020-07-04 09:08:25', '2020-07-04 09:16:51', 1, 1, 8594),
(3950, 'after update', 25, 0, 2, '-', 'AKTIF', 7, 1, '2020-07-04 10:18:46', '2020-07-04 10:25:21', 1, 1, 8595),
(3951, 'after update', 18, 0, 300, '-', 'AKTIF', 7, 2, '2020-06-29 12:18:09', '2020-07-06 05:34:11', 1, 1, 8596),
(3952, 'after update', 10, 0, 1, 'poiuytrewq', 'nonaktif', 5, 1, '2020-06-22 01:46:33', '2020-07-04 10:18:19', 1, 1, 8597),
(3953, 'after update', 24, 0, 1, '-', 'AKTIF', 5, 1, '2020-07-04 10:18:46', '2020-07-04 10:25:16', 1, 1, 8598),
(3954, 'after update', 16, 0, 180, '-', 'AKTIF', 5, 2, '2020-06-22 03:01:02', '2020-07-06 05:21:27', 1, 1, 8599),
(3955, 'after update', 17, 0, 300, '-', 'AKTIF', 6, 2, '2020-06-22 05:26:20', '2020-07-06 05:21:38', 1, 1, 8600),
(3956, 'after update', 19, 0, 2, '-', 'nonaktif', 7, 1, '2020-07-04 09:08:25', '2020-07-04 09:16:51', 1, 1, 8601),
(3957, 'after update', 25, 0, 2, '-', 'AKTIF', 7, 1, '2020-07-04 10:18:46', '2020-07-04 10:25:21', 1, 1, 8602),
(3958, 'after update', 18, 0, 300, '-', 'AKTIF', 7, 2, '2020-06-29 12:18:09', '2020-07-06 05:34:11', 1, 1, 8603),
(3959, 'after update', 10, 0, 1, 'poiuytrewq', 'nonaktif', 5, 1, '2020-06-22 01:46:33', '2020-07-04 10:18:19', 1, 1, 8604),
(3960, 'after update', 24, 0, 1, '-', 'AKTIF', 5, 1, '2020-07-04 10:18:46', '2020-07-04 10:25:16', 1, 1, 8605),
(3961, 'after update', 16, 0, 180, '-', 'AKTIF', 5, 2, '2020-06-22 03:01:02', '2020-07-06 05:21:27', 1, 1, 8606),
(3962, 'after update', 17, 0, 300, '-', 'AKTIF', 6, 2, '2020-06-22 05:26:20', '2020-07-06 05:21:38', 1, 1, 8607),
(3963, 'after update', 19, 0, 2, '-', 'nonaktif', 7, 1, '2020-07-04 09:08:25', '2020-07-04 09:16:51', 1, 1, 8608),
(3964, 'after update', 25, 0, 2, '-', 'AKTIF', 7, 1, '2020-07-04 10:18:46', '2020-07-04 10:25:21', 1, 1, 8609),
(3965, 'after update', 18, 0, 300, '-', 'AKTIF', 7, 2, '2020-06-29 12:18:09', '2020-07-06 05:34:11', 1, 1, 8610),
(3966, 'after update', 10, 0, 1, 'poiuytrewq', 'nonaktif', 5, 1, '2020-06-22 01:46:33', '2020-07-04 10:18:19', 1, 1, 8611),
(3967, 'after update', 24, 0, 1, '-', 'AKTIF', 5, 1, '2020-07-04 10:18:46', '2020-07-04 10:25:16', 1, 1, 8612),
(3968, 'after update', 16, 0, 180, '-', 'AKTIF', 5, 2, '2020-06-22 03:01:02', '2020-07-06 05:21:27', 1, 1, 8613),
(3969, 'after update', 17, 0, 300, '-', 'AKTIF', 6, 2, '2020-06-22 05:26:20', '2020-07-06 05:21:38', 1, 1, 8614),
(3970, 'after update', 19, 0, 2, '-', 'nonaktif', 7, 1, '2020-07-04 09:08:25', '2020-07-04 09:16:51', 1, 1, 8615),
(3971, 'after update', 25, 0, 2, '-', 'AKTIF', 7, 1, '2020-07-04 10:18:46', '2020-07-04 10:25:21', 1, 1, 8616),
(3972, 'after update', 18, 0, 300, '-', 'AKTIF', 7, 2, '2020-06-29 12:18:09', '2020-07-06 05:34:11', 1, 1, 8617),
(3973, 'after update', 10, 0, 1, 'poiuytrewq', 'nonaktif', 5, 1, '2020-06-22 01:46:33', '2020-07-04 10:18:19', 1, 1, 8618),
(3974, 'after update', 24, 0, 1, '-', 'AKTIF', 5, 1, '2020-07-04 10:18:46', '2020-07-04 10:25:16', 1, 1, 8619),
(3975, 'after update', 16, 0, 180, '-', 'AKTIF', 5, 2, '2020-06-22 03:01:02', '2020-07-06 05:21:27', 1, 1, 8620),
(3976, 'after update', 17, 0, 300, '-', 'AKTIF', 6, 2, '2020-06-22 05:26:20', '2020-07-06 05:21:38', 1, 1, 8621),
(3977, 'after update', 19, 0, 2, '-', 'nonaktif', 7, 1, '2020-07-04 09:08:25', '2020-07-04 09:16:51', 1, 1, 8622),
(3978, 'after update', 25, 0, 2, '-', 'AKTIF', 7, 1, '2020-07-04 10:18:46', '2020-07-04 10:25:21', 1, 1, 8623),
(3979, 'after update', 18, 0, 300, '-', 'AKTIF', 7, 2, '2020-06-29 12:18:09', '2020-07-06 05:34:11', 1, 1, 8624),
(3980, 'after update', 10, 0, 1, 'poiuytrewq', 'nonaktif', 5, 1, '2020-06-22 01:46:33', '2020-07-04 10:18:19', 1, 1, 8625),
(3981, 'after update', 24, 0, 1, '-', 'AKTIF', 5, 1, '2020-07-04 10:18:46', '2020-07-04 10:25:16', 1, 1, 8626),
(3982, 'after update', 16, 0, 180, '-', 'AKTIF', 5, 2, '2020-06-22 03:01:02', '2020-07-06 05:21:27', 1, 1, 8627),
(3983, 'after update', 17, 0, 300, '-', 'AKTIF', 6, 2, '2020-06-22 05:26:20', '2020-07-06 05:21:38', 1, 1, 8628),
(3984, 'after update', 19, 0, 2, '-', 'nonaktif', 7, 1, '2020-07-04 09:08:25', '2020-07-04 09:16:51', 1, 1, 8629),
(3985, 'after update', 25, 0, 2, '-', 'AKTIF', 7, 1, '2020-07-04 10:18:46', '2020-07-04 10:25:21', 1, 1, 8630),
(3986, 'after update', 18, 0, 300, '-', 'AKTIF', 7, 2, '2020-06-29 12:18:09', '2020-07-06 05:34:11', 1, 1, 8631),
(3987, 'after update', 10, 0, 1, 'poiuytrewq', 'nonaktif', 5, 1, '2020-06-22 01:46:33', '2020-07-04 10:18:19', 1, 1, 8632),
(3988, 'after update', 24, 0, 1, '-', 'AKTIF', 5, 1, '2020-07-04 10:18:46', '2020-07-04 10:25:16', 1, 1, 8633),
(3989, 'after update', 16, 0, 180, '-', 'AKTIF', 5, 2, '2020-06-22 03:01:02', '2020-07-06 05:21:27', 1, 1, 8634),
(3990, 'after update', 17, 0, 300, '-', 'AKTIF', 6, 2, '2020-06-22 05:26:20', '2020-07-06 05:21:38', 1, 1, 8635),
(3991, 'after update', 19, 0, 2, '-', 'nonaktif', 7, 1, '2020-07-04 09:08:25', '2020-07-04 09:16:51', 1, 1, 8636),
(3992, 'after update', 25, 0, 2, '-', 'AKTIF', 7, 1, '2020-07-04 10:18:46', '2020-07-04 10:25:21', 1, 1, 8637),
(3993, 'after update', 18, 0, 300, '-', 'AKTIF', 7, 2, '2020-06-29 12:18:09', '2020-07-06 05:34:11', 1, 1, 8638),
(3994, 'after update', 10, 0, 1, 'poiuytrewq', 'nonaktif', 5, 1, '2020-06-22 01:46:33', '2020-07-04 10:18:19', 1, 1, 8639),
(3995, 'after update', 24, 0, 1, '-', 'AKTIF', 5, 1, '2020-07-04 10:18:46', '2020-07-04 10:25:16', 1, 1, 8640),
(3996, 'after update', 16, 0, 180, '-', 'AKTIF', 5, 2, '2020-06-22 03:01:02', '2020-07-06 05:21:27', 1, 1, 8641),
(3997, 'after update', 17, 0, 300, '-', 'AKTIF', 6, 2, '2020-06-22 05:26:20', '2020-07-06 05:21:38', 1, 1, 8642),
(3998, 'after update', 19, 0, 2, '-', 'nonaktif', 7, 1, '2020-07-04 09:08:25', '2020-07-04 09:16:51', 1, 1, 8643),
(3999, 'after update', 25, 0, 2, '-', 'AKTIF', 7, 1, '2020-07-04 10:18:46', '2020-07-04 10:25:21', 1, 1, 8644),
(4000, 'after update', 18, 0, 300, '-', 'AKTIF', 7, 2, '2020-06-29 12:18:09', '2020-07-06 05:34:11', 1, 1, 8645),
(4001, 'after update', 10, 0, 1, 'poiuytrewq', 'nonaktif', 5, 1, '2020-06-22 01:46:33', '2020-07-04 10:18:19', 1, 1, 8646),
(4002, 'after update', 24, 0, 1, '-', 'AKTIF', 5, 1, '2020-07-04 10:18:46', '2020-07-04 10:25:16', 1, 1, 8647),
(4003, 'after update', 16, 0, 180, '-', 'AKTIF', 5, 2, '2020-06-22 03:01:02', '2020-07-06 05:21:27', 1, 1, 8648),
(4004, 'after update', 17, 0, 300, '-', 'AKTIF', 6, 2, '2020-06-22 05:26:20', '2020-07-06 05:21:38', 1, 1, 8649),
(4005, 'after update', 19, 0, 2, '-', 'nonaktif', 7, 1, '2020-07-04 09:08:25', '2020-07-04 09:16:51', 1, 1, 8650),
(4006, 'after update', 25, 0, 2, '-', 'AKTIF', 7, 1, '2020-07-04 10:18:46', '2020-07-04 10:25:21', 1, 1, 8651),
(4007, 'after update', 18, 0, 300, '-', 'AKTIF', 7, 2, '2020-06-29 12:18:09', '2020-07-06 05:34:11', 1, 1, 8652),
(4008, 'after update', 10, 0, 1, 'poiuytrewq', 'nonaktif', 5, 1, '2020-06-22 01:46:33', '2020-07-04 10:18:19', 1, 1, 8653),
(4009, 'after update', 24, 0, 1, '-', 'AKTIF', 5, 1, '2020-07-04 10:18:46', '2020-07-04 10:25:16', 1, 1, 8654),
(4010, 'after update', 16, 0, 180, '-', 'AKTIF', 5, 2, '2020-06-22 03:01:02', '2020-07-06 05:21:27', 1, 1, 8655),
(4011, 'after update', 17, 0, 300, '-', 'AKTIF', 6, 2, '2020-06-22 05:26:20', '2020-07-06 05:21:38', 1, 1, 8656),
(4012, 'after update', 19, 0, 2, '-', 'nonaktif', 7, 1, '2020-07-04 09:08:25', '2020-07-04 09:16:51', 1, 1, 8657),
(4013, 'after update', 25, 0, 2, '-', 'AKTIF', 7, 1, '2020-07-04 10:18:46', '2020-07-04 10:25:21', 1, 1, 8658),
(4014, 'after update', 18, 0, 300, '-', 'AKTIF', 7, 2, '2020-06-29 12:18:09', '2020-07-06 05:34:11', 1, 1, 8659),
(4015, 'after update', 10, 0, 1, 'poiuytrewq', 'nonaktif', 5, 1, '2020-06-22 01:46:33', '2020-07-04 10:18:19', 1, 1, 8660),
(4016, 'after update', 24, 0, 1, '-', 'AKTIF', 5, 1, '2020-07-04 10:18:46', '2020-07-04 10:25:16', 1, 1, 8661),
(4017, 'after update', 16, 0, 180, '-', 'AKTIF', 5, 2, '2020-06-22 03:01:02', '2020-07-06 05:21:27', 1, 1, 8662),
(4018, 'after update', 17, 0, 300, '-', 'AKTIF', 6, 2, '2020-06-22 05:26:20', '2020-07-06 05:21:38', 1, 1, 8663),
(4019, 'after update', 19, 0, 2, '-', 'nonaktif', 7, 1, '2020-07-04 09:08:25', '2020-07-04 09:16:51', 1, 1, 8664),
(4020, 'after update', 25, 0, 2, '-', 'AKTIF', 7, 1, '2020-07-04 10:18:46', '2020-07-04 10:25:21', 1, 1, 8665),
(4021, 'after update', 18, 0, 300, '-', 'AKTIF', 7, 2, '2020-06-29 12:18:09', '2020-07-06 05:34:11', 1, 1, 8666),
(4022, 'after update', 10, 0, 1, 'poiuytrewq', 'nonaktif', 5, 1, '2020-06-22 01:46:33', '2020-07-04 10:18:19', 1, 1, 8667),
(4023, 'after update', 24, 0, 1, '-', 'AKTIF', 5, 1, '2020-07-04 10:18:46', '2020-07-04 10:25:16', 1, 1, 8668),
(4024, 'after update', 16, 0, 180, '-', 'AKTIF', 5, 2, '2020-06-22 03:01:02', '2020-07-06 05:21:27', 1, 1, 8669),
(4025, 'after update', 17, 0, 300, '-', 'AKTIF', 6, 2, '2020-06-22 05:26:20', '2020-07-06 05:21:38', 1, 1, 8670),
(4026, 'after update', 19, 0, 2, '-', 'nonaktif', 7, 1, '2020-07-04 09:08:25', '2020-07-04 09:16:51', 1, 1, 8671),
(4027, 'after update', 25, 0, 2, '-', 'AKTIF', 7, 1, '2020-07-04 10:18:46', '2020-07-04 10:25:21', 1, 1, 8672),
(4028, 'after update', 18, 0, 300, '-', 'AKTIF', 7, 2, '2020-06-29 12:18:09', '2020-07-06 05:34:11', 1, 1, 8673),
(4029, 'after update', 10, 0, 1, 'poiuytrewq', 'nonaktif', 5, 1, '2020-06-22 01:46:33', '2020-07-04 10:18:19', 1, 1, 8674),
(4030, 'after update', 24, 0, 1, '-', 'AKTIF', 5, 1, '2020-07-04 10:18:46', '2020-07-04 10:25:16', 1, 1, 8675),
(4031, 'after update', 16, 0, 180, '-', 'AKTIF', 5, 2, '2020-06-22 03:01:02', '2020-07-06 05:21:27', 1, 1, 8676),
(4032, 'after update', 17, 0, 300, '-', 'AKTIF', 6, 2, '2020-06-22 05:26:20', '2020-07-06 05:21:38', 1, 1, 8677),
(4033, 'after update', 19, 0, 2, '-', 'nonaktif', 7, 1, '2020-07-04 09:08:25', '2020-07-04 09:16:51', 1, 1, 8678),
(4034, 'after update', 25, 0, 2, '-', 'AKTIF', 7, 1, '2020-07-04 10:18:46', '2020-07-04 10:25:21', 1, 1, 8679),
(4035, 'after update', 18, 0, 300, '-', 'AKTIF', 7, 2, '2020-06-29 12:18:09', '2020-07-06 05:34:11', 1, 1, 8680),
(4036, 'after update', 10, 0, 1, 'poiuytrewq', 'nonaktif', 5, 1, '2020-06-22 01:46:33', '2020-07-04 10:18:19', 1, 1, 8681),
(4037, 'after update', 24, 0, 1, '-', 'AKTIF', 5, 1, '2020-07-04 10:18:46', '2020-07-04 10:25:16', 1, 1, 8682),
(4038, 'after update', 16, 0, 180, '-', 'AKTIF', 5, 2, '2020-06-22 03:01:02', '2020-07-06 05:21:27', 1, 1, 8683),
(4039, 'after update', 17, 0, 300, '-', 'AKTIF', 6, 2, '2020-06-22 05:26:20', '2020-07-06 05:21:38', 1, 1, 8684),
(4040, 'after update', 19, 0, 2, '-', 'nonaktif', 7, 1, '2020-07-04 09:08:25', '2020-07-04 09:16:51', 1, 1, 8685),
(4041, 'after update', 25, 0, 2, '-', 'AKTIF', 7, 1, '2020-07-04 10:18:46', '2020-07-04 10:25:21', 1, 1, 8686),
(4042, 'after update', 18, 0, 300, '-', 'AKTIF', 7, 2, '2020-06-29 12:18:09', '2020-07-06 05:34:11', 1, 1, 8687),
(4043, 'after update', 10, 0, 1, 'poiuytrewq', 'nonaktif', 5, 1, '2020-06-22 01:46:33', '2020-07-04 10:18:19', 1, 1, 8688),
(4044, 'after update', 24, 0, 1, '-', 'AKTIF', 5, 1, '2020-07-04 10:18:46', '2020-07-04 10:25:16', 1, 1, 8689),
(4045, 'after update', 16, 0, 180, '-', 'AKTIF', 5, 2, '2020-06-22 03:01:02', '2020-07-06 05:21:27', 1, 1, 8690),
(4046, 'after update', 17, 0, 300, '-', 'AKTIF', 6, 2, '2020-06-22 05:26:20', '2020-07-06 05:21:38', 1, 1, 8691),
(4047, 'after update', 19, 0, 2, '-', 'nonaktif', 7, 1, '2020-07-04 09:08:25', '2020-07-04 09:16:51', 1, 1, 8692),
(4048, 'after update', 25, 0, 2, '-', 'AKTIF', 7, 1, '2020-07-04 10:18:46', '2020-07-04 10:25:21', 1, 1, 8693),
(4049, 'after update', 18, 0, 300, '-', 'AKTIF', 7, 2, '2020-06-29 12:18:09', '2020-07-06 05:34:11', 1, 1, 8694),
(4050, 'after update', 10, 0, 1, 'poiuytrewq', 'nonaktif', 5, 1, '2020-06-22 01:46:33', '2020-07-04 10:18:19', 1, 1, 8944),
(4051, 'after update', 24, 0, 1, '-', 'AKTIF', 5, 1, '2020-07-04 10:18:46', '2020-07-04 10:25:16', 1, 1, 8945),
(4052, 'after update', 16, 0, 180, '-', 'AKTIF', 5, 2, '2020-06-22 03:01:02', '2020-07-06 05:21:27', 1, 1, 8946),
(4053, 'after update', 17, 0, 300, '-', 'AKTIF', 6, 2, '2020-06-22 05:26:20', '2020-07-06 05:21:38', 1, 1, 8947),
(4054, 'after update', 19, 0, 2, '-', 'nonaktif', 7, 1, '2020-07-04 09:08:25', '2020-07-04 09:16:51', 1, 1, 8948),
(4055, 'after update', 25, 0, 2, '-', 'AKTIF', 7, 1, '2020-07-04 10:18:46', '2020-07-04 10:25:21', 1, 1, 8949),
(4056, 'after update', 18, 0, 300, '-', 'AKTIF', 7, 2, '2020-06-29 12:18:09', '2020-07-06 05:34:11', 1, 1, 8950),
(4057, 'after update', 10, 0, 1, 'poiuytrewq', 'nonaktif', 5, 1, '2020-06-22 01:46:33', '2020-07-04 10:18:19', 1, 1, 8951),
(4058, 'after update', 24, 0, 1, '-', 'AKTIF', 5, 1, '2020-07-04 10:18:46', '2020-07-04 10:25:16', 1, 1, 8952),
(4059, 'after update', 16, 0, 180, '-', 'AKTIF', 5, 2, '2020-06-22 03:01:02', '2020-07-06 05:21:27', 1, 1, 8953),
(4060, 'after update', 17, 0, 300, '-', 'AKTIF', 6, 2, '2020-06-22 05:26:20', '2020-07-06 05:21:38', 1, 1, 8954),
(4061, 'after update', 19, 0, 2, '-', 'nonaktif', 7, 1, '2020-07-04 09:08:25', '2020-07-04 09:16:51', 1, 1, 8955),
(4062, 'after update', 25, 0, 2, '-', 'AKTIF', 7, 1, '2020-07-04 10:18:46', '2020-07-04 10:25:21', 1, 1, 8956),
(4063, 'after update', 18, 0, 300, '-', 'AKTIF', 7, 2, '2020-06-29 12:18:09', '2020-07-06 05:34:11', 1, 1, 8957),
(4064, 'after update', 10, 0, 1, 'poiuytrewq', 'nonaktif', 5, 1, '2020-06-22 01:46:33', '2020-07-04 10:18:19', 1, 1, 8958),
(4065, 'after update', 24, 0, 1, '-', 'AKTIF', 5, 1, '2020-07-04 10:18:46', '2020-07-04 10:25:16', 1, 1, 8959),
(4066, 'after update', 16, 0, 180, '-', 'AKTIF', 5, 2, '2020-06-22 03:01:02', '2020-07-06 05:21:27', 1, 1, 8960),
(4067, 'after update', 17, 0, 300, '-', 'AKTIF', 6, 2, '2020-06-22 05:26:20', '2020-07-06 05:21:38', 1, 1, 8961),
(4068, 'after update', 19, 0, 2, '-', 'nonaktif', 7, 1, '2020-07-04 09:08:25', '2020-07-04 09:16:51', 1, 1, 8962),
(4069, 'after update', 25, 0, 2, '-', 'AKTIF', 7, 1, '2020-07-04 10:18:46', '2020-07-04 10:25:21', 1, 1, 8963),
(4070, 'after update', 18, 0, 300, '-', 'AKTIF', 7, 2, '2020-06-29 12:18:09', '2020-07-06 05:34:11', 1, 1, 8964),
(4071, 'after update', 10, 0, 1, 'poiuytrewq', 'nonaktif', 5, 1, '2020-06-22 01:46:33', '2020-07-04 10:18:19', 1, 1, 8965),
(4072, 'after update', 24, 0, 1, '-', 'AKTIF', 5, 1, '2020-07-04 10:18:46', '2020-07-04 10:25:16', 1, 1, 8966),
(4073, 'after update', 16, 0, 180, '-', 'AKTIF', 5, 2, '2020-06-22 03:01:02', '2020-07-06 05:21:27', 1, 1, 8967),
(4074, 'after update', 17, 0, 300, '-', 'AKTIF', 6, 2, '2020-06-22 05:26:20', '2020-07-06 05:21:38', 1, 1, 8968),
(4075, 'after update', 19, 0, 2, '-', 'nonaktif', 7, 1, '2020-07-04 09:08:25', '2020-07-04 09:16:51', 1, 1, 8969),
(4076, 'after update', 25, 0, 2, '-', 'AKTIF', 7, 1, '2020-07-04 10:18:46', '2020-07-04 10:25:21', 1, 1, 8970),
(4077, 'after update', 18, 0, 300, '-', 'AKTIF', 7, 2, '2020-06-29 12:18:09', '2020-07-06 05:34:11', 1, 1, 8971),
(4078, 'after update', 10, 0, 1, 'poiuytrewq', 'nonaktif', 5, 1, '2020-06-22 01:46:33', '2020-07-04 10:18:19', 1, 1, 8972),
(4079, 'after update', 24, 0, 1, '-', 'AKTIF', 5, 1, '2020-07-04 10:18:46', '2020-07-04 10:25:16', 1, 1, 8973),
(4080, 'after update', 16, 0, 180, '-', 'AKTIF', 5, 2, '2020-06-22 03:01:02', '2020-07-06 05:21:27', 1, 1, 8974),
(4081, 'after update', 17, 0, 300, '-', 'AKTIF', 6, 2, '2020-06-22 05:26:20', '2020-07-06 05:21:38', 1, 1, 8975),
(4082, 'after update', 19, 0, 2, '-', 'nonaktif', 7, 1, '2020-07-04 09:08:25', '2020-07-04 09:16:51', 1, 1, 8976),
(4083, 'after update', 25, 0, 2, '-', 'AKTIF', 7, 1, '2020-07-04 10:18:46', '2020-07-04 10:25:21', 1, 1, 8977),
(4084, 'after update', 18, 0, 300, '-', 'AKTIF', 7, 2, '2020-06-29 12:18:09', '2020-07-06 05:34:11', 1, 1, 8978),
(4085, 'after update', 10, 0, 1, 'poiuytrewq', 'nonaktif', 5, 1, '2020-06-22 01:46:33', '2020-07-04 10:18:19', 1, 1, 8979),
(4086, 'after update', 24, 0, 1, '-', 'AKTIF', 5, 1, '2020-07-04 10:18:46', '2020-07-04 10:25:16', 1, 1, 8980),
(4087, 'after update', 16, 0, 180, '-', 'AKTIF', 5, 2, '2020-06-22 03:01:02', '2020-07-06 05:21:27', 1, 1, 8981),
(4088, 'after update', 17, 0, 300, '-', 'AKTIF', 6, 2, '2020-06-22 05:26:20', '2020-07-06 05:21:38', 1, 1, 8982),
(4089, 'after update', 19, 0, 2, '-', 'nonaktif', 7, 1, '2020-07-04 09:08:25', '2020-07-04 09:16:51', 1, 1, 8983),
(4090, 'after update', 25, 0, 2, '-', 'AKTIF', 7, 1, '2020-07-04 10:18:46', '2020-07-04 10:25:21', 1, 1, 8984),
(4091, 'after update', 18, 0, 300, '-', 'AKTIF', 7, 2, '2020-06-29 12:18:09', '2020-07-06 05:34:11', 1, 1, 8985),
(4092, 'after update', 10, 0, 1, 'poiuytrewq', 'nonaktif', 5, 1, '2020-06-22 01:46:33', '2020-07-04 10:18:19', 1, 1, 8986),
(4093, 'after update', 24, 0, 1, '-', 'AKTIF', 5, 1, '2020-07-04 10:18:46', '2020-07-04 10:25:16', 1, 1, 8987),
(4094, 'after update', 16, 0, 180, '-', 'AKTIF', 5, 2, '2020-06-22 03:01:02', '2020-07-06 05:21:27', 1, 1, 8988),
(4095, 'after update', 17, 0, 300, '-', 'AKTIF', 6, 2, '2020-06-22 05:26:20', '2020-07-06 05:21:38', 1, 1, 8989),
(4096, 'after update', 19, 0, 2, '-', 'nonaktif', 7, 1, '2020-07-04 09:08:25', '2020-07-04 09:16:51', 1, 1, 8990),
(4097, 'after update', 25, 0, 2, '-', 'AKTIF', 7, 1, '2020-07-04 10:18:46', '2020-07-04 10:25:21', 1, 1, 8991),
(4098, 'after update', 18, 0, 300, '-', 'AKTIF', 7, 2, '2020-06-29 12:18:09', '2020-07-06 05:34:11', 1, 1, 8992),
(4099, 'after update', 10, 0, 1, 'poiuytrewq', 'nonaktif', 5, 1, '2020-06-22 01:46:33', '2020-07-04 10:18:19', 1, 1, 8993),
(4100, 'after update', 24, 0, 1, '-', 'AKTIF', 5, 1, '2020-07-04 10:18:46', '2020-07-04 10:25:16', 1, 1, 8994),
(4101, 'after update', 16, 0, 180, '-', 'AKTIF', 5, 2, '2020-06-22 03:01:02', '2020-07-06 05:21:27', 1, 1, 8995),
(4102, 'after update', 17, 0, 300, '-', 'AKTIF', 6, 2, '2020-06-22 05:26:20', '2020-07-06 05:21:38', 1, 1, 8996),
(4103, 'after update', 19, 0, 2, '-', 'nonaktif', 7, 1, '2020-07-04 09:08:25', '2020-07-04 09:16:51', 1, 1, 8997),
(4104, 'after update', 25, 0, 2, '-', 'AKTIF', 7, 1, '2020-07-04 10:18:46', '2020-07-04 10:25:21', 1, 1, 8998),
(4105, 'after update', 18, 0, 300, '-', 'AKTIF', 7, 2, '2020-06-29 12:18:09', '2020-07-06 05:34:11', 1, 1, 8999),
(4106, 'after update', 10, 0, 1, 'poiuytrewq', 'nonaktif', 5, 1, '2020-06-22 01:46:33', '2020-07-04 10:18:19', 1, 1, 9000),
(4107, 'after update', 24, 0, 1, '-', 'AKTIF', 5, 1, '2020-07-04 10:18:46', '2020-07-04 10:25:16', 1, 1, 9001),
(4108, 'after update', 16, 0, 180, '-', 'AKTIF', 5, 2, '2020-06-22 03:01:02', '2020-07-06 05:21:27', 1, 1, 9002),
(4109, 'after update', 17, 0, 300, '-', 'AKTIF', 6, 2, '2020-06-22 05:26:20', '2020-07-06 05:21:38', 1, 1, 9003),
(4110, 'after update', 19, 0, 2, '-', 'nonaktif', 7, 1, '2020-07-04 09:08:25', '2020-07-04 09:16:51', 1, 1, 9004),
(4111, 'after update', 25, 0, 2, '-', 'AKTIF', 7, 1, '2020-07-04 10:18:46', '2020-07-04 10:25:21', 1, 1, 9005),
(4112, 'after update', 18, 0, 300, '-', 'AKTIF', 7, 2, '2020-06-29 12:18:09', '2020-07-06 05:34:11', 1, 1, 9006),
(4113, 'after update', 10, 0, 1, 'poiuytrewq', 'nonaktif', 5, 1, '2020-06-22 01:46:33', '2020-07-04 10:18:19', 1, 1, 9007),
(4114, 'after update', 24, 0, 1, '-', 'AKTIF', 5, 1, '2020-07-04 10:18:46', '2020-07-04 10:25:16', 1, 1, 9008),
(4115, 'after update', 16, 0, 180, '-', 'AKTIF', 5, 2, '2020-06-22 03:01:02', '2020-07-06 05:21:27', 1, 1, 9009),
(4116, 'after update', 17, 0, 300, '-', 'AKTIF', 6, 2, '2020-06-22 05:26:20', '2020-07-06 05:21:38', 1, 1, 9010),
(4117, 'after update', 19, 0, 2, '-', 'nonaktif', 7, 1, '2020-07-04 09:08:25', '2020-07-04 09:16:51', 1, 1, 9011),
(4118, 'after update', 25, 0, 2, '-', 'AKTIF', 7, 1, '2020-07-04 10:18:46', '2020-07-04 10:25:21', 1, 1, 9012),
(4119, 'after update', 18, 0, 300, '-', 'AKTIF', 7, 2, '2020-06-29 12:18:09', '2020-07-06 05:34:11', 1, 1, 9013),
(4120, 'after update', 10, 0, 1, 'poiuytrewq', 'nonaktif', 5, 1, '2020-06-22 01:46:33', '2020-07-04 10:18:19', 1, 1, 9014),
(4121, 'after update', 24, 0, 1, '-', 'AKTIF', 5, 1, '2020-07-04 10:18:46', '2020-07-04 10:25:16', 1, 1, 9015),
(4122, 'after update', 16, 0, 180, '-', 'AKTIF', 5, 2, '2020-06-22 03:01:02', '2020-07-06 05:21:27', 1, 1, 9016),
(4123, 'after update', 17, 0, 300, '-', 'AKTIF', 6, 2, '2020-06-22 05:26:20', '2020-07-06 05:21:38', 1, 1, 9017),
(4124, 'after update', 19, 0, 2, '-', 'nonaktif', 7, 1, '2020-07-04 09:08:25', '2020-07-04 09:16:51', 1, 1, 9018),
(4125, 'after update', 25, 0, 2, '-', 'AKTIF', 7, 1, '2020-07-04 10:18:46', '2020-07-04 10:25:21', 1, 1, 9019),
(4126, 'after update', 18, 0, 300, '-', 'AKTIF', 7, 2, '2020-06-29 12:18:09', '2020-07-06 05:34:11', 1, 1, 9020),
(4127, 'after update', 10, 0, 1, 'poiuytrewq', 'nonaktif', 5, 1, '2020-06-22 01:46:33', '2020-07-04 10:18:19', 1, 1, 9022),
(4128, 'after update', 24, 0, 1, '-', 'AKTIF', 5, 1, '2020-07-04 10:18:46', '2020-07-04 10:25:16', 1, 1, 9023),
(4129, 'after update', 16, 0, 180, '-', 'AKTIF', 5, 2, '2020-06-22 03:01:02', '2020-07-06 05:21:27', 1, 1, 9024),
(4130, 'after update', 17, 0, 300, '-', 'AKTIF', 6, 2, '2020-06-22 05:26:20', '2020-07-06 05:21:38', 1, 1, 9025),
(4131, 'after update', 19, 0, 2, '-', 'nonaktif', 7, 1, '2020-07-04 09:08:25', '2020-07-04 09:16:51', 1, 1, 9026),
(4132, 'after update', 25, 0, 2, '-', 'AKTIF', 7, 1, '2020-07-04 10:18:46', '2020-07-04 10:25:21', 1, 1, 9027),
(4133, 'after update', 18, 0, 300, '-', 'AKTIF', 7, 2, '2020-06-29 12:18:09', '2020-07-06 05:34:11', 1, 1, 9028),
(4134, 'after update', 10, 0, 1, 'poiuytrewq', 'nonaktif', 5, 1, '2020-06-22 01:46:33', '2020-07-04 10:18:19', 1, 1, 9038),
(4135, 'after update', 24, 0, 1, '-', 'AKTIF', 5, 1, '2020-07-04 10:18:46', '2020-07-04 10:25:16', 1, 1, 9039),
(4136, 'after update', 16, 0, 180, '-', 'AKTIF', 5, 2, '2020-06-22 03:01:02', '2020-07-06 05:21:27', 1, 1, 9040),
(4137, 'after update', 17, 0, 300, '-', 'AKTIF', 6, 2, '2020-06-22 05:26:20', '2020-07-06 05:21:38', 1, 1, 9041),
(4138, 'after update', 19, 0, 2, '-', 'nonaktif', 7, 1, '2020-07-04 09:08:25', '2020-07-04 09:16:51', 1, 1, 9042),
(4139, 'after update', 25, 0, 2, '-', 'AKTIF', 7, 1, '2020-07-04 10:18:46', '2020-07-04 10:25:21', 1, 1, 9043),
(4140, 'after update', 18, 0, 300, '-', 'AKTIF', 7, 2, '2020-06-29 12:18:09', '2020-07-06 05:34:11', 1, 1, 9044),
(4141, 'after update', 10, 0, 1, 'poiuytrewq', 'nonaktif', 5, 1, '2020-06-22 01:46:33', '2020-07-04 10:18:19', 1, 1, 9045),
(4142, 'after update', 24, 0, 1, '-', 'AKTIF', 5, 1, '2020-07-04 10:18:46', '2020-07-04 10:25:16', 1, 1, 9046),
(4143, 'after update', 16, 0, 180, '-', 'AKTIF', 5, 2, '2020-06-22 03:01:02', '2020-07-06 05:21:27', 1, 1, 9047),
(4144, 'after update', 17, 0, 300, '-', 'AKTIF', 6, 2, '2020-06-22 05:26:20', '2020-07-06 05:21:38', 1, 1, 9048),
(4145, 'after update', 19, 0, 2, '-', 'nonaktif', 7, 1, '2020-07-04 09:08:25', '2020-07-04 09:16:51', 1, 1, 9049),
(4146, 'after update', 25, 0, 2, '-', 'AKTIF', 7, 1, '2020-07-04 10:18:46', '2020-07-04 10:25:21', 1, 1, 9050),
(4147, 'after update', 18, 0, 300, '-', 'AKTIF', 7, 2, '2020-06-29 12:18:09', '2020-07-06 05:34:11', 1, 1, 9051),
(4148, 'after update', 13, 14000, 3524, '-', 'nonaktif', 2, 2, '2020-06-22 03:01:02', '2020-07-06 11:39:15', 1, 1, 9109),
(4149, 'after update', 27, 0, 3674, 'Auto insert from item existance check', 'nonaktif', 2, 2, '2020-07-06 11:49:17', '2020-07-06 11:49:33', 1, 1, 9110),
(4150, 'after update', 28, 0, 3674, 'Auto insert from item existance check', 'nonaktif', 2, 2, '2020-07-06 11:49:33', '2020-07-06 11:52:03', 1, 1, 9111),
(4151, 'after update', 29, 0, 3674, 'Auto insert from item existance check', 'nonaktif', 2, 2, '2020-07-06 11:52:03', '2020-07-06 11:52:29', 1, 1, 9112),
(4152, 'after update', 30, 0, 3674, 'Auto insert from item existance check', 'nonaktif', 2, 2, '2020-07-06 11:52:29', '2020-07-06 02:01:07', 1, 1, 9113),
(4153, 'after update', 31, 0, 2234, 'Auto insert from item existance check', 'nonaktif', 2, 2, '2020-07-06 02:01:07', '2020-07-06 05:01:49', 1, 1, 9114),
(4154, 'after update', 32, 0, 890, 'Auto insert from item existance check', 'aktif', 2, 2, '2020-07-06 05:01:49', '2020-07-06 05:21:00', 1, 1, 9115),
(4155, 'after update', 14, 20000, 776, '-', 'nonaktif', 3, 2, '2020-06-22 03:01:02', '2020-07-07 10:34:54', 1, 1, 9117),
(4156, 'after update', 34, 20000, 890, 'Auto insert from item existance check', 'aktif', 3, 2, '2020-07-06 05:02:05', '2020-07-07 10:34:54', 1, 1, 9118),
(4157, 'after update', 13, 14000, 3514, '-', 'nonaktif', 2, 2, '2020-06-22 03:01:02', '2020-07-06 11:39:15', 1, 1, 9121),
(4158, 'after update', 27, 0, 3664, 'Auto insert from item existance check', 'nonaktif', 2, 2, '2020-07-06 11:49:17', '2020-07-06 11:49:33', 1, 1, 9122),
(4159, 'after update', 28, 0, 3664, 'Auto insert from item existance check', 'nonaktif', 2, 2, '2020-07-06 11:49:33', '2020-07-06 11:52:03', 1, 1, 9123),
(4160, 'after update', 29, 0, 3664, 'Auto insert from item existance check', 'nonaktif', 2, 2, '2020-07-06 11:52:03', '2020-07-06 11:52:29', 1, 1, 9124),
(4161, 'after update', 30, 0, 3664, 'Auto insert from item existance check', 'nonaktif', 2, 2, '2020-07-06 11:52:29', '2020-07-06 02:01:07', 1, 1, 9125),
(4162, 'after update', 31, 0, 2224, 'Auto insert from item existance check', 'nonaktif', 2, 2, '2020-07-06 02:01:07', '2020-07-06 05:01:49', 1, 1, 9126),
(4163, 'after update', 32, 0, 880, 'Auto insert from item existance check', 'aktif', 2, 2, '2020-07-06 05:01:49', '2020-07-06 05:21:00', 1, 1, 9127),
(4164, 'after update', 14, 20000, 766, '-', 'nonaktif', 3, 2, '2020-06-22 03:01:02', '2020-07-07 10:34:54', 1, 1, 9129),
(4165, 'after update', 34, 20000, 880, 'Auto insert from item existance check', 'aktif', 3, 2, '2020-07-06 05:02:05', '2020-07-07 10:34:54', 1, 1, 9130),
(4166, 'after update', 13, 14000, 3504, '-', 'nonaktif', 2, 2, '2020-06-22 03:01:02', '2020-07-06 11:39:15', 1, 1, 9133),
(4167, 'after update', 27, 0, 3654, 'Auto insert from item existance check', 'nonaktif', 2, 2, '2020-07-06 11:49:17', '2020-07-06 11:49:33', 1, 1, 9134),
(4168, 'after update', 28, 0, 3654, 'Auto insert from item existance check', 'nonaktif', 2, 2, '2020-07-06 11:49:33', '2020-07-06 11:52:03', 1, 1, 9135),
(4169, 'after update', 29, 0, 3654, 'Auto insert from item existance check', 'nonaktif', 2, 2, '2020-07-06 11:52:03', '2020-07-06 11:52:29', 1, 1, 9136),
(4170, 'after update', 30, 0, 3654, 'Auto insert from item existance check', 'nonaktif', 2, 2, '2020-07-06 11:52:29', '2020-07-06 02:01:07', 1, 1, 9137),
(4171, 'after update', 31, 0, 2214, 'Auto insert from item existance check', 'nonaktif', 2, 2, '2020-07-06 02:01:07', '2020-07-06 05:01:49', 1, 1, 9138),
(4172, 'after update', 32, 0, 870, 'Auto insert from item existance check', 'aktif', 2, 2, '2020-07-06 05:01:49', '2020-07-06 05:21:00', 1, 1, 9139),
(4173, 'after update', 14, 20000, 756, '-', 'nonaktif', 3, 2, '2020-06-22 03:01:02', '2020-07-07 10:34:54', 1, 1, 9141),
(4174, 'after update', 34, 20000, 870, 'Auto insert from item existance check', 'aktif', 3, 2, '2020-07-06 05:02:05', '2020-07-07 10:34:54', 1, 1, 9142),
(4175, 'after update', 13, 14000, 3494, '-', 'nonaktif', 2, 2, '2020-06-22 03:01:02', '2020-07-06 11:39:15', 1, 1, 9145),
(4176, 'after update', 27, 0, 3644, 'Auto insert from item existance check', 'nonaktif', 2, 2, '2020-07-06 11:49:17', '2020-07-06 11:49:33', 1, 1, 9146),
(4177, 'after update', 28, 0, 3644, 'Auto insert from item existance check', 'nonaktif', 2, 2, '2020-07-06 11:49:33', '2020-07-06 11:52:03', 1, 1, 9147),
(4178, 'after update', 29, 0, 3644, 'Auto insert from item existance check', 'nonaktif', 2, 2, '2020-07-06 11:52:03', '2020-07-06 11:52:29', 1, 1, 9148),
(4179, 'after update', 30, 0, 3644, 'Auto insert from item existance check', 'nonaktif', 2, 2, '2020-07-06 11:52:29', '2020-07-06 02:01:07', 1, 1, 9149),
(4180, 'after update', 31, 0, 2204, 'Auto insert from item existance check', 'nonaktif', 2, 2, '2020-07-06 02:01:07', '2020-07-06 05:01:49', 1, 1, 9150),
(4181, 'after update', 32, 0, 860, 'Auto insert from item existance check', 'aktif', 2, 2, '2020-07-06 05:01:49', '2020-07-06 05:21:00', 1, 1, 9151),
(4182, 'after update', 14, 20000, 746, '-', 'nonaktif', 3, 2, '2020-06-22 03:01:02', '2020-07-07 10:34:54', 1, 1, 9153),
(4183, 'after update', 34, 20000, 860, 'Auto insert from item existance check', 'aktif', 3, 2, '2020-07-06 05:02:05', '2020-07-07 10:34:54', 1, 1, 9154),
(4184, 'after update', 13, 14000, 3484, '-', 'nonaktif', 2, 2, '2020-06-22 03:01:02', '2020-07-06 11:39:15', 1, 1, 9157),
(4185, 'after update', 27, 0, 3634, 'Auto insert from item existance check', 'nonaktif', 2, 2, '2020-07-06 11:49:17', '2020-07-06 11:49:33', 1, 1, 9158),
(4186, 'after update', 28, 0, 3634, 'Auto insert from item existance check', 'nonaktif', 2, 2, '2020-07-06 11:49:33', '2020-07-06 11:52:03', 1, 1, 9159),
(4187, 'after update', 29, 0, 3634, 'Auto insert from item existance check', 'nonaktif', 2, 2, '2020-07-06 11:52:03', '2020-07-06 11:52:29', 1, 1, 9160),
(4188, 'after update', 30, 0, 3634, 'Auto insert from item existance check', 'nonaktif', 2, 2, '2020-07-06 11:52:29', '2020-07-06 02:01:07', 1, 1, 9161),
(4189, 'after update', 31, 0, 2194, 'Auto insert from item existance check', 'nonaktif', 2, 2, '2020-07-06 02:01:07', '2020-07-06 05:01:49', 1, 1, 9162),
(4190, 'after update', 32, 0, 850, 'Auto insert from item existance check', 'aktif', 2, 2, '2020-07-06 05:01:49', '2020-07-06 05:21:00', 1, 1, 9163),
(4191, 'after update', 14, 20000, 736, '-', 'nonaktif', 3, 2, '2020-06-22 03:01:02', '2020-07-07 10:34:54', 1, 1, 9165),
(4192, 'after update', 34, 20000, 850, 'Auto insert from item existance check', 'aktif', 3, 2, '2020-07-06 05:02:05', '2020-07-07 10:34:54', 1, 1, 9166),
(4193, 'after update', 13, 14000, 3474, '-', 'nonaktif', 2, 2, '2020-06-22 03:01:02', '2020-07-06 11:39:15', 1, 1, 9169),
(4194, 'after update', 27, 0, 3624, 'Auto insert from item existance check', 'nonaktif', 2, 2, '2020-07-06 11:49:17', '2020-07-06 11:49:33', 1, 1, 9170),
(4195, 'after update', 28, 0, 3624, 'Auto insert from item existance check', 'nonaktif', 2, 2, '2020-07-06 11:49:33', '2020-07-06 11:52:03', 1, 1, 9171),
(4196, 'after update', 29, 0, 3624, 'Auto insert from item existance check', 'nonaktif', 2, 2, '2020-07-06 11:52:03', '2020-07-06 11:52:29', 1, 1, 9172),
(4197, 'after update', 30, 0, 3624, 'Auto insert from item existance check', 'nonaktif', 2, 2, '2020-07-06 11:52:29', '2020-07-06 02:01:07', 1, 1, 9173),
(4198, 'after update', 31, 0, 2184, 'Auto insert from item existance check', 'nonaktif', 2, 2, '2020-07-06 02:01:07', '2020-07-06 05:01:49', 1, 1, 9174),
(4199, 'after update', 32, 0, 840, 'Auto insert from item existance check', 'aktif', 2, 2, '2020-07-06 05:01:49', '2020-07-06 05:21:00', 1, 1, 9175),
(4200, 'after update', 14, 20000, 726, '-', 'nonaktif', 3, 2, '2020-06-22 03:01:02', '2020-07-07 10:34:54', 1, 1, 9177),
(4201, 'after update', 34, 20000, 840, 'Auto insert from item existance check', 'aktif', 3, 2, '2020-07-06 05:02:05', '2020-07-07 10:34:54', 1, 1, 9178),
(4202, 'after update', 13, 14000, 3464, '-', 'nonaktif', 2, 2, '2020-06-22 03:01:02', '2020-07-06 11:39:15', 1, 1, 9181),
(4203, 'after update', 27, 0, 3614, 'Auto insert from item existance check', 'nonaktif', 2, 2, '2020-07-06 11:49:17', '2020-07-06 11:49:33', 1, 1, 9182),
(4204, 'after update', 28, 0, 3614, 'Auto insert from item existance check', 'nonaktif', 2, 2, '2020-07-06 11:49:33', '2020-07-06 11:52:03', 1, 1, 9183),
(4205, 'after update', 29, 0, 3614, 'Auto insert from item existance check', 'nonaktif', 2, 2, '2020-07-06 11:52:03', '2020-07-06 11:52:29', 1, 1, 9184),
(4206, 'after update', 30, 0, 3614, 'Auto insert from item existance check', 'nonaktif', 2, 2, '2020-07-06 11:52:29', '2020-07-06 02:01:07', 1, 1, 9185),
(4207, 'after update', 31, 0, 2174, 'Auto insert from item existance check', 'nonaktif', 2, 2, '2020-07-06 02:01:07', '2020-07-06 05:01:49', 1, 1, 9186),
(4208, 'after update', 32, 0, 830, 'Auto insert from item existance check', 'aktif', 2, 2, '2020-07-06 05:01:49', '2020-07-06 05:21:00', 1, 1, 9187),
(4209, 'after update', 14, 20000, 716, '-', 'nonaktif', 3, 2, '2020-06-22 03:01:02', '2020-07-07 10:34:54', 1, 1, 9189),
(4210, 'after update', 34, 20000, 830, 'Auto insert from item existance check', 'aktif', 3, 2, '2020-07-06 05:02:05', '2020-07-07 10:34:54', 1, 1, 9190),
(4211, 'after update', 10, 0, 1, 'poiuytrewq', 'nonaktif', 5, 1, '2020-06-22 01:46:33', '2020-07-04 10:18:19', 1, 1, 26),
(4212, 'after update', 24, 0, 1, '-', 'AKTIF', 5, 1, '2020-07-04 10:18:46', '2020-07-04 10:25:16', 1, 1, 27),
(4213, 'after update', 16, 0, 166, '-', 'AKTIF', 5, 2, '2020-06-22 03:01:02', '2020-07-06 05:21:27', 1, 1, 28),
(4214, 'after update', 17, 0, 276, '-', 'AKTIF', 6, 2, '2020-06-22 05:26:20', '2020-07-06 05:21:38', 1, 1, 29),
(4215, 'after update', 19, 0, 2, '-', 'nonaktif', 7, 1, '2020-07-04 09:08:25', '2020-07-04 09:16:51', 1, 1, 30),
(4216, 'after update', 25, 0, 2, '-', 'AKTIF', 7, 1, '2020-07-04 10:18:46', '2020-07-04 10:25:21', 1, 1, 31),
(4217, 'after update', 18, 0, 276, '-', 'AKTIF', 7, 2, '2020-06-29 12:18:09', '2020-07-06 05:34:11', 1, 1, 32),
(4218, 'after update', 10, 0, 1, 'poiuytrewq', 'nonaktif', 5, 1, '2020-06-22 01:46:33', '2020-07-04 10:18:19', 1, 1, 33),
(4219, 'after update', 24, 0, 1, '-', 'AKTIF', 5, 1, '2020-07-04 10:18:46', '2020-07-04 10:25:16', 1, 1, 34),
(4220, 'after update', 16, 0, 166, '-', 'AKTIF', 5, 2, '2020-06-22 03:01:02', '2020-07-06 05:21:27', 1, 1, 35),
(4221, 'after update', 17, 0, 276, '-', 'AKTIF', 6, 2, '2020-06-22 05:26:20', '2020-07-06 05:21:38', 1, 1, 36),
(4222, 'after update', 19, 0, 2, '-', 'nonaktif', 7, 1, '2020-07-04 09:08:25', '2020-07-04 09:16:51', 1, 1, 37),
(4223, 'after update', 25, 0, 2, '-', 'AKTIF', 7, 1, '2020-07-04 10:18:46', '2020-07-04 10:25:21', 1, 1, 38),
(4224, 'after update', 18, 0, 276, '-', 'AKTIF', 7, 2, '2020-06-29 12:18:09', '2020-07-06 05:34:11', 1, 1, 39),
(4225, 'after update', 10, 0, 1, 'poiuytrewq', 'nonaktif', 5, 1, '2020-06-22 01:46:33', '2020-07-04 10:18:19', 1, 1, 41),
(4226, 'after update', 24, 0, 1, '-', 'AKTIF', 5, 1, '2020-07-04 10:18:46', '2020-07-04 10:25:16', 1, 1, 42),
(4227, 'after update', 16, 0, 166, '-', 'AKTIF', 5, 2, '2020-06-22 03:01:02', '2020-07-06 05:21:27', 1, 1, 43),
(4228, 'after update', 17, 0, 276, '-', 'AKTIF', 6, 2, '2020-06-22 05:26:20', '2020-07-06 05:21:38', 1, 1, 44),
(4229, 'after update', 19, 0, 2, '-', 'nonaktif', 7, 1, '2020-07-04 09:08:25', '2020-07-04 09:16:51', 1, 1, 45),
(4230, 'after update', 25, 0, 2, '-', 'AKTIF', 7, 1, '2020-07-04 10:18:46', '2020-07-04 10:25:21', 1, 1, 46),
(4231, 'after update', 18, 0, 276, '-', 'AKTIF', 7, 2, '2020-06-29 12:18:09', '2020-07-06 05:34:11', 1, 1, 47),
(4232, 'after update', 10, 0, 1, 'poiuytrewq', 'nonaktif', 5, 1, '2020-06-22 01:46:33', '2020-07-04 10:18:19', 1, 1, 48),
(4233, 'after update', 24, 0, 1, '-', 'AKTIF', 5, 1, '2020-07-04 10:18:46', '2020-07-04 10:25:16', 1, 1, 49),
(4234, 'after update', 16, 0, 166, '-', 'AKTIF', 5, 2, '2020-06-22 03:01:02', '2020-07-06 05:21:27', 1, 1, 50),
(4235, 'after update', 17, 0, 276, '-', 'AKTIF', 6, 2, '2020-06-22 05:26:20', '2020-07-06 05:21:38', 1, 1, 51),
(4236, 'after update', 19, 0, 2, '-', 'nonaktif', 7, 1, '2020-07-04 09:08:25', '2020-07-04 09:16:51', 1, 1, 52),
(4237, 'after update', 25, 0, 2, '-', 'AKTIF', 7, 1, '2020-07-04 10:18:46', '2020-07-04 10:25:21', 1, 1, 53),
(4238, 'after update', 18, 0, 276, '-', 'AKTIF', 7, 2, '2020-06-29 12:18:09', '2020-07-06 05:34:11', 1, 1, 54),
(4239, 'after update', 10, 0, 1, 'poiuytrewq', 'nonaktif', 5, 1, '2020-06-22 01:46:33', '2020-07-04 10:18:19', 1, 1, 55),
(4240, 'after update', 24, 0, 1, '-', 'AKTIF', 5, 1, '2020-07-04 10:18:46', '2020-07-04 10:25:16', 1, 1, 56),
(4241, 'after update', 16, 0, 166, '-', 'AKTIF', 5, 2, '2020-06-22 03:01:02', '2020-07-06 05:21:27', 1, 1, 57),
(4242, 'after update', 17, 0, 276, '-', 'AKTIF', 6, 2, '2020-06-22 05:26:20', '2020-07-06 05:21:38', 1, 1, 58),
(4243, 'after update', 19, 0, 2, '-', 'nonaktif', 7, 1, '2020-07-04 09:08:25', '2020-07-04 09:16:51', 1, 1, 59),
(4244, 'after update', 25, 0, 2, '-', 'AKTIF', 7, 1, '2020-07-04 10:18:46', '2020-07-04 10:25:21', 1, 1, 60),
(4245, 'after update', 18, 0, 276, '-', 'AKTIF', 7, 2, '2020-06-29 12:18:09', '2020-07-06 05:34:11', 1, 1, 61),
(4246, 'after update', 10, 0, 1, 'poiuytrewq', 'nonaktif', 5, 1, '2020-06-22 01:46:33', '2020-07-04 10:18:19', 1, 1, 62),
(4247, 'after update', 24, 0, 1, '-', 'AKTIF', 5, 1, '2020-07-04 10:18:46', '2020-07-04 10:25:16', 1, 1, 63),
(4248, 'after update', 16, 0, 166, '-', 'AKTIF', 5, 2, '2020-06-22 03:01:02', '2020-07-06 05:21:27', 1, 1, 64),
(4249, 'after update', 17, 0, 276, '-', 'AKTIF', 6, 2, '2020-06-22 05:26:20', '2020-07-06 05:21:38', 1, 1, 65),
(4250, 'after update', 19, 0, 2, '-', 'nonaktif', 7, 1, '2020-07-04 09:08:25', '2020-07-04 09:16:51', 1, 1, 66),
(4251, 'after update', 25, 0, 2, '-', 'AKTIF', 7, 1, '2020-07-04 10:18:46', '2020-07-04 10:25:21', 1, 1, 67),
(4252, 'after update', 18, 0, 276, '-', 'AKTIF', 7, 2, '2020-06-29 12:18:09', '2020-07-06 05:34:11', 1, 1, 68),
(4253, 'after update', 10, 0, 1, 'poiuytrewq', 'nonaktif', 5, 1, '2020-06-22 01:46:33', '2020-07-04 10:18:19', 1, 1, 69),
(4254, 'after update', 24, 0, 1, '-', 'AKTIF', 5, 1, '2020-07-04 10:18:46', '2020-07-04 10:25:16', 1, 1, 70),
(4255, 'after update', 16, 0, 166, '-', 'AKTIF', 5, 2, '2020-06-22 03:01:02', '2020-07-06 05:21:27', 1, 1, 71),
(4256, 'after update', 17, 0, 276, '-', 'AKTIF', 6, 2, '2020-06-22 05:26:20', '2020-07-06 05:21:38', 1, 1, 72),
(4257, 'after update', 19, 0, 2, '-', 'nonaktif', 7, 1, '2020-07-04 09:08:25', '2020-07-04 09:16:51', 1, 1, 73),
(4258, 'after update', 25, 0, 2, '-', 'AKTIF', 7, 1, '2020-07-04 10:18:46', '2020-07-04 10:25:21', 1, 1, 74),
(4259, 'after update', 18, 0, 276, '-', 'AKTIF', 7, 2, '2020-06-29 12:18:09', '2020-07-06 05:34:11', 1, 1, 75),
(4260, 'after update', 10, 0, 1, 'poiuytrewq', 'nonaktif', 5, 1, '2020-06-22 01:46:33', '2020-07-04 10:18:19', 1, 1, 76),
(4261, 'after update', 24, 0, 1, '-', 'AKTIF', 5, 1, '2020-07-04 10:18:46', '2020-07-04 10:25:16', 1, 1, 77),
(4262, 'after update', 16, 0, 166, '-', 'AKTIF', 5, 2, '2020-06-22 03:01:02', '2020-07-06 05:21:27', 1, 1, 78),
(4263, 'after update', 17, 0, 276, '-', 'AKTIF', 6, 2, '2020-06-22 05:26:20', '2020-07-06 05:21:38', 1, 1, 79),
(4264, 'after update', 19, 0, 2, '-', 'nonaktif', 7, 1, '2020-07-04 09:08:25', '2020-07-04 09:16:51', 1, 1, 80),
(4265, 'after update', 25, 0, 2, '-', 'AKTIF', 7, 1, '2020-07-04 10:18:46', '2020-07-04 10:25:21', 1, 1, 81),
(4266, 'after update', 18, 0, 276, '-', 'AKTIF', 7, 2, '2020-06-29 12:18:09', '2020-07-06 05:34:11', 1, 1, 82),
(4267, 'after update', 10, 0, 1, 'poiuytrewq', 'nonaktif', 5, 1, '2020-06-22 01:46:33', '2020-07-04 10:18:19', 1, 1, 83),
(4268, 'after update', 24, 0, 1, '-', 'AKTIF', 5, 1, '2020-07-04 10:18:46', '2020-07-04 10:25:16', 1, 1, 84),
(4269, 'after update', 16, 0, 166, '-', 'AKTIF', 5, 2, '2020-06-22 03:01:02', '2020-07-06 05:21:27', 1, 1, 85),
(4270, 'after update', 17, 0, 276, '-', 'AKTIF', 6, 2, '2020-06-22 05:26:20', '2020-07-06 05:21:38', 1, 1, 86),
(4271, 'after update', 19, 0, 2, '-', 'nonaktif', 7, 1, '2020-07-04 09:08:25', '2020-07-04 09:16:51', 1, 1, 87),
(4272, 'after update', 25, 0, 2, '-', 'AKTIF', 7, 1, '2020-07-04 10:18:46', '2020-07-04 10:25:21', 1, 1, 88),
(4273, 'after update', 18, 0, 276, '-', 'AKTIF', 7, 2, '2020-06-29 12:18:09', '2020-07-06 05:34:11', 1, 1, 89),
(4274, 'after update', 10, 0, 1, 'poiuytrewq', 'nonaktif', 5, 1, '2020-06-22 01:46:33', '2020-07-04 10:18:19', 1, 1, 90),
(4275, 'after update', 24, 0, 1, '-', 'AKTIF', 5, 1, '2020-07-04 10:18:46', '2020-07-04 10:25:16', 1, 1, 91),
(4276, 'after update', 16, 0, 166, '-', 'AKTIF', 5, 2, '2020-06-22 03:01:02', '2020-07-06 05:21:27', 1, 1, 92),
(4277, 'after update', 17, 0, 276, '-', 'AKTIF', 6, 2, '2020-06-22 05:26:20', '2020-07-06 05:21:38', 1, 1, 93),
(4278, 'after update', 19, 0, 2, '-', 'nonaktif', 7, 1, '2020-07-04 09:08:25', '2020-07-04 09:16:51', 1, 1, 94),
(4279, 'after update', 25, 0, 2, '-', 'AKTIF', 7, 1, '2020-07-04 10:18:46', '2020-07-04 10:25:21', 1, 1, 95),
(4280, 'after update', 18, 0, 276, '-', 'AKTIF', 7, 2, '2020-06-29 12:18:09', '2020-07-06 05:34:11', 1, 1, 96),
(4281, 'after update', 10, 0, 1, 'poiuytrewq', 'nonaktif', 5, 1, '2020-06-22 01:46:33', '2020-07-04 10:18:19', 1, 1, 97),
(4282, 'after update', 24, 0, 1, '-', 'AKTIF', 5, 1, '2020-07-04 10:18:46', '2020-07-04 10:25:16', 1, 1, 98),
(4283, 'after update', 16, 0, 166, '-', 'AKTIF', 5, 2, '2020-06-22 03:01:02', '2020-07-06 05:21:27', 1, 1, 99),
(4284, 'after update', 17, 0, 276, '-', 'AKTIF', 6, 2, '2020-06-22 05:26:20', '2020-07-06 05:21:38', 1, 1, 100),
(4285, 'after update', 19, 0, 2, '-', 'nonaktif', 7, 1, '2020-07-04 09:08:25', '2020-07-04 09:16:51', 1, 1, 101),
(4286, 'after update', 25, 0, 2, '-', 'AKTIF', 7, 1, '2020-07-04 10:18:46', '2020-07-04 10:25:21', 1, 1, 102),
(4287, 'after update', 18, 0, 276, '-', 'AKTIF', 7, 2, '2020-06-29 12:18:09', '2020-07-06 05:34:11', 1, 1, 103),
(4288, 'after update', 10, 0, 1, 'poiuytrewq', 'nonaktif', 5, 1, '2020-06-22 01:46:33', '2020-07-04 10:18:19', 1, 1, 104),
(4289, 'after update', 24, 0, 1, '-', 'AKTIF', 5, 1, '2020-07-04 10:18:46', '2020-07-04 10:25:16', 1, 1, 105),
(4290, 'after update', 16, 0, 166, '-', 'AKTIF', 5, 2, '2020-06-22 03:01:02', '2020-07-06 05:21:27', 1, 1, 106),
(4291, 'after update', 17, 0, 276, '-', 'AKTIF', 6, 2, '2020-06-22 05:26:20', '2020-07-06 05:21:38', 1, 1, 107),
(4292, 'after update', 19, 0, 2, '-', 'nonaktif', 7, 1, '2020-07-04 09:08:25', '2020-07-04 09:16:51', 1, 1, 108),
(4293, 'after update', 25, 0, 2, '-', 'AKTIF', 7, 1, '2020-07-04 10:18:46', '2020-07-04 10:25:21', 1, 1, 109),
(4294, 'after update', 18, 0, 276, '-', 'AKTIF', 7, 2, '2020-06-29 12:18:09', '2020-07-06 05:34:11', 1, 1, 110),
(4295, 'after update', 10, 0, 1, 'poiuytrewq', 'nonaktif', 5, 1, '2020-06-22 01:46:33', '2020-07-04 10:18:19', 1, 1, 111),
(4296, 'after update', 24, 0, 1, '-', 'AKTIF', 5, 1, '2020-07-04 10:18:46', '2020-07-04 10:25:16', 1, 1, 112),
(4297, 'after update', 16, 0, 166, '-', 'AKTIF', 5, 2, '2020-06-22 03:01:02', '2020-07-06 05:21:27', 1, 1, 113),
(4298, 'after update', 17, 0, 276, '-', 'AKTIF', 6, 2, '2020-06-22 05:26:20', '2020-07-06 05:21:38', 1, 1, 114),
(4299, 'after update', 19, 0, 2, '-', 'nonaktif', 7, 1, '2020-07-04 09:08:25', '2020-07-04 09:16:51', 1, 1, 115),
(4300, 'after update', 25, 0, 2, '-', 'AKTIF', 7, 1, '2020-07-04 10:18:46', '2020-07-04 10:25:21', 1, 1, 116),
(4301, 'after update', 18, 0, 276, '-', 'AKTIF', 7, 2, '2020-06-29 12:18:09', '2020-07-06 05:34:11', 1, 1, 117),
(4302, 'after update', 10, 0, 1, 'poiuytrewq', 'nonaktif', 5, 1, '2020-06-22 01:46:33', '2020-07-04 10:18:19', 1, 1, 118),
(4303, 'after update', 24, 0, 1, '-', 'AKTIF', 5, 1, '2020-07-04 10:18:46', '2020-07-04 10:25:16', 1, 1, 119),
(4304, 'after update', 16, 0, 166, '-', 'AKTIF', 5, 2, '2020-06-22 03:01:02', '2020-07-06 05:21:27', 1, 1, 120),
(4305, 'after update', 17, 0, 276, '-', 'AKTIF', 6, 2, '2020-06-22 05:26:20', '2020-07-06 05:21:38', 1, 1, 121),
(4306, 'after update', 19, 0, 2, '-', 'nonaktif', 7, 1, '2020-07-04 09:08:25', '2020-07-04 09:16:51', 1, 1, 122),
(4307, 'after update', 25, 0, 2, '-', 'AKTIF', 7, 1, '2020-07-04 10:18:46', '2020-07-04 10:25:21', 1, 1, 123),
(4308, 'after update', 18, 0, 276, '-', 'AKTIF', 7, 2, '2020-06-29 12:18:09', '2020-07-06 05:34:11', 1, 1, 124),
(4309, 'after update', 10, 0, 1, 'poiuytrewq', 'nonaktif', 5, 1, '2020-06-22 01:46:33', '2020-07-04 10:18:19', 1, 1, 125),
(4310, 'after update', 24, 0, 1, '-', 'AKTIF', 5, 1, '2020-07-04 10:18:46', '2020-07-04 10:25:16', 1, 1, 126),
(4311, 'after update', 16, 0, 166, '-', 'AKTIF', 5, 2, '2020-06-22 03:01:02', '2020-07-06 05:21:27', 1, 1, 127),
(4312, 'after update', 17, 0, 276, '-', 'AKTIF', 6, 2, '2020-06-22 05:26:20', '2020-07-06 05:21:38', 1, 1, 128),
(4313, 'after update', 19, 0, 2, '-', 'nonaktif', 7, 1, '2020-07-04 09:08:25', '2020-07-04 09:16:51', 1, 1, 129),
(4314, 'after update', 25, 0, 2, '-', 'AKTIF', 7, 1, '2020-07-04 10:18:46', '2020-07-04 10:25:21', 1, 1, 130),
(4315, 'after update', 18, 0, 276, '-', 'AKTIF', 7, 2, '2020-06-29 12:18:09', '2020-07-06 05:34:11', 1, 1, 131);
INSERT INTO `tbl_brg_cabang_log` (`id_pk_brg_cabang_log`, `executed_function`, `id_pk_brg_cabang`, `brg_cabang_qty`, `brg_cabang_last_price`, `brg_cabang_notes`, `brg_cabang_status`, `id_fk_brg`, `id_fk_cabang`, `brg_cabang_create_date`, `brg_cabang_last_modified`, `id_create_data`, `id_last_modified`, `id_log_all`) VALUES
(4316, 'after update', 10, 0, 1, 'poiuytrewq', 'nonaktif', 5, 1, '2020-06-22 01:46:33', '2020-07-04 10:18:19', 1, 1, 132),
(4317, 'after update', 24, 0, 1, '-', 'AKTIF', 5, 1, '2020-07-04 10:18:46', '2020-07-04 10:25:16', 1, 1, 133),
(4318, 'after update', 16, 0, 166, '-', 'AKTIF', 5, 2, '2020-06-22 03:01:02', '2020-07-06 05:21:27', 1, 1, 134),
(4319, 'after update', 17, 0, 276, '-', 'AKTIF', 6, 2, '2020-06-22 05:26:20', '2020-07-06 05:21:38', 1, 1, 135),
(4320, 'after update', 19, 0, 2, '-', 'nonaktif', 7, 1, '2020-07-04 09:08:25', '2020-07-04 09:16:51', 1, 1, 136),
(4321, 'after update', 25, 0, 2, '-', 'AKTIF', 7, 1, '2020-07-04 10:18:46', '2020-07-04 10:25:21', 1, 1, 137),
(4322, 'after update', 18, 0, 276, '-', 'AKTIF', 7, 2, '2020-06-29 12:18:09', '2020-07-06 05:34:11', 1, 1, 138),
(4323, 'after update', 10, 0, 1, 'poiuytrewq', 'nonaktif', 5, 1, '2020-06-22 01:46:33', '2020-07-04 10:18:19', 1, 1, 139),
(4324, 'after update', 24, 0, 1, '-', 'AKTIF', 5, 1, '2020-07-04 10:18:46', '2020-07-04 10:25:16', 1, 1, 140),
(4325, 'after update', 16, 0, 166, '-', 'AKTIF', 5, 2, '2020-06-22 03:01:02', '2020-07-06 05:21:27', 1, 1, 141),
(4326, 'after update', 17, 0, 276, '-', 'AKTIF', 6, 2, '2020-06-22 05:26:20', '2020-07-06 05:21:38', 1, 1, 142),
(4327, 'after update', 19, 0, 2, '-', 'nonaktif', 7, 1, '2020-07-04 09:08:25', '2020-07-04 09:16:51', 1, 1, 143),
(4328, 'after update', 25, 0, 2, '-', 'AKTIF', 7, 1, '2020-07-04 10:18:46', '2020-07-04 10:25:21', 1, 1, 144),
(4329, 'after update', 18, 0, 276, '-', 'AKTIF', 7, 2, '2020-06-29 12:18:09', '2020-07-06 05:34:11', 1, 1, 145),
(4330, 'after update', 10, 0, 1, 'poiuytrewq', 'nonaktif', 5, 1, '2020-06-22 01:46:33', '2020-07-04 10:18:19', 1, 1, 146),
(4331, 'after update', 24, 0, 1, '-', 'AKTIF', 5, 1, '2020-07-04 10:18:46', '2020-07-04 10:25:16', 1, 1, 147),
(4332, 'after update', 16, 0, 166, '-', 'AKTIF', 5, 2, '2020-06-22 03:01:02', '2020-07-06 05:21:27', 1, 1, 148),
(4333, 'after update', 17, 0, 276, '-', 'AKTIF', 6, 2, '2020-06-22 05:26:20', '2020-07-06 05:21:38', 1, 1, 149),
(4334, 'after update', 19, 0, 2, '-', 'nonaktif', 7, 1, '2020-07-04 09:08:25', '2020-07-04 09:16:51', 1, 1, 150),
(4335, 'after update', 25, 0, 2, '-', 'AKTIF', 7, 1, '2020-07-04 10:18:46', '2020-07-04 10:25:21', 1, 1, 151),
(4336, 'after update', 18, 0, 276, '-', 'AKTIF', 7, 2, '2020-06-29 12:18:09', '2020-07-06 05:34:11', 1, 1, 152),
(4337, 'after update', 10, 0, 1, 'poiuytrewq', 'nonaktif', 5, 1, '2020-06-22 01:46:33', '2020-07-04 10:18:19', 1, 1, 153),
(4338, 'after update', 24, 0, 1, '-', 'AKTIF', 5, 1, '2020-07-04 10:18:46', '2020-07-04 10:25:16', 1, 1, 154),
(4339, 'after update', 16, 0, 166, '-', 'AKTIF', 5, 2, '2020-06-22 03:01:02', '2020-07-06 05:21:27', 1, 1, 155),
(4340, 'after update', 17, 0, 276, '-', 'AKTIF', 6, 2, '2020-06-22 05:26:20', '2020-07-06 05:21:38', 1, 1, 156),
(4341, 'after update', 19, 0, 2, '-', 'nonaktif', 7, 1, '2020-07-04 09:08:25', '2020-07-04 09:16:51', 1, 1, 157),
(4342, 'after update', 25, 0, 2, '-', 'AKTIF', 7, 1, '2020-07-04 10:18:46', '2020-07-04 10:25:21', 1, 1, 158),
(4343, 'after update', 18, 0, 276, '-', 'AKTIF', 7, 2, '2020-06-29 12:18:09', '2020-07-06 05:34:11', 1, 1, 159),
(4344, 'after update', 10, 0, 1, 'poiuytrewq', 'nonaktif', 5, 1, '2020-06-22 01:46:33', '2020-07-04 10:18:19', 1, 1, 160),
(4345, 'after update', 24, 0, 1, '-', 'AKTIF', 5, 1, '2020-07-04 10:18:46', '2020-07-04 10:25:16', 1, 1, 161),
(4346, 'after update', 16, 0, 166, '-', 'AKTIF', 5, 2, '2020-06-22 03:01:02', '2020-07-06 05:21:27', 1, 1, 162),
(4347, 'after update', 17, 0, 276, '-', 'AKTIF', 6, 2, '2020-06-22 05:26:20', '2020-07-06 05:21:38', 1, 1, 163),
(4348, 'after update', 19, 0, 2, '-', 'nonaktif', 7, 1, '2020-07-04 09:08:25', '2020-07-04 09:16:51', 1, 1, 164),
(4349, 'after update', 25, 0, 2, '-', 'AKTIF', 7, 1, '2020-07-04 10:18:46', '2020-07-04 10:25:21', 1, 1, 165),
(4350, 'after update', 18, 0, 276, '-', 'AKTIF', 7, 2, '2020-06-29 12:18:09', '2020-07-06 05:34:11', 1, 1, 166),
(4351, 'after update', 10, 0, 1, 'poiuytrewq', 'nonaktif', 5, 1, '2020-06-22 01:46:33', '2020-07-04 10:18:19', 1, 1, 167),
(4352, 'after update', 24, 0, 1, '-', 'AKTIF', 5, 1, '2020-07-04 10:18:46', '2020-07-04 10:25:16', 1, 1, 168),
(4353, 'after update', 16, 0, 166, '-', 'AKTIF', 5, 2, '2020-06-22 03:01:02', '2020-07-06 05:21:27', 1, 1, 169),
(4354, 'after update', 17, 0, 276, '-', 'AKTIF', 6, 2, '2020-06-22 05:26:20', '2020-07-06 05:21:38', 1, 1, 170),
(4355, 'after update', 19, 0, 2, '-', 'nonaktif', 7, 1, '2020-07-04 09:08:25', '2020-07-04 09:16:51', 1, 1, 171),
(4356, 'after update', 25, 0, 2, '-', 'AKTIF', 7, 1, '2020-07-04 10:18:46', '2020-07-04 10:25:21', 1, 1, 172),
(4357, 'after update', 18, 0, 276, '-', 'AKTIF', 7, 2, '2020-06-29 12:18:09', '2020-07-06 05:34:11', 1, 1, 173),
(4358, 'after update', 10, 0, 1, 'poiuytrewq', 'nonaktif', 5, 1, '2020-06-22 01:46:33', '2020-07-04 10:18:19', 1, 1, 174),
(4359, 'after update', 24, 0, 1, '-', 'AKTIF', 5, 1, '2020-07-04 10:18:46', '2020-07-04 10:25:16', 1, 1, 175),
(4360, 'after update', 16, 0, 166, '-', 'AKTIF', 5, 2, '2020-06-22 03:01:02', '2020-07-06 05:21:27', 1, 1, 176),
(4361, 'after update', 17, 0, 276, '-', 'AKTIF', 6, 2, '2020-06-22 05:26:20', '2020-07-06 05:21:38', 1, 1, 177),
(4362, 'after update', 19, 0, 2, '-', 'nonaktif', 7, 1, '2020-07-04 09:08:25', '2020-07-04 09:16:51', 1, 1, 178),
(4363, 'after update', 25, 0, 2, '-', 'AKTIF', 7, 1, '2020-07-04 10:18:46', '2020-07-04 10:25:21', 1, 1, 179),
(4364, 'after update', 18, 0, 276, '-', 'AKTIF', 7, 2, '2020-06-29 12:18:09', '2020-07-06 05:34:11', 1, 1, 180),
(4365, 'after update', 10, 0, 1, 'poiuytrewq', 'nonaktif', 5, 1, '2020-06-22 01:46:33', '2020-07-04 10:18:19', 1, 1, 181),
(4366, 'after update', 24, 0, 1, '-', 'AKTIF', 5, 1, '2020-07-04 10:18:46', '2020-07-04 10:25:16', 1, 1, 182),
(4367, 'after update', 16, 0, 166, '-', 'AKTIF', 5, 2, '2020-06-22 03:01:02', '2020-07-06 05:21:27', 1, 1, 183),
(4368, 'after update', 17, 0, 276, '-', 'AKTIF', 6, 2, '2020-06-22 05:26:20', '2020-07-06 05:21:38', 1, 1, 184),
(4369, 'after update', 19, 0, 2, '-', 'nonaktif', 7, 1, '2020-07-04 09:08:25', '2020-07-04 09:16:51', 1, 1, 185),
(4370, 'after update', 25, 0, 2, '-', 'AKTIF', 7, 1, '2020-07-04 10:18:46', '2020-07-04 10:25:21', 1, 1, 186),
(4371, 'after update', 18, 0, 276, '-', 'AKTIF', 7, 2, '2020-06-29 12:18:09', '2020-07-06 05:34:11', 1, 1, 187),
(4372, 'after update', 10, 0, 1, 'poiuytrewq', 'nonaktif', 5, 1, '2020-06-22 01:46:33', '2020-07-04 10:18:19', 1, 1, 188),
(4373, 'after update', 24, 0, 1, '-', 'AKTIF', 5, 1, '2020-07-04 10:18:46', '2020-07-04 10:25:16', 1, 1, 189),
(4374, 'after update', 16, 0, 166, '-', 'AKTIF', 5, 2, '2020-06-22 03:01:02', '2020-07-06 05:21:27', 1, 1, 190),
(4375, 'after update', 17, 0, 276, '-', 'AKTIF', 6, 2, '2020-06-22 05:26:20', '2020-07-06 05:21:38', 1, 1, 191),
(4376, 'after update', 19, 0, 2, '-', 'nonaktif', 7, 1, '2020-07-04 09:08:25', '2020-07-04 09:16:51', 1, 1, 192),
(4377, 'after update', 25, 0, 2, '-', 'AKTIF', 7, 1, '2020-07-04 10:18:46', '2020-07-04 10:25:21', 1, 1, 193),
(4378, 'after update', 18, 0, 276, '-', 'AKTIF', 7, 2, '2020-06-29 12:18:09', '2020-07-06 05:34:11', 1, 1, 194),
(4379, 'after update', 1, 0, 220, '-', 'nonaktif', 1, 1, '2020-06-22 08:03:53', '2020-06-22 08:07:23', 1, 1, 197),
(4380, 'after update', 4, 0, 220, '-', 'nonaktif', 1, 1, '2020-06-22 08:07:40', '2020-06-22 08:08:55', 1, 1, 198),
(4381, 'after update', 7, 0, 220, '-', 'AKTIF', 1, 1, '2020-06-22 08:09:14', '2020-07-01 12:28:58', 1, 1, 199),
(4382, 'after update', 10, 0, 1, 'poiuytrewq', 'nonaktif', 5, 1, '2020-06-22 01:46:33', '2020-07-04 10:18:19', 1, 1, 201),
(4383, 'after update', 24, 0, 1, '-', 'AKTIF', 5, 1, '2020-07-04 10:18:46', '2020-07-04 10:25:16', 1, 1, 202),
(4384, 'after update', 16, 0, 166, '-', 'AKTIF', 5, 2, '2020-06-22 03:01:02', '2020-07-06 05:21:27', 1, 1, 203),
(4385, 'after update', 17, 0, 276, '-', 'AKTIF', 6, 2, '2020-06-22 05:26:20', '2020-07-06 05:21:38', 1, 1, 204),
(4386, 'after update', 19, 0, 2, '-', 'nonaktif', 7, 1, '2020-07-04 09:08:25', '2020-07-04 09:16:51', 1, 1, 205),
(4387, 'after update', 25, 0, 2, '-', 'AKTIF', 7, 1, '2020-07-04 10:18:46', '2020-07-04 10:25:21', 1, 1, 206),
(4388, 'after update', 18, 0, 276, '-', 'AKTIF', 7, 2, '2020-06-29 12:18:09', '2020-07-06 05:34:11', 1, 1, 207),
(4389, 'after update', 10, 0, 1, 'poiuytrewq', 'nonaktif', 5, 1, '2020-06-22 01:46:33', '2020-07-04 10:18:19', 1, 1, 208),
(4390, 'after update', 24, 0, 1, '-', 'AKTIF', 5, 1, '2020-07-04 10:18:46', '2020-07-04 10:25:16', 1, 1, 209),
(4391, 'after update', 16, 0, 166, '-', 'AKTIF', 5, 2, '2020-06-22 03:01:02', '2020-07-06 05:21:27', 1, 1, 210),
(4392, 'after update', 17, 0, 276, '-', 'AKTIF', 6, 2, '2020-06-22 05:26:20', '2020-07-06 05:21:38', 1, 1, 211),
(4393, 'after update', 19, 0, 2, '-', 'nonaktif', 7, 1, '2020-07-04 09:08:25', '2020-07-04 09:16:51', 1, 1, 212),
(4394, 'after update', 25, 0, 2, '-', 'AKTIF', 7, 1, '2020-07-04 10:18:46', '2020-07-04 10:25:21', 1, 1, 213),
(4395, 'after update', 18, 0, 276, '-', 'AKTIF', 7, 2, '2020-06-29 12:18:09', '2020-07-06 05:34:11', 1, 1, 214),
(4396, 'after update', 10, 0, 1, 'poiuytrewq', 'nonaktif', 5, 1, '2020-06-22 01:46:33', '2020-07-04 10:18:19', 1, 1, 215),
(4397, 'after update', 24, 0, 1, '-', 'AKTIF', 5, 1, '2020-07-04 10:18:46', '2020-07-04 10:25:16', 1, 1, 216),
(4398, 'after update', 16, 0, 166, '-', 'AKTIF', 5, 2, '2020-06-22 03:01:02', '2020-07-06 05:21:27', 1, 1, 217),
(4399, 'after update', 17, 0, 276, '-', 'AKTIF', 6, 2, '2020-06-22 05:26:20', '2020-07-06 05:21:38', 1, 1, 218),
(4400, 'after update', 19, 0, 2, '-', 'nonaktif', 7, 1, '2020-07-04 09:08:25', '2020-07-04 09:16:51', 1, 1, 219),
(4401, 'after update', 25, 0, 2, '-', 'AKTIF', 7, 1, '2020-07-04 10:18:46', '2020-07-04 10:25:21', 1, 1, 220),
(4402, 'after update', 18, 0, 276, '-', 'AKTIF', 7, 2, '2020-06-29 12:18:09', '2020-07-06 05:34:11', 1, 1, 221),
(4403, 'after update', 1, 0, 230, '-', 'nonaktif', 1, 1, '2020-06-22 08:03:53', '2020-06-22 08:07:23', 1, 1, 224),
(4404, 'after update', 4, 0, 230, '-', 'nonaktif', 1, 1, '2020-06-22 08:07:40', '2020-06-22 08:08:55', 1, 1, 225),
(4405, 'after update', 7, 0, 230, '-', 'AKTIF', 1, 1, '2020-06-22 08:09:14', '2020-07-01 12:28:58', 1, 1, 226),
(4406, 'after update', 10, 0, 1, 'poiuytrewq', 'nonaktif', 5, 1, '2020-06-22 01:46:33', '2020-07-04 10:18:19', 1, 1, 228),
(4407, 'after update', 24, 0, 1, '-', 'AKTIF', 5, 1, '2020-07-04 10:18:46', '2020-07-04 10:25:16', 1, 1, 229),
(4408, 'after update', 16, 0, 166, '-', 'AKTIF', 5, 2, '2020-06-22 03:01:02', '2020-07-06 05:21:27', 1, 1, 230),
(4409, 'after update', 17, 0, 276, '-', 'AKTIF', 6, 2, '2020-06-22 05:26:20', '2020-07-06 05:21:38', 1, 1, 231),
(4410, 'after update', 19, 0, 2, '-', 'nonaktif', 7, 1, '2020-07-04 09:08:25', '2020-07-04 09:16:51', 1, 1, 232),
(4411, 'after update', 25, 0, 2, '-', 'AKTIF', 7, 1, '2020-07-04 10:18:46', '2020-07-04 10:25:21', 1, 1, 233),
(4412, 'after update', 18, 0, 276, '-', 'AKTIF', 7, 2, '2020-06-29 12:18:09', '2020-07-06 05:34:11', 1, 1, 234),
(4413, 'after update', 10, 0, 1, 'poiuytrewq', 'nonaktif', 5, 1, '2020-06-22 01:46:33', '2020-07-04 10:18:19', 1, 1, 235),
(4414, 'after update', 24, 0, 1, '-', 'AKTIF', 5, 1, '2020-07-04 10:18:46', '2020-07-04 10:25:16', 1, 1, 236),
(4415, 'after update', 16, 0, 166, '-', 'AKTIF', 5, 2, '2020-06-22 03:01:02', '2020-07-06 05:21:27', 1, 1, 237),
(4416, 'after update', 17, 0, 276, '-', 'AKTIF', 6, 2, '2020-06-22 05:26:20', '2020-07-06 05:21:38', 1, 1, 238),
(4417, 'after update', 19, 0, 2, '-', 'nonaktif', 7, 1, '2020-07-04 09:08:25', '2020-07-04 09:16:51', 1, 1, 239),
(4418, 'after update', 25, 0, 2, '-', 'AKTIF', 7, 1, '2020-07-04 10:18:46', '2020-07-04 10:25:21', 1, 1, 240),
(4419, 'after update', 18, 0, 276, '-', 'AKTIF', 7, 2, '2020-06-29 12:18:09', '2020-07-06 05:34:11', 1, 1, 241),
(4420, 'after update', 10, 0, 1, 'poiuytrewq', 'nonaktif', 5, 1, '2020-06-22 01:46:33', '2020-07-04 10:18:19', 1, 1, 242),
(4421, 'after update', 24, 0, 1, '-', 'AKTIF', 5, 1, '2020-07-04 10:18:46', '2020-07-04 10:25:16', 1, 1, 243),
(4422, 'after update', 16, 0, 166, '-', 'AKTIF', 5, 2, '2020-06-22 03:01:02', '2020-07-06 05:21:27', 1, 1, 244),
(4423, 'after update', 17, 0, 276, '-', 'AKTIF', 6, 2, '2020-06-22 05:26:20', '2020-07-06 05:21:38', 1, 1, 245),
(4424, 'after update', 19, 0, 2, '-', 'nonaktif', 7, 1, '2020-07-04 09:08:25', '2020-07-04 09:16:51', 1, 1, 246),
(4425, 'after update', 25, 0, 2, '-', 'AKTIF', 7, 1, '2020-07-04 10:18:46', '2020-07-04 10:25:21', 1, 1, 247),
(4426, 'after update', 18, 0, 276, '-', 'AKTIF', 7, 2, '2020-06-29 12:18:09', '2020-07-06 05:34:11', 1, 1, 248),
(4427, 'after update', 10, 0, 1, 'poiuytrewq', 'nonaktif', 5, 1, '2020-06-22 01:46:33', '2020-07-04 10:18:19', 1, 1, 249),
(4428, 'after update', 24, 0, 1, '-', 'AKTIF', 5, 1, '2020-07-04 10:18:46', '2020-07-04 10:25:16', 1, 1, 250),
(4429, 'after update', 16, 0, 166, '-', 'AKTIF', 5, 2, '2020-06-22 03:01:02', '2020-07-06 05:21:27', 1, 1, 251),
(4430, 'after update', 17, 0, 276, '-', 'AKTIF', 6, 2, '2020-06-22 05:26:20', '2020-07-06 05:21:38', 1, 1, 252),
(4431, 'after update', 19, 0, 2, '-', 'nonaktif', 7, 1, '2020-07-04 09:08:25', '2020-07-04 09:16:51', 1, 1, 253),
(4432, 'after update', 25, 0, 2, '-', 'AKTIF', 7, 1, '2020-07-04 10:18:46', '2020-07-04 10:25:21', 1, 1, 254),
(4433, 'after update', 18, 0, 276, '-', 'AKTIF', 7, 2, '2020-06-29 12:18:09', '2020-07-06 05:34:11', 1, 1, 255),
(4434, 'after update', 10, 0, 1, 'poiuytrewq', 'nonaktif', 5, 1, '2020-06-22 01:46:33', '2020-07-04 10:18:19', 1, 1, 256),
(4435, 'after update', 24, 0, 1, '-', 'AKTIF', 5, 1, '2020-07-04 10:18:46', '2020-07-04 10:25:16', 1, 1, 257),
(4436, 'after update', 16, 0, 166, '-', 'AKTIF', 5, 2, '2020-06-22 03:01:02', '2020-07-06 05:21:27', 1, 1, 258),
(4437, 'after update', 17, 0, 276, '-', 'AKTIF', 6, 2, '2020-06-22 05:26:20', '2020-07-06 05:21:38', 1, 1, 259),
(4438, 'after update', 19, 0, 2, '-', 'nonaktif', 7, 1, '2020-07-04 09:08:25', '2020-07-04 09:16:51', 1, 1, 260),
(4439, 'after update', 25, 0, 2, '-', 'AKTIF', 7, 1, '2020-07-04 10:18:46', '2020-07-04 10:25:21', 1, 1, 261),
(4440, 'after update', 18, 0, 276, '-', 'AKTIF', 7, 2, '2020-06-29 12:18:09', '2020-07-06 05:34:11', 1, 1, 262),
(4441, 'after update', 10, 0, 1, 'poiuytrewq', 'nonaktif', 5, 1, '2020-06-22 01:46:33', '2020-07-04 10:18:19', 1, 1, 263),
(4442, 'after update', 24, 0, 1, '-', 'AKTIF', 5, 1, '2020-07-04 10:18:46', '2020-07-04 10:25:16', 1, 1, 264),
(4443, 'after update', 16, 0, 166, '-', 'AKTIF', 5, 2, '2020-06-22 03:01:02', '2020-07-06 05:21:27', 1, 1, 265),
(4444, 'after update', 17, 0, 276, '-', 'AKTIF', 6, 2, '2020-06-22 05:26:20', '2020-07-06 05:21:38', 1, 1, 266),
(4445, 'after update', 19, 0, 2, '-', 'nonaktif', 7, 1, '2020-07-04 09:08:25', '2020-07-04 09:16:51', 1, 1, 267),
(4446, 'after update', 25, 0, 2, '-', 'AKTIF', 7, 1, '2020-07-04 10:18:46', '2020-07-04 10:25:21', 1, 1, 268),
(4447, 'after update', 18, 0, 276, '-', 'AKTIF', 7, 2, '2020-06-29 12:18:09', '2020-07-06 05:34:11', 1, 1, 269),
(4448, 'after update', 10, 0, 1, 'poiuytrewq', 'nonaktif', 5, 1, '2020-06-22 01:46:33', '2020-07-04 10:18:19', 1, 1, 270),
(4449, 'after update', 24, 0, 1, '-', 'AKTIF', 5, 1, '2020-07-04 10:18:46', '2020-07-04 10:25:16', 1, 1, 271),
(4450, 'after update', 16, 0, 166, '-', 'AKTIF', 5, 2, '2020-06-22 03:01:02', '2020-07-06 05:21:27', 1, 1, 272),
(4451, 'after update', 17, 0, 276, '-', 'AKTIF', 6, 2, '2020-06-22 05:26:20', '2020-07-06 05:21:38', 1, 1, 273),
(4452, 'after update', 19, 0, 2, '-', 'nonaktif', 7, 1, '2020-07-04 09:08:25', '2020-07-04 09:16:51', 1, 1, 274),
(4453, 'after update', 25, 0, 2, '-', 'AKTIF', 7, 1, '2020-07-04 10:18:46', '2020-07-04 10:25:21', 1, 1, 275),
(4454, 'after update', 18, 0, 276, '-', 'AKTIF', 7, 2, '2020-06-29 12:18:09', '2020-07-06 05:34:11', 1, 1, 276),
(4455, 'after update', 10, 0, 1, 'poiuytrewq', 'nonaktif', 5, 1, '2020-06-22 01:46:33', '2020-07-04 10:18:19', 1, 1, 277),
(4456, 'after update', 24, 0, 1, '-', 'AKTIF', 5, 1, '2020-07-04 10:18:46', '2020-07-04 10:25:16', 1, 1, 278),
(4457, 'after update', 16, 0, 166, '-', 'AKTIF', 5, 2, '2020-06-22 03:01:02', '2020-07-06 05:21:27', 1, 1, 279),
(4458, 'after update', 17, 0, 276, '-', 'AKTIF', 6, 2, '2020-06-22 05:26:20', '2020-07-06 05:21:38', 1, 1, 280),
(4459, 'after update', 19, 0, 2, '-', 'nonaktif', 7, 1, '2020-07-04 09:08:25', '2020-07-04 09:16:51', 1, 1, 281),
(4460, 'after update', 25, 0, 2, '-', 'AKTIF', 7, 1, '2020-07-04 10:18:46', '2020-07-04 10:25:21', 1, 1, 282),
(4461, 'after update', 18, 0, 276, '-', 'AKTIF', 7, 2, '2020-06-29 12:18:09', '2020-07-06 05:34:11', 1, 1, 283),
(4462, 'after update', 10, 0, 1, 'poiuytrewq', 'nonaktif', 5, 1, '2020-06-22 01:46:33', '2020-07-04 10:18:19', 1, 1, 284),
(4463, 'after update', 24, 0, 1, '-', 'AKTIF', 5, 1, '2020-07-04 10:18:46', '2020-07-04 10:25:16', 1, 1, 285),
(4464, 'after update', 16, 0, 166, '-', 'AKTIF', 5, 2, '2020-06-22 03:01:02', '2020-07-06 05:21:27', 1, 1, 286),
(4465, 'after update', 17, 0, 276, '-', 'AKTIF', 6, 2, '2020-06-22 05:26:20', '2020-07-06 05:21:38', 1, 1, 287),
(4466, 'after update', 19, 0, 2, '-', 'nonaktif', 7, 1, '2020-07-04 09:08:25', '2020-07-04 09:16:51', 1, 1, 288),
(4467, 'after update', 25, 0, 2, '-', 'AKTIF', 7, 1, '2020-07-04 10:18:46', '2020-07-04 10:25:21', 1, 1, 289),
(4468, 'after update', 18, 0, 276, '-', 'AKTIF', 7, 2, '2020-06-29 12:18:09', '2020-07-06 05:34:11', 1, 1, 290),
(4469, 'after update', 10, 0, 1, 'poiuytrewq', 'nonaktif', 5, 1, '2020-06-22 01:46:33', '2020-07-04 10:18:19', 1, 1, 291),
(4470, 'after update', 24, 0, 1, '-', 'AKTIF', 5, 1, '2020-07-04 10:18:46', '2020-07-04 10:25:16', 1, 1, 292),
(4471, 'after update', 16, 0, 166, '-', 'AKTIF', 5, 2, '2020-06-22 03:01:02', '2020-07-06 05:21:27', 1, 1, 293),
(4472, 'after update', 17, 0, 276, '-', 'AKTIF', 6, 2, '2020-06-22 05:26:20', '2020-07-06 05:21:38', 1, 1, 294),
(4473, 'after update', 19, 0, 2, '-', 'nonaktif', 7, 1, '2020-07-04 09:08:25', '2020-07-04 09:16:51', 1, 1, 295),
(4474, 'after update', 25, 0, 2, '-', 'AKTIF', 7, 1, '2020-07-04 10:18:46', '2020-07-04 10:25:21', 1, 1, 296),
(4475, 'after update', 18, 0, 276, '-', 'AKTIF', 7, 2, '2020-06-29 12:18:09', '2020-07-06 05:34:11', 1, 1, 297),
(4476, 'after update', 10, 0, 1, 'poiuytrewq', 'nonaktif', 5, 1, '2020-06-22 01:46:33', '2020-07-04 10:18:19', 1, 1, 298),
(4477, 'after update', 24, 0, 1, '-', 'AKTIF', 5, 1, '2020-07-04 10:18:46', '2020-07-04 10:25:16', 1, 1, 299),
(4478, 'after update', 16, 0, 166, '-', 'AKTIF', 5, 2, '2020-06-22 03:01:02', '2020-07-06 05:21:27', 1, 1, 300),
(4479, 'after update', 17, 0, 276, '-', 'AKTIF', 6, 2, '2020-06-22 05:26:20', '2020-07-06 05:21:38', 1, 1, 301),
(4480, 'after update', 19, 0, 2, '-', 'nonaktif', 7, 1, '2020-07-04 09:08:25', '2020-07-04 09:16:51', 1, 1, 302),
(4481, 'after update', 25, 0, 2, '-', 'AKTIF', 7, 1, '2020-07-04 10:18:46', '2020-07-04 10:25:21', 1, 1, 303),
(4482, 'after update', 18, 0, 276, '-', 'AKTIF', 7, 2, '2020-06-29 12:18:09', '2020-07-06 05:34:11', 1, 1, 304),
(4483, 'after update', 10, 0, 1, 'poiuytrewq', 'nonaktif', 5, 1, '2020-06-22 01:46:33', '2020-07-04 10:18:19', 1, 1, 307),
(4484, 'after update', 24, 0, 1, '-', 'AKTIF', 5, 1, '2020-07-04 10:18:46', '2020-07-04 10:25:16', 1, 1, 308),
(4485, 'after update', 16, 0, 166, '-', 'AKTIF', 5, 2, '2020-06-22 03:01:02', '2020-07-06 05:21:27', 1, 1, 309),
(4486, 'after update', 17, 0, 276, '-', 'AKTIF', 6, 2, '2020-06-22 05:26:20', '2020-07-06 05:21:38', 1, 1, 310),
(4487, 'after update', 19, 0, 2, '-', 'nonaktif', 7, 1, '2020-07-04 09:08:25', '2020-07-04 09:16:51', 1, 1, 311),
(4488, 'after update', 25, 0, 2, '-', 'AKTIF', 7, 1, '2020-07-04 10:18:46', '2020-07-04 10:25:21', 1, 1, 312),
(4489, 'after update', 18, 0, 276, '-', 'AKTIF', 7, 2, '2020-06-29 12:18:09', '2020-07-06 05:34:11', 1, 1, 313),
(4490, 'after update', 10, 0, 1, 'poiuytrewq', 'nonaktif', 5, 1, '2020-06-22 01:46:33', '2020-07-04 10:18:19', 1, 1, 314),
(4491, 'after update', 24, 0, 1, '-', 'AKTIF', 5, 1, '2020-07-04 10:18:46', '2020-07-04 10:25:16', 1, 1, 315),
(4492, 'after update', 16, 0, 166, '-', 'AKTIF', 5, 2, '2020-06-22 03:01:02', '2020-07-06 05:21:27', 1, 1, 316),
(4493, 'after update', 17, 0, 276, '-', 'AKTIF', 6, 2, '2020-06-22 05:26:20', '2020-07-06 05:21:38', 1, 1, 317),
(4494, 'after update', 19, 0, 2, '-', 'nonaktif', 7, 1, '2020-07-04 09:08:25', '2020-07-04 09:16:51', 1, 1, 318),
(4495, 'after update', 25, 0, 2, '-', 'AKTIF', 7, 1, '2020-07-04 10:18:46', '2020-07-04 10:25:21', 1, 1, 319),
(4496, 'after update', 18, 0, 276, '-', 'AKTIF', 7, 2, '2020-06-29 12:18:09', '2020-07-06 05:34:11', 1, 1, 320),
(4497, 'after update', 10, 0, 1, 'poiuytrewq', 'nonaktif', 5, 1, '2020-06-22 01:46:33', '2020-07-04 10:18:19', 1, 1, 321),
(4498, 'after update', 24, 0, 1, '-', 'AKTIF', 5, 1, '2020-07-04 10:18:46', '2020-07-04 10:25:16', 1, 1, 322),
(4499, 'after update', 16, 0, 166, '-', 'AKTIF', 5, 2, '2020-06-22 03:01:02', '2020-07-06 05:21:27', 1, 1, 323),
(4500, 'after update', 17, 0, 276, '-', 'AKTIF', 6, 2, '2020-06-22 05:26:20', '2020-07-06 05:21:38', 1, 1, 324),
(4501, 'after update', 19, 0, 2, '-', 'nonaktif', 7, 1, '2020-07-04 09:08:25', '2020-07-04 09:16:51', 1, 1, 325),
(4502, 'after update', 25, 0, 2, '-', 'AKTIF', 7, 1, '2020-07-04 10:18:46', '2020-07-04 10:25:21', 1, 1, 326),
(4503, 'after update', 18, 0, 276, '-', 'AKTIF', 7, 2, '2020-06-29 12:18:09', '2020-07-06 05:34:11', 1, 1, 327),
(4504, 'after update', 10, 0, 1, 'poiuytrewq', 'nonaktif', 5, 1, '2020-06-22 01:46:33', '2020-07-04 10:18:19', 1, 1, 328),
(4505, 'after update', 24, 0, 1, '-', 'AKTIF', 5, 1, '2020-07-04 10:18:46', '2020-07-04 10:25:16', 1, 1, 329),
(4506, 'after update', 16, 0, 166, '-', 'AKTIF', 5, 2, '2020-06-22 03:01:02', '2020-07-06 05:21:27', 1, 1, 330),
(4507, 'after update', 17, 0, 276, '-', 'AKTIF', 6, 2, '2020-06-22 05:26:20', '2020-07-06 05:21:38', 1, 1, 331),
(4508, 'after update', 19, 0, 2, '-', 'nonaktif', 7, 1, '2020-07-04 09:08:25', '2020-07-04 09:16:51', 1, 1, 332),
(4509, 'after update', 25, 0, 2, '-', 'AKTIF', 7, 1, '2020-07-04 10:18:46', '2020-07-04 10:25:21', 1, 1, 333),
(4510, 'after update', 18, 0, 276, '-', 'AKTIF', 7, 2, '2020-06-29 12:18:09', '2020-07-06 05:34:11', 1, 1, 334),
(4511, 'after update', 10, 0, 1, 'poiuytrewq', 'nonaktif', 5, 1, '2020-06-22 01:46:33', '2020-07-04 10:18:19', 1, 1, 335),
(4512, 'after update', 24, 0, 1, '-', 'AKTIF', 5, 1, '2020-07-04 10:18:46', '2020-07-04 10:25:16', 1, 1, 336),
(4513, 'after update', 16, 0, 166, '-', 'AKTIF', 5, 2, '2020-06-22 03:01:02', '2020-07-06 05:21:27', 1, 1, 337),
(4514, 'after update', 17, 0, 276, '-', 'AKTIF', 6, 2, '2020-06-22 05:26:20', '2020-07-06 05:21:38', 1, 1, 338),
(4515, 'after update', 19, 0, 2, '-', 'nonaktif', 7, 1, '2020-07-04 09:08:25', '2020-07-04 09:16:51', 1, 1, 339),
(4516, 'after update', 25, 0, 2, '-', 'AKTIF', 7, 1, '2020-07-04 10:18:46', '2020-07-04 10:25:21', 1, 1, 340),
(4517, 'after update', 18, 0, 276, '-', 'AKTIF', 7, 2, '2020-06-29 12:18:09', '2020-07-06 05:34:11', 1, 1, 341),
(4518, 'after update', 10, 0, 1, 'poiuytrewq', 'nonaktif', 5, 1, '2020-06-22 01:46:33', '2020-07-04 10:18:19', 1, 1, 342),
(4519, 'after update', 24, 0, 1, '-', 'AKTIF', 5, 1, '2020-07-04 10:18:46', '2020-07-04 10:25:16', 1, 1, 343),
(4520, 'after update', 16, 0, 166, '-', 'AKTIF', 5, 2, '2020-06-22 03:01:02', '2020-07-06 05:21:27', 1, 1, 344),
(4521, 'after update', 17, 0, 276, '-', 'AKTIF', 6, 2, '2020-06-22 05:26:20', '2020-07-06 05:21:38', 1, 1, 345),
(4522, 'after update', 19, 0, 2, '-', 'nonaktif', 7, 1, '2020-07-04 09:08:25', '2020-07-04 09:16:51', 1, 1, 346),
(4523, 'after update', 25, 0, 2, '-', 'AKTIF', 7, 1, '2020-07-04 10:18:46', '2020-07-04 10:25:21', 1, 1, 347),
(4524, 'after update', 18, 0, 276, '-', 'AKTIF', 7, 2, '2020-06-29 12:18:09', '2020-07-06 05:34:11', 1, 1, 348),
(4525, 'after update', 10, 0, 1, 'poiuytrewq', 'nonaktif', 5, 1, '2020-06-22 01:46:33', '2020-07-04 10:18:19', 1, 1, 349),
(4526, 'after update', 24, 0, 1, '-', 'AKTIF', 5, 1, '2020-07-04 10:18:46', '2020-07-04 10:25:16', 1, 1, 350),
(4527, 'after update', 16, 0, 166, '-', 'AKTIF', 5, 2, '2020-06-22 03:01:02', '2020-07-06 05:21:27', 1, 1, 351),
(4528, 'after update', 17, 0, 276, '-', 'AKTIF', 6, 2, '2020-06-22 05:26:20', '2020-07-06 05:21:38', 1, 1, 352),
(4529, 'after update', 19, 0, 2, '-', 'nonaktif', 7, 1, '2020-07-04 09:08:25', '2020-07-04 09:16:51', 1, 1, 353),
(4530, 'after update', 25, 0, 2, '-', 'AKTIF', 7, 1, '2020-07-04 10:18:46', '2020-07-04 10:25:21', 1, 1, 354),
(4531, 'after update', 18, 0, 276, '-', 'AKTIF', 7, 2, '2020-06-29 12:18:09', '2020-07-06 05:34:11', 1, 1, 355),
(4532, 'after update', 10, 0, 1, 'poiuytrewq', 'nonaktif', 5, 1, '2020-06-22 01:46:33', '2020-07-04 10:18:19', 1, 1, 356),
(4533, 'after update', 24, 0, 1, '-', 'AKTIF', 5, 1, '2020-07-04 10:18:46', '2020-07-04 10:25:16', 1, 1, 357),
(4534, 'after update', 16, 0, 166, '-', 'AKTIF', 5, 2, '2020-06-22 03:01:02', '2020-07-06 05:21:27', 1, 1, 358),
(4535, 'after update', 17, 0, 276, '-', 'AKTIF', 6, 2, '2020-06-22 05:26:20', '2020-07-06 05:21:38', 1, 1, 359),
(4536, 'after update', 19, 0, 2, '-', 'nonaktif', 7, 1, '2020-07-04 09:08:25', '2020-07-04 09:16:51', 1, 1, 360),
(4537, 'after update', 25, 0, 2, '-', 'AKTIF', 7, 1, '2020-07-04 10:18:46', '2020-07-04 10:25:21', 1, 1, 361),
(4538, 'after update', 18, 0, 276, '-', 'AKTIF', 7, 2, '2020-06-29 12:18:09', '2020-07-06 05:34:11', 1, 1, 362),
(4539, 'after update', 10, 0, 1, 'poiuytrewq', 'nonaktif', 5, 1, '2020-06-22 01:46:33', '2020-07-04 10:18:19', 1, 1, 363),
(4540, 'after update', 24, 0, 1, '-', 'AKTIF', 5, 1, '2020-07-04 10:18:46', '2020-07-04 10:25:16', 1, 1, 364),
(4541, 'after update', 16, 0, 166, '-', 'AKTIF', 5, 2, '2020-06-22 03:01:02', '2020-07-06 05:21:27', 1, 1, 365),
(4542, 'after update', 17, 0, 276, '-', 'AKTIF', 6, 2, '2020-06-22 05:26:20', '2020-07-06 05:21:38', 1, 1, 366),
(4543, 'after update', 19, 0, 2, '-', 'nonaktif', 7, 1, '2020-07-04 09:08:25', '2020-07-04 09:16:51', 1, 1, 367),
(4544, 'after update', 25, 0, 2, '-', 'AKTIF', 7, 1, '2020-07-04 10:18:46', '2020-07-04 10:25:21', 1, 1, 368),
(4545, 'after update', 18, 0, 276, '-', 'AKTIF', 7, 2, '2020-06-29 12:18:09', '2020-07-06 05:34:11', 1, 1, 369),
(4546, 'after update', 10, 0, 1, 'poiuytrewq', 'nonaktif', 5, 1, '2020-06-22 01:46:33', '2020-07-04 10:18:19', 1, 1, 419),
(4547, 'after update', 24, 0, 1, '-', 'AKTIF', 5, 1, '2020-07-04 10:18:46', '2020-07-04 10:25:16', 1, 1, 420),
(4548, 'after update', 16, 0, 166, '-', 'AKTIF', 5, 2, '2020-06-22 03:01:02', '2020-07-06 05:21:27', 1, 1, 421),
(4549, 'after update', 17, 0, 276, '-', 'AKTIF', 6, 2, '2020-06-22 05:26:20', '2020-07-06 05:21:38', 1, 1, 422),
(4550, 'after update', 19, 0, 2, '-', 'nonaktif', 7, 1, '2020-07-04 09:08:25', '2020-07-04 09:16:51', 1, 1, 423),
(4551, 'after update', 25, 0, 2, '-', 'AKTIF', 7, 1, '2020-07-04 10:18:46', '2020-07-04 10:25:21', 1, 1, 424),
(4552, 'after update', 18, 0, 276, '-', 'AKTIF', 7, 2, '2020-06-29 12:18:09', '2020-07-06 05:34:11', 1, 1, 425),
(4553, 'after update', 10, 0, 1, 'poiuytrewq', 'nonaktif', 5, 1, '2020-06-22 01:46:33', '2020-07-04 10:18:19', 1, 1, 426),
(4554, 'after update', 24, 0, 1, '-', 'AKTIF', 5, 1, '2020-07-04 10:18:46', '2020-07-04 10:25:16', 1, 1, 427),
(4555, 'after update', 16, 0, 166, '-', 'AKTIF', 5, 2, '2020-06-22 03:01:02', '2020-07-06 05:21:27', 1, 1, 428),
(4556, 'after update', 17, 0, 276, '-', 'AKTIF', 6, 2, '2020-06-22 05:26:20', '2020-07-06 05:21:38', 1, 1, 429),
(4557, 'after update', 19, 0, 2, '-', 'nonaktif', 7, 1, '2020-07-04 09:08:25', '2020-07-04 09:16:51', 1, 1, 430),
(4558, 'after update', 25, 0, 2, '-', 'AKTIF', 7, 1, '2020-07-04 10:18:46', '2020-07-04 10:25:21', 1, 1, 431),
(4559, 'after update', 18, 0, 276, '-', 'AKTIF', 7, 2, '2020-06-29 12:18:09', '2020-07-06 05:34:11', 1, 1, 432),
(4560, 'after update', 10, 0, 1, 'poiuytrewq', 'nonaktif', 5, 1, '2020-06-22 01:46:33', '2020-07-04 10:18:19', 1, 1, 433),
(4561, 'after update', 24, 0, 1, '-', 'AKTIF', 5, 1, '2020-07-04 10:18:46', '2020-07-04 10:25:16', 1, 1, 434),
(4562, 'after update', 16, 0, 166, '-', 'AKTIF', 5, 2, '2020-06-22 03:01:02', '2020-07-06 05:21:27', 1, 1, 435),
(4563, 'after update', 17, 0, 276, '-', 'AKTIF', 6, 2, '2020-06-22 05:26:20', '2020-07-06 05:21:38', 1, 1, 436),
(4564, 'after update', 19, 0, 2, '-', 'nonaktif', 7, 1, '2020-07-04 09:08:25', '2020-07-04 09:16:51', 1, 1, 437),
(4565, 'after update', 25, 0, 2, '-', 'AKTIF', 7, 1, '2020-07-04 10:18:46', '2020-07-04 10:25:21', 1, 1, 438),
(4566, 'after update', 18, 0, 276, '-', 'AKTIF', 7, 2, '2020-06-29 12:18:09', '2020-07-06 05:34:11', 1, 1, 439),
(4567, 'after update', 10, 0, 1, 'poiuytrewq', 'nonaktif', 5, 1, '2020-06-22 01:46:33', '2020-07-04 10:18:19', 1, 1, 440),
(4568, 'after update', 24, 0, 1, '-', 'AKTIF', 5, 1, '2020-07-04 10:18:46', '2020-07-04 10:25:16', 1, 1, 441),
(4569, 'after update', 16, 0, 166, '-', 'AKTIF', 5, 2, '2020-06-22 03:01:02', '2020-07-06 05:21:27', 1, 1, 442),
(4570, 'after update', 17, 0, 276, '-', 'AKTIF', 6, 2, '2020-06-22 05:26:20', '2020-07-06 05:21:38', 1, 1, 443),
(4571, 'after update', 19, 0, 2, '-', 'nonaktif', 7, 1, '2020-07-04 09:08:25', '2020-07-04 09:16:51', 1, 1, 444),
(4572, 'after update', 25, 0, 2, '-', 'AKTIF', 7, 1, '2020-07-04 10:18:46', '2020-07-04 10:25:21', 1, 1, 445),
(4573, 'after update', 18, 0, 276, '-', 'AKTIF', 7, 2, '2020-06-29 12:18:09', '2020-07-06 05:34:11', 1, 1, 446),
(4574, 'after update', 10, 0, 1, 'poiuytrewq', 'nonaktif', 5, 1, '2020-06-22 01:46:33', '2020-07-04 10:18:19', 1, 1, 447),
(4575, 'after update', 24, 0, 1, '-', 'AKTIF', 5, 1, '2020-07-04 10:18:46', '2020-07-04 10:25:16', 1, 1, 448),
(4576, 'after update', 16, 0, 166, '-', 'AKTIF', 5, 2, '2020-06-22 03:01:02', '2020-07-06 05:21:27', 1, 1, 449),
(4577, 'after update', 17, 0, 276, '-', 'AKTIF', 6, 2, '2020-06-22 05:26:20', '2020-07-06 05:21:38', 1, 1, 450),
(4578, 'after update', 19, 0, 2, '-', 'nonaktif', 7, 1, '2020-07-04 09:08:25', '2020-07-04 09:16:51', 1, 1, 451),
(4579, 'after update', 25, 0, 2, '-', 'AKTIF', 7, 1, '2020-07-04 10:18:46', '2020-07-04 10:25:21', 1, 1, 452),
(4580, 'after update', 18, 0, 276, '-', 'AKTIF', 7, 2, '2020-06-29 12:18:09', '2020-07-06 05:34:11', 1, 1, 453),
(4581, 'after update', 10, 0, 1, 'poiuytrewq', 'nonaktif', 5, 1, '2020-06-22 01:46:33', '2020-07-04 10:18:19', 1, 1, 454),
(4582, 'after update', 24, 0, 1, '-', 'AKTIF', 5, 1, '2020-07-04 10:18:46', '2020-07-04 10:25:16', 1, 1, 455),
(4583, 'after update', 16, 0, 166, '-', 'AKTIF', 5, 2, '2020-06-22 03:01:02', '2020-07-06 05:21:27', 1, 1, 456),
(4584, 'after update', 17, 0, 276, '-', 'AKTIF', 6, 2, '2020-06-22 05:26:20', '2020-07-06 05:21:38', 1, 1, 457),
(4585, 'after update', 19, 0, 2, '-', 'nonaktif', 7, 1, '2020-07-04 09:08:25', '2020-07-04 09:16:51', 1, 1, 458),
(4586, 'after update', 25, 0, 2, '-', 'AKTIF', 7, 1, '2020-07-04 10:18:46', '2020-07-04 10:25:21', 1, 1, 459),
(4587, 'after update', 18, 0, 276, '-', 'AKTIF', 7, 2, '2020-06-29 12:18:09', '2020-07-06 05:34:11', 1, 1, 460),
(4588, 'after update', 10, 0, 1, 'poiuytrewq', 'nonaktif', 5, 1, '2020-06-22 01:46:33', '2020-07-04 10:18:19', 1, 1, 461),
(4589, 'after update', 24, 0, 1, '-', 'AKTIF', 5, 1, '2020-07-04 10:18:46', '2020-07-04 10:25:16', 1, 1, 462),
(4590, 'after update', 16, 0, 166, '-', 'AKTIF', 5, 2, '2020-06-22 03:01:02', '2020-07-06 05:21:27', 1, 1, 463),
(4591, 'after update', 17, 0, 276, '-', 'AKTIF', 6, 2, '2020-06-22 05:26:20', '2020-07-06 05:21:38', 1, 1, 464),
(4592, 'after update', 19, 0, 2, '-', 'nonaktif', 7, 1, '2020-07-04 09:08:25', '2020-07-04 09:16:51', 1, 1, 465),
(4593, 'after update', 25, 0, 2, '-', 'AKTIF', 7, 1, '2020-07-04 10:18:46', '2020-07-04 10:25:21', 1, 1, 466),
(4594, 'after update', 18, 0, 276, '-', 'AKTIF', 7, 2, '2020-06-29 12:18:09', '2020-07-06 05:34:11', 1, 1, 467),
(4595, 'after update', 10, 0, 1, 'poiuytrewq', 'nonaktif', 5, 1, '2020-06-22 01:46:33', '2020-07-04 10:18:19', 1, 1, 468),
(4596, 'after update', 24, 0, 1, '-', 'AKTIF', 5, 1, '2020-07-04 10:18:46', '2020-07-04 10:25:16', 1, 1, 469),
(4597, 'after update', 16, 0, 166, '-', 'AKTIF', 5, 2, '2020-06-22 03:01:02', '2020-07-06 05:21:27', 1, 1, 470),
(4598, 'after update', 17, 0, 276, '-', 'AKTIF', 6, 2, '2020-06-22 05:26:20', '2020-07-06 05:21:38', 1, 1, 471),
(4599, 'after update', 19, 0, 2, '-', 'nonaktif', 7, 1, '2020-07-04 09:08:25', '2020-07-04 09:16:51', 1, 1, 472),
(4600, 'after update', 25, 0, 2, '-', 'AKTIF', 7, 1, '2020-07-04 10:18:46', '2020-07-04 10:25:21', 1, 1, 473),
(4601, 'after update', 18, 0, 276, '-', 'AKTIF', 7, 2, '2020-06-29 12:18:09', '2020-07-06 05:34:11', 1, 1, 474),
(4602, 'after update', 10, 0, 1, 'poiuytrewq', 'nonaktif', 5, 1, '2020-06-22 01:46:33', '2020-07-04 10:18:19', 1, 1, 475),
(4603, 'after update', 24, 0, 1, '-', 'AKTIF', 5, 1, '2020-07-04 10:18:46', '2020-07-04 10:25:16', 1, 1, 476),
(4604, 'after update', 16, 0, 166, '-', 'AKTIF', 5, 2, '2020-06-22 03:01:02', '2020-07-06 05:21:27', 1, 1, 477),
(4605, 'after update', 17, 0, 276, '-', 'AKTIF', 6, 2, '2020-06-22 05:26:20', '2020-07-06 05:21:38', 1, 1, 478),
(4606, 'after update', 19, 0, 2, '-', 'nonaktif', 7, 1, '2020-07-04 09:08:25', '2020-07-04 09:16:51', 1, 1, 479),
(4607, 'after update', 25, 0, 2, '-', 'AKTIF', 7, 1, '2020-07-04 10:18:46', '2020-07-04 10:25:21', 1, 1, 480),
(4608, 'after update', 18, 0, 276, '-', 'AKTIF', 7, 2, '2020-06-29 12:18:09', '2020-07-06 05:34:11', 1, 1, 481),
(4609, 'after update', 10, 0, 1, 'poiuytrewq', 'nonaktif', 5, 1, '2020-06-22 01:46:33', '2020-07-04 10:18:19', 1, 1, 482),
(4610, 'after update', 24, 0, 1, '-', 'AKTIF', 5, 1, '2020-07-04 10:18:46', '2020-07-04 10:25:16', 1, 1, 483),
(4611, 'after update', 16, 0, 166, '-', 'AKTIF', 5, 2, '2020-06-22 03:01:02', '2020-07-06 05:21:27', 1, 1, 484),
(4612, 'after update', 17, 0, 276, '-', 'AKTIF', 6, 2, '2020-06-22 05:26:20', '2020-07-06 05:21:38', 1, 1, 485),
(4613, 'after update', 19, 0, 2, '-', 'nonaktif', 7, 1, '2020-07-04 09:08:25', '2020-07-04 09:16:51', 1, 1, 486),
(4614, 'after update', 25, 0, 2, '-', 'AKTIF', 7, 1, '2020-07-04 10:18:46', '2020-07-04 10:25:21', 1, 1, 487),
(4615, 'after update', 18, 0, 276, '-', 'AKTIF', 7, 2, '2020-06-29 12:18:09', '2020-07-06 05:34:11', 1, 1, 488),
(4616, 'after update', 10, 0, 1, 'poiuytrewq', 'nonaktif', 5, 1, '2020-06-22 01:46:33', '2020-07-04 10:18:19', 1, 1, 495),
(4617, 'after update', 24, 0, 1, '-', 'AKTIF', 5, 1, '2020-07-04 10:18:46', '2020-07-04 10:25:16', 1, 1, 496),
(4618, 'after update', 16, 0, 166, '-', 'AKTIF', 5, 2, '2020-06-22 03:01:02', '2020-07-06 05:21:27', 1, 1, 497),
(4619, 'after update', 17, 0, 276, '-', 'AKTIF', 6, 2, '2020-06-22 05:26:20', '2020-07-06 05:21:38', 1, 1, 498),
(4620, 'after update', 19, 0, 2, '-', 'nonaktif', 7, 1, '2020-07-04 09:08:25', '2020-07-04 09:16:51', 1, 1, 499),
(4621, 'after update', 25, 0, 2, '-', 'AKTIF', 7, 1, '2020-07-04 10:18:46', '2020-07-04 10:25:21', 1, 1, 500),
(4622, 'after update', 18, 0, 276, '-', 'AKTIF', 7, 2, '2020-06-29 12:18:09', '2020-07-06 05:34:11', 1, 1, 501),
(4623, 'after update', 10, 0, 1, 'poiuytrewq', 'nonaktif', 5, 1, '2020-06-22 01:46:33', '2020-07-04 10:18:19', 1, 1, 502),
(4624, 'after update', 24, 0, 1, '-', 'AKTIF', 5, 1, '2020-07-04 10:18:46', '2020-07-04 10:25:16', 1, 1, 503),
(4625, 'after update', 16, 0, 166, '-', 'AKTIF', 5, 2, '2020-06-22 03:01:02', '2020-07-06 05:21:27', 1, 1, 504),
(4626, 'after update', 17, 0, 276, '-', 'AKTIF', 6, 2, '2020-06-22 05:26:20', '2020-07-06 05:21:38', 1, 1, 505),
(4627, 'after update', 19, 0, 2, '-', 'nonaktif', 7, 1, '2020-07-04 09:08:25', '2020-07-04 09:16:51', 1, 1, 506),
(4628, 'after update', 25, 0, 2, '-', 'AKTIF', 7, 1, '2020-07-04 10:18:46', '2020-07-04 10:25:21', 1, 1, 507),
(4629, 'after update', 18, 0, 276, '-', 'AKTIF', 7, 2, '2020-06-29 12:18:09', '2020-07-06 05:34:11', 1, 1, 508),
(4630, 'after update', 10, 0, 1, 'poiuytrewq', 'nonaktif', 5, 1, '2020-06-22 01:46:33', '2020-07-04 10:18:19', 1, 1, 509),
(4631, 'after update', 24, 0, 1, '-', 'AKTIF', 5, 1, '2020-07-04 10:18:46', '2020-07-04 10:25:16', 1, 1, 510),
(4632, 'after update', 16, 0, 166, '-', 'AKTIF', 5, 2, '2020-06-22 03:01:02', '2020-07-06 05:21:27', 1, 1, 511),
(4633, 'after update', 17, 0, 276, '-', 'AKTIF', 6, 2, '2020-06-22 05:26:20', '2020-07-06 05:21:38', 1, 1, 512),
(4634, 'after update', 19, 0, 2, '-', 'nonaktif', 7, 1, '2020-07-04 09:08:25', '2020-07-04 09:16:51', 1, 1, 513),
(4635, 'after update', 25, 0, 2, '-', 'AKTIF', 7, 1, '2020-07-04 10:18:46', '2020-07-04 10:25:21', 1, 1, 514),
(4636, 'after update', 18, 0, 276, '-', 'AKTIF', 7, 2, '2020-06-29 12:18:09', '2020-07-06 05:34:11', 1, 1, 515),
(4637, 'after update', 10, 0, 1, 'poiuytrewq', 'nonaktif', 5, 1, '2020-06-22 01:46:33', '2020-07-04 10:18:19', 1, 1, 516),
(4638, 'after update', 24, 0, 1, '-', 'AKTIF', 5, 1, '2020-07-04 10:18:46', '2020-07-04 10:25:16', 1, 1, 517),
(4639, 'after update', 16, 0, 166, '-', 'AKTIF', 5, 2, '2020-06-22 03:01:02', '2020-07-06 05:21:27', 1, 1, 518),
(4640, 'after update', 17, 0, 276, '-', 'AKTIF', 6, 2, '2020-06-22 05:26:20', '2020-07-06 05:21:38', 1, 1, 519),
(4641, 'after update', 19, 0, 2, '-', 'nonaktif', 7, 1, '2020-07-04 09:08:25', '2020-07-04 09:16:51', 1, 1, 520),
(4642, 'after update', 25, 0, 2, '-', 'AKTIF', 7, 1, '2020-07-04 10:18:46', '2020-07-04 10:25:21', 1, 1, 521),
(4643, 'after update', 18, 0, 276, '-', 'AKTIF', 7, 2, '2020-06-29 12:18:09', '2020-07-06 05:34:11', 1, 1, 522),
(4644, 'after update', 10, 0, 1, 'poiuytrewq', 'nonaktif', 5, 1, '2020-06-22 01:46:33', '2020-07-04 10:18:19', 1, 1, 523),
(4645, 'after update', 24, 0, 1, '-', 'AKTIF', 5, 1, '2020-07-04 10:18:46', '2020-07-04 10:25:16', 1, 1, 524),
(4646, 'after update', 16, 0, 166, '-', 'AKTIF', 5, 2, '2020-06-22 03:01:02', '2020-07-06 05:21:27', 1, 1, 525),
(4647, 'after update', 17, 0, 276, '-', 'AKTIF', 6, 2, '2020-06-22 05:26:20', '2020-07-06 05:21:38', 1, 1, 526),
(4648, 'after update', 19, 0, 2, '-', 'nonaktif', 7, 1, '2020-07-04 09:08:25', '2020-07-04 09:16:51', 1, 1, 527),
(4649, 'after update', 25, 0, 2, '-', 'AKTIF', 7, 1, '2020-07-04 10:18:46', '2020-07-04 10:25:21', 1, 1, 528),
(4650, 'after update', 18, 0, 276, '-', 'AKTIF', 7, 2, '2020-06-29 12:18:09', '2020-07-06 05:34:11', 1, 1, 529),
(4651, 'after update', 10, 0, 1, 'poiuytrewq', 'nonaktif', 5, 1, '2020-06-22 01:46:33', '2020-07-04 10:18:19', 1, 1, 530),
(4652, 'after update', 24, 0, 1, '-', 'AKTIF', 5, 1, '2020-07-04 10:18:46', '2020-07-04 10:25:16', 1, 1, 531),
(4653, 'after update', 16, 0, 166, '-', 'AKTIF', 5, 2, '2020-06-22 03:01:02', '2020-07-06 05:21:27', 1, 1, 532),
(4654, 'after update', 17, 0, 276, '-', 'AKTIF', 6, 2, '2020-06-22 05:26:20', '2020-07-06 05:21:38', 1, 1, 533),
(4655, 'after update', 19, 0, 2, '-', 'nonaktif', 7, 1, '2020-07-04 09:08:25', '2020-07-04 09:16:51', 1, 1, 534),
(4656, 'after update', 25, 0, 2, '-', 'AKTIF', 7, 1, '2020-07-04 10:18:46', '2020-07-04 10:25:21', 1, 1, 535),
(4657, 'after update', 18, 0, 276, '-', 'AKTIF', 7, 2, '2020-06-29 12:18:09', '2020-07-06 05:34:11', 1, 1, 536),
(4658, 'after update', 10, 0, 1, 'poiuytrewq', 'nonaktif', 5, 1, '2020-06-22 01:46:33', '2020-07-04 10:18:19', 1, 1, 549),
(4659, 'after update', 24, 0, 1, '-', 'AKTIF', 5, 1, '2020-07-04 10:18:46', '2020-07-04 10:25:16', 1, 1, 550),
(4660, 'after update', 16, 0, 166, '-', 'AKTIF', 5, 2, '2020-06-22 03:01:02', '2020-07-06 05:21:27', 1, 1, 551),
(4661, 'after update', 17, 0, 276, '-', 'AKTIF', 6, 2, '2020-06-22 05:26:20', '2020-07-06 05:21:38', 1, 1, 552),
(4662, 'after update', 19, 0, 2, '-', 'nonaktif', 7, 1, '2020-07-04 09:08:25', '2020-07-04 09:16:51', 1, 1, 553),
(4663, 'after update', 25, 0, 2, '-', 'AKTIF', 7, 1, '2020-07-04 10:18:46', '2020-07-04 10:25:21', 1, 1, 554),
(4664, 'after update', 18, 0, 276, '-', 'AKTIF', 7, 2, '2020-06-29 12:18:09', '2020-07-06 05:34:11', 1, 1, 555),
(4665, 'after update', 10, 0, 1, 'poiuytrewq', 'nonaktif', 5, 1, '2020-06-22 01:46:33', '2020-07-04 10:18:19', 1, 1, 556),
(4666, 'after update', 24, 0, 1, '-', 'AKTIF', 5, 1, '2020-07-04 10:18:46', '2020-07-04 10:25:16', 1, 1, 557),
(4667, 'after update', 16, 0, 166, '-', 'AKTIF', 5, 2, '2020-06-22 03:01:02', '2020-07-06 05:21:27', 1, 1, 558),
(4668, 'after update', 17, 0, 276, '-', 'AKTIF', 6, 2, '2020-06-22 05:26:20', '2020-07-06 05:21:38', 1, 1, 559),
(4669, 'after update', 19, 0, 2, '-', 'nonaktif', 7, 1, '2020-07-04 09:08:25', '2020-07-04 09:16:51', 1, 1, 560),
(4670, 'after update', 25, 0, 2, '-', 'AKTIF', 7, 1, '2020-07-04 10:18:46', '2020-07-04 10:25:21', 1, 1, 561),
(4671, 'after update', 18, 0, 276, '-', 'AKTIF', 7, 2, '2020-06-29 12:18:09', '2020-07-06 05:34:11', 1, 1, 562),
(4672, 'after update', 10, 0, 1, 'poiuytrewq', 'nonaktif', 5, 1, '2020-06-22 01:46:33', '2020-07-04 10:18:19', 1, 1, 563),
(4673, 'after update', 24, 0, 1, '-', 'AKTIF', 5, 1, '2020-07-04 10:18:46', '2020-07-04 10:25:16', 1, 1, 564),
(4674, 'after update', 16, 0, 166, '-', 'AKTIF', 5, 2, '2020-06-22 03:01:02', '2020-07-06 05:21:27', 1, 1, 565),
(4675, 'after update', 17, 0, 276, '-', 'AKTIF', 6, 2, '2020-06-22 05:26:20', '2020-07-06 05:21:38', 1, 1, 566),
(4676, 'after update', 19, 0, 2, '-', 'nonaktif', 7, 1, '2020-07-04 09:08:25', '2020-07-04 09:16:51', 1, 1, 567),
(4677, 'after update', 25, 0, 2, '-', 'AKTIF', 7, 1, '2020-07-04 10:18:46', '2020-07-04 10:25:21', 1, 1, 568),
(4678, 'after update', 18, 0, 276, '-', 'AKTIF', 7, 2, '2020-06-29 12:18:09', '2020-07-06 05:34:11', 1, 1, 569),
(4679, 'after update', 10, 0, 1, 'poiuytrewq', 'nonaktif', 5, 1, '2020-06-22 01:46:33', '2020-07-04 10:18:19', 1, 1, 570),
(4680, 'after update', 24, 0, 1, '-', 'AKTIF', 5, 1, '2020-07-04 10:18:46', '2020-07-04 10:25:16', 1, 1, 571),
(4681, 'after update', 16, 0, 166, '-', 'AKTIF', 5, 2, '2020-06-22 03:01:02', '2020-07-06 05:21:27', 1, 1, 572),
(4682, 'after update', 17, 0, 276, '-', 'AKTIF', 6, 2, '2020-06-22 05:26:20', '2020-07-06 05:21:38', 1, 1, 573),
(4683, 'after update', 19, 0, 2, '-', 'nonaktif', 7, 1, '2020-07-04 09:08:25', '2020-07-04 09:16:51', 1, 1, 574),
(4684, 'after update', 25, 0, 2, '-', 'AKTIF', 7, 1, '2020-07-04 10:18:46', '2020-07-04 10:25:21', 1, 1, 575),
(4685, 'after update', 18, 0, 276, '-', 'AKTIF', 7, 2, '2020-06-29 12:18:09', '2020-07-06 05:34:11', 1, 1, 576),
(4686, 'after update', 10, 0, 1, 'poiuytrewq', 'nonaktif', 5, 1, '2020-06-22 01:46:33', '2020-07-04 10:18:19', 1, 1, 577),
(4687, 'after update', 24, 0, 1, '-', 'AKTIF', 5, 1, '2020-07-04 10:18:46', '2020-07-04 10:25:16', 1, 1, 578),
(4688, 'after update', 16, 0, 166, '-', 'AKTIF', 5, 2, '2020-06-22 03:01:02', '2020-07-06 05:21:27', 1, 1, 579),
(4689, 'after update', 17, 0, 276, '-', 'AKTIF', 6, 2, '2020-06-22 05:26:20', '2020-07-06 05:21:38', 1, 1, 580),
(4690, 'after update', 19, 0, 2, '-', 'nonaktif', 7, 1, '2020-07-04 09:08:25', '2020-07-04 09:16:51', 1, 1, 581),
(4691, 'after update', 25, 0, 2, '-', 'AKTIF', 7, 1, '2020-07-04 10:18:46', '2020-07-04 10:25:21', 1, 1, 582),
(4692, 'after update', 18, 0, 276, '-', 'AKTIF', 7, 2, '2020-06-29 12:18:09', '2020-07-06 05:34:11', 1, 1, 583),
(4693, 'after update', 10, 0, 1, 'poiuytrewq', 'nonaktif', 5, 1, '2020-06-22 01:46:33', '2020-07-04 10:18:19', 1, 1, 584),
(4694, 'after update', 24, 0, 1, '-', 'AKTIF', 5, 1, '2020-07-04 10:18:46', '2020-07-04 10:25:16', 1, 1, 585),
(4695, 'after update', 16, 0, 166, '-', 'AKTIF', 5, 2, '2020-06-22 03:01:02', '2020-07-06 05:21:27', 1, 1, 586),
(4696, 'after update', 17, 0, 276, '-', 'AKTIF', 6, 2, '2020-06-22 05:26:20', '2020-07-06 05:21:38', 1, 1, 587),
(4697, 'after update', 19, 0, 2, '-', 'nonaktif', 7, 1, '2020-07-04 09:08:25', '2020-07-04 09:16:51', 1, 1, 588),
(4698, 'after update', 25, 0, 2, '-', 'AKTIF', 7, 1, '2020-07-04 10:18:46', '2020-07-04 10:25:21', 1, 1, 589),
(4699, 'after update', 18, 0, 276, '-', 'AKTIF', 7, 2, '2020-06-29 12:18:09', '2020-07-06 05:34:11', 1, 1, 590),
(4700, 'after update', 10, 0, 1, 'poiuytrewq', 'nonaktif', 5, 1, '2020-06-22 01:46:33', '2020-07-04 10:18:19', 1, 1, 591),
(4701, 'after update', 24, 0, 1, '-', 'AKTIF', 5, 1, '2020-07-04 10:18:46', '2020-07-04 10:25:16', 1, 1, 592),
(4702, 'after update', 16, 0, 166, '-', 'AKTIF', 5, 2, '2020-06-22 03:01:02', '2020-07-06 05:21:27', 1, 1, 593),
(4703, 'after update', 17, 0, 276, '-', 'AKTIF', 6, 2, '2020-06-22 05:26:20', '2020-07-06 05:21:38', 1, 1, 594),
(4704, 'after update', 19, 0, 2, '-', 'nonaktif', 7, 1, '2020-07-04 09:08:25', '2020-07-04 09:16:51', 1, 1, 595),
(4705, 'after update', 25, 0, 2, '-', 'AKTIF', 7, 1, '2020-07-04 10:18:46', '2020-07-04 10:25:21', 1, 1, 596),
(4706, 'after update', 18, 0, 276, '-', 'AKTIF', 7, 2, '2020-06-29 12:18:09', '2020-07-06 05:34:11', 1, 1, 597),
(4707, 'after update', 10, 0, 1, 'poiuytrewq', 'nonaktif', 5, 1, '2020-06-22 01:46:33', '2020-07-04 10:18:19', 1, 1, 598),
(4708, 'after update', 24, 0, 1, '-', 'AKTIF', 5, 1, '2020-07-04 10:18:46', '2020-07-04 10:25:16', 1, 1, 599),
(4709, 'after update', 16, 0, 166, '-', 'AKTIF', 5, 2, '2020-06-22 03:01:02', '2020-07-06 05:21:27', 1, 1, 600),
(4710, 'after update', 17, 0, 276, '-', 'AKTIF', 6, 2, '2020-06-22 05:26:20', '2020-07-06 05:21:38', 1, 1, 601),
(4711, 'after update', 19, 0, 2, '-', 'nonaktif', 7, 1, '2020-07-04 09:08:25', '2020-07-04 09:16:51', 1, 1, 602),
(4712, 'after update', 25, 0, 2, '-', 'AKTIF', 7, 1, '2020-07-04 10:18:46', '2020-07-04 10:25:21', 1, 1, 603),
(4713, 'after update', 18, 0, 276, '-', 'AKTIF', 7, 2, '2020-06-29 12:18:09', '2020-07-06 05:34:11', 1, 1, 604),
(4714, 'after update', 10, 0, 1, 'poiuytrewq', 'nonaktif', 5, 1, '2020-06-22 01:46:33', '2020-07-04 10:18:19', 1, 1, 605),
(4715, 'after update', 24, 0, 1, '-', 'AKTIF', 5, 1, '2020-07-04 10:18:46', '2020-07-04 10:25:16', 1, 1, 606),
(4716, 'after update', 16, 0, 166, '-', 'AKTIF', 5, 2, '2020-06-22 03:01:02', '2020-07-06 05:21:27', 1, 1, 607),
(4717, 'after update', 17, 0, 276, '-', 'AKTIF', 6, 2, '2020-06-22 05:26:20', '2020-07-06 05:21:38', 1, 1, 608),
(4718, 'after update', 19, 0, 2, '-', 'nonaktif', 7, 1, '2020-07-04 09:08:25', '2020-07-04 09:16:51', 1, 1, 609),
(4719, 'after update', 25, 0, 2, '-', 'AKTIF', 7, 1, '2020-07-04 10:18:46', '2020-07-04 10:25:21', 1, 1, 610),
(4720, 'after update', 18, 0, 276, '-', 'AKTIF', 7, 2, '2020-06-29 12:18:09', '2020-07-06 05:34:11', 1, 1, 611),
(4721, 'after update', 10, 0, 1, 'poiuytrewq', 'nonaktif', 5, 1, '2020-06-22 01:46:33', '2020-07-04 10:18:19', 1, 1, 612),
(4722, 'after update', 24, 0, 1, '-', 'AKTIF', 5, 1, '2020-07-04 10:18:46', '2020-07-04 10:25:16', 1, 1, 613),
(4723, 'after update', 16, 0, 166, '-', 'AKTIF', 5, 2, '2020-06-22 03:01:02', '2020-07-06 05:21:27', 1, 1, 614),
(4724, 'after update', 17, 0, 276, '-', 'AKTIF', 6, 2, '2020-06-22 05:26:20', '2020-07-06 05:21:38', 1, 1, 615),
(4725, 'after update', 19, 0, 2, '-', 'nonaktif', 7, 1, '2020-07-04 09:08:25', '2020-07-04 09:16:51', 1, 1, 616),
(4726, 'after update', 25, 0, 2, '-', 'AKTIF', 7, 1, '2020-07-04 10:18:46', '2020-07-04 10:25:21', 1, 1, 617),
(4727, 'after update', 18, 0, 276, '-', 'AKTIF', 7, 2, '2020-06-29 12:18:09', '2020-07-06 05:34:11', 1, 1, 618),
(4728, 'after update', 10, 0, 1, 'poiuytrewq', 'nonaktif', 5, 1, '2020-06-22 01:46:33', '2020-07-04 10:18:19', 1, 1, 619),
(4729, 'after update', 24, 0, 1, '-', 'AKTIF', 5, 1, '2020-07-04 10:18:46', '2020-07-04 10:25:16', 1, 1, 620),
(4730, 'after update', 16, 0, 166, '-', 'AKTIF', 5, 2, '2020-06-22 03:01:02', '2020-07-06 05:21:27', 1, 1, 621),
(4731, 'after update', 17, 0, 276, '-', 'AKTIF', 6, 2, '2020-06-22 05:26:20', '2020-07-06 05:21:38', 1, 1, 622),
(4732, 'after update', 19, 0, 2, '-', 'nonaktif', 7, 1, '2020-07-04 09:08:25', '2020-07-04 09:16:51', 1, 1, 623),
(4733, 'after update', 25, 0, 2, '-', 'AKTIF', 7, 1, '2020-07-04 10:18:46', '2020-07-04 10:25:21', 1, 1, 624),
(4734, 'after update', 18, 0, 276, '-', 'AKTIF', 7, 2, '2020-06-29 12:18:09', '2020-07-06 05:34:11', 1, 1, 625),
(4735, 'after update', 10, 0, 1, 'poiuytrewq', 'nonaktif', 5, 1, '2020-06-22 01:46:33', '2020-07-04 10:18:19', 1, 1, 626),
(4736, 'after update', 24, 0, 1, '-', 'AKTIF', 5, 1, '2020-07-04 10:18:46', '2020-07-04 10:25:16', 1, 1, 627),
(4737, 'after update', 16, 0, 166, '-', 'AKTIF', 5, 2, '2020-06-22 03:01:02', '2020-07-06 05:21:27', 1, 1, 628),
(4738, 'after update', 17, 0, 276, '-', 'AKTIF', 6, 2, '2020-06-22 05:26:20', '2020-07-06 05:21:38', 1, 1, 629),
(4739, 'after update', 19, 0, 2, '-', 'nonaktif', 7, 1, '2020-07-04 09:08:25', '2020-07-04 09:16:51', 1, 1, 630),
(4740, 'after update', 25, 0, 2, '-', 'AKTIF', 7, 1, '2020-07-04 10:18:46', '2020-07-04 10:25:21', 1, 1, 631),
(4741, 'after update', 18, 0, 276, '-', 'AKTIF', 7, 2, '2020-06-29 12:18:09', '2020-07-06 05:34:11', 1, 1, 632),
(4742, 'after update', 10, 0, 1, 'poiuytrewq', 'nonaktif', 5, 1, '2020-06-22 01:46:33', '2020-07-04 10:18:19', 1, 1, 633),
(4743, 'after update', 24, 0, 1, '-', 'AKTIF', 5, 1, '2020-07-04 10:18:46', '2020-07-04 10:25:16', 1, 1, 634),
(4744, 'after update', 16, 0, 166, '-', 'AKTIF', 5, 2, '2020-06-22 03:01:02', '2020-07-06 05:21:27', 1, 1, 635),
(4745, 'after update', 17, 0, 276, '-', 'AKTIF', 6, 2, '2020-06-22 05:26:20', '2020-07-06 05:21:38', 1, 1, 636),
(4746, 'after update', 19, 0, 2, '-', 'nonaktif', 7, 1, '2020-07-04 09:08:25', '2020-07-04 09:16:51', 1, 1, 637),
(4747, 'after update', 25, 0, 2, '-', 'AKTIF', 7, 1, '2020-07-04 10:18:46', '2020-07-04 10:25:21', 1, 1, 638),
(4748, 'after update', 18, 0, 276, '-', 'AKTIF', 7, 2, '2020-06-29 12:18:09', '2020-07-06 05:34:11', 1, 1, 639),
(4749, 'after update', 16, 0, 43, '-', 'AKTIF', 5, 2, '2020-06-22 03:01:02', '2020-07-06 05:21:27', 1, 1, 641),
(4750, 'after update', 13, 14000, 2848, '-', 'nonaktif', 2, 2, '2020-06-22 03:01:02', '2020-07-06 11:39:15', 1, 1, 642),
(4751, 'after update', 27, 0, 2998, 'Auto insert from item existance check', 'nonaktif', 2, 2, '2020-07-06 11:49:17', '2020-07-06 11:49:33', 1, 1, 643),
(4752, 'after update', 28, 0, 2998, 'Auto insert from item existance check', 'nonaktif', 2, 2, '2020-07-06 11:49:33', '2020-07-06 11:52:03', 1, 1, 644),
(4753, 'after update', 29, 0, 2998, 'Auto insert from item existance check', 'nonaktif', 2, 2, '2020-07-06 11:52:03', '2020-07-06 11:52:29', 1, 1, 645),
(4754, 'after update', 30, 0, 2998, 'Auto insert from item existance check', 'nonaktif', 2, 2, '2020-07-06 11:52:29', '2020-07-06 02:01:07', 1, 1, 646),
(4755, 'after update', 31, 0, 1558, 'Auto insert from item existance check', 'nonaktif', 2, 2, '2020-07-06 02:01:07', '2020-07-06 05:01:49', 1, 1, 647),
(4756, 'after update', 32, 0, 214, 'Auto insert from item existance check', 'aktif', 2, 2, '2020-07-06 05:01:49', '2020-07-06 05:21:00', 1, 1, 648);
INSERT INTO `tbl_brg_cabang_log` (`id_pk_brg_cabang_log`, `executed_function`, `id_pk_brg_cabang`, `brg_cabang_qty`, `brg_cabang_last_price`, `brg_cabang_notes`, `brg_cabang_status`, `id_fk_brg`, `id_fk_cabang`, `brg_cabang_create_date`, `brg_cabang_last_modified`, `id_create_data`, `id_last_modified`, `id_log_all`) VALUES
(4757, 'after update', 15, 10000, 1551, '-', 'nonaktif', 4, 2, '2020-06-22 03:01:02', '2020-07-07 10:34:54', 1, 1, 649),
(4758, 'after update', 33, 10000, 851, 'Auto insert from item existance check', 'aktif', 4, 2, '2020-07-06 05:01:59', '2020-07-07 10:34:54', 1, 1, 650),
(4759, 'after update', 16, 0, 166, '-', 'AKTIF', 5, 2, '2020-06-22 03:01:02', '2020-07-06 05:21:27', 1, 1, 651),
(4760, 'after update', 13, 14000, 3464, '-', 'nonaktif', 2, 2, '2020-06-22 03:01:02', '2020-07-06 11:39:15', 1, 1, 652),
(4761, 'after update', 27, 0, 3614, 'Auto insert from item existance check', 'nonaktif', 2, 2, '2020-07-06 11:49:17', '2020-07-06 11:49:33', 1, 1, 653),
(4762, 'after update', 28, 0, 3614, 'Auto insert from item existance check', 'nonaktif', 2, 2, '2020-07-06 11:49:33', '2020-07-06 11:52:03', 1, 1, 654),
(4763, 'after update', 29, 0, 3614, 'Auto insert from item existance check', 'nonaktif', 2, 2, '2020-07-06 11:52:03', '2020-07-06 11:52:29', 1, 1, 655),
(4764, 'after update', 30, 0, 3614, 'Auto insert from item existance check', 'nonaktif', 2, 2, '2020-07-06 11:52:29', '2020-07-06 02:01:07', 1, 1, 656),
(4765, 'after update', 31, 0, 2174, 'Auto insert from item existance check', 'nonaktif', 2, 2, '2020-07-06 02:01:07', '2020-07-06 05:01:49', 1, 1, 657),
(4766, 'after update', 32, 0, 830, 'Auto insert from item existance check', 'aktif', 2, 2, '2020-07-06 05:01:49', '2020-07-06 05:21:00', 1, 1, 658),
(4767, 'after update', 15, 10000, 1920, '-', 'nonaktif', 4, 2, '2020-06-22 03:01:02', '2020-07-07 10:34:54', 1, 1, 659),
(4768, 'after update', 33, 10000, 1220, 'Auto insert from item existance check', 'aktif', 4, 2, '2020-07-06 05:01:59', '2020-07-07 10:34:54', 1, 1, 660),
(4769, 'after update', 16, 0, 43, '-', 'AKTIF', 5, 2, '2020-06-22 03:01:02', '2020-07-06 05:21:27', 1, 1, 662),
(4770, 'after update', 13, 14000, 2848, '-', 'nonaktif', 2, 2, '2020-06-22 03:01:02', '2020-07-06 11:39:15', 1, 1, 663),
(4771, 'after update', 27, 0, 2998, 'Auto insert from item existance check', 'nonaktif', 2, 2, '2020-07-06 11:49:17', '2020-07-06 11:49:33', 1, 1, 664),
(4772, 'after update', 28, 0, 2998, 'Auto insert from item existance check', 'nonaktif', 2, 2, '2020-07-06 11:49:33', '2020-07-06 11:52:03', 1, 1, 665),
(4773, 'after update', 29, 0, 2998, 'Auto insert from item existance check', 'nonaktif', 2, 2, '2020-07-06 11:52:03', '2020-07-06 11:52:29', 1, 1, 666),
(4774, 'after update', 30, 0, 2998, 'Auto insert from item existance check', 'nonaktif', 2, 2, '2020-07-06 11:52:29', '2020-07-06 02:01:07', 1, 1, 667),
(4775, 'after update', 31, 0, 1558, 'Auto insert from item existance check', 'nonaktif', 2, 2, '2020-07-06 02:01:07', '2020-07-06 05:01:49', 1, 1, 668),
(4776, 'after update', 32, 0, 214, 'Auto insert from item existance check', 'aktif', 2, 2, '2020-07-06 05:01:49', '2020-07-06 05:21:00', 1, 1, 669),
(4777, 'after update', 15, 10000, 1551, '-', 'nonaktif', 4, 2, '2020-06-22 03:01:02', '2020-07-07 10:34:54', 1, 1, 670),
(4778, 'after update', 33, 10000, 851, 'Auto insert from item existance check', 'aktif', 4, 2, '2020-07-06 05:01:59', '2020-07-07 10:34:54', 1, 1, 671),
(4779, 'after update', 16, 0, 166, '-', 'AKTIF', 5, 2, '2020-06-22 03:01:02', '2020-07-06 05:21:27', 1, 1, 672),
(4780, 'after update', 13, 14000, 3464, '-', 'nonaktif', 2, 2, '2020-06-22 03:01:02', '2020-07-06 11:39:15', 1, 1, 673),
(4781, 'after update', 27, 0, 3614, 'Auto insert from item existance check', 'nonaktif', 2, 2, '2020-07-06 11:49:17', '2020-07-06 11:49:33', 1, 1, 674),
(4782, 'after update', 28, 0, 3614, 'Auto insert from item existance check', 'nonaktif', 2, 2, '2020-07-06 11:49:33', '2020-07-06 11:52:03', 1, 1, 675),
(4783, 'after update', 29, 0, 3614, 'Auto insert from item existance check', 'nonaktif', 2, 2, '2020-07-06 11:52:03', '2020-07-06 11:52:29', 1, 1, 676),
(4784, 'after update', 30, 0, 3614, 'Auto insert from item existance check', 'nonaktif', 2, 2, '2020-07-06 11:52:29', '2020-07-06 02:01:07', 1, 1, 677),
(4785, 'after update', 31, 0, 2174, 'Auto insert from item existance check', 'nonaktif', 2, 2, '2020-07-06 02:01:07', '2020-07-06 05:01:49', 1, 1, 678),
(4786, 'after update', 32, 0, 830, 'Auto insert from item existance check', 'aktif', 2, 2, '2020-07-06 05:01:49', '2020-07-06 05:21:00', 1, 1, 679),
(4787, 'after update', 15, 10000, 1920, '-', 'nonaktif', 4, 2, '2020-06-22 03:01:02', '2020-07-07 10:34:54', 1, 1, 680),
(4788, 'after update', 33, 10000, 1220, 'Auto insert from item existance check', 'aktif', 4, 2, '2020-07-06 05:01:59', '2020-07-07 10:34:54', 1, 1, 681),
(4789, 'after update', 10, 0, 1, 'poiuytrewq', 'nonaktif', 5, 1, '2020-06-22 01:46:33', '2020-07-04 10:18:19', 1, 1, 682),
(4790, 'after update', 24, 0, 1, '-', 'AKTIF', 5, 1, '2020-07-04 10:18:46', '2020-07-04 10:25:16', 1, 1, 683),
(4791, 'after update', 16, 0, 166, '-', 'AKTIF', 5, 2, '2020-06-22 03:01:02', '2020-07-06 05:21:27', 1, 1, 684),
(4792, 'after update', 17, 0, 276, '-', 'AKTIF', 6, 2, '2020-06-22 05:26:20', '2020-07-06 05:21:38', 1, 1, 685),
(4793, 'after update', 19, 0, 2, '-', 'nonaktif', 7, 1, '2020-07-04 09:08:25', '2020-07-04 09:16:51', 1, 1, 686),
(4794, 'after update', 25, 0, 2, '-', 'AKTIF', 7, 1, '2020-07-04 10:18:46', '2020-07-04 10:25:21', 1, 1, 687),
(4795, 'after update', 18, 0, 276, '-', 'AKTIF', 7, 2, '2020-06-29 12:18:09', '2020-07-06 05:34:11', 1, 1, 688),
(4796, 'after update', 16, 0, -9834, '-', 'AKTIF', 5, 2, '2020-06-22 03:01:02', '2020-07-06 05:21:27', 1, 1, 690),
(4797, 'after update', 13, 14000, -46536, '-', 'nonaktif', 2, 2, '2020-06-22 03:01:02', '2020-07-06 11:39:15', 1, 1, 691),
(4798, 'after update', 27, 0, -46386, 'Auto insert from item existance check', 'nonaktif', 2, 2, '2020-07-06 11:49:17', '2020-07-06 11:49:33', 1, 1, 692),
(4799, 'after update', 28, 0, -46386, 'Auto insert from item existance check', 'nonaktif', 2, 2, '2020-07-06 11:49:33', '2020-07-06 11:52:03', 1, 1, 693),
(4800, 'after update', 29, 0, -46386, 'Auto insert from item existance check', 'nonaktif', 2, 2, '2020-07-06 11:52:03', '2020-07-06 11:52:29', 1, 1, 694),
(4801, 'after update', 30, 0, -46386, 'Auto insert from item existance check', 'nonaktif', 2, 2, '2020-07-06 11:52:29', '2020-07-06 02:01:07', 1, 1, 695),
(4802, 'after update', 31, 0, -47826, 'Auto insert from item existance check', 'nonaktif', 2, 2, '2020-07-06 02:01:07', '2020-07-06 05:01:49', 1, 1, 696),
(4803, 'after update', 32, 0, -49170, 'Auto insert from item existance check', 'aktif', 2, 2, '2020-07-06 05:01:49', '2020-07-06 05:21:00', 1, 1, 697),
(4804, 'after update', 15, 10000, -28080, '-', 'nonaktif', 4, 2, '2020-06-22 03:01:02', '2020-07-07 10:34:54', 1, 1, 698),
(4805, 'after update', 33, 10000, -28780, 'Auto insert from item existance check', 'aktif', 4, 2, '2020-07-06 05:01:59', '2020-07-07 10:34:54', 1, 1, 699),
(4806, 'after update', 18, 0, 10276, '-', 'AKTIF', 7, 2, '2020-06-29 12:18:09', '2020-07-06 05:34:11', 1, 1, 700),
(4807, 'after update', 13, 14000, -26536, '-', 'nonaktif', 2, 2, '2020-06-22 03:01:02', '2020-07-06 11:39:15', 1, 1, 701),
(4808, 'after update', 27, 0, -26386, 'Auto insert from item existance check', 'nonaktif', 2, 2, '2020-07-06 11:49:17', '2020-07-06 11:49:33', 1, 1, 702),
(4809, 'after update', 28, 0, -26386, 'Auto insert from item existance check', 'nonaktif', 2, 2, '2020-07-06 11:49:33', '2020-07-06 11:52:03', 1, 1, 703),
(4810, 'after update', 29, 0, -26386, 'Auto insert from item existance check', 'nonaktif', 2, 2, '2020-07-06 11:52:03', '2020-07-06 11:52:29', 1, 1, 704),
(4811, 'after update', 30, 0, -26386, 'Auto insert from item existance check', 'nonaktif', 2, 2, '2020-07-06 11:52:29', '2020-07-06 02:01:07', 1, 1, 705),
(4812, 'after update', 31, 0, -27826, 'Auto insert from item existance check', 'nonaktif', 2, 2, '2020-07-06 02:01:07', '2020-07-06 05:01:49', 1, 1, 706),
(4813, 'after update', 32, 0, -29170, 'Auto insert from item existance check', 'aktif', 2, 2, '2020-07-06 05:01:49', '2020-07-06 05:21:00', 1, 1, 707),
(4814, 'after update', 14, 20000, 30716, '-', 'nonaktif', 3, 2, '2020-06-22 03:01:02', '2020-07-07 10:34:54', 1, 1, 708),
(4815, 'after update', 34, 20000, 30830, 'Auto insert from item existance check', 'aktif', 3, 2, '2020-07-06 05:02:05', '2020-07-07 10:34:54', 1, 1, 709),
(4816, 'after update', 15, 10000, 11920, '-', 'nonaktif', 4, 2, '2020-06-22 03:01:02', '2020-07-07 10:34:54', 1, 1, 710),
(4817, 'after update', 33, 10000, 11220, 'Auto insert from item existance check', 'aktif', 4, 2, '2020-07-06 05:01:59', '2020-07-07 10:34:54', 1, 1, 711),
(4818, 'after update', 10, 0, 1, 'poiuytrewq', 'nonaktif', 5, 1, '2020-06-22 01:46:33', '2020-07-04 10:18:19', 1, 1, 712),
(4819, 'after update', 24, 0, 1, '-', 'AKTIF', 5, 1, '2020-07-04 10:18:46', '2020-07-04 10:25:16', 1, 1, 713),
(4820, 'after update', 16, 0, -5834, '-', 'AKTIF', 5, 2, '2020-06-22 03:01:02', '2020-07-06 05:21:27', 1, 1, 714),
(4821, 'after update', 17, 0, -14585, '-', 'AKTIF', 6, 2, '2020-06-22 05:26:20', '2020-07-06 05:21:38', 1, 1, 715),
(4822, 'after update', 19, 0, 2, '-', 'nonaktif', 7, 1, '2020-07-04 09:08:25', '2020-07-04 09:16:51', 1, 1, 716),
(4823, 'after update', 25, 0, 2, '-', 'AKTIF', 7, 1, '2020-07-04 10:18:46', '2020-07-04 10:25:21', 1, 1, 717),
(4824, 'after update', 18, 0, -14585, '-', 'AKTIF', 7, 2, '2020-06-29 12:18:09', '2020-07-06 05:34:11', 1, 1, 718),
(4825, 'after update', 10, 0, 1, 'poiuytrewq', 'nonaktif', 5, 1, '2020-06-22 01:46:33', '2020-07-04 10:18:19', 1, 1, 719),
(4826, 'after update', 24, 0, 1, '-', 'AKTIF', 5, 1, '2020-07-04 10:18:46', '2020-07-04 10:25:16', 1, 1, 720),
(4827, 'after update', 16, 0, -5834, '-', 'AKTIF', 5, 2, '2020-06-22 03:01:02', '2020-07-06 05:21:27', 1, 1, 721),
(4828, 'after update', 17, 0, -14585, '-', 'AKTIF', 6, 2, '2020-06-22 05:26:20', '2020-07-06 05:21:38', 1, 1, 722),
(4829, 'after update', 19, 0, 2, '-', 'nonaktif', 7, 1, '2020-07-04 09:08:25', '2020-07-04 09:16:51', 1, 1, 723),
(4830, 'after update', 25, 0, 2, '-', 'AKTIF', 7, 1, '2020-07-04 10:18:46', '2020-07-04 10:25:21', 1, 1, 724),
(4831, 'after update', 18, 0, -14585, '-', 'AKTIF', 7, 2, '2020-06-29 12:18:09', '2020-07-06 05:34:11', 1, 1, 725),
(4832, 'after update', 10, 0, 1, 'poiuytrewq', 'nonaktif', 5, 1, '2020-06-22 01:46:33', '2020-07-04 10:18:19', 1, 1, 726),
(4833, 'after update', 24, 0, 1, '-', 'AKTIF', 5, 1, '2020-07-04 10:18:46', '2020-07-04 10:25:16', 1, 1, 727),
(4834, 'after update', 16, 0, -5834, '-', 'AKTIF', 5, 2, '2020-06-22 03:01:02', '2020-07-06 05:21:27', 1, 1, 728),
(4835, 'after update', 17, 0, -14585, '-', 'AKTIF', 6, 2, '2020-06-22 05:26:20', '2020-07-06 05:21:38', 1, 1, 729),
(4836, 'after update', 19, 0, 2, '-', 'nonaktif', 7, 1, '2020-07-04 09:08:25', '2020-07-04 09:16:51', 1, 1, 730),
(4837, 'after update', 25, 0, 2, '-', 'AKTIF', 7, 1, '2020-07-04 10:18:46', '2020-07-04 10:25:21', 1, 1, 731),
(4838, 'after update', 18, 0, -14585, '-', 'AKTIF', 7, 2, '2020-06-29 12:18:09', '2020-07-06 05:34:11', 1, 1, 732),
(4839, 'after update', 10, 0, 1, 'poiuytrewq', 'nonaktif', 5, 1, '2020-06-22 01:46:33', '2020-07-04 10:18:19', 1, 1, 733),
(4840, 'after update', 24, 0, 1, '-', 'AKTIF', 5, 1, '2020-07-04 10:18:46', '2020-07-04 10:25:16', 1, 1, 734),
(4841, 'after update', 16, 0, -5834, '-', 'AKTIF', 5, 2, '2020-06-22 03:01:02', '2020-07-06 05:21:27', 1, 1, 735),
(4842, 'after update', 17, 0, -14585, '-', 'AKTIF', 6, 2, '2020-06-22 05:26:20', '2020-07-06 05:21:38', 1, 1, 736),
(4843, 'after update', 19, 0, 2, '-', 'nonaktif', 7, 1, '2020-07-04 09:08:25', '2020-07-04 09:16:51', 1, 1, 737),
(4844, 'after update', 25, 0, 2, '-', 'AKTIF', 7, 1, '2020-07-04 10:18:46', '2020-07-04 10:25:21', 1, 1, 738),
(4845, 'after update', 18, 0, -14585, '-', 'AKTIF', 7, 2, '2020-06-29 12:18:09', '2020-07-06 05:34:11', 1, 1, 739),
(4846, 'after update', 10, 0, 1, 'poiuytrewq', 'nonaktif', 5, 1, '2020-06-22 01:46:33', '2020-07-04 10:18:19', 1, 1, 740),
(4847, 'after update', 24, 0, 1, '-', 'AKTIF', 5, 1, '2020-07-04 10:18:46', '2020-07-04 10:25:16', 1, 1, 741),
(4848, 'after update', 16, 0, -5834, '-', 'AKTIF', 5, 2, '2020-06-22 03:01:02', '2020-07-06 05:21:27', 1, 1, 742),
(4849, 'after update', 17, 0, -14585, '-', 'AKTIF', 6, 2, '2020-06-22 05:26:20', '2020-07-06 05:21:38', 1, 1, 743),
(4850, 'after update', 19, 0, 2, '-', 'nonaktif', 7, 1, '2020-07-04 09:08:25', '2020-07-04 09:16:51', 1, 1, 744),
(4851, 'after update', 25, 0, 2, '-', 'AKTIF', 7, 1, '2020-07-04 10:18:46', '2020-07-04 10:25:21', 1, 1, 745),
(4852, 'after update', 18, 0, -14585, '-', 'AKTIF', 7, 2, '2020-06-29 12:18:09', '2020-07-06 05:34:11', 1, 1, 746),
(4853, 'after update', 10, 0, 1, 'poiuytrewq', 'nonaktif', 5, 1, '2020-06-22 01:46:33', '2020-07-04 10:18:19', 1, 1, 747),
(4854, 'after update', 24, 0, 1, '-', 'AKTIF', 5, 1, '2020-07-04 10:18:46', '2020-07-04 10:25:16', 1, 1, 748),
(4855, 'after update', 16, 0, -5834, '-', 'AKTIF', 5, 2, '2020-06-22 03:01:02', '2020-07-06 05:21:27', 1, 1, 749),
(4856, 'after update', 17, 0, -14585, '-', 'AKTIF', 6, 2, '2020-06-22 05:26:20', '2020-07-06 05:21:38', 1, 1, 750),
(4857, 'after update', 19, 0, 2, '-', 'nonaktif', 7, 1, '2020-07-04 09:08:25', '2020-07-04 09:16:51', 1, 1, 751),
(4858, 'after update', 25, 0, 2, '-', 'AKTIF', 7, 1, '2020-07-04 10:18:46', '2020-07-04 10:25:21', 1, 1, 752),
(4859, 'after update', 18, 0, -14585, '-', 'AKTIF', 7, 2, '2020-06-29 12:18:09', '2020-07-06 05:34:11', 1, 1, 753),
(4860, 'after update', 10, 0, 1, 'poiuytrewq', 'nonaktif', 5, 1, '2020-06-22 01:46:33', '2020-07-04 10:18:19', 1, 1, 754),
(4861, 'after update', 24, 0, 1, '-', 'AKTIF', 5, 1, '2020-07-04 10:18:46', '2020-07-04 10:25:16', 1, 1, 755),
(4862, 'after update', 16, 0, -5834, '-', 'AKTIF', 5, 2, '2020-06-22 03:01:02', '2020-07-06 05:21:27', 1, 1, 756),
(4863, 'after update', 17, 0, -14585, '-', 'AKTIF', 6, 2, '2020-06-22 05:26:20', '2020-07-06 05:21:38', 1, 1, 757),
(4864, 'after update', 19, 0, 2, '-', 'nonaktif', 7, 1, '2020-07-04 09:08:25', '2020-07-04 09:16:51', 1, 1, 758),
(4865, 'after update', 25, 0, 2, '-', 'AKTIF', 7, 1, '2020-07-04 10:18:46', '2020-07-04 10:25:21', 1, 1, 759),
(4866, 'after update', 18, 0, -14585, '-', 'AKTIF', 7, 2, '2020-06-29 12:18:09', '2020-07-06 05:34:11', 1, 1, 760),
(4867, 'after update', 10, 0, 1, 'poiuytrewq', 'nonaktif', 5, 1, '2020-06-22 01:46:33', '2020-07-04 10:18:19', 1, 1, 761),
(4868, 'after update', 24, 0, 1, '-', 'AKTIF', 5, 1, '2020-07-04 10:18:46', '2020-07-04 10:25:16', 1, 1, 762),
(4869, 'after update', 16, 0, -5834, '-', 'AKTIF', 5, 2, '2020-06-22 03:01:02', '2020-07-06 05:21:27', 1, 1, 763),
(4870, 'after update', 17, 0, -14585, '-', 'AKTIF', 6, 2, '2020-06-22 05:26:20', '2020-07-06 05:21:38', 1, 1, 764),
(4871, 'after update', 19, 0, 2, '-', 'nonaktif', 7, 1, '2020-07-04 09:08:25', '2020-07-04 09:16:51', 1, 1, 765),
(4872, 'after update', 25, 0, 2, '-', 'AKTIF', 7, 1, '2020-07-04 10:18:46', '2020-07-04 10:25:21', 1, 1, 766),
(4873, 'after update', 18, 0, -14585, '-', 'AKTIF', 7, 2, '2020-06-29 12:18:09', '2020-07-06 05:34:11', 1, 1, 767),
(4874, 'after update', 10, 0, 1, 'poiuytrewq', 'nonaktif', 5, 1, '2020-06-22 01:46:33', '2020-07-04 10:18:19', 1, 1, 768),
(4875, 'after update', 24, 0, 1, '-', 'AKTIF', 5, 1, '2020-07-04 10:18:46', '2020-07-04 10:25:16', 1, 1, 769),
(4876, 'after update', 16, 0, -5834, '-', 'AKTIF', 5, 2, '2020-06-22 03:01:02', '2020-07-06 05:21:27', 1, 1, 770),
(4877, 'after update', 17, 0, -14585, '-', 'AKTIF', 6, 2, '2020-06-22 05:26:20', '2020-07-06 05:21:38', 1, 1, 771),
(4878, 'after update', 19, 0, 2, '-', 'nonaktif', 7, 1, '2020-07-04 09:08:25', '2020-07-04 09:16:51', 1, 1, 772),
(4879, 'after update', 25, 0, 2, '-', 'AKTIF', 7, 1, '2020-07-04 10:18:46', '2020-07-04 10:25:21', 1, 1, 773),
(4880, 'after update', 18, 0, -14585, '-', 'AKTIF', 7, 2, '2020-06-29 12:18:09', '2020-07-06 05:34:11', 1, 1, 774),
(4881, 'after update', 10, 0, 1, 'poiuytrewq', 'nonaktif', 5, 1, '2020-06-22 01:46:33', '2020-07-04 10:18:19', 1, 1, 775),
(4882, 'after update', 24, 0, 1, '-', 'AKTIF', 5, 1, '2020-07-04 10:18:46', '2020-07-04 10:25:16', 1, 1, 776),
(4883, 'after update', 16, 0, -5834, '-', 'AKTIF', 5, 2, '2020-06-22 03:01:02', '2020-07-06 05:21:27', 1, 1, 777),
(4884, 'after update', 17, 0, -14585, '-', 'AKTIF', 6, 2, '2020-06-22 05:26:20', '2020-07-06 05:21:38', 1, 1, 778),
(4885, 'after update', 19, 0, 2, '-', 'nonaktif', 7, 1, '2020-07-04 09:08:25', '2020-07-04 09:16:51', 1, 1, 779),
(4886, 'after update', 25, 0, 2, '-', 'AKTIF', 7, 1, '2020-07-04 10:18:46', '2020-07-04 10:25:21', 1, 1, 780),
(4887, 'after update', 18, 0, -14585, '-', 'AKTIF', 7, 2, '2020-06-29 12:18:09', '2020-07-06 05:34:11', 1, 1, 781),
(4888, 'after update', 10, 0, 1, 'poiuytrewq', 'nonaktif', 5, 1, '2020-06-22 01:46:33', '2020-07-04 10:18:19', 1, 1, 782),
(4889, 'after update', 24, 0, 1, '-', 'AKTIF', 5, 1, '2020-07-04 10:18:46', '2020-07-04 10:25:16', 1, 1, 783),
(4890, 'after update', 16, 0, -5834, '-', 'AKTIF', 5, 2, '2020-06-22 03:01:02', '2020-07-06 05:21:27', 1, 1, 784),
(4891, 'after update', 17, 0, -14585, '-', 'AKTIF', 6, 2, '2020-06-22 05:26:20', '2020-07-06 05:21:38', 1, 1, 785),
(4892, 'after update', 19, 0, 2, '-', 'nonaktif', 7, 1, '2020-07-04 09:08:25', '2020-07-04 09:16:51', 1, 1, 786),
(4893, 'after update', 25, 0, 2, '-', 'AKTIF', 7, 1, '2020-07-04 10:18:46', '2020-07-04 10:25:21', 1, 1, 787),
(4894, 'after update', 18, 0, -14585, '-', 'AKTIF', 7, 2, '2020-06-29 12:18:09', '2020-07-06 05:34:11', 1, 1, 788),
(4895, 'after update', 10, 0, 1, 'poiuytrewq', 'nonaktif', 5, 1, '2020-06-22 01:46:33', '2020-07-04 10:18:19', 1, 1, 789),
(4896, 'after update', 24, 0, 1, '-', 'AKTIF', 5, 1, '2020-07-04 10:18:46', '2020-07-04 10:25:16', 1, 1, 790),
(4897, 'after update', 16, 0, -5834, '-', 'AKTIF', 5, 2, '2020-06-22 03:01:02', '2020-07-06 05:21:27', 1, 1, 791),
(4898, 'after update', 17, 0, -14585, '-', 'AKTIF', 6, 2, '2020-06-22 05:26:20', '2020-07-06 05:21:38', 1, 1, 792),
(4899, 'after update', 19, 0, 2, '-', 'nonaktif', 7, 1, '2020-07-04 09:08:25', '2020-07-04 09:16:51', 1, 1, 793),
(4900, 'after update', 25, 0, 2, '-', 'AKTIF', 7, 1, '2020-07-04 10:18:46', '2020-07-04 10:25:21', 1, 1, 794),
(4901, 'after update', 18, 0, -14585, '-', 'AKTIF', 7, 2, '2020-06-29 12:18:09', '2020-07-06 05:34:11', 1, 1, 795),
(4902, 'after update', 10, 0, 1, 'poiuytrewq', 'nonaktif', 5, 1, '2020-06-22 01:46:33', '2020-07-04 10:18:19', 1, 1, 796),
(4903, 'after update', 24, 0, 1, '-', 'AKTIF', 5, 1, '2020-07-04 10:18:46', '2020-07-04 10:25:16', 1, 1, 797),
(4904, 'after update', 16, 0, -5834, '-', 'AKTIF', 5, 2, '2020-06-22 03:01:02', '2020-07-06 05:21:27', 1, 1, 798),
(4905, 'after update', 17, 0, -14585, '-', 'AKTIF', 6, 2, '2020-06-22 05:26:20', '2020-07-06 05:21:38', 1, 1, 799),
(4906, 'after update', 19, 0, 2, '-', 'nonaktif', 7, 1, '2020-07-04 09:08:25', '2020-07-04 09:16:51', 1, 1, 800),
(4907, 'after update', 25, 0, 2, '-', 'AKTIF', 7, 1, '2020-07-04 10:18:46', '2020-07-04 10:25:21', 1, 1, 801),
(4908, 'after update', 18, 0, -14585, '-', 'AKTIF', 7, 2, '2020-06-29 12:18:09', '2020-07-06 05:34:11', 1, 1, 802),
(4909, 'after update', 10, 0, 1, 'poiuytrewq', 'nonaktif', 5, 1, '2020-06-22 01:46:33', '2020-07-04 10:18:19', 1, 1, 803),
(4910, 'after update', 24, 0, 1, '-', 'AKTIF', 5, 1, '2020-07-04 10:18:46', '2020-07-04 10:25:16', 1, 1, 804),
(4911, 'after update', 16, 0, -5834, '-', 'AKTIF', 5, 2, '2020-06-22 03:01:02', '2020-07-06 05:21:27', 1, 1, 805),
(4912, 'after update', 17, 0, -14585, '-', 'AKTIF', 6, 2, '2020-06-22 05:26:20', '2020-07-06 05:21:38', 1, 1, 806),
(4913, 'after update', 19, 0, 2, '-', 'nonaktif', 7, 1, '2020-07-04 09:08:25', '2020-07-04 09:16:51', 1, 1, 807),
(4914, 'after update', 25, 0, 2, '-', 'AKTIF', 7, 1, '2020-07-04 10:18:46', '2020-07-04 10:25:21', 1, 1, 808),
(4915, 'after update', 18, 0, -14585, '-', 'AKTIF', 7, 2, '2020-06-29 12:18:09', '2020-07-06 05:34:11', 1, 1, 809),
(4916, 'after update', 10, 0, 1, 'poiuytrewq', 'nonaktif', 5, 1, '2020-06-22 01:46:33', '2020-07-04 10:18:19', 1, 1, 810),
(4917, 'after update', 24, 0, 1, '-', 'AKTIF', 5, 1, '2020-07-04 10:18:46', '2020-07-04 10:25:16', 1, 1, 811),
(4918, 'after update', 16, 0, -5834, '-', 'AKTIF', 5, 2, '2020-06-22 03:01:02', '2020-07-06 05:21:27', 1, 1, 812),
(4919, 'after update', 17, 0, -14585, '-', 'AKTIF', 6, 2, '2020-06-22 05:26:20', '2020-07-06 05:21:38', 1, 1, 813),
(4920, 'after update', 19, 0, 2, '-', 'nonaktif', 7, 1, '2020-07-04 09:08:25', '2020-07-04 09:16:51', 1, 1, 814),
(4921, 'after update', 25, 0, 2, '-', 'AKTIF', 7, 1, '2020-07-04 10:18:46', '2020-07-04 10:25:21', 1, 1, 815),
(4922, 'after update', 18, 0, -14585, '-', 'AKTIF', 7, 2, '2020-06-29 12:18:09', '2020-07-06 05:34:11', 1, 1, 816),
(4923, 'after update', 10, 0, 1, 'poiuytrewq', 'nonaktif', 5, 1, '2020-06-22 01:46:33', '2020-07-04 10:18:19', 1, 1, 817),
(4924, 'after update', 24, 0, 1, '-', 'AKTIF', 5, 1, '2020-07-04 10:18:46', '2020-07-04 10:25:16', 1, 1, 818),
(4925, 'after update', 16, 0, -5834, '-', 'AKTIF', 5, 2, '2020-06-22 03:01:02', '2020-07-06 05:21:27', 1, 1, 819),
(4926, 'after update', 17, 0, -14585, '-', 'AKTIF', 6, 2, '2020-06-22 05:26:20', '2020-07-06 05:21:38', 1, 1, 820),
(4927, 'after update', 19, 0, 2, '-', 'nonaktif', 7, 1, '2020-07-04 09:08:25', '2020-07-04 09:16:51', 1, 1, 821),
(4928, 'after update', 25, 0, 2, '-', 'AKTIF', 7, 1, '2020-07-04 10:18:46', '2020-07-04 10:25:21', 1, 1, 822),
(4929, 'after update', 18, 0, -14585, '-', 'AKTIF', 7, 2, '2020-06-29 12:18:09', '2020-07-06 05:34:11', 1, 1, 823),
(4930, 'after update', 10, 0, 1, 'poiuytrewq', 'nonaktif', 5, 1, '2020-06-22 01:46:33', '2020-07-04 10:18:19', 1, 1, 824),
(4931, 'after update', 24, 0, 1, '-', 'AKTIF', 5, 1, '2020-07-04 10:18:46', '2020-07-04 10:25:16', 1, 1, 825),
(4932, 'after update', 16, 0, -5834, '-', 'AKTIF', 5, 2, '2020-06-22 03:01:02', '2020-07-06 05:21:27', 1, 1, 826),
(4933, 'after update', 17, 0, -14585, '-', 'AKTIF', 6, 2, '2020-06-22 05:26:20', '2020-07-06 05:21:38', 1, 1, 827),
(4934, 'after update', 19, 0, 2, '-', 'nonaktif', 7, 1, '2020-07-04 09:08:25', '2020-07-04 09:16:51', 1, 1, 828),
(4935, 'after update', 25, 0, 2, '-', 'AKTIF', 7, 1, '2020-07-04 10:18:46', '2020-07-04 10:25:21', 1, 1, 829),
(4936, 'after update', 18, 0, -14585, '-', 'AKTIF', 7, 2, '2020-06-29 12:18:09', '2020-07-06 05:34:11', 1, 1, 830),
(4937, 'after update', 10, 0, 1, 'poiuytrewq', 'nonaktif', 5, 1, '2020-06-22 01:46:33', '2020-07-04 10:18:19', 1, 1, 831),
(4938, 'after update', 24, 0, 1, '-', 'AKTIF', 5, 1, '2020-07-04 10:18:46', '2020-07-04 10:25:16', 1, 1, 832),
(4939, 'after update', 16, 0, -5834, '-', 'AKTIF', 5, 2, '2020-06-22 03:01:02', '2020-07-06 05:21:27', 1, 1, 833),
(4940, 'after update', 17, 0, -14585, '-', 'AKTIF', 6, 2, '2020-06-22 05:26:20', '2020-07-06 05:21:38', 1, 1, 834),
(4941, 'after update', 19, 0, 2, '-', 'nonaktif', 7, 1, '2020-07-04 09:08:25', '2020-07-04 09:16:51', 1, 1, 835),
(4942, 'after update', 25, 0, 2, '-', 'AKTIF', 7, 1, '2020-07-04 10:18:46', '2020-07-04 10:25:21', 1, 1, 836),
(4943, 'after update', 18, 0, -14585, '-', 'AKTIF', 7, 2, '2020-06-29 12:18:09', '2020-07-06 05:34:11', 1, 1, 837),
(4944, 'after update', 10, 0, 1, 'poiuytrewq', 'nonaktif', 5, 1, '2020-06-22 01:46:33', '2020-07-04 10:18:19', 1, 1, 838),
(4945, 'after update', 24, 0, 1, '-', 'AKTIF', 5, 1, '2020-07-04 10:18:46', '2020-07-04 10:25:16', 1, 1, 839),
(4946, 'after update', 16, 0, -5834, '-', 'AKTIF', 5, 2, '2020-06-22 03:01:02', '2020-07-06 05:21:27', 1, 1, 840),
(4947, 'after update', 17, 0, -14585, '-', 'AKTIF', 6, 2, '2020-06-22 05:26:20', '2020-07-06 05:21:38', 1, 1, 841),
(4948, 'after update', 19, 0, 2, '-', 'nonaktif', 7, 1, '2020-07-04 09:08:25', '2020-07-04 09:16:51', 1, 1, 842),
(4949, 'after update', 25, 0, 2, '-', 'AKTIF', 7, 1, '2020-07-04 10:18:46', '2020-07-04 10:25:21', 1, 1, 843),
(4950, 'after update', 18, 0, -14585, '-', 'AKTIF', 7, 2, '2020-06-29 12:18:09', '2020-07-06 05:34:11', 1, 1, 844),
(4951, 'after update', 10, 0, 1, 'poiuytrewq', 'nonaktif', 5, 1, '2020-06-22 01:46:33', '2020-07-04 10:18:19', 1, 1, 845),
(4952, 'after update', 24, 0, 1, '-', 'AKTIF', 5, 1, '2020-07-04 10:18:46', '2020-07-04 10:25:16', 1, 1, 846),
(4953, 'after update', 16, 0, -5834, '-', 'AKTIF', 5, 2, '2020-06-22 03:01:02', '2020-07-06 05:21:27', 1, 1, 847),
(4954, 'after update', 17, 0, -14585, '-', 'AKTIF', 6, 2, '2020-06-22 05:26:20', '2020-07-06 05:21:38', 1, 1, 848),
(4955, 'after update', 19, 0, 2, '-', 'nonaktif', 7, 1, '2020-07-04 09:08:25', '2020-07-04 09:16:51', 1, 1, 849),
(4956, 'after update', 25, 0, 2, '-', 'AKTIF', 7, 1, '2020-07-04 10:18:46', '2020-07-04 10:25:21', 1, 1, 850),
(4957, 'after update', 18, 0, -14585, '-', 'AKTIF', 7, 2, '2020-06-29 12:18:09', '2020-07-06 05:34:11', 1, 1, 851),
(4958, 'after update', 10, 0, 1, 'poiuytrewq', 'nonaktif', 5, 1, '2020-06-22 01:46:33', '2020-07-04 10:18:19', 1, 1, 852),
(4959, 'after update', 24, 0, 1, '-', 'AKTIF', 5, 1, '2020-07-04 10:18:46', '2020-07-04 10:25:16', 1, 1, 853),
(4960, 'after update', 16, 0, -5834, '-', 'AKTIF', 5, 2, '2020-06-22 03:01:02', '2020-07-06 05:21:27', 1, 1, 854),
(4961, 'after update', 17, 0, -14585, '-', 'AKTIF', 6, 2, '2020-06-22 05:26:20', '2020-07-06 05:21:38', 1, 1, 855),
(4962, 'after update', 19, 0, 2, '-', 'nonaktif', 7, 1, '2020-07-04 09:08:25', '2020-07-04 09:16:51', 1, 1, 856),
(4963, 'after update', 25, 0, 2, '-', 'AKTIF', 7, 1, '2020-07-04 10:18:46', '2020-07-04 10:25:21', 1, 1, 857),
(4964, 'after update', 18, 0, -14585, '-', 'AKTIF', 7, 2, '2020-06-29 12:18:09', '2020-07-06 05:34:11', 1, 1, 858),
(4965, 'after update', 10, 0, 1, 'poiuytrewq', 'nonaktif', 5, 1, '2020-06-22 01:46:33', '2020-07-04 10:18:19', 1, 1, 859),
(4966, 'after update', 24, 0, 1, '-', 'AKTIF', 5, 1, '2020-07-04 10:18:46', '2020-07-04 10:25:16', 1, 1, 860),
(4967, 'after update', 16, 0, -5834, '-', 'AKTIF', 5, 2, '2020-06-22 03:01:02', '2020-07-06 05:21:27', 1, 1, 861),
(4968, 'after update', 17, 0, -14585, '-', 'AKTIF', 6, 2, '2020-06-22 05:26:20', '2020-07-06 05:21:38', 1, 1, 862),
(4969, 'after update', 19, 0, 2, '-', 'nonaktif', 7, 1, '2020-07-04 09:08:25', '2020-07-04 09:16:51', 1, 1, 863),
(4970, 'after update', 25, 0, 2, '-', 'AKTIF', 7, 1, '2020-07-04 10:18:46', '2020-07-04 10:25:21', 1, 1, 864),
(4971, 'after update', 18, 0, -14585, '-', 'AKTIF', 7, 2, '2020-06-29 12:18:09', '2020-07-06 05:34:11', 1, 1, 865),
(4972, 'after update', 10, 0, 1, 'poiuytrewq', 'nonaktif', 5, 1, '2020-06-22 01:46:33', '2020-07-04 10:18:19', 1, 1, 866),
(4973, 'after update', 24, 0, 1, '-', 'AKTIF', 5, 1, '2020-07-04 10:18:46', '2020-07-04 10:25:16', 1, 1, 867),
(4974, 'after update', 16, 0, -5834, '-', 'AKTIF', 5, 2, '2020-06-22 03:01:02', '2020-07-06 05:21:27', 1, 1, 868),
(4975, 'after update', 17, 0, -14585, '-', 'AKTIF', 6, 2, '2020-06-22 05:26:20', '2020-07-06 05:21:38', 1, 1, 869),
(4976, 'after update', 19, 0, 2, '-', 'nonaktif', 7, 1, '2020-07-04 09:08:25', '2020-07-04 09:16:51', 1, 1, 870),
(4977, 'after update', 25, 0, 2, '-', 'AKTIF', 7, 1, '2020-07-04 10:18:46', '2020-07-04 10:25:21', 1, 1, 871),
(4978, 'after update', 18, 0, -14585, '-', 'AKTIF', 7, 2, '2020-06-29 12:18:09', '2020-07-06 05:34:11', 1, 1, 872),
(4979, 'after update', 10, 0, 1, 'poiuytrewq', 'nonaktif', 5, 1, '2020-06-22 01:46:33', '2020-07-04 10:18:19', 1, 1, 873),
(4980, 'after update', 24, 0, 1, '-', 'AKTIF', 5, 1, '2020-07-04 10:18:46', '2020-07-04 10:25:16', 1, 1, 874),
(4981, 'after update', 16, 0, -5834, '-', 'AKTIF', 5, 2, '2020-06-22 03:01:02', '2020-07-06 05:21:27', 1, 1, 875),
(4982, 'after update', 17, 0, -14585, '-', 'AKTIF', 6, 2, '2020-06-22 05:26:20', '2020-07-06 05:21:38', 1, 1, 876),
(4983, 'after update', 19, 0, 2, '-', 'nonaktif', 7, 1, '2020-07-04 09:08:25', '2020-07-04 09:16:51', 1, 1, 877),
(4984, 'after update', 25, 0, 2, '-', 'AKTIF', 7, 1, '2020-07-04 10:18:46', '2020-07-04 10:25:21', 1, 1, 878),
(4985, 'after update', 18, 0, -14585, '-', 'AKTIF', 7, 2, '2020-06-29 12:18:09', '2020-07-06 05:34:11', 1, 1, 879),
(4986, 'after update', 10, 0, 1, 'poiuytrewq', 'nonaktif', 5, 1, '2020-06-22 01:46:33', '2020-07-04 10:18:19', 1, 1, 880),
(4987, 'after update', 24, 0, 1, '-', 'AKTIF', 5, 1, '2020-07-04 10:18:46', '2020-07-04 10:25:16', 1, 1, 881),
(4988, 'after update', 16, 0, -5834, '-', 'AKTIF', 5, 2, '2020-06-22 03:01:02', '2020-07-06 05:21:27', 1, 1, 882),
(4989, 'after update', 17, 0, -14585, '-', 'AKTIF', 6, 2, '2020-06-22 05:26:20', '2020-07-06 05:21:38', 1, 1, 883),
(4990, 'after update', 19, 0, 2, '-', 'nonaktif', 7, 1, '2020-07-04 09:08:25', '2020-07-04 09:16:51', 1, 1, 884),
(4991, 'after update', 25, 0, 2, '-', 'AKTIF', 7, 1, '2020-07-04 10:18:46', '2020-07-04 10:25:21', 1, 1, 885),
(4992, 'after update', 18, 0, -14585, '-', 'AKTIF', 7, 2, '2020-06-29 12:18:09', '2020-07-06 05:34:11', 1, 1, 886),
(4993, 'after update', 10, 0, 1, 'poiuytrewq', 'nonaktif', 5, 1, '2020-06-22 01:46:33', '2020-07-04 10:18:19', 1, 1, 887),
(4994, 'after update', 24, 0, 1, '-', 'AKTIF', 5, 1, '2020-07-04 10:18:46', '2020-07-04 10:25:16', 1, 1, 888),
(4995, 'after update', 16, 0, -5834, '-', 'AKTIF', 5, 2, '2020-06-22 03:01:02', '2020-07-06 05:21:27', 1, 1, 889),
(4996, 'after update', 17, 0, -14585, '-', 'AKTIF', 6, 2, '2020-06-22 05:26:20', '2020-07-06 05:21:38', 1, 1, 890),
(4997, 'after update', 19, 0, 2, '-', 'nonaktif', 7, 1, '2020-07-04 09:08:25', '2020-07-04 09:16:51', 1, 1, 891),
(4998, 'after update', 25, 0, 2, '-', 'AKTIF', 7, 1, '2020-07-04 10:18:46', '2020-07-04 10:25:21', 1, 1, 892),
(4999, 'after update', 18, 0, -14585, '-', 'AKTIF', 7, 2, '2020-06-29 12:18:09', '2020-07-06 05:34:11', 1, 1, 893),
(5000, 'after update', 10, 0, 1, 'poiuytrewq', 'nonaktif', 5, 1, '2020-06-22 01:46:33', '2020-07-04 10:18:19', 1, 1, 894),
(5001, 'after update', 24, 0, 1, '-', 'AKTIF', 5, 1, '2020-07-04 10:18:46', '2020-07-04 10:25:16', 1, 1, 895),
(5002, 'after update', 16, 0, -5834, '-', 'AKTIF', 5, 2, '2020-06-22 03:01:02', '2020-07-06 05:21:27', 1, 1, 896),
(5003, 'after update', 17, 0, -14585, '-', 'AKTIF', 6, 2, '2020-06-22 05:26:20', '2020-07-06 05:21:38', 1, 1, 897),
(5004, 'after update', 19, 0, 2, '-', 'nonaktif', 7, 1, '2020-07-04 09:08:25', '2020-07-04 09:16:51', 1, 1, 898),
(5005, 'after update', 25, 0, 2, '-', 'AKTIF', 7, 1, '2020-07-04 10:18:46', '2020-07-04 10:25:21', 1, 1, 899),
(5006, 'after update', 18, 0, -14585, '-', 'AKTIF', 7, 2, '2020-06-29 12:18:09', '2020-07-06 05:34:11', 1, 1, 900),
(5007, 'after update', 10, 0, 1, 'poiuytrewq', 'nonaktif', 5, 1, '2020-06-22 01:46:33', '2020-07-04 10:18:19', 1, 1, 901),
(5008, 'after update', 24, 0, 1, '-', 'AKTIF', 5, 1, '2020-07-04 10:18:46', '2020-07-04 10:25:16', 1, 1, 902),
(5009, 'after update', 16, 0, -5834, '-', 'AKTIF', 5, 2, '2020-06-22 03:01:02', '2020-07-06 05:21:27', 1, 1, 903),
(5010, 'after update', 17, 0, -14585, '-', 'AKTIF', 6, 2, '2020-06-22 05:26:20', '2020-07-06 05:21:38', 1, 1, 904),
(5011, 'after update', 19, 0, 2, '-', 'nonaktif', 7, 1, '2020-07-04 09:08:25', '2020-07-04 09:16:51', 1, 1, 905),
(5012, 'after update', 25, 0, 2, '-', 'AKTIF', 7, 1, '2020-07-04 10:18:46', '2020-07-04 10:25:21', 1, 1, 906),
(5013, 'after update', 18, 0, -14585, '-', 'AKTIF', 7, 2, '2020-06-29 12:18:09', '2020-07-06 05:34:11', 1, 1, 907),
(5014, 'after update', 10, 0, 1, 'poiuytrewq', 'nonaktif', 5, 1, '2020-06-22 01:46:33', '2020-07-04 10:18:19', 1, 1, 908),
(5015, 'after update', 24, 0, 1, '-', 'AKTIF', 5, 1, '2020-07-04 10:18:46', '2020-07-04 10:25:16', 1, 1, 909),
(5016, 'after update', 16, 0, -5834, '-', 'AKTIF', 5, 2, '2020-06-22 03:01:02', '2020-07-06 05:21:27', 1, 1, 910),
(5017, 'after update', 17, 0, -14585, '-', 'AKTIF', 6, 2, '2020-06-22 05:26:20', '2020-07-06 05:21:38', 1, 1, 911),
(5018, 'after update', 19, 0, 2, '-', 'nonaktif', 7, 1, '2020-07-04 09:08:25', '2020-07-04 09:16:51', 1, 1, 912),
(5019, 'after update', 25, 0, 2, '-', 'AKTIF', 7, 1, '2020-07-04 10:18:46', '2020-07-04 10:25:21', 1, 1, 913),
(5020, 'after update', 18, 0, -14585, '-', 'AKTIF', 7, 2, '2020-06-29 12:18:09', '2020-07-06 05:34:11', 1, 1, 914),
(5021, 'after update', 10, 0, 1, 'poiuytrewq', 'nonaktif', 5, 1, '2020-06-22 01:46:33', '2020-07-04 10:18:19', 1, 1, 915),
(5022, 'after update', 24, 0, 1, '-', 'AKTIF', 5, 1, '2020-07-04 10:18:46', '2020-07-04 10:25:16', 1, 1, 916),
(5023, 'after update', 16, 0, -5834, '-', 'AKTIF', 5, 2, '2020-06-22 03:01:02', '2020-07-06 05:21:27', 1, 1, 917),
(5024, 'after update', 17, 0, -14585, '-', 'AKTIF', 6, 2, '2020-06-22 05:26:20', '2020-07-06 05:21:38', 1, 1, 918),
(5025, 'after update', 19, 0, 2, '-', 'nonaktif', 7, 1, '2020-07-04 09:08:25', '2020-07-04 09:16:51', 1, 1, 919),
(5026, 'after update', 25, 0, 2, '-', 'AKTIF', 7, 1, '2020-07-04 10:18:46', '2020-07-04 10:25:21', 1, 1, 920),
(5027, 'after update', 18, 0, -14585, '-', 'AKTIF', 7, 2, '2020-06-29 12:18:09', '2020-07-06 05:34:11', 1, 1, 921),
(5028, 'after update', 10, 0, 1, 'poiuytrewq', 'nonaktif', 5, 1, '2020-06-22 01:46:33', '2020-07-04 10:18:19', 1, 1, 931),
(5029, 'after update', 24, 0, 1, '-', 'AKTIF', 5, 1, '2020-07-04 10:18:46', '2020-07-04 10:25:16', 1, 1, 932),
(5030, 'after update', 16, 0, -5834, '-', 'AKTIF', 5, 2, '2020-06-22 03:01:02', '2020-07-06 05:21:27', 1, 1, 933),
(5031, 'after update', 17, 0, -14585, '-', 'AKTIF', 6, 2, '2020-06-22 05:26:20', '2020-07-06 05:21:38', 1, 1, 934),
(5032, 'after update', 19, 0, 2, '-', 'nonaktif', 7, 1, '2020-07-04 09:08:25', '2020-07-04 09:16:51', 1, 1, 935),
(5033, 'after update', 25, 0, 2, '-', 'AKTIF', 7, 1, '2020-07-04 10:18:46', '2020-07-04 10:25:21', 1, 1, 936),
(5034, 'after update', 18, 0, -14585, '-', 'AKTIF', 7, 2, '2020-06-29 12:18:09', '2020-07-06 05:34:11', 1, 1, 937),
(5035, 'after update', 10, 0, 1, 'poiuytrewq', 'nonaktif', 5, 1, '2020-06-22 01:46:33', '2020-07-04 10:18:19', 1, 1, 938),
(5036, 'after update', 24, 0, 1, '-', 'AKTIF', 5, 1, '2020-07-04 10:18:46', '2020-07-04 10:25:16', 1, 1, 939),
(5037, 'after update', 16, 0, -5834, '-', 'AKTIF', 5, 2, '2020-06-22 03:01:02', '2020-07-06 05:21:27', 1, 1, 940),
(5038, 'after update', 17, 0, -14585, '-', 'AKTIF', 6, 2, '2020-06-22 05:26:20', '2020-07-06 05:21:38', 1, 1, 941),
(5039, 'after update', 19, 0, 2, '-', 'nonaktif', 7, 1, '2020-07-04 09:08:25', '2020-07-04 09:16:51', 1, 1, 942),
(5040, 'after update', 25, 0, 2, '-', 'AKTIF', 7, 1, '2020-07-04 10:18:46', '2020-07-04 10:25:21', 1, 1, 943),
(5041, 'after update', 18, 0, -14585, '-', 'AKTIF', 7, 2, '2020-06-29 12:18:09', '2020-07-06 05:34:11', 1, 1, 944),
(5042, 'after update', 10, 0, 1, 'poiuytrewq', 'nonaktif', 5, 1, '2020-06-22 01:46:33', '2020-07-04 10:18:19', 1, 1, 945),
(5043, 'after update', 24, 0, 1, '-', 'AKTIF', 5, 1, '2020-07-04 10:18:46', '2020-07-04 10:25:16', 1, 1, 946),
(5044, 'after update', 16, 0, -5834, '-', 'AKTIF', 5, 2, '2020-06-22 03:01:02', '2020-07-06 05:21:27', 1, 1, 947),
(5045, 'after update', 17, 0, -14585, '-', 'AKTIF', 6, 2, '2020-06-22 05:26:20', '2020-07-06 05:21:38', 1, 1, 948),
(5046, 'after update', 19, 0, 2, '-', 'nonaktif', 7, 1, '2020-07-04 09:08:25', '2020-07-04 09:16:51', 1, 1, 949),
(5047, 'after update', 25, 0, 2, '-', 'AKTIF', 7, 1, '2020-07-04 10:18:46', '2020-07-04 10:25:21', 1, 1, 950),
(5048, 'after update', 18, 0, -14585, '-', 'AKTIF', 7, 2, '2020-06-29 12:18:09', '2020-07-06 05:34:11', 1, 1, 951),
(5049, 'after update', 10, 0, 1, 'poiuytrewq', 'nonaktif', 5, 1, '2020-06-22 01:46:33', '2020-07-04 10:18:19', 1, 1, 952),
(5050, 'after update', 24, 0, 1, '-', 'AKTIF', 5, 1, '2020-07-04 10:18:46', '2020-07-04 10:25:16', 1, 1, 953),
(5051, 'after update', 16, 0, -5834, '-', 'AKTIF', 5, 2, '2020-06-22 03:01:02', '2020-07-06 05:21:27', 1, 1, 954),
(5052, 'after update', 17, 0, -14585, '-', 'AKTIF', 6, 2, '2020-06-22 05:26:20', '2020-07-06 05:21:38', 1, 1, 955),
(5053, 'after update', 19, 0, 2, '-', 'nonaktif', 7, 1, '2020-07-04 09:08:25', '2020-07-04 09:16:51', 1, 1, 956),
(5054, 'after update', 25, 0, 2, '-', 'AKTIF', 7, 1, '2020-07-04 10:18:46', '2020-07-04 10:25:21', 1, 1, 957),
(5055, 'after update', 18, 0, -14585, '-', 'AKTIF', 7, 2, '2020-06-29 12:18:09', '2020-07-06 05:34:11', 1, 1, 958),
(5056, 'after update', 10, 0, 1, 'poiuytrewq', 'nonaktif', 5, 1, '2020-06-22 01:46:33', '2020-07-04 10:18:19', 1, 1, 959),
(5057, 'after update', 24, 0, 1, '-', 'AKTIF', 5, 1, '2020-07-04 10:18:46', '2020-07-04 10:25:16', 1, 1, 960),
(5058, 'after update', 16, 0, -5834, '-', 'AKTIF', 5, 2, '2020-06-22 03:01:02', '2020-07-06 05:21:27', 1, 1, 961),
(5059, 'after update', 17, 0, -14585, '-', 'AKTIF', 6, 2, '2020-06-22 05:26:20', '2020-07-06 05:21:38', 1, 1, 962),
(5060, 'after update', 19, 0, 2, '-', 'nonaktif', 7, 1, '2020-07-04 09:08:25', '2020-07-04 09:16:51', 1, 1, 963),
(5061, 'after update', 25, 0, 2, '-', 'AKTIF', 7, 1, '2020-07-04 10:18:46', '2020-07-04 10:25:21', 1, 1, 964),
(5062, 'after update', 18, 0, -14585, '-', 'AKTIF', 7, 2, '2020-06-29 12:18:09', '2020-07-06 05:34:11', 1, 1, 965),
(5063, 'after update', 10, 0, 1, 'poiuytrewq', 'nonaktif', 5, 1, '2020-06-22 01:46:33', '2020-07-04 10:18:19', 1, 1, 966),
(5064, 'after update', 24, 0, 1, '-', 'AKTIF', 5, 1, '2020-07-04 10:18:46', '2020-07-04 10:25:16', 1, 1, 967),
(5065, 'after update', 16, 0, -5834, '-', 'AKTIF', 5, 2, '2020-06-22 03:01:02', '2020-07-06 05:21:27', 1, 1, 968),
(5066, 'after update', 17, 0, -14585, '-', 'AKTIF', 6, 2, '2020-06-22 05:26:20', '2020-07-06 05:21:38', 1, 1, 969),
(5067, 'after update', 19, 0, 2, '-', 'nonaktif', 7, 1, '2020-07-04 09:08:25', '2020-07-04 09:16:51', 1, 1, 970),
(5068, 'after update', 25, 0, 2, '-', 'AKTIF', 7, 1, '2020-07-04 10:18:46', '2020-07-04 10:25:21', 1, 1, 971),
(5069, 'after update', 18, 0, -14585, '-', 'AKTIF', 7, 2, '2020-06-29 12:18:09', '2020-07-06 05:34:11', 1, 1, 972),
(5070, 'after update', 10, 0, 1, 'poiuytrewq', 'nonaktif', 5, 1, '2020-06-22 01:46:33', '2020-07-04 10:18:19', 1, 1, 981),
(5071, 'after update', 24, 0, 1, '-', 'AKTIF', 5, 1, '2020-07-04 10:18:46', '2020-07-04 10:25:16', 1, 1, 982),
(5072, 'after update', 16, 0, -5834, '-', 'AKTIF', 5, 2, '2020-06-22 03:01:02', '2020-07-06 05:21:27', 1, 1, 983),
(5073, 'after update', 17, 0, -14585, '-', 'AKTIF', 6, 2, '2020-06-22 05:26:20', '2020-07-06 05:21:38', 1, 1, 984),
(5074, 'after update', 19, 0, 2, '-', 'nonaktif', 7, 1, '2020-07-04 09:08:25', '2020-07-04 09:16:51', 1, 1, 985),
(5075, 'after update', 25, 0, 2, '-', 'AKTIF', 7, 1, '2020-07-04 10:18:46', '2020-07-04 10:25:21', 1, 1, 986),
(5076, 'after update', 18, 0, -14585, '-', 'AKTIF', 7, 2, '2020-06-29 12:18:09', '2020-07-06 05:34:11', 1, 1, 987),
(5077, 'after update', 10, 0, 1, 'poiuytrewq', 'nonaktif', 5, 1, '2020-06-22 01:46:33', '2020-07-04 10:18:19', 1, 1, 988),
(5078, 'after update', 24, 0, 1, '-', 'AKTIF', 5, 1, '2020-07-04 10:18:46', '2020-07-04 10:25:16', 1, 1, 989),
(5079, 'after update', 16, 0, -5834, '-', 'AKTIF', 5, 2, '2020-06-22 03:01:02', '2020-07-06 05:21:27', 1, 1, 990),
(5080, 'after update', 17, 0, -14585, '-', 'AKTIF', 6, 2, '2020-06-22 05:26:20', '2020-07-06 05:21:38', 1, 1, 991),
(5081, 'after update', 19, 0, 2, '-', 'nonaktif', 7, 1, '2020-07-04 09:08:25', '2020-07-04 09:16:51', 1, 1, 992),
(5082, 'after update', 25, 0, 2, '-', 'AKTIF', 7, 1, '2020-07-04 10:18:46', '2020-07-04 10:25:21', 1, 1, 993),
(5083, 'after update', 18, 0, -14585, '-', 'AKTIF', 7, 2, '2020-06-29 12:18:09', '2020-07-06 05:34:11', 1, 1, 994),
(5084, 'after update', 10, 0, 1, 'poiuytrewq', 'nonaktif', 5, 1, '2020-06-22 01:46:33', '2020-07-04 10:18:19', 1, 1, 995),
(5085, 'after update', 24, 0, 1, '-', 'AKTIF', 5, 1, '2020-07-04 10:18:46', '2020-07-04 10:25:16', 1, 1, 996),
(5086, 'after update', 16, 0, -5834, '-', 'AKTIF', 5, 2, '2020-06-22 03:01:02', '2020-07-06 05:21:27', 1, 1, 997),
(5087, 'after update', 17, 0, -14585, '-', 'AKTIF', 6, 2, '2020-06-22 05:26:20', '2020-07-06 05:21:38', 1, 1, 998),
(5088, 'after update', 19, 0, 2, '-', 'nonaktif', 7, 1, '2020-07-04 09:08:25', '2020-07-04 09:16:51', 1, 1, 999),
(5089, 'after update', 25, 0, 2, '-', 'AKTIF', 7, 1, '2020-07-04 10:18:46', '2020-07-04 10:25:21', 1, 1, 1000),
(5090, 'after update', 18, 0, -14585, '-', 'AKTIF', 7, 2, '2020-06-29 12:18:09', '2020-07-06 05:34:11', 1, 1, 1001),
(5091, 'after update', 10, 0, 1, 'poiuytrewq', 'nonaktif', 5, 1, '2020-06-22 01:46:33', '2020-07-04 10:18:19', 1, 1, 1002),
(5092, 'after update', 24, 0, 1, '-', 'AKTIF', 5, 1, '2020-07-04 10:18:46', '2020-07-04 10:25:16', 1, 1, 1003),
(5093, 'after update', 16, 0, -5834, '-', 'AKTIF', 5, 2, '2020-06-22 03:01:02', '2020-07-06 05:21:27', 1, 1, 1004),
(5094, 'after update', 17, 0, -14585, '-', 'AKTIF', 6, 2, '2020-06-22 05:26:20', '2020-07-06 05:21:38', 1, 1, 1005),
(5095, 'after update', 19, 0, 2, '-', 'nonaktif', 7, 1, '2020-07-04 09:08:25', '2020-07-04 09:16:51', 1, 1, 1006),
(5096, 'after update', 25, 0, 2, '-', 'AKTIF', 7, 1, '2020-07-04 10:18:46', '2020-07-04 10:25:21', 1, 1, 1007),
(5097, 'after update', 18, 0, -14585, '-', 'AKTIF', 7, 2, '2020-06-29 12:18:09', '2020-07-06 05:34:11', 1, 1, 1008),
(5098, 'after update', 10, 0, 1, 'poiuytrewq', 'nonaktif', 5, 1, '2020-06-22 01:46:33', '2020-07-04 10:18:19', 1, 1, 1009),
(5099, 'after update', 24, 0, 1, '-', 'AKTIF', 5, 1, '2020-07-04 10:18:46', '2020-07-04 10:25:16', 1, 1, 1010),
(5100, 'after update', 16, 0, -5834, '-', 'AKTIF', 5, 2, '2020-06-22 03:01:02', '2020-07-06 05:21:27', 1, 1, 1011),
(5101, 'after update', 17, 0, -14585, '-', 'AKTIF', 6, 2, '2020-06-22 05:26:20', '2020-07-06 05:21:38', 1, 1, 1012),
(5102, 'after update', 19, 0, 2, '-', 'nonaktif', 7, 1, '2020-07-04 09:08:25', '2020-07-04 09:16:51', 1, 1, 1013),
(5103, 'after update', 25, 0, 2, '-', 'AKTIF', 7, 1, '2020-07-04 10:18:46', '2020-07-04 10:25:21', 1, 1, 1014),
(5104, 'after update', 18, 0, -14585, '-', 'AKTIF', 7, 2, '2020-06-29 12:18:09', '2020-07-06 05:34:11', 1, 1, 1015),
(5105, 'after update', 10, 0, 1, 'poiuytrewq', 'nonaktif', 5, 1, '2020-06-22 01:46:33', '2020-07-04 10:18:19', 1, 1, 1016),
(5106, 'after update', 24, 0, 1, '-', 'AKTIF', 5, 1, '2020-07-04 10:18:46', '2020-07-04 10:25:16', 1, 1, 1017),
(5107, 'after update', 16, 0, -5834, '-', 'AKTIF', 5, 2, '2020-06-22 03:01:02', '2020-07-06 05:21:27', 1, 1, 1018),
(5108, 'after update', 17, 0, -14585, '-', 'AKTIF', 6, 2, '2020-06-22 05:26:20', '2020-07-06 05:21:38', 1, 1, 1019),
(5109, 'after update', 19, 0, 2, '-', 'nonaktif', 7, 1, '2020-07-04 09:08:25', '2020-07-04 09:16:51', 1, 1, 1020),
(5110, 'after update', 25, 0, 2, '-', 'AKTIF', 7, 1, '2020-07-04 10:18:46', '2020-07-04 10:25:21', 1, 1, 1021),
(5111, 'after update', 18, 0, -14585, '-', 'AKTIF', 7, 2, '2020-06-29 12:18:09', '2020-07-06 05:34:11', 1, 1, 1022),
(5112, 'after update', 10, 0, 1, 'poiuytrewq', 'nonaktif', 5, 1, '2020-06-22 01:46:33', '2020-07-04 10:18:19', 1, 1, 1023),
(5113, 'after update', 24, 0, 1, '-', 'AKTIF', 5, 1, '2020-07-04 10:18:46', '2020-07-04 10:25:16', 1, 1, 1024),
(5114, 'after update', 16, 0, -5834, '-', 'AKTIF', 5, 2, '2020-06-22 03:01:02', '2020-07-06 05:21:27', 1, 1, 1025),
(5115, 'after update', 17, 0, -14585, '-', 'AKTIF', 6, 2, '2020-06-22 05:26:20', '2020-07-06 05:21:38', 1, 1, 1026),
(5116, 'after update', 19, 0, 2, '-', 'nonaktif', 7, 1, '2020-07-04 09:08:25', '2020-07-04 09:16:51', 1, 1, 1027),
(5117, 'after update', 25, 0, 2, '-', 'AKTIF', 7, 1, '2020-07-04 10:18:46', '2020-07-04 10:25:21', 1, 1, 1028),
(5118, 'after update', 18, 0, -14585, '-', 'AKTIF', 7, 2, '2020-06-29 12:18:09', '2020-07-06 05:34:11', 1, 1, 1029),
(5119, 'after update', 10, 0, 1, 'poiuytrewq', 'nonaktif', 5, 1, '2020-06-22 01:46:33', '2020-07-04 10:18:19', 1, 1, 1030),
(5120, 'after update', 24, 0, 1, '-', 'AKTIF', 5, 1, '2020-07-04 10:18:46', '2020-07-04 10:25:16', 1, 1, 1031),
(5121, 'after update', 16, 0, -5834, '-', 'AKTIF', 5, 2, '2020-06-22 03:01:02', '2020-07-06 05:21:27', 1, 1, 1032),
(5122, 'after update', 17, 0, -14585, '-', 'AKTIF', 6, 2, '2020-06-22 05:26:20', '2020-07-06 05:21:38', 1, 1, 1033),
(5123, 'after update', 19, 0, 2, '-', 'nonaktif', 7, 1, '2020-07-04 09:08:25', '2020-07-04 09:16:51', 1, 1, 1034),
(5124, 'after update', 25, 0, 2, '-', 'AKTIF', 7, 1, '2020-07-04 10:18:46', '2020-07-04 10:25:21', 1, 1, 1035),
(5125, 'after update', 18, 0, -14585, '-', 'AKTIF', 7, 2, '2020-06-29 12:18:09', '2020-07-06 05:34:11', 1, 1, 1036),
(5126, 'after update', 10, 0, 1, 'poiuytrewq', 'nonaktif', 5, 1, '2020-06-22 01:46:33', '2020-07-04 10:18:19', 1, 1, 1037),
(5127, 'after update', 24, 0, 1, '-', 'AKTIF', 5, 1, '2020-07-04 10:18:46', '2020-07-04 10:25:16', 1, 1, 1038),
(5128, 'after update', 16, 0, -5834, '-', 'AKTIF', 5, 2, '2020-06-22 03:01:02', '2020-07-06 05:21:27', 1, 1, 1039),
(5129, 'after update', 17, 0, -14585, '-', 'AKTIF', 6, 2, '2020-06-22 05:26:20', '2020-07-06 05:21:38', 1, 1, 1040),
(5130, 'after update', 19, 0, 2, '-', 'nonaktif', 7, 1, '2020-07-04 09:08:25', '2020-07-04 09:16:51', 1, 1, 1041),
(5131, 'after update', 25, 0, 2, '-', 'AKTIF', 7, 1, '2020-07-04 10:18:46', '2020-07-04 10:25:21', 1, 1, 1042),
(5132, 'after update', 18, 0, -14585, '-', 'AKTIF', 7, 2, '2020-06-29 12:18:09', '2020-07-06 05:34:11', 1, 1, 1043),
(5133, 'after update', 10, 0, 1, 'poiuytrewq', 'nonaktif', 5, 1, '2020-06-22 01:46:33', '2020-07-04 10:18:19', 1, 1, 1044),
(5134, 'after update', 24, 0, 1, '-', 'AKTIF', 5, 1, '2020-07-04 10:18:46', '2020-07-04 10:25:16', 1, 1, 1045),
(5135, 'after update', 16, 0, -5834, '-', 'AKTIF', 5, 2, '2020-06-22 03:01:02', '2020-07-06 05:21:27', 1, 1, 1046),
(5136, 'after update', 17, 0, -14585, '-', 'AKTIF', 6, 2, '2020-06-22 05:26:20', '2020-07-06 05:21:38', 1, 1, 1047),
(5137, 'after update', 19, 0, 2, '-', 'nonaktif', 7, 1, '2020-07-04 09:08:25', '2020-07-04 09:16:51', 1, 1, 1048),
(5138, 'after update', 25, 0, 2, '-', 'AKTIF', 7, 1, '2020-07-04 10:18:46', '2020-07-04 10:25:21', 1, 1, 1049),
(5139, 'after update', 18, 0, -14585, '-', 'AKTIF', 7, 2, '2020-06-29 12:18:09', '2020-07-06 05:34:11', 1, 1, 1050),
(5140, 'after update', 10, 0, 1, 'poiuytrewq', 'nonaktif', 5, 1, '2020-06-22 01:46:33', '2020-07-04 10:18:19', 1, 1, 1051),
(5141, 'after update', 24, 0, 1, '-', 'AKTIF', 5, 1, '2020-07-04 10:18:46', '2020-07-04 10:25:16', 1, 1, 1052),
(5142, 'after update', 16, 0, -5834, '-', 'AKTIF', 5, 2, '2020-06-22 03:01:02', '2020-07-06 05:21:27', 1, 1, 1053),
(5143, 'after update', 17, 0, -14585, '-', 'AKTIF', 6, 2, '2020-06-22 05:26:20', '2020-07-06 05:21:38', 1, 1, 1054),
(5144, 'after update', 19, 0, 2, '-', 'nonaktif', 7, 1, '2020-07-04 09:08:25', '2020-07-04 09:16:51', 1, 1, 1055),
(5145, 'after update', 25, 0, 2, '-', 'AKTIF', 7, 1, '2020-07-04 10:18:46', '2020-07-04 10:25:21', 1, 1, 1056),
(5146, 'after update', 18, 0, -14585, '-', 'AKTIF', 7, 2, '2020-06-29 12:18:09', '2020-07-06 05:34:11', 1, 1, 1057),
(5147, 'after update', 10, 0, 1, 'poiuytrewq', 'nonaktif', 5, 1, '2020-06-22 01:46:33', '2020-07-04 10:18:19', 1, 1, 1063),
(5148, 'after update', 24, 0, 1, '-', 'AKTIF', 5, 1, '2020-07-04 10:18:46', '2020-07-04 10:25:16', 1, 1, 1064),
(5149, 'after update', 16, 0, -5834, '-', 'AKTIF', 5, 2, '2020-06-22 03:01:02', '2020-07-06 05:21:27', 1, 1, 1065),
(5150, 'after update', 17, 0, -14585, '-', 'AKTIF', 6, 2, '2020-06-22 05:26:20', '2020-07-06 05:21:38', 1, 1, 1066),
(5151, 'after update', 19, 0, 2, '-', 'nonaktif', 7, 1, '2020-07-04 09:08:25', '2020-07-04 09:16:51', 1, 1, 1067),
(5152, 'after update', 25, 0, 2, '-', 'AKTIF', 7, 1, '2020-07-04 10:18:46', '2020-07-04 10:25:21', 1, 1, 1068),
(5153, 'after update', 18, 0, -14585, '-', 'AKTIF', 7, 2, '2020-06-29 12:18:09', '2020-07-06 05:34:11', 1, 1, 1069),
(5154, 'after update', 10, 0, 1, 'poiuytrewq', 'nonaktif', 5, 1, '2020-06-22 01:46:33', '2020-07-04 10:18:19', 1, 1, 1070),
(5155, 'after update', 24, 0, 1, '-', 'AKTIF', 5, 1, '2020-07-04 10:18:46', '2020-07-04 10:25:16', 1, 1, 1071),
(5156, 'after update', 16, 0, -5834, '-', 'AKTIF', 5, 2, '2020-06-22 03:01:02', '2020-07-06 05:21:27', 1, 1, 1072),
(5157, 'after update', 17, 0, -14585, '-', 'AKTIF', 6, 2, '2020-06-22 05:26:20', '2020-07-06 05:21:38', 1, 1, 1073),
(5158, 'after update', 19, 0, 2, '-', 'nonaktif', 7, 1, '2020-07-04 09:08:25', '2020-07-04 09:16:51', 1, 1, 1074),
(5159, 'after update', 25, 0, 2, '-', 'AKTIF', 7, 1, '2020-07-04 10:18:46', '2020-07-04 10:25:21', 1, 1, 1075),
(5160, 'after update', 18, 0, -14585, '-', 'AKTIF', 7, 2, '2020-06-29 12:18:09', '2020-07-06 05:34:11', 1, 1, 1076),
(5161, 'after update', 10, 0, 1, 'poiuytrewq', 'nonaktif', 5, 1, '2020-06-22 01:46:33', '2020-07-04 10:18:19', 1, 1, 1077),
(5162, 'after update', 24, 0, 1, '-', 'AKTIF', 5, 1, '2020-07-04 10:18:46', '2020-07-04 10:25:16', 1, 1, 1078),
(5163, 'after update', 16, 0, -5834, '-', 'AKTIF', 5, 2, '2020-06-22 03:01:02', '2020-07-06 05:21:27', 1, 1, 1079),
(5164, 'after update', 17, 0, -14585, '-', 'AKTIF', 6, 2, '2020-06-22 05:26:20', '2020-07-06 05:21:38', 1, 1, 1080),
(5165, 'after update', 19, 0, 2, '-', 'nonaktif', 7, 1, '2020-07-04 09:08:25', '2020-07-04 09:16:51', 1, 1, 1081),
(5166, 'after update', 25, 0, 2, '-', 'AKTIF', 7, 1, '2020-07-04 10:18:46', '2020-07-04 10:25:21', 1, 1, 1082),
(5167, 'after update', 18, 0, -14585, '-', 'AKTIF', 7, 2, '2020-06-29 12:18:09', '2020-07-06 05:34:11', 1, 1, 1083),
(5168, 'after update', 10, 0, 1, 'poiuytrewq', 'nonaktif', 5, 1, '2020-06-22 01:46:33', '2020-07-04 10:18:19', 1, 1, 1084),
(5169, 'after update', 24, 0, 1, '-', 'AKTIF', 5, 1, '2020-07-04 10:18:46', '2020-07-04 10:25:16', 1, 1, 1085),
(5170, 'after update', 16, 0, -5834, '-', 'AKTIF', 5, 2, '2020-06-22 03:01:02', '2020-07-06 05:21:27', 1, 1, 1086),
(5171, 'after update', 17, 0, -14585, '-', 'AKTIF', 6, 2, '2020-06-22 05:26:20', '2020-07-06 05:21:38', 1, 1, 1087),
(5172, 'after update', 19, 0, 2, '-', 'nonaktif', 7, 1, '2020-07-04 09:08:25', '2020-07-04 09:16:51', 1, 1, 1088),
(5173, 'after update', 25, 0, 2, '-', 'AKTIF', 7, 1, '2020-07-04 10:18:46', '2020-07-04 10:25:21', 1, 1, 1089),
(5174, 'after update', 18, 0, -14585, '-', 'AKTIF', 7, 2, '2020-06-29 12:18:09', '2020-07-06 05:34:11', 1, 1, 1090),
(5175, 'after update', 10, 0, 1, 'poiuytrewq', 'nonaktif', 5, 1, '2020-06-22 01:46:33', '2020-07-04 10:18:19', 1, 1, 1091),
(5176, 'after update', 24, 0, 1, '-', 'AKTIF', 5, 1, '2020-07-04 10:18:46', '2020-07-04 10:25:16', 1, 1, 1092),
(5177, 'after update', 16, 0, -5834, '-', 'AKTIF', 5, 2, '2020-06-22 03:01:02', '2020-07-06 05:21:27', 1, 1, 1093),
(5178, 'after update', 17, 0, -14585, '-', 'AKTIF', 6, 2, '2020-06-22 05:26:20', '2020-07-06 05:21:38', 1, 1, 1094),
(5179, 'after update', 19, 0, 2, '-', 'nonaktif', 7, 1, '2020-07-04 09:08:25', '2020-07-04 09:16:51', 1, 1, 1095),
(5180, 'after update', 25, 0, 2, '-', 'AKTIF', 7, 1, '2020-07-04 10:18:46', '2020-07-04 10:25:21', 1, 1, 1096),
(5181, 'after update', 18, 0, -14585, '-', 'AKTIF', 7, 2, '2020-06-29 12:18:09', '2020-07-06 05:34:11', 1, 1, 1097);
INSERT INTO `tbl_brg_cabang_log` (`id_pk_brg_cabang_log`, `executed_function`, `id_pk_brg_cabang`, `brg_cabang_qty`, `brg_cabang_last_price`, `brg_cabang_notes`, `brg_cabang_status`, `id_fk_brg`, `id_fk_cabang`, `brg_cabang_create_date`, `brg_cabang_last_modified`, `id_create_data`, `id_last_modified`, `id_log_all`) VALUES
(5182, 'after update', 10, 0, 1, 'poiuytrewq', 'nonaktif', 5, 1, '2020-06-22 01:46:33', '2020-07-04 10:18:19', 1, 1, 1098),
(5183, 'after update', 24, 0, 1, '-', 'AKTIF', 5, 1, '2020-07-04 10:18:46', '2020-07-04 10:25:16', 1, 1, 1099),
(5184, 'after update', 16, 0, -5834, '-', 'AKTIF', 5, 2, '2020-06-22 03:01:02', '2020-07-06 05:21:27', 1, 1, 1100),
(5185, 'after update', 17, 0, -14585, '-', 'AKTIF', 6, 2, '2020-06-22 05:26:20', '2020-07-06 05:21:38', 1, 1, 1101),
(5186, 'after update', 19, 0, 2, '-', 'nonaktif', 7, 1, '2020-07-04 09:08:25', '2020-07-04 09:16:51', 1, 1, 1102),
(5187, 'after update', 25, 0, 2, '-', 'AKTIF', 7, 1, '2020-07-04 10:18:46', '2020-07-04 10:25:21', 1, 1, 1103),
(5188, 'after update', 18, 0, -14585, '-', 'AKTIF', 7, 2, '2020-06-29 12:18:09', '2020-07-06 05:34:11', 1, 1, 1104),
(5189, 'after update', 10, 0, 1, 'poiuytrewq', 'nonaktif', 5, 1, '2020-06-22 01:46:33', '2020-07-04 10:18:19', 1, 1, 1111),
(5190, 'after update', 24, 0, 1, '-', 'AKTIF', 5, 1, '2020-07-04 10:18:46', '2020-07-04 10:25:16', 1, 1, 1112),
(5191, 'after update', 16, 0, -5834, '-', 'AKTIF', 5, 2, '2020-06-22 03:01:02', '2020-07-06 05:21:27', 1, 1, 1113),
(5192, 'after update', 17, 0, -14585, '-', 'AKTIF', 6, 2, '2020-06-22 05:26:20', '2020-07-06 05:21:38', 1, 1, 1114),
(5193, 'after update', 19, 0, 2, '-', 'nonaktif', 7, 1, '2020-07-04 09:08:25', '2020-07-04 09:16:51', 1, 1, 1115),
(5194, 'after update', 25, 0, 2, '-', 'AKTIF', 7, 1, '2020-07-04 10:18:46', '2020-07-04 10:25:21', 1, 1, 1116),
(5195, 'after update', 18, 0, -14585, '-', 'AKTIF', 7, 2, '2020-06-29 12:18:09', '2020-07-06 05:34:11', 1, 1, 1117),
(5196, 'after update', 10, 0, 1, 'poiuytrewq', 'nonaktif', 5, 1, '2020-06-22 01:46:33', '2020-07-04 10:18:19', 1, 1, 1118),
(5197, 'after update', 24, 0, 1, '-', 'AKTIF', 5, 1, '2020-07-04 10:18:46', '2020-07-04 10:25:16', 1, 1, 1119),
(5198, 'after update', 16, 0, -5834, '-', 'AKTIF', 5, 2, '2020-06-22 03:01:02', '2020-07-06 05:21:27', 1, 1, 1120),
(5199, 'after update', 17, 0, -14585, '-', 'AKTIF', 6, 2, '2020-06-22 05:26:20', '2020-07-06 05:21:38', 1, 1, 1121),
(5200, 'after update', 19, 0, 2, '-', 'nonaktif', 7, 1, '2020-07-04 09:08:25', '2020-07-04 09:16:51', 1, 1, 1122),
(5201, 'after update', 25, 0, 2, '-', 'AKTIF', 7, 1, '2020-07-04 10:18:46', '2020-07-04 10:25:21', 1, 1, 1123),
(5202, 'after update', 18, 0, -14585, '-', 'AKTIF', 7, 2, '2020-06-29 12:18:09', '2020-07-06 05:34:11', 1, 1, 1124),
(5203, 'after update', 10, 0, 1, 'poiuytrewq', 'nonaktif', 5, 1, '2020-06-22 01:46:33', '2020-07-04 10:18:19', 1, 1, 1125),
(5204, 'after update', 24, 0, 1, '-', 'AKTIF', 5, 1, '2020-07-04 10:18:46', '2020-07-04 10:25:16', 1, 1, 1126),
(5205, 'after update', 16, 0, -5834, '-', 'AKTIF', 5, 2, '2020-06-22 03:01:02', '2020-07-06 05:21:27', 1, 1, 1127),
(5206, 'after update', 17, 0, -14585, '-', 'AKTIF', 6, 2, '2020-06-22 05:26:20', '2020-07-06 05:21:38', 1, 1, 1128),
(5207, 'after update', 19, 0, 2, '-', 'nonaktif', 7, 1, '2020-07-04 09:08:25', '2020-07-04 09:16:51', 1, 1, 1129),
(5208, 'after update', 25, 0, 2, '-', 'AKTIF', 7, 1, '2020-07-04 10:18:46', '2020-07-04 10:25:21', 1, 1, 1130),
(5209, 'after update', 18, 0, -14585, '-', 'AKTIF', 7, 2, '2020-06-29 12:18:09', '2020-07-06 05:34:11', 1, 1, 1131),
(5210, 'after update', 10, 0, 1, 'poiuytrewq', 'nonaktif', 5, 1, '2020-06-22 01:46:33', '2020-07-04 10:18:19', 1, 1, 1138),
(5211, 'after update', 24, 0, 1, '-', 'AKTIF', 5, 1, '2020-07-04 10:18:46', '2020-07-04 10:25:16', 1, 1, 1139),
(5212, 'after update', 16, 0, -5834, '-', 'AKTIF', 5, 2, '2020-06-22 03:01:02', '2020-07-06 05:21:27', 1, 1, 1140),
(5213, 'after update', 17, 0, -14585, '-', 'AKTIF', 6, 2, '2020-06-22 05:26:20', '2020-07-06 05:21:38', 1, 1, 1141),
(5214, 'after update', 19, 0, 2, '-', 'nonaktif', 7, 1, '2020-07-04 09:08:25', '2020-07-04 09:16:51', 1, 1, 1142),
(5215, 'after update', 25, 0, 2, '-', 'AKTIF', 7, 1, '2020-07-04 10:18:46', '2020-07-04 10:25:21', 1, 1, 1143),
(5216, 'after update', 18, 0, -14585, '-', 'AKTIF', 7, 2, '2020-06-29 12:18:09', '2020-07-06 05:34:11', 1, 1, 1144),
(5217, 'after update', 10, 0, 1, 'poiuytrewq', 'nonaktif', 5, 1, '2020-06-22 01:46:33', '2020-07-04 10:18:19', 1, 1, 1151),
(5218, 'after update', 24, 0, 1, '-', 'AKTIF', 5, 1, '2020-07-04 10:18:46', '2020-07-04 10:25:16', 1, 1, 1152),
(5219, 'after update', 16, 0, -5834, '-', 'AKTIF', 5, 2, '2020-06-22 03:01:02', '2020-07-06 05:21:27', 1, 1, 1153),
(5220, 'after update', 17, 0, -14585, '-', 'AKTIF', 6, 2, '2020-06-22 05:26:20', '2020-07-06 05:21:38', 1, 1, 1154),
(5221, 'after update', 19, 0, 2, '-', 'nonaktif', 7, 1, '2020-07-04 09:08:25', '2020-07-04 09:16:51', 1, 1, 1155),
(5222, 'after update', 25, 0, 2, '-', 'AKTIF', 7, 1, '2020-07-04 10:18:46', '2020-07-04 10:25:21', 1, 1, 1156),
(5223, 'after update', 18, 0, -14585, '-', 'AKTIF', 7, 2, '2020-06-29 12:18:09', '2020-07-06 05:34:11', 1, 1, 1157),
(5224, 'after update', 10, 0, 1, 'poiuytrewq', 'nonaktif', 5, 1, '2020-06-22 01:46:33', '2020-07-04 10:18:19', 1, 1, 1164),
(5225, 'after update', 24, 0, 1, '-', 'AKTIF', 5, 1, '2020-07-04 10:18:46', '2020-07-04 10:25:16', 1, 1, 1165),
(5226, 'after update', 16, 0, -5834, '-', 'AKTIF', 5, 2, '2020-06-22 03:01:02', '2020-07-06 05:21:27', 1, 1, 1166),
(5227, 'after update', 17, 0, -14585, '-', 'AKTIF', 6, 2, '2020-06-22 05:26:20', '2020-07-06 05:21:38', 1, 1, 1167),
(5228, 'after update', 19, 0, 2, '-', 'nonaktif', 7, 1, '2020-07-04 09:08:25', '2020-07-04 09:16:51', 1, 1, 1168),
(5229, 'after update', 25, 0, 2, '-', 'AKTIF', 7, 1, '2020-07-04 10:18:46', '2020-07-04 10:25:21', 1, 1, 1169),
(5230, 'after update', 18, 0, -14585, '-', 'AKTIF', 7, 2, '2020-06-29 12:18:09', '2020-07-06 05:34:11', 1, 1, 1170),
(5231, 'after update', 10, 0, 1, 'poiuytrewq', 'nonaktif', 5, 1, '2020-06-22 01:46:33', '2020-07-04 10:18:19', 1, 1, 1177),
(5232, 'after update', 24, 0, 1, '-', 'AKTIF', 5, 1, '2020-07-04 10:18:46', '2020-07-04 10:25:16', 1, 1, 1178),
(5233, 'after update', 16, 0, -5834, '-', 'AKTIF', 5, 2, '2020-06-22 03:01:02', '2020-07-06 05:21:27', 1, 1, 1179),
(5234, 'after update', 17, 0, -14585, '-', 'AKTIF', 6, 2, '2020-06-22 05:26:20', '2020-07-06 05:21:38', 1, 1, 1180),
(5235, 'after update', 19, 0, 2, '-', 'nonaktif', 7, 1, '2020-07-04 09:08:25', '2020-07-04 09:16:51', 1, 1, 1181),
(5236, 'after update', 25, 0, 2, '-', 'AKTIF', 7, 1, '2020-07-04 10:18:46', '2020-07-04 10:25:21', 1, 1, 1182),
(5237, 'after update', 18, 0, -14585, '-', 'AKTIF', 7, 2, '2020-06-29 12:18:09', '2020-07-06 05:34:11', 1, 1, 1183),
(5238, 'after update', 10, 0, 1, 'poiuytrewq', 'nonaktif', 5, 1, '2020-06-22 01:46:33', '2020-07-04 10:18:19', 1, 1, 1184),
(5239, 'after update', 24, 0, 1, '-', 'AKTIF', 5, 1, '2020-07-04 10:18:46', '2020-07-04 10:25:16', 1, 1, 1185),
(5240, 'after update', 16, 0, -5834, '-', 'AKTIF', 5, 2, '2020-06-22 03:01:02', '2020-07-06 05:21:27', 1, 1, 1186),
(5241, 'after update', 17, 0, -14585, '-', 'AKTIF', 6, 2, '2020-06-22 05:26:20', '2020-07-06 05:21:38', 1, 1, 1187),
(5242, 'after update', 19, 0, 2, '-', 'nonaktif', 7, 1, '2020-07-04 09:08:25', '2020-07-04 09:16:51', 1, 1, 1188),
(5243, 'after update', 25, 0, 2, '-', 'AKTIF', 7, 1, '2020-07-04 10:18:46', '2020-07-04 10:25:21', 1, 1, 1189),
(5244, 'after update', 18, 0, -14585, '-', 'AKTIF', 7, 2, '2020-06-29 12:18:09', '2020-07-06 05:34:11', 1, 1, 1190),
(5245, 'after update', 10, 0, 1, 'poiuytrewq', 'nonaktif', 5, 1, '2020-06-22 01:46:33', '2020-07-04 10:18:19', 1, 1, 1191),
(5246, 'after update', 24, 0, 1, '-', 'AKTIF', 5, 1, '2020-07-04 10:18:46', '2020-07-04 10:25:16', 1, 1, 1192),
(5247, 'after update', 16, 0, -5834, '-', 'AKTIF', 5, 2, '2020-06-22 03:01:02', '2020-07-06 05:21:27', 1, 1, 1193),
(5248, 'after update', 17, 0, -14585, '-', 'AKTIF', 6, 2, '2020-06-22 05:26:20', '2020-07-06 05:21:38', 1, 1, 1194),
(5249, 'after update', 19, 0, 2, '-', 'nonaktif', 7, 1, '2020-07-04 09:08:25', '2020-07-04 09:16:51', 1, 1, 1195),
(5250, 'after update', 25, 0, 2, '-', 'AKTIF', 7, 1, '2020-07-04 10:18:46', '2020-07-04 10:25:21', 1, 1, 1196),
(5251, 'after update', 18, 0, -14585, '-', 'AKTIF', 7, 2, '2020-06-29 12:18:09', '2020-07-06 05:34:11', 1, 1, 1197),
(5252, 'after update', 10, 0, 1, 'poiuytrewq', 'nonaktif', 5, 1, '2020-06-22 01:46:33', '2020-07-04 10:18:19', 1, 1, 1198),
(5253, 'after update', 24, 0, 1, '-', 'AKTIF', 5, 1, '2020-07-04 10:18:46', '2020-07-04 10:25:16', 1, 1, 1199),
(5254, 'after update', 16, 0, -5834, '-', 'AKTIF', 5, 2, '2020-06-22 03:01:02', '2020-07-06 05:21:27', 1, 1, 1200),
(5255, 'after update', 17, 0, -14585, '-', 'AKTIF', 6, 2, '2020-06-22 05:26:20', '2020-07-06 05:21:38', 1, 1, 1201),
(5256, 'after update', 19, 0, 2, '-', 'nonaktif', 7, 1, '2020-07-04 09:08:25', '2020-07-04 09:16:51', 1, 1, 1202),
(5257, 'after update', 25, 0, 2, '-', 'AKTIF', 7, 1, '2020-07-04 10:18:46', '2020-07-04 10:25:21', 1, 1, 1203),
(5258, 'after update', 18, 0, -14585, '-', 'AKTIF', 7, 2, '2020-06-29 12:18:09', '2020-07-06 05:34:11', 1, 1, 1204),
(5259, 'after update', 10, 0, 1, 'poiuytrewq', 'nonaktif', 5, 1, '2020-06-22 01:46:33', '2020-07-04 10:18:19', 1, 1, 1205),
(5260, 'after update', 24, 0, 1, '-', 'AKTIF', 5, 1, '2020-07-04 10:18:46', '2020-07-04 10:25:16', 1, 1, 1206),
(5261, 'after update', 16, 0, -5834, '-', 'AKTIF', 5, 2, '2020-06-22 03:01:02', '2020-07-06 05:21:27', 1, 1, 1207),
(5262, 'after update', 17, 0, -14585, '-', 'AKTIF', 6, 2, '2020-06-22 05:26:20', '2020-07-06 05:21:38', 1, 1, 1208),
(5263, 'after update', 19, 0, 2, '-', 'nonaktif', 7, 1, '2020-07-04 09:08:25', '2020-07-04 09:16:51', 1, 1, 1209),
(5264, 'after update', 25, 0, 2, '-', 'AKTIF', 7, 1, '2020-07-04 10:18:46', '2020-07-04 10:25:21', 1, 1, 1210),
(5265, 'after update', 18, 0, -14585, '-', 'AKTIF', 7, 2, '2020-06-29 12:18:09', '2020-07-06 05:34:11', 1, 1, 1211),
(5266, 'after update', 10, 0, 1, 'poiuytrewq', 'nonaktif', 5, 1, '2020-06-22 01:46:33', '2020-07-04 10:18:19', 1, 1, 1212),
(5267, 'after update', 24, 0, 1, '-', 'AKTIF', 5, 1, '2020-07-04 10:18:46', '2020-07-04 10:25:16', 1, 1, 1213),
(5268, 'after update', 16, 0, -5834, '-', 'AKTIF', 5, 2, '2020-06-22 03:01:02', '2020-07-06 05:21:27', 1, 1, 1214),
(5269, 'after update', 17, 0, -14585, '-', 'AKTIF', 6, 2, '2020-06-22 05:26:20', '2020-07-06 05:21:38', 1, 1, 1215),
(5270, 'after update', 19, 0, 2, '-', 'nonaktif', 7, 1, '2020-07-04 09:08:25', '2020-07-04 09:16:51', 1, 1, 1216),
(5271, 'after update', 25, 0, 2, '-', 'AKTIF', 7, 1, '2020-07-04 10:18:46', '2020-07-04 10:25:21', 1, 1, 1217),
(5272, 'after update', 18, 0, -14585, '-', 'AKTIF', 7, 2, '2020-06-29 12:18:09', '2020-07-06 05:34:11', 1, 1, 1218),
(5273, 'after update', 10, 0, 1, 'poiuytrewq', 'nonaktif', 5, 1, '2020-06-22 01:46:33', '2020-07-04 10:18:19', 1, 1, 1219),
(5274, 'after update', 24, 0, 1, '-', 'AKTIF', 5, 1, '2020-07-04 10:18:46', '2020-07-04 10:25:16', 1, 1, 1220),
(5275, 'after update', 16, 0, -5834, '-', 'AKTIF', 5, 2, '2020-06-22 03:01:02', '2020-07-06 05:21:27', 1, 1, 1221),
(5276, 'after update', 17, 0, -14585, '-', 'AKTIF', 6, 2, '2020-06-22 05:26:20', '2020-07-06 05:21:38', 1, 1, 1222),
(5277, 'after update', 19, 0, 2, '-', 'nonaktif', 7, 1, '2020-07-04 09:08:25', '2020-07-04 09:16:51', 1, 1, 1223),
(5278, 'after update', 25, 0, 2, '-', 'AKTIF', 7, 1, '2020-07-04 10:18:46', '2020-07-04 10:25:21', 1, 1, 1224),
(5279, 'after update', 18, 0, -14585, '-', 'AKTIF', 7, 2, '2020-06-29 12:18:09', '2020-07-06 05:34:11', 1, 1, 1225),
(5280, 'after update', 10, 0, 1, 'poiuytrewq', 'nonaktif', 5, 1, '2020-06-22 01:46:33', '2020-07-04 10:18:19', 1, 1, 1226),
(5281, 'after update', 24, 0, 1, '-', 'AKTIF', 5, 1, '2020-07-04 10:18:46', '2020-07-04 10:25:16', 1, 1, 1227),
(5282, 'after update', 16, 0, -5834, '-', 'AKTIF', 5, 2, '2020-06-22 03:01:02', '2020-07-06 05:21:27', 1, 1, 1228),
(5283, 'after update', 17, 0, -14585, '-', 'AKTIF', 6, 2, '2020-06-22 05:26:20', '2020-07-06 05:21:38', 1, 1, 1229),
(5284, 'after update', 19, 0, 2, '-', 'nonaktif', 7, 1, '2020-07-04 09:08:25', '2020-07-04 09:16:51', 1, 1, 1230),
(5285, 'after update', 25, 0, 2, '-', 'AKTIF', 7, 1, '2020-07-04 10:18:46', '2020-07-04 10:25:21', 1, 1, 1231),
(5286, 'after update', 18, 0, -14585, '-', 'AKTIF', 7, 2, '2020-06-29 12:18:09', '2020-07-06 05:34:11', 1, 1, 1232),
(5287, 'after update', 10, 0, 1, 'poiuytrewq', 'nonaktif', 5, 1, '2020-06-22 01:46:33', '2020-07-04 10:18:19', 1, 1, 1233),
(5288, 'after update', 24, 0, 1, '-', 'AKTIF', 5, 1, '2020-07-04 10:18:46', '2020-07-04 10:25:16', 1, 1, 1234),
(5289, 'after update', 16, 0, -5834, '-', 'AKTIF', 5, 2, '2020-06-22 03:01:02', '2020-07-06 05:21:27', 1, 1, 1235),
(5290, 'after update', 17, 0, -14585, '-', 'AKTIF', 6, 2, '2020-06-22 05:26:20', '2020-07-06 05:21:38', 1, 1, 1236),
(5291, 'after update', 19, 0, 2, '-', 'nonaktif', 7, 1, '2020-07-04 09:08:25', '2020-07-04 09:16:51', 1, 1, 1237),
(5292, 'after update', 25, 0, 2, '-', 'AKTIF', 7, 1, '2020-07-04 10:18:46', '2020-07-04 10:25:21', 1, 1, 1238),
(5293, 'after update', 18, 0, -14585, '-', 'AKTIF', 7, 2, '2020-06-29 12:18:09', '2020-07-06 05:34:11', 1, 1, 1239),
(5294, 'after update', 10, 0, 1, 'poiuytrewq', 'nonaktif', 5, 1, '2020-06-22 01:46:33', '2020-07-04 10:18:19', 1, 1, 1240),
(5295, 'after update', 24, 0, 1, '-', 'AKTIF', 5, 1, '2020-07-04 10:18:46', '2020-07-04 10:25:16', 1, 1, 1241),
(5296, 'after update', 16, 0, -5834, '-', 'AKTIF', 5, 2, '2020-06-22 03:01:02', '2020-07-06 05:21:27', 1, 1, 1242),
(5297, 'after update', 17, 0, -14585, '-', 'AKTIF', 6, 2, '2020-06-22 05:26:20', '2020-07-06 05:21:38', 1, 1, 1243),
(5298, 'after update', 19, 0, 2, '-', 'nonaktif', 7, 1, '2020-07-04 09:08:25', '2020-07-04 09:16:51', 1, 1, 1244),
(5299, 'after update', 25, 0, 2, '-', 'AKTIF', 7, 1, '2020-07-04 10:18:46', '2020-07-04 10:25:21', 1, 1, 1245),
(5300, 'after update', 18, 0, -14585, '-', 'AKTIF', 7, 2, '2020-06-29 12:18:09', '2020-07-06 05:34:11', 1, 1, 1246),
(5301, 'after update', 10, 0, 1, 'poiuytrewq', 'nonaktif', 5, 1, '2020-06-22 01:46:33', '2020-07-04 10:18:19', 1, 1, 1247),
(5302, 'after update', 24, 0, 1, '-', 'AKTIF', 5, 1, '2020-07-04 10:18:46', '2020-07-04 10:25:16', 1, 1, 1248),
(5303, 'after update', 16, 0, -5834, '-', 'AKTIF', 5, 2, '2020-06-22 03:01:02', '2020-07-06 05:21:27', 1, 1, 1249),
(5304, 'after update', 17, 0, -14585, '-', 'AKTIF', 6, 2, '2020-06-22 05:26:20', '2020-07-06 05:21:38', 1, 1, 1250),
(5305, 'after update', 19, 0, 2, '-', 'nonaktif', 7, 1, '2020-07-04 09:08:25', '2020-07-04 09:16:51', 1, 1, 1251),
(5306, 'after update', 25, 0, 2, '-', 'AKTIF', 7, 1, '2020-07-04 10:18:46', '2020-07-04 10:25:21', 1, 1, 1252),
(5307, 'after update', 18, 0, -14585, '-', 'AKTIF', 7, 2, '2020-06-29 12:18:09', '2020-07-06 05:34:11', 1, 1, 1253),
(5308, 'after update', 10, 0, 1, 'poiuytrewq', 'nonaktif', 5, 1, '2020-06-22 01:46:33', '2020-07-04 10:18:19', 1, 1, 1254),
(5309, 'after update', 24, 0, 1, '-', 'AKTIF', 5, 1, '2020-07-04 10:18:46', '2020-07-04 10:25:16', 1, 1, 1255),
(5310, 'after update', 16, 0, -5834, '-', 'AKTIF', 5, 2, '2020-06-22 03:01:02', '2020-07-06 05:21:27', 1, 1, 1256),
(5311, 'after update', 17, 0, -14585, '-', 'AKTIF', 6, 2, '2020-06-22 05:26:20', '2020-07-06 05:21:38', 1, 1, 1257),
(5312, 'after update', 19, 0, 2, '-', 'nonaktif', 7, 1, '2020-07-04 09:08:25', '2020-07-04 09:16:51', 1, 1, 1258),
(5313, 'after update', 25, 0, 2, '-', 'AKTIF', 7, 1, '2020-07-04 10:18:46', '2020-07-04 10:25:21', 1, 1, 1259),
(5314, 'after update', 18, 0, -14585, '-', 'AKTIF', 7, 2, '2020-06-29 12:18:09', '2020-07-06 05:34:11', 1, 1, 1260),
(5315, 'after update', 10, 0, 1, 'poiuytrewq', 'nonaktif', 5, 1, '2020-06-22 01:46:33', '2020-07-04 10:18:19', 1, 1, 1261),
(5316, 'after update', 24, 0, 1, '-', 'AKTIF', 5, 1, '2020-07-04 10:18:46', '2020-07-04 10:25:16', 1, 1, 1262),
(5317, 'after update', 16, 0, -5834, '-', 'AKTIF', 5, 2, '2020-06-22 03:01:02', '2020-07-06 05:21:27', 1, 1, 1263),
(5318, 'after update', 17, 0, -14585, '-', 'AKTIF', 6, 2, '2020-06-22 05:26:20', '2020-07-06 05:21:38', 1, 1, 1264),
(5319, 'after update', 19, 0, 2, '-', 'nonaktif', 7, 1, '2020-07-04 09:08:25', '2020-07-04 09:16:51', 1, 1, 1265),
(5320, 'after update', 25, 0, 2, '-', 'AKTIF', 7, 1, '2020-07-04 10:18:46', '2020-07-04 10:25:21', 1, 1, 1266),
(5321, 'after update', 18, 0, -14585, '-', 'AKTIF', 7, 2, '2020-06-29 12:18:09', '2020-07-06 05:34:11', 1, 1, 1267),
(5322, 'after update', 10, 0, 1, 'poiuytrewq', 'nonaktif', 5, 1, '2020-06-22 01:46:33', '2020-07-04 10:18:19', 1, 1, 1268),
(5323, 'after update', 24, 0, 1, '-', 'AKTIF', 5, 1, '2020-07-04 10:18:46', '2020-07-04 10:25:16', 1, 1, 1269),
(5324, 'after update', 16, 0, -5834, '-', 'AKTIF', 5, 2, '2020-06-22 03:01:02', '2020-07-06 05:21:27', 1, 1, 1270),
(5325, 'after update', 17, 0, -14585, '-', 'AKTIF', 6, 2, '2020-06-22 05:26:20', '2020-07-06 05:21:38', 1, 1, 1271),
(5326, 'after update', 19, 0, 2, '-', 'nonaktif', 7, 1, '2020-07-04 09:08:25', '2020-07-04 09:16:51', 1, 1, 1272),
(5327, 'after update', 25, 0, 2, '-', 'AKTIF', 7, 1, '2020-07-04 10:18:46', '2020-07-04 10:25:21', 1, 1, 1273),
(5328, 'after update', 18, 0, -14585, '-', 'AKTIF', 7, 2, '2020-06-29 12:18:09', '2020-07-06 05:34:11', 1, 1, 1274),
(5329, 'after update', 10, 0, 1, 'poiuytrewq', 'nonaktif', 5, 1, '2020-06-22 01:46:33', '2020-07-04 10:18:19', 1, 1, 1275),
(5330, 'after update', 24, 0, 1, '-', 'AKTIF', 5, 1, '2020-07-04 10:18:46', '2020-07-04 10:25:16', 1, 1, 1276),
(5331, 'after update', 16, 0, -5834, '-', 'AKTIF', 5, 2, '2020-06-22 03:01:02', '2020-07-06 05:21:27', 1, 1, 1277),
(5332, 'after update', 17, 0, -14585, '-', 'AKTIF', 6, 2, '2020-06-22 05:26:20', '2020-07-06 05:21:38', 1, 1, 1278),
(5333, 'after update', 19, 0, 2, '-', 'nonaktif', 7, 1, '2020-07-04 09:08:25', '2020-07-04 09:16:51', 1, 1, 1279),
(5334, 'after update', 25, 0, 2, '-', 'AKTIF', 7, 1, '2020-07-04 10:18:46', '2020-07-04 10:25:21', 1, 1, 1280),
(5335, 'after update', 18, 0, -14585, '-', 'AKTIF', 7, 2, '2020-06-29 12:18:09', '2020-07-06 05:34:11', 1, 1, 1281),
(5336, 'after update', 10, 0, 1, 'poiuytrewq', 'nonaktif', 5, 1, '2020-06-22 01:46:33', '2020-07-04 10:18:19', 1, 1, 1282),
(5337, 'after update', 24, 0, 1, '-', 'AKTIF', 5, 1, '2020-07-04 10:18:46', '2020-07-04 10:25:16', 1, 1, 1283),
(5338, 'after update', 16, 0, -5834, '-', 'AKTIF', 5, 2, '2020-06-22 03:01:02', '2020-07-06 05:21:27', 1, 1, 1284),
(5339, 'after update', 17, 0, -14585, '-', 'AKTIF', 6, 2, '2020-06-22 05:26:20', '2020-07-06 05:21:38', 1, 1, 1285),
(5340, 'after update', 19, 0, 2, '-', 'nonaktif', 7, 1, '2020-07-04 09:08:25', '2020-07-04 09:16:51', 1, 1, 1286),
(5341, 'after update', 25, 0, 2, '-', 'AKTIF', 7, 1, '2020-07-04 10:18:46', '2020-07-04 10:25:21', 1, 1, 1287),
(5342, 'after update', 18, 0, -14585, '-', 'AKTIF', 7, 2, '2020-06-29 12:18:09', '2020-07-06 05:34:11', 1, 1, 1288),
(5343, 'after update', 10, 0, 1, 'poiuytrewq', 'nonaktif', 5, 1, '2020-06-22 01:46:33', '2020-07-04 10:18:19', 1, 1, 1289),
(5344, 'after update', 24, 0, 1, '-', 'AKTIF', 5, 1, '2020-07-04 10:18:46', '2020-07-04 10:25:16', 1, 1, 1290),
(5345, 'after update', 16, 0, -5834, '-', 'AKTIF', 5, 2, '2020-06-22 03:01:02', '2020-07-06 05:21:27', 1, 1, 1291),
(5346, 'after update', 17, 0, -14585, '-', 'AKTIF', 6, 2, '2020-06-22 05:26:20', '2020-07-06 05:21:38', 1, 1, 1292),
(5347, 'after update', 19, 0, 2, '-', 'nonaktif', 7, 1, '2020-07-04 09:08:25', '2020-07-04 09:16:51', 1, 1, 1293),
(5348, 'after update', 25, 0, 2, '-', 'AKTIF', 7, 1, '2020-07-04 10:18:46', '2020-07-04 10:25:21', 1, 1, 1294),
(5349, 'after update', 18, 0, -14585, '-', 'AKTIF', 7, 2, '2020-06-29 12:18:09', '2020-07-06 05:34:11', 1, 1, 1295),
(5350, 'after update', 10, 0, 1, 'poiuytrewq', 'nonaktif', 5, 1, '2020-06-22 01:46:33', '2020-07-04 10:18:19', 1, 1, 1296),
(5351, 'after update', 24, 0, 1, '-', 'AKTIF', 5, 1, '2020-07-04 10:18:46', '2020-07-04 10:25:16', 1, 1, 1297),
(5352, 'after update', 16, 0, -5834, '-', 'AKTIF', 5, 2, '2020-06-22 03:01:02', '2020-07-06 05:21:27', 1, 1, 1298),
(5353, 'after update', 17, 0, -14585, '-', 'AKTIF', 6, 2, '2020-06-22 05:26:20', '2020-07-06 05:21:38', 1, 1, 1299),
(5354, 'after update', 19, 0, 2, '-', 'nonaktif', 7, 1, '2020-07-04 09:08:25', '2020-07-04 09:16:51', 1, 1, 1300),
(5355, 'after update', 25, 0, 2, '-', 'AKTIF', 7, 1, '2020-07-04 10:18:46', '2020-07-04 10:25:21', 1, 1, 1301),
(5356, 'after update', 18, 0, -14585, '-', 'AKTIF', 7, 2, '2020-06-29 12:18:09', '2020-07-06 05:34:11', 1, 1, 1302),
(5357, 'after update', 10, 0, 1, 'poiuytrewq', 'nonaktif', 5, 1, '2020-06-22 01:46:33', '2020-07-04 10:18:19', 1, 1, 1303),
(5358, 'after update', 24, 0, 1, '-', 'AKTIF', 5, 1, '2020-07-04 10:18:46', '2020-07-04 10:25:16', 1, 1, 1304),
(5359, 'after update', 16, 0, -5834, '-', 'AKTIF', 5, 2, '2020-06-22 03:01:02', '2020-07-06 05:21:27', 1, 1, 1305),
(5360, 'after update', 17, 0, -14585, '-', 'AKTIF', 6, 2, '2020-06-22 05:26:20', '2020-07-06 05:21:38', 1, 1, 1306),
(5361, 'after update', 19, 0, 2, '-', 'nonaktif', 7, 1, '2020-07-04 09:08:25', '2020-07-04 09:16:51', 1, 1, 1307),
(5362, 'after update', 25, 0, 2, '-', 'AKTIF', 7, 1, '2020-07-04 10:18:46', '2020-07-04 10:25:21', 1, 1, 1308),
(5363, 'after update', 18, 0, -14585, '-', 'AKTIF', 7, 2, '2020-06-29 12:18:09', '2020-07-06 05:34:11', 1, 1, 1309),
(5364, 'after update', 10, 0, 1, 'poiuytrewq', 'nonaktif', 5, 1, '2020-06-22 01:46:33', '2020-07-04 10:18:19', 1, 1, 1310),
(5365, 'after update', 24, 0, 1, '-', 'AKTIF', 5, 1, '2020-07-04 10:18:46', '2020-07-04 10:25:16', 1, 1, 1311),
(5366, 'after update', 16, 0, -5834, '-', 'AKTIF', 5, 2, '2020-06-22 03:01:02', '2020-07-06 05:21:27', 1, 1, 1312),
(5367, 'after update', 17, 0, -14585, '-', 'AKTIF', 6, 2, '2020-06-22 05:26:20', '2020-07-06 05:21:38', 1, 1, 1313),
(5368, 'after update', 19, 0, 2, '-', 'nonaktif', 7, 1, '2020-07-04 09:08:25', '2020-07-04 09:16:51', 1, 1, 1314),
(5369, 'after update', 25, 0, 2, '-', 'AKTIF', 7, 1, '2020-07-04 10:18:46', '2020-07-04 10:25:21', 1, 1, 1315),
(5370, 'after update', 18, 0, -14585, '-', 'AKTIF', 7, 2, '2020-06-29 12:18:09', '2020-07-06 05:34:11', 1, 1, 1316),
(5371, 'after update', 10, 0, 1, 'poiuytrewq', 'nonaktif', 5, 1, '2020-06-22 01:46:33', '2020-07-04 10:18:19', 1, 1, 1317),
(5372, 'after update', 24, 0, 1, '-', 'AKTIF', 5, 1, '2020-07-04 10:18:46', '2020-07-04 10:25:16', 1, 1, 1318),
(5373, 'after update', 16, 0, -5834, '-', 'AKTIF', 5, 2, '2020-06-22 03:01:02', '2020-07-06 05:21:27', 1, 1, 1319),
(5374, 'after update', 17, 0, -14585, '-', 'AKTIF', 6, 2, '2020-06-22 05:26:20', '2020-07-06 05:21:38', 1, 1, 1320),
(5375, 'after update', 19, 0, 2, '-', 'nonaktif', 7, 1, '2020-07-04 09:08:25', '2020-07-04 09:16:51', 1, 1, 1321),
(5376, 'after update', 25, 0, 2, '-', 'AKTIF', 7, 1, '2020-07-04 10:18:46', '2020-07-04 10:25:21', 1, 1, 1322),
(5377, 'after update', 18, 0, -14585, '-', 'AKTIF', 7, 2, '2020-06-29 12:18:09', '2020-07-06 05:34:11', 1, 1, 1323),
(5378, 'after update', 10, 0, 1, 'poiuytrewq', 'nonaktif', 5, 1, '2020-06-22 01:46:33', '2020-07-04 10:18:19', 1, 1, 1324),
(5379, 'after update', 24, 0, 1, '-', 'AKTIF', 5, 1, '2020-07-04 10:18:46', '2020-07-04 10:25:16', 1, 1, 1325),
(5380, 'after update', 16, 0, -5834, '-', 'AKTIF', 5, 2, '2020-06-22 03:01:02', '2020-07-06 05:21:27', 1, 1, 1326),
(5381, 'after update', 17, 0, -14585, '-', 'AKTIF', 6, 2, '2020-06-22 05:26:20', '2020-07-06 05:21:38', 1, 1, 1327),
(5382, 'after update', 19, 0, 2, '-', 'nonaktif', 7, 1, '2020-07-04 09:08:25', '2020-07-04 09:16:51', 1, 1, 1328),
(5383, 'after update', 25, 0, 2, '-', 'AKTIF', 7, 1, '2020-07-04 10:18:46', '2020-07-04 10:25:21', 1, 1, 1329),
(5384, 'after update', 18, 0, -14585, '-', 'AKTIF', 7, 2, '2020-06-29 12:18:09', '2020-07-06 05:34:11', 1, 1, 1330),
(5385, 'after update', 10, 0, 1, 'poiuytrewq', 'nonaktif', 5, 1, '2020-06-22 01:46:33', '2020-07-04 10:18:19', 1, 1, 1331),
(5386, 'after update', 24, 0, 1, '-', 'AKTIF', 5, 1, '2020-07-04 10:18:46', '2020-07-04 10:25:16', 1, 1, 1332),
(5387, 'after update', 16, 0, -5834, '-', 'AKTIF', 5, 2, '2020-06-22 03:01:02', '2020-07-06 05:21:27', 1, 1, 1333),
(5388, 'after update', 17, 0, -14585, '-', 'AKTIF', 6, 2, '2020-06-22 05:26:20', '2020-07-06 05:21:38', 1, 1, 1334),
(5389, 'after update', 19, 0, 2, '-', 'nonaktif', 7, 1, '2020-07-04 09:08:25', '2020-07-04 09:16:51', 1, 1, 1335),
(5390, 'after update', 25, 0, 2, '-', 'AKTIF', 7, 1, '2020-07-04 10:18:46', '2020-07-04 10:25:21', 1, 1, 1336),
(5391, 'after update', 18, 0, -14585, '-', 'AKTIF', 7, 2, '2020-06-29 12:18:09', '2020-07-06 05:34:11', 1, 1, 1337),
(5392, 'after update', 10, 0, 1, 'poiuytrewq', 'nonaktif', 5, 1, '2020-06-22 01:46:33', '2020-07-04 10:18:19', 1, 1, 1338),
(5393, 'after update', 24, 0, 1, '-', 'AKTIF', 5, 1, '2020-07-04 10:18:46', '2020-07-04 10:25:16', 1, 1, 1339),
(5394, 'after update', 16, 0, -5834, '-', 'AKTIF', 5, 2, '2020-06-22 03:01:02', '2020-07-06 05:21:27', 1, 1, 1340),
(5395, 'after update', 17, 0, -14585, '-', 'AKTIF', 6, 2, '2020-06-22 05:26:20', '2020-07-06 05:21:38', 1, 1, 1341),
(5396, 'after update', 19, 0, 2, '-', 'nonaktif', 7, 1, '2020-07-04 09:08:25', '2020-07-04 09:16:51', 1, 1, 1342),
(5397, 'after update', 25, 0, 2, '-', 'AKTIF', 7, 1, '2020-07-04 10:18:46', '2020-07-04 10:25:21', 1, 1, 1343),
(5398, 'after update', 18, 0, -14585, '-', 'AKTIF', 7, 2, '2020-06-29 12:18:09', '2020-07-06 05:34:11', 1, 1, 1344),
(5399, 'after update', 10, 0, 1, 'poiuytrewq', 'nonaktif', 5, 1, '2020-06-22 01:46:33', '2020-07-04 10:18:19', 1, 1, 1345),
(5400, 'after update', 24, 0, 1, '-', 'AKTIF', 5, 1, '2020-07-04 10:18:46', '2020-07-04 10:25:16', 1, 1, 1346),
(5401, 'after update', 16, 0, -5834, '-', 'AKTIF', 5, 2, '2020-06-22 03:01:02', '2020-07-06 05:21:27', 1, 1, 1347),
(5402, 'after update', 17, 0, -14585, '-', 'AKTIF', 6, 2, '2020-06-22 05:26:20', '2020-07-06 05:21:38', 1, 1, 1348),
(5403, 'after update', 19, 0, 2, '-', 'nonaktif', 7, 1, '2020-07-04 09:08:25', '2020-07-04 09:16:51', 1, 1, 1349),
(5404, 'after update', 25, 0, 2, '-', 'AKTIF', 7, 1, '2020-07-04 10:18:46', '2020-07-04 10:25:21', 1, 1, 1350),
(5405, 'after update', 18, 0, -14585, '-', 'AKTIF', 7, 2, '2020-06-29 12:18:09', '2020-07-06 05:34:11', 1, 1, 1351),
(5406, 'after update', 10, 0, 1, 'poiuytrewq', 'nonaktif', 5, 1, '2020-06-22 01:46:33', '2020-07-04 10:18:19', 1, 1, 1352),
(5407, 'after update', 24, 0, 1, '-', 'AKTIF', 5, 1, '2020-07-04 10:18:46', '2020-07-04 10:25:16', 1, 1, 1353),
(5408, 'after update', 16, 0, -5834, '-', 'AKTIF', 5, 2, '2020-06-22 03:01:02', '2020-07-06 05:21:27', 1, 1, 1354),
(5409, 'after update', 17, 0, -14585, '-', 'AKTIF', 6, 2, '2020-06-22 05:26:20', '2020-07-06 05:21:38', 1, 1, 1355),
(5410, 'after update', 19, 0, 2, '-', 'nonaktif', 7, 1, '2020-07-04 09:08:25', '2020-07-04 09:16:51', 1, 1, 1356),
(5411, 'after update', 25, 0, 2, '-', 'AKTIF', 7, 1, '2020-07-04 10:18:46', '2020-07-04 10:25:21', 1, 1, 1357),
(5412, 'after update', 18, 0, -14585, '-', 'AKTIF', 7, 2, '2020-06-29 12:18:09', '2020-07-06 05:34:11', 1, 1, 1358),
(5413, 'after update', 10, 0, 1, 'poiuytrewq', 'nonaktif', 5, 1, '2020-06-22 01:46:33', '2020-07-04 10:18:19', 1, 1, 1359),
(5414, 'after update', 24, 0, 1, '-', 'AKTIF', 5, 1, '2020-07-04 10:18:46', '2020-07-04 10:25:16', 1, 1, 1360),
(5415, 'after update', 16, 0, -5834, '-', 'AKTIF', 5, 2, '2020-06-22 03:01:02', '2020-07-06 05:21:27', 1, 1, 1361),
(5416, 'after update', 17, 0, -14585, '-', 'AKTIF', 6, 2, '2020-06-22 05:26:20', '2020-07-06 05:21:38', 1, 1, 1362),
(5417, 'after update', 19, 0, 2, '-', 'nonaktif', 7, 1, '2020-07-04 09:08:25', '2020-07-04 09:16:51', 1, 1, 1363),
(5418, 'after update', 25, 0, 2, '-', 'AKTIF', 7, 1, '2020-07-04 10:18:46', '2020-07-04 10:25:21', 1, 1, 1364),
(5419, 'after update', 18, 0, -14585, '-', 'AKTIF', 7, 2, '2020-06-29 12:18:09', '2020-07-06 05:34:11', 1, 1, 1365),
(5420, 'after update', 17, 0, 1216646, '-', 'AKTIF', 6, 2, '2020-06-22 05:26:20', '2020-07-06 05:21:38', 1, 1, 1368),
(5421, 'after update', 12, 15000, 2462144, '-', 'AKTIF', 1, 2, '2020-06-22 03:01:02', '2020-06-22 05:28:46', 1, 1, 1369),
(5422, 'after update', 13, 14000, 2435926, '-', 'nonaktif', 2, 2, '2020-06-22 03:01:02', '2020-07-06 11:39:15', 1, 1, 1370),
(5423, 'after update', 27, 0, 2436076, 'Auto insert from item existance check', 'nonaktif', 2, 2, '2020-07-06 11:49:17', '2020-07-06 11:49:33', 1, 1, 1371),
(5424, 'after update', 28, 0, 2436076, 'Auto insert from item existance check', 'nonaktif', 2, 2, '2020-07-06 11:49:33', '2020-07-06 11:52:03', 1, 1, 1372),
(5425, 'after update', 29, 0, 2436076, 'Auto insert from item existance check', 'nonaktif', 2, 2, '2020-07-06 11:52:03', '2020-07-06 11:52:29', 1, 1, 1373),
(5426, 'after update', 30, 0, 2436076, 'Auto insert from item existance check', 'nonaktif', 2, 2, '2020-07-06 11:52:29', '2020-07-06 02:01:07', 1, 1, 1374),
(5427, 'after update', 31, 0, 2434636, 'Auto insert from item existance check', 'nonaktif', 2, 2, '2020-07-06 02:01:07', '2020-07-06 05:01:49', 1, 1, 1375),
(5428, 'after update', 32, 0, 2433292, 'Auto insert from item existance check', 'aktif', 2, 2, '2020-07-06 05:01:49', '2020-07-06 05:21:00', 1, 1, 1376),
(5429, 'after update', 15, 10000, 4936844, '-', 'nonaktif', 4, 2, '2020-06-22 03:01:02', '2020-07-07 10:34:54', 1, 1, 1377),
(5430, 'after update', 33, 10000, 4936144, 'Auto insert from item existance check', 'aktif', 4, 2, '2020-07-06 05:01:59', '2020-07-07 10:34:54', 1, 1, 1378),
(5431, 'after update', 14, 20000, 3724409, '-', 'nonaktif', 3, 2, '2020-06-22 03:01:02', '2020-07-07 10:34:54', 1, 1, 1379),
(5432, 'after update', 34, 20000, 3724523, 'Auto insert from item existance check', 'aktif', 3, 2, '2020-07-06 05:02:05', '2020-07-07 10:34:54', 1, 1, 1380),
(5433, 'after update', 17, 0, 147733159, '-', 'AKTIF', 6, 2, '2020-06-22 05:26:20', '2020-07-06 05:21:38', 1, 1, 1385),
(5434, 'after update', 12, 15000, 295495170, '-', 'AKTIF', 1, 2, '2020-06-22 03:01:02', '2020-06-22 05:28:46', 1, 1, 1386),
(5435, 'after update', 13, 14000, 295468952, '-', 'nonaktif', 2, 2, '2020-06-22 03:01:02', '2020-07-06 11:39:15', 1, 1, 1387),
(5436, 'after update', 27, 0, 295469102, 'Auto insert from item existance check', 'nonaktif', 2, 2, '2020-07-06 11:49:17', '2020-07-06 11:49:33', 1, 1, 1388),
(5437, 'after update', 28, 0, 295469102, 'Auto insert from item existance check', 'nonaktif', 2, 2, '2020-07-06 11:49:33', '2020-07-06 11:52:03', 1, 1, 1389),
(5438, 'after update', 29, 0, 295469102, 'Auto insert from item existance check', 'nonaktif', 2, 2, '2020-07-06 11:52:03', '2020-07-06 11:52:29', 1, 1, 1390),
(5439, 'after update', 30, 0, 295469102, 'Auto insert from item existance check', 'nonaktif', 2, 2, '2020-07-06 11:52:29', '2020-07-06 02:01:07', 1, 1, 1391),
(5440, 'after update', 31, 0, 295467662, 'Auto insert from item existance check', 'nonaktif', 2, 2, '2020-07-06 02:01:07', '2020-07-06 05:01:49', 1, 1, 1392),
(5441, 'after update', 32, 0, 295466318, 'Auto insert from item existance check', 'aktif', 2, 2, '2020-07-06 05:01:49', '2020-07-06 05:21:00', 1, 1, 1393),
(5442, 'after update', 15, 10000, 591002896, '-', 'nonaktif', 4, 2, '2020-06-22 03:01:02', '2020-07-07 10:34:54', 1, 1, 1394),
(5443, 'after update', 33, 10000, 591002196, 'Auto insert from item existance check', 'aktif', 4, 2, '2020-07-06 05:01:59', '2020-07-07 10:34:54', 1, 1, 1395),
(5444, 'after update', 14, 20000, 443273948, '-', 'nonaktif', 3, 2, '2020-06-22 03:01:02', '2020-07-07 10:34:54', 1, 1, 1396),
(5445, 'after update', 34, 20000, 443274062, 'Auto insert from item existance check', 'aktif', 3, 2, '2020-07-06 05:02:05', '2020-07-07 10:34:54', 1, 1, 1397),
(5446, 'after update', 17, 0, 2147483647, '-', 'AKTIF', 6, 2, '2020-06-22 05:26:20', '2020-07-06 05:21:38', 1, 1, 1400),
(5447, 'after update', 12, 15000, 2147483647, '-', 'AKTIF', 1, 2, '2020-06-22 03:01:02', '2020-06-22 05:28:46', 1, 1, 1401),
(5448, 'after update', 13, 14000, 2147483647, '-', 'nonaktif', 2, 2, '2020-06-22 03:01:02', '2020-07-06 11:39:15', 1, 1, 1402),
(5449, 'after update', 27, 0, 2147483647, 'Auto insert from item existance check', 'nonaktif', 2, 2, '2020-07-06 11:49:17', '2020-07-06 11:49:33', 1, 1, 1403),
(5450, 'after update', 28, 0, 2147483647, 'Auto insert from item existance check', 'nonaktif', 2, 2, '2020-07-06 11:49:33', '2020-07-06 11:52:03', 1, 1, 1404),
(5451, 'after update', 29, 0, 2147483647, 'Auto insert from item existance check', 'nonaktif', 2, 2, '2020-07-06 11:52:03', '2020-07-06 11:52:29', 1, 1, 1405),
(5452, 'after update', 30, 0, 2147483647, 'Auto insert from item existance check', 'nonaktif', 2, 2, '2020-07-06 11:52:29', '2020-07-06 02:01:07', 1, 1, 1406),
(5453, 'after update', 31, 0, 2147483647, 'Auto insert from item existance check', 'nonaktif', 2, 2, '2020-07-06 02:01:07', '2020-07-06 05:01:49', 1, 1, 1407),
(5454, 'after update', 32, 0, 2147483647, 'Auto insert from item existance check', 'aktif', 2, 2, '2020-07-06 05:01:49', '2020-07-06 05:21:00', 1, 1, 1408),
(5455, 'after update', 15, 10000, 2147483647, '-', 'nonaktif', 4, 2, '2020-06-22 03:01:02', '2020-07-07 10:34:54', 1, 1, 1409),
(5456, 'after update', 33, 10000, 2147483647, 'Auto insert from item existance check', 'aktif', 4, 2, '2020-07-06 05:01:59', '2020-07-07 10:34:54', 1, 1, 1410),
(5457, 'after update', 14, 20000, 2147483647, '-', 'nonaktif', 3, 2, '2020-06-22 03:01:02', '2020-07-07 10:34:54', 1, 1, 1411),
(5458, 'after update', 34, 20000, 2147483647, 'Auto insert from item existance check', 'aktif', 3, 2, '2020-07-06 05:02:05', '2020-07-07 10:34:54', 1, 1, 1412),
(5459, 'after update', 12, 15000, 2147483647, '-', 'AKTIF', 1, 2, '2020-06-22 03:01:02', '2020-06-22 05:28:46', 1, 1, 1415),
(5460, 'after update', 13, 14000, 2147483647, '-', 'nonaktif', 2, 2, '2020-06-22 03:01:02', '2020-07-06 11:39:15', 1, 1, 1417),
(5461, 'after update', 27, 0, 2147483647, 'Auto insert from item existance check', 'nonaktif', 2, 2, '2020-07-06 11:49:17', '2020-07-06 11:49:33', 1, 1, 1418),
(5462, 'after update', 28, 0, 2147483647, 'Auto insert from item existance check', 'nonaktif', 2, 2, '2020-07-06 11:49:33', '2020-07-06 11:52:03', 1, 1, 1419),
(5463, 'after update', 29, 0, 2147483647, 'Auto insert from item existance check', 'nonaktif', 2, 2, '2020-07-06 11:52:03', '2020-07-06 11:52:29', 1, 1, 1420),
(5464, 'after update', 30, 0, 2147483647, 'Auto insert from item existance check', 'nonaktif', 2, 2, '2020-07-06 11:52:29', '2020-07-06 02:01:07', 1, 1, 1421),
(5465, 'after update', 31, 0, 2147483647, 'Auto insert from item existance check', 'nonaktif', 2, 2, '2020-07-06 02:01:07', '2020-07-06 05:01:49', 1, 1, 1422),
(5466, 'after update', 32, 0, 2147483647, 'Auto insert from item existance check', 'aktif', 2, 2, '2020-07-06 05:01:49', '2020-07-06 05:21:00', 1, 1, 1423),
(5467, 'after update', 14, 20000, 2147483647, '-', 'nonaktif', 3, 2, '2020-06-22 03:01:02', '2020-07-07 10:34:54', 1, 1, 1425),
(5468, 'after update', 34, 20000, 2147483647, 'Auto insert from item existance check', 'aktif', 3, 2, '2020-07-06 05:02:05', '2020-07-07 10:34:54', 1, 1, 1426),
(5469, 'after update', 10, 0, 1, 'poiuytrewq', 'nonaktif', 5, 1, '2020-06-22 01:46:33', '2020-07-04 10:18:19', 1, 1, 1427),
(5470, 'after update', 24, 0, 1, '-', 'AKTIF', 5, 1, '2020-07-04 10:18:46', '2020-07-04 10:25:16', 1, 1, 1428),
(5471, 'after update', 16, 0, 429496729, '-', 'AKTIF', 5, 2, '2020-06-22 03:01:02', '2020-07-06 05:21:27', 1, 1, 1429),
(5472, 'after update', 17, 0, 536870911, '-', 'AKTIF', 6, 2, '2020-06-22 05:26:20', '2020-07-06 05:21:38', 1, 1, 1430),
(5473, 'after update', 19, 0, 2, '-', 'nonaktif', 7, 1, '2020-07-04 09:08:25', '2020-07-04 09:16:51', 1, 1, 1431),
(5474, 'after update', 25, 0, 2, '-', 'AKTIF', 7, 1, '2020-07-04 10:18:46', '2020-07-04 10:25:21', 1, 1, 1432),
(5475, 'after update', 18, 0, 536870911, '-', 'AKTIF', 7, 2, '2020-06-29 12:18:09', '2020-07-06 05:34:11', 1, 1, 1433),
(5476, 'after update', 10, 0, 1, 'poiuytrewq', 'nonaktif', 5, 1, '2020-06-22 01:46:33', '2020-07-04 10:18:19', 1, 1, 1434),
(5477, 'after update', 24, 0, 1, '-', 'AKTIF', 5, 1, '2020-07-04 10:18:46', '2020-07-04 10:25:16', 1, 1, 1435),
(5478, 'after update', 16, 0, 429496729, '-', 'AKTIF', 5, 2, '2020-06-22 03:01:02', '2020-07-06 05:21:27', 1, 1, 1436),
(5479, 'after update', 17, 0, 536870911, '-', 'AKTIF', 6, 2, '2020-06-22 05:26:20', '2020-07-06 05:21:38', 1, 1, 1437),
(5480, 'after update', 19, 0, 2, '-', 'nonaktif', 7, 1, '2020-07-04 09:08:25', '2020-07-04 09:16:51', 1, 1, 1438),
(5481, 'after update', 25, 0, 2, '-', 'AKTIF', 7, 1, '2020-07-04 10:18:46', '2020-07-04 10:25:21', 1, 1, 1439),
(5482, 'after update', 18, 0, 536870911, '-', 'AKTIF', 7, 2, '2020-06-29 12:18:09', '2020-07-06 05:34:11', 1, 1, 1440),
(5483, 'after update', 10, 0, 1, 'poiuytrewq', 'nonaktif', 5, 1, '2020-06-22 01:46:33', '2020-07-04 10:18:19', 1, 1, 1441),
(5484, 'after update', 24, 0, 1, '-', 'AKTIF', 5, 1, '2020-07-04 10:18:46', '2020-07-04 10:25:16', 1, 1, 1442),
(5485, 'after update', 16, 0, 429496729, '-', 'AKTIF', 5, 2, '2020-06-22 03:01:02', '2020-07-06 05:21:27', 1, 1, 1443),
(5486, 'after update', 17, 0, 536870911, '-', 'AKTIF', 6, 2, '2020-06-22 05:26:20', '2020-07-06 05:21:38', 1, 1, 1444),
(5487, 'after update', 19, 0, 2, '-', 'nonaktif', 7, 1, '2020-07-04 09:08:25', '2020-07-04 09:16:51', 1, 1, 1445),
(5488, 'after update', 25, 0, 2, '-', 'AKTIF', 7, 1, '2020-07-04 10:18:46', '2020-07-04 10:25:21', 1, 1, 1446),
(5489, 'after update', 18, 0, 536870911, '-', 'AKTIF', 7, 2, '2020-06-29 12:18:09', '2020-07-06 05:34:11', 1, 1, 1447),
(5490, 'after insert', 35, 0, 123123, '-', 'AKTIF', 8, 2, '2020-07-24 07:41:17', '2020-07-24 07:41:17', 2, 2, 1448),
(5491, 'after update', 10, 0, 1, 'poiuytrewq', 'nonaktif', 5, 1, '2020-06-22 01:46:33', '2020-07-04 10:18:19', 1, 1, 1449),
(5492, 'after update', 24, 0, 1, '-', 'AKTIF', 5, 1, '2020-07-04 10:18:46', '2020-07-04 10:25:16', 1, 1, 1450),
(5493, 'after update', 16, 0, 429496729, '-', 'AKTIF', 5, 2, '2020-06-22 03:01:02', '2020-07-06 05:21:27', 1, 1, 1451),
(5494, 'after update', 17, 0, 536870911, '-', 'AKTIF', 6, 2, '2020-06-22 05:26:20', '2020-07-06 05:21:38', 1, 1, 1452),
(5495, 'after update', 19, 0, 2, '-', 'nonaktif', 7, 1, '2020-07-04 09:08:25', '2020-07-04 09:16:51', 1, 1, 1453),
(5496, 'after update', 25, 0, 2, '-', 'AKTIF', 7, 1, '2020-07-04 10:18:46', '2020-07-04 10:25:21', 1, 1, 1454),
(5497, 'after update', 18, 0, 536870911, '-', 'AKTIF', 7, 2, '2020-06-29 12:18:09', '2020-07-06 05:34:11', 1, 1, 1455),
(5498, 'after update', 10, 0, 1, 'poiuytrewq', 'nonaktif', 5, 1, '2020-06-22 01:46:33', '2020-07-04 10:18:19', 1, 1, 1456),
(5499, 'after update', 24, 0, 1, '-', 'AKTIF', 5, 1, '2020-07-04 10:18:46', '2020-07-04 10:25:16', 1, 1, 1457),
(5500, 'after update', 16, 0, 429496729, '-', 'AKTIF', 5, 2, '2020-06-22 03:01:02', '2020-07-06 05:21:27', 1, 1, 1458),
(5501, 'after update', 17, 0, 536870911, '-', 'AKTIF', 6, 2, '2020-06-22 05:26:20', '2020-07-06 05:21:38', 1, 1, 1459),
(5502, 'after update', 19, 0, 2, '-', 'nonaktif', 7, 1, '2020-07-04 09:08:25', '2020-07-04 09:16:51', 1, 1, 1460),
(5503, 'after update', 25, 0, 2, '-', 'AKTIF', 7, 1, '2020-07-04 10:18:46', '2020-07-04 10:25:21', 1, 1, 1461),
(5504, 'after update', 18, 0, 536870911, '-', 'AKTIF', 7, 2, '2020-06-29 12:18:09', '2020-07-06 05:34:11', 1, 1, 1462),
(5505, 'after update', 10, 0, 1, 'poiuytrewq', 'nonaktif', 5, 1, '2020-06-22 01:46:33', '2020-07-04 10:18:19', 1, 1, 1463),
(5506, 'after update', 24, 0, 1, '-', 'AKTIF', 5, 1, '2020-07-04 10:18:46', '2020-07-04 10:25:16', 1, 1, 1464),
(5507, 'after update', 16, 0, 429496729, '-', 'AKTIF', 5, 2, '2020-06-22 03:01:02', '2020-07-06 05:21:27', 1, 1, 1465),
(5508, 'after update', 17, 0, 536870911, '-', 'AKTIF', 6, 2, '2020-06-22 05:26:20', '2020-07-06 05:21:38', 1, 1, 1466),
(5509, 'after update', 19, 0, 2, '-', 'nonaktif', 7, 1, '2020-07-04 09:08:25', '2020-07-04 09:16:51', 1, 1, 1467),
(5510, 'after update', 25, 0, 2, '-', 'AKTIF', 7, 1, '2020-07-04 10:18:46', '2020-07-04 10:25:21', 1, 1, 1468),
(5511, 'after update', 18, 0, 536870911, '-', 'AKTIF', 7, 2, '2020-06-29 12:18:09', '2020-07-06 05:34:11', 1, 1, 1469),
(5512, 'after update', 10, 0, 1, 'poiuytrewq', 'nonaktif', 5, 1, '2020-06-22 01:46:33', '2020-07-04 10:18:19', 1, 1, 1470),
(5513, 'after update', 24, 0, 1, '-', 'AKTIF', 5, 1, '2020-07-04 10:18:46', '2020-07-04 10:25:16', 1, 1, 1471),
(5514, 'after update', 16, 0, 429496729, '-', 'AKTIF', 5, 2, '2020-06-22 03:01:02', '2020-07-06 05:21:27', 1, 1, 1472),
(5515, 'after update', 17, 0, 536870911, '-', 'AKTIF', 6, 2, '2020-06-22 05:26:20', '2020-07-06 05:21:38', 1, 1, 1473),
(5516, 'after update', 19, 0, 2, '-', 'nonaktif', 7, 1, '2020-07-04 09:08:25', '2020-07-04 09:16:51', 1, 1, 1474),
(5517, 'after update', 25, 0, 2, '-', 'AKTIF', 7, 1, '2020-07-04 10:18:46', '2020-07-04 10:25:21', 1, 1, 1475),
(5518, 'after update', 18, 0, 536870911, '-', 'AKTIF', 7, 2, '2020-06-29 12:18:09', '2020-07-06 05:34:11', 1, 1, 1476),
(5519, 'after update', 10, 0, 1, 'poiuytrewq', 'nonaktif', 5, 1, '2020-06-22 01:46:33', '2020-07-04 10:18:19', 1, 1, 1477),
(5520, 'after update', 24, 0, 1, '-', 'AKTIF', 5, 1, '2020-07-04 10:18:46', '2020-07-04 10:25:16', 1, 1, 1478),
(5521, 'after update', 16, 0, 429496729, '-', 'AKTIF', 5, 2, '2020-06-22 03:01:02', '2020-07-06 05:21:27', 1, 1, 1479),
(5522, 'after update', 17, 0, 536870911, '-', 'AKTIF', 6, 2, '2020-06-22 05:26:20', '2020-07-06 05:21:38', 1, 1, 1480),
(5523, 'after update', 19, 0, 2, '-', 'nonaktif', 7, 1, '2020-07-04 09:08:25', '2020-07-04 09:16:51', 1, 1, 1481),
(5524, 'after update', 25, 0, 2, '-', 'AKTIF', 7, 1, '2020-07-04 10:18:46', '2020-07-04 10:25:21', 1, 1, 1482),
(5525, 'after update', 18, 0, 536870911, '-', 'AKTIF', 7, 2, '2020-06-29 12:18:09', '2020-07-06 05:34:11', 1, 1, 1483),
(5526, 'after update', 10, 0, 1, 'poiuytrewq', 'nonaktif', 5, 1, '2020-06-22 01:46:33', '2020-07-04 10:18:19', 1, 1, 1484),
(5527, 'after update', 24, 0, 1, '-', 'AKTIF', 5, 1, '2020-07-04 10:18:46', '2020-07-04 10:25:16', 1, 1, 1485),
(5528, 'after update', 16, 0, 429496729, '-', 'AKTIF', 5, 2, '2020-06-22 03:01:02', '2020-07-06 05:21:27', 1, 1, 1486),
(5529, 'after update', 17, 0, 536870911, '-', 'AKTIF', 6, 2, '2020-06-22 05:26:20', '2020-07-06 05:21:38', 1, 1, 1487),
(5530, 'after update', 19, 0, 2, '-', 'nonaktif', 7, 1, '2020-07-04 09:08:25', '2020-07-04 09:16:51', 1, 1, 1488),
(5531, 'after update', 25, 0, 2, '-', 'AKTIF', 7, 1, '2020-07-04 10:18:46', '2020-07-04 10:25:21', 1, 1, 1489),
(5532, 'after update', 18, 0, 536870911, '-', 'AKTIF', 7, 2, '2020-06-29 12:18:09', '2020-07-06 05:34:11', 1, 1, 1490),
(5533, 'after update', 10, 0, 1, 'poiuytrewq', 'nonaktif', 5, 1, '2020-06-22 01:46:33', '2020-07-04 10:18:19', 1, 1, 1491),
(5534, 'after update', 24, 0, 1, '-', 'AKTIF', 5, 1, '2020-07-04 10:18:46', '2020-07-04 10:25:16', 1, 1, 1492),
(5535, 'after update', 16, 0, 429496729, '-', 'AKTIF', 5, 2, '2020-06-22 03:01:02', '2020-07-06 05:21:27', 1, 1, 1493),
(5536, 'after update', 17, 0, 536870911, '-', 'AKTIF', 6, 2, '2020-06-22 05:26:20', '2020-07-06 05:21:38', 1, 1, 1494),
(5537, 'after update', 19, 0, 2, '-', 'nonaktif', 7, 1, '2020-07-04 09:08:25', '2020-07-04 09:16:51', 1, 1, 1495),
(5538, 'after update', 25, 0, 2, '-', 'AKTIF', 7, 1, '2020-07-04 10:18:46', '2020-07-04 10:25:21', 1, 1, 1496),
(5539, 'after update', 18, 0, 536870911, '-', 'AKTIF', 7, 2, '2020-06-29 12:18:09', '2020-07-06 05:34:11', 1, 1, 1497),
(5540, 'after update', 10, 0, 1, 'poiuytrewq', 'nonaktif', 5, 1, '2020-06-22 01:46:33', '2020-07-04 10:18:19', 1, 1, 1498),
(5541, 'after update', 24, 0, 1, '-', 'AKTIF', 5, 1, '2020-07-04 10:18:46', '2020-07-04 10:25:16', 1, 1, 1499),
(5542, 'after update', 16, 0, 429496729, '-', 'AKTIF', 5, 2, '2020-06-22 03:01:02', '2020-07-06 05:21:27', 1, 1, 1500),
(5543, 'after update', 17, 0, 536870911, '-', 'AKTIF', 6, 2, '2020-06-22 05:26:20', '2020-07-06 05:21:38', 1, 1, 1501),
(5544, 'after update', 19, 0, 2, '-', 'nonaktif', 7, 1, '2020-07-04 09:08:25', '2020-07-04 09:16:51', 1, 1, 1502),
(5545, 'after update', 25, 0, 2, '-', 'AKTIF', 7, 1, '2020-07-04 10:18:46', '2020-07-04 10:25:21', 1, 1, 1503),
(5546, 'after update', 18, 0, 536870911, '-', 'AKTIF', 7, 2, '2020-06-29 12:18:09', '2020-07-06 05:34:11', 1, 1, 1504),
(5547, 'after update', 35, 0, 246246, '-', 'AKTIF', 8, 2, '2020-07-24 07:41:17', '2020-07-24 07:41:17', 2, 2, 1505),
(5548, 'after update', 10, 0, 1, 'poiuytrewq', 'nonaktif', 5, 1, '2020-06-22 01:46:33', '2020-07-04 10:18:19', 1, 1, 1506),
(5549, 'after update', 24, 0, 1, '-', 'AKTIF', 5, 1, '2020-07-04 10:18:46', '2020-07-04 10:25:16', 1, 1, 1507),
(5550, 'after update', 16, 0, 429496729, '-', 'AKTIF', 5, 2, '2020-06-22 03:01:02', '2020-07-06 05:21:27', 1, 1, 1508),
(5551, 'after update', 17, 0, 536870911, '-', 'AKTIF', 6, 2, '2020-06-22 05:26:20', '2020-07-06 05:21:38', 1, 1, 1509),
(5552, 'after update', 19, 0, 2, '-', 'nonaktif', 7, 1, '2020-07-04 09:08:25', '2020-07-04 09:16:51', 1, 1, 1510),
(5553, 'after update', 25, 0, 2, '-', 'AKTIF', 7, 1, '2020-07-04 10:18:46', '2020-07-04 10:25:21', 1, 1, 1511),
(5554, 'after update', 18, 0, 536870911, '-', 'AKTIF', 7, 2, '2020-06-29 12:18:09', '2020-07-06 05:34:11', 1, 1, 1512),
(5555, 'after update', 10, 0, 1, 'poiuytrewq', 'nonaktif', 5, 1, '2020-06-22 01:46:33', '2020-07-04 10:18:19', 1, 1, 1513),
(5556, 'after update', 24, 0, 1, '-', 'AKTIF', 5, 1, '2020-07-04 10:18:46', '2020-07-04 10:25:16', 1, 1, 1514),
(5557, 'after update', 16, 0, 429496729, '-', 'AKTIF', 5, 2, '2020-06-22 03:01:02', '2020-07-06 05:21:27', 1, 1, 1515),
(5558, 'after update', 17, 0, 536870911, '-', 'AKTIF', 6, 2, '2020-06-22 05:26:20', '2020-07-06 05:21:38', 1, 1, 1516),
(5559, 'after update', 19, 0, 2, '-', 'nonaktif', 7, 1, '2020-07-04 09:08:25', '2020-07-04 09:16:51', 1, 1, 1517),
(5560, 'after update', 25, 0, 2, '-', 'AKTIF', 7, 1, '2020-07-04 10:18:46', '2020-07-04 10:25:21', 1, 1, 1518),
(5561, 'after update', 18, 0, 536870911, '-', 'AKTIF', 7, 2, '2020-06-29 12:18:09', '2020-07-06 05:34:11', 1, 1, 1519),
(5562, 'after update', 35, 0, 246369, '-', 'AKTIF', 8, 2, '2020-07-24 07:41:17', '2020-07-24 07:41:17', 2, 2, 1520),
(5563, 'after update', 10, 0, 1, 'poiuytrewq', 'nonaktif', 5, 1, '2020-06-22 01:46:33', '2020-07-04 10:18:19', 1, 1, 1521),
(5564, 'after update', 24, 0, 1, '-', 'AKTIF', 5, 1, '2020-07-04 10:18:46', '2020-07-04 10:25:16', 1, 1, 1522),
(5565, 'after update', 16, 0, 429496729, '-', 'AKTIF', 5, 2, '2020-06-22 03:01:02', '2020-07-06 05:21:27', 1, 1, 1523),
(5566, 'after update', 17, 0, 536870911, '-', 'AKTIF', 6, 2, '2020-06-22 05:26:20', '2020-07-06 05:21:38', 1, 1, 1524),
(5567, 'after update', 19, 0, 2, '-', 'nonaktif', 7, 1, '2020-07-04 09:08:25', '2020-07-04 09:16:51', 1, 1, 1525),
(5568, 'after update', 25, 0, 2, '-', 'AKTIF', 7, 1, '2020-07-04 10:18:46', '2020-07-04 10:25:21', 1, 1, 1526),
(5569, 'after update', 18, 0, 536870911, '-', 'AKTIF', 7, 2, '2020-06-29 12:18:09', '2020-07-06 05:34:11', 1, 1, 1527),
(5570, 'after update', 10, 0, 1, 'poiuytrewq', 'nonaktif', 5, 1, '2020-06-22 01:46:33', '2020-07-04 10:18:19', 1, 1, 1528),
(5571, 'after update', 24, 0, 1, '-', 'AKTIF', 5, 1, '2020-07-04 10:18:46', '2020-07-04 10:25:16', 1, 1, 1529),
(5572, 'after update', 16, 0, 429496729, '-', 'AKTIF', 5, 2, '2020-06-22 03:01:02', '2020-07-06 05:21:27', 1, 1, 1530),
(5573, 'after update', 17, 0, 536870911, '-', 'AKTIF', 6, 2, '2020-06-22 05:26:20', '2020-07-06 05:21:38', 1, 1, 1531),
(5574, 'after update', 19, 0, 2, '-', 'nonaktif', 7, 1, '2020-07-04 09:08:25', '2020-07-04 09:16:51', 1, 1, 1532),
(5575, 'after update', 25, 0, 2, '-', 'AKTIF', 7, 1, '2020-07-04 10:18:46', '2020-07-04 10:25:21', 1, 1, 1533),
(5576, 'after update', 18, 0, 536870911, '-', 'AKTIF', 7, 2, '2020-06-29 12:18:09', '2020-07-06 05:34:11', 1, 1, 1534),
(5577, 'after update', 10, 0, 1, 'poiuytrewq', 'nonaktif', 5, 1, '2020-06-22 01:46:33', '2020-07-04 10:18:19', 1, 1, 1535),
(5578, 'after update', 24, 0, 1, '-', 'AKTIF', 5, 1, '2020-07-04 10:18:46', '2020-07-04 10:25:16', 1, 1, 1536),
(5579, 'after update', 16, 0, 429496729, '-', 'AKTIF', 5, 2, '2020-06-22 03:01:02', '2020-07-06 05:21:27', 1, 1, 1537),
(5580, 'after update', 17, 0, 536870911, '-', 'AKTIF', 6, 2, '2020-06-22 05:26:20', '2020-07-06 05:21:38', 1, 1, 1538),
(5581, 'after update', 19, 0, 2, '-', 'nonaktif', 7, 1, '2020-07-04 09:08:25', '2020-07-04 09:16:51', 1, 1, 1539),
(5582, 'after update', 25, 0, 2, '-', 'AKTIF', 7, 1, '2020-07-04 10:18:46', '2020-07-04 10:25:21', 1, 1, 1540),
(5583, 'after update', 18, 0, 536870911, '-', 'AKTIF', 7, 2, '2020-06-29 12:18:09', '2020-07-06 05:34:11', 1, 1, 1541),
(5584, 'after insert', 36, 0, 1234, '-', 'AKTIF', 24, 2, '2020-07-24 07:44:18', '2020-07-24 07:44:18', 2, 2, 1542),
(5585, 'after update', 10, 0, 1, 'poiuytrewq', 'nonaktif', 5, 1, '2020-06-22 01:46:33', '2020-07-04 10:18:19', 1, 1, 1543),
(5586, 'after update', 24, 0, 1, '-', 'AKTIF', 5, 1, '2020-07-04 10:18:46', '2020-07-04 10:25:16', 1, 1, 1544),
(5587, 'after update', 16, 0, 429496729, '-', 'AKTIF', 5, 2, '2020-06-22 03:01:02', '2020-07-06 05:21:27', 1, 1, 1545),
(5588, 'after update', 17, 0, 536870911, '-', 'AKTIF', 6, 2, '2020-06-22 05:26:20', '2020-07-06 05:21:38', 1, 1, 1546),
(5589, 'after update', 19, 0, 2, '-', 'nonaktif', 7, 1, '2020-07-04 09:08:25', '2020-07-04 09:16:51', 1, 1, 1547),
(5590, 'after update', 25, 0, 2, '-', 'AKTIF', 7, 1, '2020-07-04 10:18:46', '2020-07-04 10:25:21', 1, 1, 1548),
(5591, 'after update', 18, 0, 536870911, '-', 'AKTIF', 7, 2, '2020-06-29 12:18:09', '2020-07-06 05:34:11', 1, 1, 1549),
(5592, 'after update', 36, 0, 35791394, '-', 'AKTIF', 24, 2, '2020-07-24 07:44:18', '2020-07-24 07:44:18', 2, 2, 1550),
(5593, 'after insert', 37, 0, 2147483647, 'Auto insert from item existance check', 'aktif', 9, 2, '2020-07-24 07:46:46', '2020-07-24 07:46:46', 2, 2, 1551),
(5594, 'after update', 10, 0, 1, 'poiuytrewq', 'nonaktif', 5, 1, '2020-06-22 01:46:33', '2020-07-04 10:18:19', 1, 1, 1552),
(5595, 'after update', 24, 0, 1, '-', 'AKTIF', 5, 1, '2020-07-04 10:18:46', '2020-07-04 10:25:16', 1, 1, 1553),
(5596, 'after update', 16, 0, 429496729, '-', 'AKTIF', 5, 2, '2020-06-22 03:01:02', '2020-07-06 05:21:27', 1, 1, 1554),
(5597, 'after update', 17, 0, 536870911, '-', 'AKTIF', 6, 2, '2020-06-22 05:26:20', '2020-07-06 05:21:38', 1, 1, 1555),
(5598, 'after update', 19, 0, 2, '-', 'nonaktif', 7, 1, '2020-07-04 09:08:25', '2020-07-04 09:16:51', 1, 1, 1556),
(5599, 'after update', 25, 0, 2, '-', 'AKTIF', 7, 1, '2020-07-04 10:18:46', '2020-07-04 10:25:21', 1, 1, 1557),
(5600, 'after update', 18, 0, 536870911, '-', 'AKTIF', 7, 2, '2020-06-29 12:18:09', '2020-07-06 05:34:11', 1, 1, 1558),
(5601, 'after update', 36, 0, 13854733, '-', 'AKTIF', 24, 2, '2020-07-24 07:44:18', '2020-07-24 07:44:18', 2, 2, 1559);
INSERT INTO `tbl_brg_cabang_log` (`id_pk_brg_cabang_log`, `executed_function`, `id_pk_brg_cabang`, `brg_cabang_qty`, `brg_cabang_last_price`, `brg_cabang_notes`, `brg_cabang_status`, `id_fk_brg`, `id_fk_cabang`, `brg_cabang_create_date`, `brg_cabang_last_modified`, `id_create_data`, `id_last_modified`, `id_log_all`) VALUES
(5602, 'after update', 10, 0, 1, 'poiuytrewq', 'nonaktif', 5, 1, '2020-06-22 01:46:33', '2020-07-04 10:18:19', 1, 1, 1560),
(5603, 'after update', 24, 0, 1, '-', 'AKTIF', 5, 1, '2020-07-04 10:18:46', '2020-07-04 10:25:16', 1, 1, 1561),
(5604, 'after update', 16, 0, 429496729, '-', 'AKTIF', 5, 2, '2020-06-22 03:01:02', '2020-07-06 05:21:27', 1, 1, 1562),
(5605, 'after update', 17, 0, 536870911, '-', 'AKTIF', 6, 2, '2020-06-22 05:26:20', '2020-07-06 05:21:38', 1, 1, 1563),
(5606, 'after update', 19, 0, 2, '-', 'nonaktif', 7, 1, '2020-07-04 09:08:25', '2020-07-04 09:16:51', 1, 1, 1564),
(5607, 'after update', 25, 0, 2, '-', 'AKTIF', 7, 1, '2020-07-04 10:18:46', '2020-07-04 10:25:21', 1, 1, 1565),
(5608, 'after update', 18, 0, 536870911, '-', 'AKTIF', 7, 2, '2020-06-29 12:18:09', '2020-07-06 05:34:11', 1, 1, 1566),
(5609, 'after update', 36, 0, 13854733, '-', 'AKTIF', 24, 2, '2020-07-24 07:44:18', '2020-07-24 07:44:18', 2, 2, 1567),
(5610, 'after update', 10, 0, 1, 'poiuytrewq', 'nonaktif', 5, 1, '2020-06-22 01:46:33', '2020-07-04 10:18:19', 1, 1, 1568),
(5611, 'after update', 24, 0, 1, '-', 'AKTIF', 5, 1, '2020-07-04 10:18:46', '2020-07-04 10:25:16', 1, 1, 1569),
(5612, 'after update', 16, 0, 429496729, '-', 'AKTIF', 5, 2, '2020-06-22 03:01:02', '2020-07-06 05:21:27', 1, 1, 1570),
(5613, 'after update', 17, 0, 536870911, '-', 'AKTIF', 6, 2, '2020-06-22 05:26:20', '2020-07-06 05:21:38', 1, 1, 1571),
(5614, 'after update', 19, 0, 2, '-', 'nonaktif', 7, 1, '2020-07-04 09:08:25', '2020-07-04 09:16:51', 1, 1, 1572),
(5615, 'after update', 25, 0, 2, '-', 'AKTIF', 7, 1, '2020-07-04 10:18:46', '2020-07-04 10:25:21', 1, 1, 1573),
(5616, 'after update', 18, 0, 536870911, '-', 'AKTIF', 7, 2, '2020-06-29 12:18:09', '2020-07-06 05:34:11', 1, 1, 1574),
(5617, 'after update', 36, 0, 13854733, '-', 'AKTIF', 24, 2, '2020-07-24 07:44:18', '2020-07-24 07:44:18', 2, 2, 1575),
(5618, 'after update', 10, 0, 1, 'poiuytrewq', 'nonaktif', 5, 1, '2020-06-22 01:46:33', '2020-07-04 10:18:19', 1, 1, 1576),
(5619, 'after update', 24, 0, 1, '-', 'AKTIF', 5, 1, '2020-07-04 10:18:46', '2020-07-04 10:25:16', 1, 1, 1577),
(5620, 'after update', 16, 0, 429496729, '-', 'AKTIF', 5, 2, '2020-06-22 03:01:02', '2020-07-06 05:21:27', 1, 1, 1578),
(5621, 'after update', 17, 0, 536870911, '-', 'AKTIF', 6, 2, '2020-06-22 05:26:20', '2020-07-06 05:21:38', 1, 1, 1579),
(5622, 'after update', 19, 0, 2, '-', 'nonaktif', 7, 1, '2020-07-04 09:08:25', '2020-07-04 09:16:51', 1, 1, 1580),
(5623, 'after update', 25, 0, 2, '-', 'AKTIF', 7, 1, '2020-07-04 10:18:46', '2020-07-04 10:25:21', 1, 1, 1581),
(5624, 'after update', 18, 0, 536870911, '-', 'AKTIF', 7, 2, '2020-06-29 12:18:09', '2020-07-06 05:34:11', 1, 1, 1582),
(5625, 'after update', 36, 0, 13854733, '-', 'AKTIF', 24, 2, '2020-07-24 07:44:18', '2020-07-24 07:44:18', 2, 2, 1583),
(5626, 'after update', 10, 0, 1, 'poiuytrewq', 'nonaktif', 5, 1, '2020-06-22 01:46:33', '2020-07-04 10:18:19', 1, 1, 1584),
(5627, 'after update', 24, 0, 1, '-', 'AKTIF', 5, 1, '2020-07-04 10:18:46', '2020-07-04 10:25:16', 1, 1, 1585),
(5628, 'after update', 16, 0, 429496729, '-', 'AKTIF', 5, 2, '2020-06-22 03:01:02', '2020-07-06 05:21:27', 1, 1, 1586),
(5629, 'after update', 17, 0, 536870911, '-', 'AKTIF', 6, 2, '2020-06-22 05:26:20', '2020-07-06 05:21:38', 1, 1, 1587),
(5630, 'after update', 19, 0, 2, '-', 'nonaktif', 7, 1, '2020-07-04 09:08:25', '2020-07-04 09:16:51', 1, 1, 1588),
(5631, 'after update', 25, 0, 2, '-', 'AKTIF', 7, 1, '2020-07-04 10:18:46', '2020-07-04 10:25:21', 1, 1, 1589),
(5632, 'after update', 18, 0, 536870911, '-', 'AKTIF', 7, 2, '2020-06-29 12:18:09', '2020-07-06 05:34:11', 1, 1, 1590),
(5633, 'after update', 36, 0, 13854733, '-', 'AKTIF', 24, 2, '2020-07-24 07:44:18', '2020-07-24 07:44:18', 2, 2, 1591),
(5634, 'after update', 10, 0, 1, 'poiuytrewq', 'nonaktif', 5, 1, '2020-06-22 01:46:33', '2020-07-04 10:18:19', 1, 1, 1592),
(5635, 'after update', 24, 0, 1, '-', 'AKTIF', 5, 1, '2020-07-04 10:18:46', '2020-07-04 10:25:16', 1, 1, 1593),
(5636, 'after update', 16, 0, 429496729, '-', 'AKTIF', 5, 2, '2020-06-22 03:01:02', '2020-07-06 05:21:27', 1, 1, 1594),
(5637, 'after update', 17, 0, 536870911, '-', 'AKTIF', 6, 2, '2020-06-22 05:26:20', '2020-07-06 05:21:38', 1, 1, 1595),
(5638, 'after update', 19, 0, 2, '-', 'nonaktif', 7, 1, '2020-07-04 09:08:25', '2020-07-04 09:16:51', 1, 1, 1596),
(5639, 'after update', 25, 0, 2, '-', 'AKTIF', 7, 1, '2020-07-04 10:18:46', '2020-07-04 10:25:21', 1, 1, 1597),
(5640, 'after update', 18, 0, 536870911, '-', 'AKTIF', 7, 2, '2020-06-29 12:18:09', '2020-07-06 05:34:11', 1, 1, 1598),
(5641, 'after update', 36, 0, 13854733, '-', 'AKTIF', 24, 2, '2020-07-24 07:44:18', '2020-07-24 07:44:18', 2, 2, 1599),
(5642, 'after update', 10, 0, 1, 'poiuytrewq', 'nonaktif', 5, 1, '2020-06-22 01:46:33', '2020-07-04 10:18:19', 1, 1, 1600),
(5643, 'after update', 24, 0, 1, '-', 'AKTIF', 5, 1, '2020-07-04 10:18:46', '2020-07-04 10:25:16', 1, 1, 1601),
(5644, 'after update', 16, 0, 429496729, '-', 'AKTIF', 5, 2, '2020-06-22 03:01:02', '2020-07-06 05:21:27', 1, 1, 1602),
(5645, 'after update', 17, 0, 536870911, '-', 'AKTIF', 6, 2, '2020-06-22 05:26:20', '2020-07-06 05:21:38', 1, 1, 1603),
(5646, 'after update', 19, 0, 2, '-', 'nonaktif', 7, 1, '2020-07-04 09:08:25', '2020-07-04 09:16:51', 1, 1, 1604),
(5647, 'after update', 25, 0, 2, '-', 'AKTIF', 7, 1, '2020-07-04 10:18:46', '2020-07-04 10:25:21', 1, 1, 1605),
(5648, 'after update', 18, 0, 536870911, '-', 'AKTIF', 7, 2, '2020-06-29 12:18:09', '2020-07-06 05:34:11', 1, 1, 1606),
(5649, 'after update', 36, 0, 13854733, '-', 'AKTIF', 24, 2, '2020-07-24 07:44:18', '2020-07-24 07:44:18', 2, 2, 1607),
(5650, 'after update', 10, 0, 1, 'poiuytrewq', 'nonaktif', 5, 1, '2020-06-22 01:46:33', '2020-07-04 10:18:19', 1, 1, 1608),
(5651, 'after update', 24, 0, 1, '-', 'AKTIF', 5, 1, '2020-07-04 10:18:46', '2020-07-04 10:25:16', 1, 1, 1609),
(5652, 'after update', 16, 0, 429496729, '-', 'AKTIF', 5, 2, '2020-06-22 03:01:02', '2020-07-06 05:21:27', 1, 1, 1610),
(5653, 'after update', 17, 0, 536870911, '-', 'AKTIF', 6, 2, '2020-06-22 05:26:20', '2020-07-06 05:21:38', 1, 1, 1611),
(5654, 'after update', 19, 0, 2, '-', 'nonaktif', 7, 1, '2020-07-04 09:08:25', '2020-07-04 09:16:51', 1, 1, 1612),
(5655, 'after update', 25, 0, 2, '-', 'AKTIF', 7, 1, '2020-07-04 10:18:46', '2020-07-04 10:25:21', 1, 1, 1613),
(5656, 'after update', 18, 0, 536870911, '-', 'AKTIF', 7, 2, '2020-06-29 12:18:09', '2020-07-06 05:34:11', 1, 1, 1614),
(5657, 'after update', 36, 0, 13854733, '-', 'AKTIF', 24, 2, '2020-07-24 07:44:18', '2020-07-24 07:44:18', 2, 2, 1615),
(5658, 'after update', 10, 0, 1, 'poiuytrewq', 'nonaktif', 5, 1, '2020-06-22 01:46:33', '2020-07-04 10:18:19', 1, 1, 1616),
(5659, 'after update', 24, 0, 1, '-', 'AKTIF', 5, 1, '2020-07-04 10:18:46', '2020-07-04 10:25:16', 1, 1, 1617),
(5660, 'after update', 16, 0, 429496729, '-', 'AKTIF', 5, 2, '2020-06-22 03:01:02', '2020-07-06 05:21:27', 1, 1, 1618),
(5661, 'after update', 17, 0, 536870911, '-', 'AKTIF', 6, 2, '2020-06-22 05:26:20', '2020-07-06 05:21:38', 1, 1, 1619),
(5662, 'after update', 19, 0, 2, '-', 'nonaktif', 7, 1, '2020-07-04 09:08:25', '2020-07-04 09:16:51', 1, 1, 1620),
(5663, 'after update', 25, 0, 2, '-', 'AKTIF', 7, 1, '2020-07-04 10:18:46', '2020-07-04 10:25:21', 1, 1, 1621),
(5664, 'after update', 18, 0, 536870911, '-', 'AKTIF', 7, 2, '2020-06-29 12:18:09', '2020-07-06 05:34:11', 1, 1, 1622),
(5665, 'after update', 36, 0, 13854733, '-', 'AKTIF', 24, 2, '2020-07-24 07:44:18', '2020-07-24 07:44:18', 2, 2, 1623),
(5666, 'after update', 10, 0, 1, 'poiuytrewq', 'nonaktif', 5, 1, '2020-06-22 01:46:33', '2020-07-04 10:18:19', 1, 1, 1626),
(5667, 'after update', 24, 0, 1, '-', 'AKTIF', 5, 1, '2020-07-04 10:18:46', '2020-07-04 10:25:16', 1, 1, 1627),
(5668, 'after update', 16, 0, 429496729, '-', 'AKTIF', 5, 2, '2020-06-22 03:01:02', '2020-07-06 05:21:27', 1, 1, 1628),
(5669, 'after update', 17, 0, 536870911, '-', 'AKTIF', 6, 2, '2020-06-22 05:26:20', '2020-07-06 05:21:38', 1, 1, 1629),
(5670, 'after update', 19, 0, 2, '-', 'nonaktif', 7, 1, '2020-07-04 09:08:25', '2020-07-04 09:16:51', 1, 1, 1630),
(5671, 'after update', 25, 0, 2, '-', 'AKTIF', 7, 1, '2020-07-04 10:18:46', '2020-07-04 10:25:21', 1, 1, 1631),
(5672, 'after update', 18, 0, 536870911, '-', 'AKTIF', 7, 2, '2020-06-29 12:18:09', '2020-07-06 05:34:11', 1, 1, 1632),
(5673, 'after update', 36, 0, 13854733, '-', 'AKTIF', 24, 2, '2020-07-24 07:44:18', '2020-07-24 07:44:18', 2, 2, 1633),
(5674, 'after update', 10, 0, 1, 'poiuytrewq', 'nonaktif', 5, 1, '2020-06-22 01:46:33', '2020-07-04 10:18:19', 1, 1, 1635),
(5675, 'after update', 24, 0, 1, '-', 'AKTIF', 5, 1, '2020-07-04 10:18:46', '2020-07-04 10:25:16', 1, 1, 1636),
(5676, 'after update', 16, 0, 429496729, '-', 'AKTIF', 5, 2, '2020-06-22 03:01:02', '2020-07-06 05:21:27', 1, 1, 1637),
(5677, 'after update', 17, 0, 536870911, '-', 'AKTIF', 6, 2, '2020-06-22 05:26:20', '2020-07-06 05:21:38', 1, 1, 1638),
(5678, 'after update', 19, 0, 2, '-', 'nonaktif', 7, 1, '2020-07-04 09:08:25', '2020-07-04 09:16:51', 1, 1, 1639),
(5679, 'after update', 25, 0, 2, '-', 'AKTIF', 7, 1, '2020-07-04 10:18:46', '2020-07-04 10:25:21', 1, 1, 1640),
(5680, 'after update', 18, 0, 536870911, '-', 'AKTIF', 7, 2, '2020-06-29 12:18:09', '2020-07-06 05:34:11', 1, 1, 1641),
(5681, 'after update', 36, 0, 13854733, '-', 'AKTIF', 24, 2, '2020-07-24 07:44:18', '2020-07-24 07:44:18', 2, 2, 1642),
(5682, 'after update', 10, 0, 1, 'poiuytrewq', 'nonaktif', 5, 1, '2020-06-22 01:46:33', '2020-07-04 10:18:19', 1, 1, 1643),
(5683, 'after update', 24, 0, 1, '-', 'AKTIF', 5, 1, '2020-07-04 10:18:46', '2020-07-04 10:25:16', 1, 1, 1644),
(5684, 'after update', 16, 0, 429496729, '-', 'AKTIF', 5, 2, '2020-06-22 03:01:02', '2020-07-06 05:21:27', 1, 1, 1645),
(5685, 'after update', 17, 0, 536870911, '-', 'AKTIF', 6, 2, '2020-06-22 05:26:20', '2020-07-06 05:21:38', 1, 1, 1646),
(5686, 'after update', 19, 0, 2, '-', 'nonaktif', 7, 1, '2020-07-04 09:08:25', '2020-07-04 09:16:51', 1, 1, 1647),
(5687, 'after update', 25, 0, 2, '-', 'AKTIF', 7, 1, '2020-07-04 10:18:46', '2020-07-04 10:25:21', 1, 1, 1648),
(5688, 'after update', 18, 0, 536870911, '-', 'AKTIF', 7, 2, '2020-06-29 12:18:09', '2020-07-06 05:34:11', 1, 1, 1649),
(5689, 'after update', 36, 0, 13854733, '-', 'AKTIF', 24, 2, '2020-07-24 07:44:18', '2020-07-24 07:44:18', 2, 2, 1650),
(5690, 'after update', 10, 0, 1, 'poiuytrewq', 'nonaktif', 5, 1, '2020-06-22 01:46:33', '2020-07-04 10:18:19', 1, 1, 1651),
(5691, 'after update', 24, 0, 1, '-', 'AKTIF', 5, 1, '2020-07-04 10:18:46', '2020-07-04 10:25:16', 1, 1, 1652),
(5692, 'after update', 16, 0, 429496729, '-', 'AKTIF', 5, 2, '2020-06-22 03:01:02', '2020-07-06 05:21:27', 1, 1, 1653),
(5693, 'after update', 17, 0, 536870911, '-', 'AKTIF', 6, 2, '2020-06-22 05:26:20', '2020-07-06 05:21:38', 1, 1, 1654),
(5694, 'after update', 19, 0, 2, '-', 'nonaktif', 7, 1, '2020-07-04 09:08:25', '2020-07-04 09:16:51', 1, 1, 1655),
(5695, 'after update', 25, 0, 2, '-', 'AKTIF', 7, 1, '2020-07-04 10:18:46', '2020-07-04 10:25:21', 1, 1, 1656),
(5696, 'after update', 18, 0, 536870911, '-', 'AKTIF', 7, 2, '2020-06-29 12:18:09', '2020-07-06 05:34:11', 1, 1, 1657),
(5697, 'after update', 36, 0, 13854733, '-', 'AKTIF', 24, 2, '2020-07-24 07:44:18', '2020-07-24 07:44:18', 2, 2, 1658),
(5698, 'after update', 10, 0, 1, 'poiuytrewq', 'nonaktif', 5, 1, '2020-06-22 01:46:33', '2020-07-04 10:18:19', 1, 1, 1659),
(5699, 'after update', 24, 0, 1, '-', 'AKTIF', 5, 1, '2020-07-04 10:18:46', '2020-07-04 10:25:16', 1, 1, 1660),
(5700, 'after update', 16, 0, 429496729, '-', 'AKTIF', 5, 2, '2020-06-22 03:01:02', '2020-07-06 05:21:27', 1, 1, 1661),
(5701, 'after update', 17, 0, 536870911, '-', 'AKTIF', 6, 2, '2020-06-22 05:26:20', '2020-07-06 05:21:38', 1, 1, 1662),
(5702, 'after update', 19, 0, 2, '-', 'nonaktif', 7, 1, '2020-07-04 09:08:25', '2020-07-04 09:16:51', 1, 1, 1663),
(5703, 'after update', 25, 0, 2, '-', 'AKTIF', 7, 1, '2020-07-04 10:18:46', '2020-07-04 10:25:21', 1, 1, 1664),
(5704, 'after update', 18, 0, 536870911, '-', 'AKTIF', 7, 2, '2020-06-29 12:18:09', '2020-07-06 05:34:11', 1, 1, 1665),
(5705, 'after update', 36, 0, 13854733, '-', 'AKTIF', 24, 2, '2020-07-24 07:44:18', '2020-07-24 07:44:18', 2, 2, 1666),
(5706, 'after update', 10, 0, 1, 'poiuytrewq', 'nonaktif', 5, 1, '2020-06-22 01:46:33', '2020-07-04 10:18:19', 1, 1, 1667),
(5707, 'after update', 24, 0, 1, '-', 'AKTIF', 5, 1, '2020-07-04 10:18:46', '2020-07-04 10:25:16', 1, 1, 1668),
(5708, 'after update', 16, 0, 429496729, '-', 'AKTIF', 5, 2, '2020-06-22 03:01:02', '2020-07-06 05:21:27', 1, 1, 1669),
(5709, 'after update', 17, 0, 536870911, '-', 'AKTIF', 6, 2, '2020-06-22 05:26:20', '2020-07-06 05:21:38', 1, 1, 1670),
(5710, 'after update', 19, 0, 2, '-', 'nonaktif', 7, 1, '2020-07-04 09:08:25', '2020-07-04 09:16:51', 1, 1, 1671),
(5711, 'after update', 25, 0, 2, '-', 'AKTIF', 7, 1, '2020-07-04 10:18:46', '2020-07-04 10:25:21', 1, 1, 1672),
(5712, 'after update', 18, 0, 536870911, '-', 'AKTIF', 7, 2, '2020-06-29 12:18:09', '2020-07-06 05:34:11', 1, 1, 1673),
(5713, 'after update', 36, 0, 13854733, '-', 'AKTIF', 24, 2, '2020-07-24 07:44:18', '2020-07-24 07:44:18', 2, 2, 1674);

-- --------------------------------------------------------

--
-- Table structure for table `tbl_brg_pembelian`
--

CREATE TABLE `tbl_brg_pembelian` (
  `id_pk_brg_pembelian` int(11) NOT NULL,
  `brg_pem_qty` double DEFAULT NULL,
  `brg_pem_satuan` varchar(20) DEFAULT NULL,
  `brg_pem_harga` int(11) DEFAULT NULL,
  `brg_pem_note` varchar(150) DEFAULT NULL,
  `brg_pem_status` varchar(15) DEFAULT NULL,
  `id_fk_pembelian` int(11) DEFAULT NULL,
  `id_fk_barang` int(11) DEFAULT NULL,
  `brg_pem_create_date` datetime DEFAULT NULL,
  `brg_pem_last_modified` datetime DEFAULT NULL,
  `id_create_data` int(11) DEFAULT NULL,
  `id_last_modified` int(11) DEFAULT NULL
) ENGINE=InnoDB DEFAULT CHARSET=utf8mb4;

--
-- Dumping data for table `tbl_brg_pembelian`
--

INSERT INTO `tbl_brg_pembelian` (`id_pk_brg_pembelian`, `brg_pem_qty`, `brg_pem_satuan`, `brg_pem_harga`, `brg_pem_note`, `brg_pem_status`, `id_fk_pembelian`, `id_fk_barang`, `brg_pem_create_date`, `brg_pem_last_modified`, `id_create_data`, `id_last_modified`) VALUES
(1, 1, 'pcs', 1000, '-', 'AKTIF', 4, 6, '2020-07-17 10:40:25', '2020-07-17 10:40:25', 2, 2);

--
-- Triggers `tbl_brg_pembelian`
--
DELIMITER $$
CREATE TRIGGER `trg_after_insert_brg_pembelian` AFTER INSERT ON `tbl_brg_pembelian` FOR EACH ROW begin
            set @id_user = new.id_last_modified;
            set @tgl_action = new.brg_pem_last_modified;
            set @log_text = concat(new.id_last_modified,' ','insert data at' , new.brg_pem_last_modified);
            call insert_log_all(@id_user,@tgl_action,@log_text,@id_log_all);
            
            insert into tbl_brg_pembelian_log(executed_function,id_pk_brg_pembelian,brg_pem_qty,brg_pem_satuan,brg_pem_harga,brg_pem_note,brg_pem_status,id_fk_pembelian,id_fk_barang,brg_pem_create_date,brg_pem_last_modified,id_create_data,id_last_modified,id_log_all) values ('after insert',new.id_pk_brg_pembelian,new.brg_pem_qty,new.brg_pem_satuan,new.brg_pem_harga,new.brg_pem_note,new.brg_pem_status,new.id_fk_pembelian,new.id_fk_barang,new.brg_pem_create_date,new.brg_pem_last_modified,new.id_create_data,new.id_last_modified,@id_log_all);
        end
$$
DELIMITER ;
DELIMITER $$
CREATE TRIGGER `trg_after_update_brg_pembelian` AFTER UPDATE ON `tbl_brg_pembelian` FOR EACH ROW begin
            set @id_user = new.id_last_modified;
            set @tgl_action = new.brg_pem_last_modified;
            set @log_text = concat(new.id_last_modified,' ','update data at' , new.brg_pem_last_modified);
            call insert_log_all(@id_user,@tgl_action,@log_text,@id_log_all);
            
            insert into tbl_brg_pembelian_log(executed_function,id_pk_brg_pembelian,brg_pem_qty,brg_pem_satuan,brg_pem_harga,brg_pem_note,brg_pem_status,id_fk_pembelian,id_fk_barang,brg_pem_create_date,brg_pem_last_modified,id_create_data,id_last_modified,id_log_all) values ('after update',new.id_pk_brg_pembelian,new.brg_pem_qty,new.brg_pem_satuan,new.brg_pem_harga,new.brg_pem_note,new.brg_pem_status,new.id_fk_pembelian,new.id_fk_barang,new.brg_pem_create_date,new.brg_pem_last_modified,new.id_create_data,new.id_last_modified,@id_log_all);
        end
$$
DELIMITER ;

-- --------------------------------------------------------

--
-- Table structure for table `tbl_brg_pembelian_log`
--

CREATE TABLE `tbl_brg_pembelian_log` (
  `id_pk_brg_pembelian_log` int(11) NOT NULL,
  `executed_function` varchar(30) DEFAULT NULL,
  `id_pk_brg_pembelian` int(11) DEFAULT NULL,
  `brg_pem_qty` double DEFAULT NULL,
  `brg_pem_satuan` varchar(20) DEFAULT NULL,
  `brg_pem_harga` int(11) DEFAULT NULL,
  `brg_pem_note` varchar(150) DEFAULT NULL,
  `brg_pem_status` varchar(15) DEFAULT NULL,
  `id_fk_pembelian` int(11) DEFAULT NULL,
  `id_fk_barang` int(11) DEFAULT NULL,
  `brg_pem_create_date` datetime DEFAULT NULL,
  `brg_pem_last_modified` datetime DEFAULT NULL,
  `id_create_data` int(11) DEFAULT NULL,
  `id_last_modified` int(11) DEFAULT NULL,
  `id_log_all` int(11) DEFAULT NULL
) ENGINE=InnoDB DEFAULT CHARSET=utf8mb4;

--
-- Dumping data for table `tbl_brg_pembelian_log`
--

INSERT INTO `tbl_brg_pembelian_log` (`id_pk_brg_pembelian_log`, `executed_function`, `id_pk_brg_pembelian`, `brg_pem_qty`, `brg_pem_satuan`, `brg_pem_harga`, `brg_pem_note`, `brg_pem_status`, `id_fk_pembelian`, `id_fk_barang`, `brg_pem_create_date`, `brg_pem_last_modified`, `id_create_data`, `id_last_modified`, `id_log_all`) VALUES
(1, 'after insert', 1, 1, 'pcs', 1000, '-', 'AKTIF', 4, 6, '2020-07-17 10:40:25', '2020-07-17 10:40:25', 2, 2, 8250);

-- --------------------------------------------------------

--
-- Table structure for table `tbl_brg_pemenuhan`
--

CREATE TABLE `tbl_brg_pemenuhan` (
  `id_pk_brg_pemenuhan` int(11) NOT NULL,
  `brg_pemenuhan_qty` int(11) DEFAULT NULL,
  `brg_pemenuhan_tipe` varchar(9) DEFAULT NULL COMMENT 'warehouse/cabang',
  `brg_pemenuhan_status` varchar(30) DEFAULT NULL COMMENT 'aktif/nonaktif',
  `id_fk_brg_permintaan` int(11) DEFAULT NULL,
  `id_fk_cabang` int(11) DEFAULT NULL,
  `id_fk_warehouse` int(11) DEFAULT NULL,
  `brg_pemenuhan_create_date` datetime DEFAULT NULL,
  `brg_pemenuhan_last_modified` datetime DEFAULT NULL,
  `id_create_data` int(11) DEFAULT NULL,
  `id_last_modified` int(11) DEFAULT NULL
) ENGINE=MyISAM DEFAULT CHARSET=latin1;

--
-- Dumping data for table `tbl_brg_pemenuhan`
--

INSERT INTO `tbl_brg_pemenuhan` (`id_pk_brg_pemenuhan`, `brg_pemenuhan_qty`, `brg_pemenuhan_tipe`, `brg_pemenuhan_status`, `id_fk_brg_permintaan`, `id_fk_cabang`, `id_fk_warehouse`, `brg_pemenuhan_create_date`, `brg_pemenuhan_last_modified`, `id_create_data`, `id_last_modified`) VALUES
(1, 10, 'CABANG', 'nonaktif', 1, 2, 0, '2020-06-22 08:37:11', '2020-06-22 02:20:24', 1, 1),
(2, 5, 'CABANG', 'nonaktif', 1, 2, 0, '2020-06-22 08:55:25', '2020-06-22 02:19:54', 1, 1),
(3, 17, 'CABANG', 'Perjalanan', 1, 2, 0, '2020-06-22 09:20:19', '2020-07-01 12:13:14', 1, 1),
(4, 10, 'CABANG', 'nonaktif', 1, 2, 0, '2020-06-22 08:01:19', '2020-06-22 03:01:24', 1, 1),
(5, 10, 'CABANG', 'Diterima', 1, 2, 0, '2020-06-22 10:50:21', '2020-07-01 12:14:19', 1, 1),
(6, 10, 'CABANG', 'Diterima', 1, 2, 0, '2020-06-22 10:50:35', '2020-07-22 02:31:31', 1, 2),
(7, 10, 'CABANG', 'Aktif', 1, 2, 0, '2020-06-22 10:50:35', '2020-06-29 06:26:37', 1, 1),
(8, 10, 'CABANG', 'Diterima', 1, 2, 0, '2020-06-22 10:50:36', '2020-07-22 02:28:55', 1, 2),
(9, 10, 'CABANG', 'nonaktif', 1, 2, 0, '2020-06-22 10:50:36', '2020-06-29 01:51:12', 1, 1),
(10, 10, 'CABANG', 'nonaktif', 1, 2, 0, '2020-06-22 10:50:36', '2020-06-22 05:50:58', 1, 1),
(11, 10, 'CABANG', 'nonaktif', 1, 2, 0, '2020-06-22 10:50:36', '2020-06-29 01:51:03', 1, 1),
(12, 100, 'CABANG', 'nonaktif', 3, 2, 0, '2020-07-07 06:06:59', '2020-07-07 11:07:11', 1, 1),
(13, 100, 'WAREHOUSE', 'nonaktif', 3, 0, 1, '2020-07-07 06:09:00', '2020-07-07 11:15:04', 1, 1),
(14, 100, 'WAREHOUSE', 'Aktif', 5, 0, 1, '2020-07-07 06:09:11', '2020-07-07 01:48:12', 1, 1),
(15, 200, 'CABANG', 'AKTIF', 3, 2, 0, '2020-07-07 06:14:51', '2020-07-07 06:14:51', 1, 1),
(16, 100, 'WAREHOUSE', 'Aktif', 3, 0, 1, '2020-07-07 06:15:18', '2020-07-07 01:47:10', 1, 1),
(17, 10, 'WAREHOUSE', 'Aktif', 4, 0, 1, '2020-07-07 08:23:19', '2020-07-07 01:47:51', 1, 1),
(18, 10, 'WAREHOUSE', 'Perjalanan', 6, 0, 1, '2020-07-07 08:23:21', '2020-07-07 02:02:25', 1, 1),
(19, 10, 'WAREHOUSE', 'Aktif', 7, 0, 1, '2020-07-07 08:23:23', '2020-07-07 02:06:34', 1, 1),
(20, 140, 'CABANG', 'AKTIF', 5, 1, 0, '2020-07-07 08:52:57', '2020-07-07 08:52:57', 1, 1),
(21, 10, 'CABANG', 'Perjalanan', 7, 1, 0, '2020-07-07 08:53:03', '2020-07-07 01:54:21', 1, 1);

--
-- Triggers `tbl_brg_pemenuhan`
--
DELIMITER $$
CREATE TRIGGER `trg_after_insert_brg_pemenuhan` AFTER INSERT ON `tbl_brg_pemenuhan` FOR EACH ROW begin
            set @id_user = new.id_last_modified;
            set @tgl_action = new.brg_pemenuhan_last_modified;
            set @log_text = concat(new.id_last_modified,' ','insert data at ' , new.brg_pemenuhan_last_modified);
            call insert_log_all(@id_user,@tgl_action,@log_text,@id_log_all);
            
            insert into tbl_brg_pemenuhan_log(executed_function,
            id_pk_brg_pemenuhan,
            brg_pemenuhan_qty,
            brg_pemenuhan_tipe,
            brg_pemenuhan_status,
            id_fk_brg_permintaan,
            id_fk_cabang,
            id_fk_warehouse,
            brg_pemenuhan_create_date,
            brg_pemenuhan_last_modified,
            id_create_data,
            id_last_modified,
            id_log_all) values ('after insert',
            new.id_pk_brg_pemenuhan,
            new.brg_pemenuhan_qty,
            new.brg_pemenuhan_tipe,
            brg_pemenuhan_status,
            new.id_fk_brg_permintaan,
            new.id_fk_cabang,
            new.id_fk_warehouse,
            new.brg_pemenuhan_create_date,
            new.brg_pemenuhan_last_modified,
            new.id_create_data,
            new.id_last_modified
            ,@id_log_all);
        end
$$
DELIMITER ;
DELIMITER $$
CREATE TRIGGER `trg_after_update_brg_pemenuhan` AFTER UPDATE ON `tbl_brg_pemenuhan` FOR EACH ROW begin
            set @id_user = new.id_last_modified;
            set @tgl_action = new.brg_pemenuhan_last_modified;
            set @log_text = concat(new.id_last_modified,' ','update data at ' , new.brg_pemenuhan_last_modified);
            call insert_log_all(@id_user,@tgl_action,@log_text,@id_log_all);
            
            insert into tbl_brg_pemenuhan_log(executed_function,
            id_pk_brg_pemenuhan,
            brg_pemenuhan_qty,
            brg_pemenuhan_tipe,
            brg_pemenuhan_status,
            id_fk_brg_permintaan,
            id_fk_cabang,
            id_fk_warehouse,
            brg_pemenuhan_create_date,
            brg_pemenuhan_last_modified,
            id_create_data,
            id_last_modified,
            id_log_all) values ('after insert',
            new.id_pk_brg_pemenuhan,
            new.brg_pemenuhan_qty,
            new.brg_pemenuhan_tipe,
            brg_pemenuhan_status,
            new.id_fk_brg_permintaan,
            new.id_fk_cabang,
            new.id_fk_warehouse,
            new.brg_pemenuhan_create_date,
            new.brg_pemenuhan_last_modified,
            new.id_create_data,
            new.id_last_modified
            ,@id_log_all);
        end
$$
DELIMITER ;

-- --------------------------------------------------------

--
-- Table structure for table `tbl_brg_pemenuhan_log`
--

CREATE TABLE `tbl_brg_pemenuhan_log` (
  `id_pk_brg_pemenuhan_log` int(11) NOT NULL,
  `executed_function` varchar(30) DEFAULT NULL,
  `id_pk_brg_pemenuhan` int(11) DEFAULT NULL,
  `brg_pemenuhan_qty` int(11) DEFAULT NULL,
  `brg_pemenuhan_tipe` varchar(9) DEFAULT NULL COMMENT 'warehouse/cabang',
  `brg_pemenuhan_status` varchar(30) DEFAULT NULL COMMENT 'aktif/nonaktif',
  `id_fk_brg_permintaan` int(11) DEFAULT NULL,
  `id_fk_cabang` int(11) DEFAULT NULL,
  `id_fk_warehouse` int(11) DEFAULT NULL,
  `brg_pemenuhan_create_date` datetime DEFAULT NULL,
  `brg_pemenuhan_last_modified` datetime DEFAULT NULL,
  `id_create_data` int(11) DEFAULT NULL,
  `id_last_modified` int(11) DEFAULT NULL,
  `id_log_all` int(11) DEFAULT NULL
) ENGINE=MyISAM DEFAULT CHARSET=latin1;

--
-- Dumping data for table `tbl_brg_pemenuhan_log`
--

INSERT INTO `tbl_brg_pemenuhan_log` (`id_pk_brg_pemenuhan_log`, `executed_function`, `id_pk_brg_pemenuhan`, `brg_pemenuhan_qty`, `brg_pemenuhan_tipe`, `brg_pemenuhan_status`, `id_fk_brg_permintaan`, `id_fk_cabang`, `id_fk_warehouse`, `brg_pemenuhan_create_date`, `brg_pemenuhan_last_modified`, `id_create_data`, `id_last_modified`, `id_log_all`) VALUES
(1, 'after insert', 1, 10, 'CABANG', NULL, 1, 2, 0, '2020-06-22 08:37:11', '2020-06-22 08:37:11', 1, 1, 500),
(2, 'after insert', 2, 5, 'CABANG', NULL, 1, 2, 0, '2020-06-22 08:55:25', '2020-06-22 08:55:25', 1, 1, 502),
(3, 'after insert', 2, 5, 'CABANG', NULL, 1, 2, 0, '2020-06-22 08:55:25', NULL, 1, 1, 503),
(4, 'after insert', 2, 5, 'CABANG', NULL, 1, 2, 0, '2020-06-22 08:55:25', '2020-06-22 02:19:54', 1, 1, 504),
(5, 'after insert', 3, 17, 'CABANG', NULL, 1, 2, 0, '2020-06-22 09:20:19', '2020-06-22 09:20:19', 1, 1, 506),
(6, 'after insert', 1, 10, 'CABANG', NULL, 1, 2, 0, '2020-06-22 08:37:11', '2020-06-22 02:20:24', 1, 1, 507),
(7, 'after insert', 3, 17, 'CABANG', NULL, 1, 2, 0, '2020-06-22 09:20:19', '2020-06-22 02:21:14', 1, 1, 508),
(8, 'after insert', 4, 10, 'CABANG', NULL, 1, 2, 0, '2020-06-22 08:01:19', '2020-06-22 08:01:19', 1, 1, 563),
(9, 'after insert', 4, 10, 'CABANG', NULL, 1, 2, 0, '2020-06-22 08:01:19', '2020-06-22 03:01:24', 1, 1, 564),
(10, 'after insert', 5, 10, 'CABANG', NULL, 1, 2, 0, '2020-06-22 10:50:21', '2020-06-22 10:50:21', 1, 1, 714),
(11, 'after insert', 6, 10, 'CABANG', NULL, 1, 2, 0, '2020-06-22 10:50:35', '2020-06-22 10:50:35', 1, 1, 716),
(12, 'after insert', 7, 10, 'CABANG', NULL, 1, 2, 0, '2020-06-22 10:50:35', '2020-06-22 10:50:35', 1, 1, 718),
(13, 'after insert', 8, 10, 'CABANG', NULL, 1, 2, 0, '2020-06-22 10:50:36', '2020-06-22 10:50:36', 1, 1, 720),
(14, 'after insert', 9, 10, 'CABANG', NULL, 1, 2, 0, '2020-06-22 10:50:36', '2020-06-22 10:50:36', 1, 1, 722),
(15, 'after insert', 10, 10, 'CABANG', NULL, 1, 2, 0, '2020-06-22 10:50:36', '2020-06-22 10:50:36', 1, 1, 724),
(16, 'after insert', 11, 10, 'CABANG', NULL, 1, 2, 0, '2020-06-22 10:50:36', '2020-06-22 10:50:36', 1, 1, 726),
(17, 'after insert', 10, 10, 'CABANG', NULL, 1, 2, 0, '2020-06-22 10:50:36', '2020-06-22 05:50:58', 1, 1, 727),
(18, 'after insert', 11, 10, 'CABANG', NULL, 1, 2, 0, '2020-06-22 10:50:36', '2020-06-29 01:51:03', 1, 1, 1246),
(19, 'after insert', 9, 10, 'CABANG', NULL, 1, 2, 0, '2020-06-22 10:50:36', '2020-06-29 01:51:12', 1, 1, 1247),
(20, 'after insert', 5, 10, 'CABANG', NULL, 1, 2, 0, '2020-06-22 10:50:21', '2020-06-29 04:55:55', 1, 1, 1254),
(21, 'after insert', 5, 10, 'CABANG', NULL, 1, 2, 0, '2020-06-22 10:50:21', '2020-06-29 04:58:12', 1, 1, 1257),
(22, 'after insert', 8, 10, 'CABANG', NULL, 1, 2, 0, '2020-06-22 10:50:36', '2020-06-29 05:01:57', 1, 1, 1260),
(23, 'after insert', 8, 10, 'CABANG', NULL, 1, 2, 0, '2020-06-22 10:50:36', '2020-06-29 05:02:08', 1, 1, 1263),
(24, 'after insert', 6, 10, 'CABANG', NULL, 1, 2, 0, '2020-06-22 10:50:35', '2020-06-29 05:02:18', 1, 1, 1266),
(25, 'after insert', 7, 10, 'CABANG', NULL, 1, 2, 0, '2020-06-22 10:50:35', '2020-06-29 05:02:21', 1, 1, 1269),
(26, 'after insert', 5, 10, 'CABANG', NULL, 1, 2, 0, '2020-06-22 10:50:21', '2020-06-29 05:02:24', 1, 1, 1272),
(27, 'after insert', 5, 10, 'CABANG', NULL, 1, 2, 0, '2020-06-22 10:50:21', '2020-06-29 05:02:24', 1, 1, 1281),
(28, 'after insert', 6, 10, 'CABANG', NULL, 1, 2, 0, '2020-06-22 10:50:35', '2020-06-29 05:02:18', 1, 1, 1282),
(29, 'after insert', 7, 10, 'CABANG', NULL, 1, 2, 0, '2020-06-22 10:50:35', '2020-06-29 05:02:21', 1, 1, 1283),
(30, 'after insert', 8, 10, 'CABANG', NULL, 1, 2, 0, '2020-06-22 10:50:36', '2020-06-29 05:02:08', 1, 1, 1284),
(31, 'after insert', 5, 10, 'CABANG', NULL, 1, 2, 0, '2020-06-22 10:50:21', '2020-06-29 05:44:14', 1, 1, 1287),
(32, 'after insert', 8, 10, 'CABANG', NULL, 1, 2, 0, '2020-06-22 10:50:36', '2020-06-29 05:44:27', 1, 1, 1290),
(33, 'after insert', 7, 10, 'CABANG', NULL, 1, 2, 0, '2020-06-22 10:50:35', '2020-06-29 05:44:49', 1, 1, 1293),
(34, 'after insert', 6, 10, 'CABANG', NULL, 1, 2, 0, '2020-06-22 10:50:35', '2020-06-29 05:44:54', 1, 1, 1296),
(35, 'after insert', 5, 10, 'CABANG', NULL, 1, 2, 0, '2020-06-22 10:50:21', '2020-06-29 05:44:14', 1, 1, 1297),
(36, 'after insert', 6, 10, 'CABANG', NULL, 1, 2, 0, '2020-06-22 10:50:35', '2020-06-29 05:44:54', 1, 1, 1298),
(37, 'after insert', 7, 10, 'CABANG', NULL, 1, 2, 0, '2020-06-22 10:50:35', '2020-06-29 05:44:49', 1, 1, 1299),
(38, 'after insert', 8, 10, 'CABANG', NULL, 1, 2, 0, '2020-06-22 10:50:36', '2020-06-29 05:44:27', 1, 1, 1300),
(39, 'after insert', 7, 10, 'CABANG', NULL, 1, 2, 0, '2020-06-22 10:50:35', '2020-06-29 05:50:13', 1, 1, 1303),
(40, 'after insert', 6, 10, 'CABANG', NULL, 1, 2, 0, '2020-06-22 10:50:35', '2020-06-29 05:52:47', 1, 1, 1306),
(41, 'after insert', 8, 10, 'CABANG', NULL, 1, 2, 0, '2020-06-22 10:50:36', '2020-06-29 05:53:44', 1, 1, 1309),
(42, 'after insert', 5, 10, 'CABANG', NULL, 1, 2, 0, '2020-06-22 10:50:21', '2020-06-29 05:54:11', 1, 1, 1312),
(43, 'after insert', 5, 10, 'CABANG', NULL, 1, 2, 0, '2020-06-22 10:50:21', '2020-06-29 05:54:11', 1, 1, 1315),
(44, 'after insert', 6, 10, 'CABANG', NULL, 1, 2, 0, '2020-06-22 10:50:35', '2020-06-29 05:52:47', 1, 1, 1316),
(45, 'after insert', 7, 10, 'CABANG', NULL, 1, 2, 0, '2020-06-22 10:50:35', '2020-06-29 05:50:13', 1, 1, 1317),
(46, 'after insert', 8, 10, 'CABANG', NULL, 1, 2, 0, '2020-06-22 10:50:36', '2020-06-29 05:53:44', 1, 1, 1318),
(47, 'after insert', 6, 10, 'CABANG', NULL, 1, 2, 0, '2020-06-22 10:50:35', '2020-06-29 05:55:39', 1, 1, 1321),
(48, 'after insert', 5, 10, 'CABANG', NULL, 1, 2, 0, '2020-06-22 10:50:21', '2020-06-29 05:55:43', 1, 1, 1324),
(49, 'after insert', 7, 10, 'CABANG', NULL, 1, 2, 0, '2020-06-22 10:50:35', '2020-06-29 05:55:46', 1, 1, 1327),
(50, 'after insert', 8, 10, 'CABANG', NULL, 1, 2, 0, '2020-06-22 10:50:36', '2020-06-29 05:55:49', 1, 1, 1330),
(51, 'after insert', 7, 10, 'CABANG', NULL, 1, 2, 0, '2020-06-22 10:50:35', '2020-06-29 05:55:59', 1, 1, 1333),
(52, 'after insert', 8, 10, 'CABANG', NULL, 1, 2, 0, '2020-06-22 10:50:36', '2020-06-29 05:56:03', 1, 1, 1336),
(53, 'after insert', 8, 10, 'CABANG', NULL, 1, 2, 0, '2020-06-22 10:50:36', '2020-06-29 05:59:17', 1, 1, 1339),
(54, 'after insert', 7, 10, 'CABANG', NULL, 1, 2, 0, '2020-06-22 10:50:35', '2020-06-29 06:02:14', 1, 1, 1342),
(55, 'after insert', 7, 10, 'CABANG', NULL, 1, 2, 0, '2020-06-22 10:50:35', '2020-06-29 06:04:32', 1, 1, 1345),
(56, 'after insert', 7, 10, 'CABANG', NULL, 1, 2, 0, '2020-06-22 10:50:35', '2020-06-29 06:04:37', 1, 1, 1348),
(57, 'after insert', 7, 10, 'CABANG', NULL, 1, 2, 0, '2020-06-22 10:50:35', '2020-06-29 06:07:05', 1, 1, 1351),
(58, 'after insert', 5, 10, 'CABANG', NULL, 1, 2, 0, '2020-06-22 10:50:21', '2020-06-29 05:55:43', 1, 1, 1354),
(59, 'after insert', 6, 10, 'CABANG', NULL, 1, 2, 0, '2020-06-22 10:50:35', '2020-06-29 05:55:39', 1, 1, 1355),
(60, 'after insert', 8, 10, 'CABANG', NULL, 1, 2, 0, '2020-06-22 10:50:36', '2020-06-29 05:59:17', 1, 1, 1356),
(61, 'after insert', 8, 10, 'CABANG', NULL, 1, 2, 0, '2020-06-22 10:50:36', '2020-06-29 06:10:03', 1, 1, 1363),
(62, 'after insert', 7, 10, 'CABANG', NULL, 1, 2, 0, '2020-06-22 10:50:35', '2020-06-29 06:10:27', 1, 1, 1366),
(63, 'after insert', 6, 10, 'CABANG', NULL, 1, 2, 0, '2020-06-22 10:50:35', '2020-06-29 06:10:43', 1, 1, 1369),
(64, 'after insert', 5, 10, 'CABANG', NULL, 1, 2, 0, '2020-06-22 10:50:21', '2020-06-29 06:18:49', 1, 1, 1383),
(65, 'after insert', 7, 10, 'CABANG', NULL, 1, 2, 0, '2020-06-22 10:50:35', '2020-06-29 06:18:59', 1, 1, 1387),
(66, 'after insert', 5, 10, 'CABANG', NULL, 1, 2, 0, '2020-06-22 10:50:21', '2020-06-29 06:26:23', 1, 1, 1391),
(67, 'after insert', 7, 10, 'CABANG', NULL, 1, 2, 0, '2020-06-22 10:50:35', '2020-06-29 06:26:31', 1, 1, 1395),
(68, 'after insert', 7, 10, 'CABANG', NULL, 1, 2, 0, '2020-06-22 10:50:35', '2020-06-29 06:26:37', 1, 1, 1399),
(69, 'after insert', 3, 17, 'CABANG', NULL, 1, 2, 0, '2020-06-22 09:20:19', '2020-07-01 12:11:27', 1, 1, 1483),
(70, 'after insert', 5, 10, 'CABANG', NULL, 1, 2, 0, '2020-06-22 10:50:21', '2020-07-01 12:12:32', 1, 1, 1489),
(71, 'after insert', 3, 17, 'CABANG', NULL, 1, 2, 0, '2020-06-22 09:20:19', '2020-07-01 12:13:14', 1, 1, 1495),
(72, 'after insert', 5, 10, 'CABANG', NULL, 1, 2, 0, '2020-06-22 10:50:21', '2020-07-01 12:13:39', 1, 1, 1501),
(73, 'after insert', 5, 10, 'CABANG', NULL, 1, 2, 0, '2020-06-22 10:50:21', '2020-07-01 12:14:19', 1, 1, 1507),
(74, 'after insert', 6, 10, 'CABANG', NULL, 1, 2, 0, '2020-06-22 10:50:35', '2020-07-01 12:17:51', 1, 1, 1513),
(75, 'after insert', 8, 10, 'CABANG', NULL, 1, 2, 0, '2020-06-22 10:50:36', '2020-07-01 12:18:24', 1, 1, 1519),
(76, 'after insert', 8, 10, 'CABANG', NULL, 1, 2, 0, '2020-06-22 10:50:36', '2020-07-01 12:28:17', 1, 1, 1522),
(77, 'after insert', 6, 10, 'CABANG', NULL, 1, 2, 0, '2020-06-22 10:50:35', '2020-07-01 12:28:21', 1, 1, 1525),
(78, 'after insert', 8, 10, 'CABANG', NULL, 1, 2, 0, '2020-06-22 10:50:36', '2020-07-01 12:29:02', 1, 1, 1532),
(79, 'after insert', 8, 10, 'CABANG', NULL, 1, 2, 0, '2020-06-22 10:50:36', '2020-07-01 12:29:10', 1, 1, 1535),
(80, 'after insert', 6, 10, 'CABANG', NULL, 1, 2, 0, '2020-06-22 10:50:35', '2020-07-01 12:29:20', 1, 1, 1541),
(81, 'after insert', 8, 10, 'CABANG', NULL, 1, 2, 0, '2020-06-22 10:50:36', '2020-07-01 12:29:22', 1, 1, 1547),
(82, 'after insert', 8, 10, 'CABANG', NULL, 1, 2, 0, '2020-06-22 10:50:36', '2020-07-01 12:29:30', 1, 1, 1550),
(83, 'after insert', 6, 10, 'CABANG', NULL, 1, 2, 0, '2020-06-22 10:50:35', '2020-07-01 12:30:28', 1, 1, 1553),
(84, 'after insert', 8, 10, 'CABANG', NULL, 1, 2, 0, '2020-06-22 10:50:36', '2020-07-01 12:31:57', 1, 1, 1559),
(85, 'after insert', 8, 10, 'CABANG', NULL, 1, 2, 0, '2020-06-22 10:50:36', '2020-07-01 12:32:03', 1, 1, 1562),
(86, 'after insert', 6, 10, 'CABANG', NULL, 1, 2, 0, '2020-06-22 10:50:35', '2020-07-01 12:33:05', 1, 1, 1568),
(87, 'after insert', 6, 10, 'CABANG', NULL, 1, 2, 0, '2020-06-22 10:50:35', '2020-07-01 12:33:11', 1, 1, 1574),
(88, 'after insert', 12, 100, 'CABANG', NULL, 3, 2, 0, '2020-07-07 06:06:59', '2020-07-07 06:06:59', 1, 1, 5020),
(89, 'after insert', 12, 100, 'CABANG', NULL, 3, 2, 0, '2020-07-07 06:06:59', '2020-07-07 11:07:11', 1, 1, 5021),
(90, 'after insert', 13, 100, 'WAREHOUSE', NULL, 3, 0, 1, '2020-07-07 06:09:00', '2020-07-07 06:09:00', 1, 1, 5023),
(91, 'after insert', 14, 100, 'WAREHOUSE', NULL, 5, 0, 1, '2020-07-07 06:09:11', '2020-07-07 06:09:11', 1, 1, 5025),
(92, 'after insert', 15, 200, 'CABANG', NULL, 3, 2, 0, '2020-07-07 06:14:51', '2020-07-07 06:14:51', 1, 1, 5027),
(93, 'after insert', 13, 100, 'WAREHOUSE', NULL, 3, 0, 1, '2020-07-07 06:09:00', '2020-07-07 11:15:04', 1, 1, 5028),
(94, 'after insert', 16, 100, 'WAREHOUSE', NULL, 3, 0, 1, '2020-07-07 06:15:18', '2020-07-07 06:15:18', 1, 1, 5030),
(95, 'after insert', 16, 100, 'WAREHOUSE', NULL, 3, 0, 1, '2020-07-07 06:15:18', '2020-07-07 01:21:04', 1, 1, 5041),
(96, 'after insert', 14, 100, 'WAREHOUSE', NULL, 5, 0, 1, '2020-07-07 06:09:11', '2020-07-07 01:22:34', 1, 1, 5087),
(97, 'after insert', 17, 10, 'WAREHOUSE', NULL, 4, 0, 1, '2020-07-07 08:23:19', '2020-07-07 08:23:19', 1, 1, 5098),
(98, 'after insert', 18, 10, 'WAREHOUSE', NULL, 6, 0, 1, '2020-07-07 08:23:21', '2020-07-07 08:23:21', 1, 1, 5100),
(99, 'after insert', 19, 10, 'WAREHOUSE', NULL, 7, 0, 1, '2020-07-07 08:23:23', '2020-07-07 08:23:23', 1, 1, 5102),
(100, 'after insert', 17, 10, 'WAREHOUSE', NULL, 4, 0, 1, '2020-07-07 08:23:19', '2020-07-07 01:23:43', 1, 1, 5107),
(101, 'after insert', 16, 100, 'WAREHOUSE', NULL, 3, 0, 1, '2020-07-07 06:15:18', '2020-07-07 01:24:20', 1, 1, 5119),
(102, 'after insert', 17, 10, 'WAREHOUSE', NULL, 4, 0, 1, '2020-07-07 08:23:19', '2020-07-07 01:24:22', 1, 1, 5130),
(103, 'after insert', 14, 100, 'WAREHOUSE', NULL, 5, 0, 1, '2020-07-07 06:09:11', '2020-07-07 01:24:24', 1, 1, 5139),
(104, 'after insert', 16, 100, 'WAREHOUSE', NULL, 3, 0, 1, '2020-07-07 06:15:18', '2020-07-07 01:25:51', 1, 1, 5161),
(105, 'after insert', 19, 10, 'WAREHOUSE', NULL, 7, 0, 1, '2020-07-07 08:23:23', '2020-07-07 01:26:50', 1, 1, 5189),
(106, 'after insert', 17, 10, 'WAREHOUSE', NULL, 4, 0, 1, '2020-07-07 08:23:19', '2020-07-07 01:27:00', 1, 1, 5200),
(107, 'after insert', 18, 10, 'WAREHOUSE', NULL, 6, 0, 1, '2020-07-07 08:23:21', '2020-07-07 01:30:28', 1, 1, 5222),
(108, 'after insert', 16, 100, 'WAREHOUSE', NULL, 3, 0, 1, '2020-07-07 06:15:18', '2020-07-07 01:30:52', 1, 1, 5250),
(109, 'after insert', 16, 100, 'WAREHOUSE', NULL, 3, 0, 1, '2020-07-07 06:15:18', '2020-07-07 01:30:53', 1, 1, 5254),
(110, 'after insert', 17, 10, 'WAREHOUSE', NULL, 4, 0, 1, '2020-07-07 08:23:19', '2020-07-07 01:30:59', 1, 1, 5265),
(111, 'after insert', 18, 10, 'WAREHOUSE', NULL, 6, 0, 1, '2020-07-07 08:23:21', '2020-07-07 01:31:05', 1, 1, 5275),
(112, 'after insert', 19, 10, 'WAREHOUSE', NULL, 7, 0, 1, '2020-07-07 08:23:23', '2020-07-07 01:31:08', 1, 1, 5279),
(113, 'after insert', 16, 100, 'WAREHOUSE', NULL, 3, 0, 1, '2020-07-07 06:15:18', '2020-07-07 01:31:20', 1, 1, 5289),
(114, 'after insert', 17, 10, 'WAREHOUSE', NULL, 4, 0, 1, '2020-07-07 08:23:19', '2020-07-07 01:31:31', 1, 1, 5309),
(115, 'after insert', 14, 100, 'WAREHOUSE', NULL, 5, 0, 1, '2020-07-07 06:09:11', '2020-07-07 01:40:36', 1, 1, 5319),
(116, 'after insert', 18, 10, 'WAREHOUSE', NULL, 6, 0, 1, '2020-07-07 08:23:21', '2020-07-07 01:41:51', 1, 1, 5329),
(117, 'after insert', 19, 10, 'WAREHOUSE', NULL, 7, 0, 1, '2020-07-07 08:23:23', '2020-07-07 01:42:03', 1, 1, 5339),
(118, 'after insert', 18, 10, 'WAREHOUSE', NULL, 6, 0, 1, '2020-07-07 08:23:21', '2020-07-07 01:46:53', 1, 1, 5361),
(119, 'after insert', 16, 100, 'WAREHOUSE', NULL, 3, 0, 1, '2020-07-07 06:15:18', '2020-07-07 01:47:10', 1, 1, 5371),
(120, 'after insert', 18, 10, 'WAREHOUSE', NULL, 6, 0, 1, '2020-07-07 08:23:21', '2020-07-07 01:47:37', 1, 1, 5381),
(121, 'after insert', 17, 10, 'WAREHOUSE', NULL, 4, 0, 1, '2020-07-07 08:23:19', '2020-07-07 01:47:51', 1, 1, 5392),
(122, 'after insert', 14, 100, 'WAREHOUSE', NULL, 5, 0, 1, '2020-07-07 06:09:11', '2020-07-07 01:47:53', 1, 1, 5396),
(123, 'after insert', 19, 10, 'WAREHOUSE', NULL, 7, 0, 1, '2020-07-07 08:23:23', '2020-07-07 01:47:55', 1, 1, 5400),
(124, 'after insert', 18, 10, 'WAREHOUSE', NULL, 6, 0, 1, '2020-07-07 08:23:21', '2020-07-07 01:47:57', 1, 1, 5404),
(125, 'after insert', 14, 100, 'WAREHOUSE', NULL, 5, 0, 1, '2020-07-07 06:09:11', '2020-07-07 01:48:06', 1, 1, 5414),
(126, 'after insert', 14, 100, 'WAREHOUSE', NULL, 5, 0, 1, '2020-07-07 06:09:11', '2020-07-07 01:48:12', 1, 1, 5424),
(127, 'after insert', 20, 140, 'CABANG', NULL, 5, 1, 0, '2020-07-07 08:52:57', '2020-07-07 08:52:57', 1, 1, 5426),
(128, 'after insert', 21, 10, 'CABANG', NULL, 7, 1, 0, '2020-07-07 08:53:03', '2020-07-07 08:53:03', 1, 1, 5428),
(129, 'after insert', 21, 10, 'CABANG', NULL, 7, 1, 0, '2020-07-07 08:53:03', '2020-07-07 01:53:52', 1, 1, 5459),
(130, 'after insert', 21, 10, 'CABANG', NULL, 7, 1, 0, '2020-07-07 08:53:03', '2020-07-07 01:54:09', 1, 1, 5490),
(131, 'after insert', 21, 10, 'CABANG', NULL, 7, 1, 0, '2020-07-07 08:53:03', '2020-07-07 01:54:21', 1, 1, 5521),
(132, 'after insert', 18, 10, 'WAREHOUSE', NULL, 6, 0, 1, '2020-07-07 08:23:21', '2020-07-07 02:02:25', 1, 1, 5551),
(133, 'after insert', 19, 10, 'WAREHOUSE', NULL, 7, 0, 1, '2020-07-07 08:23:23', '2020-07-07 02:05:55', 1, 1, 5568),
(134, 'after insert', 19, 10, 'WAREHOUSE', NULL, 7, 0, 1, '2020-07-07 08:23:23', '2020-07-07 02:06:34', 1, 1, 5583),
(135, 'after insert', 8, 10, 'CABANG', NULL, 1, 2, 0, '2020-06-22 10:50:36', '2020-07-22 02:28:55', 1, 2, 200),
(136, 'after insert', 6, 10, 'CABANG', NULL, 1, 2, 0, '2020-06-22 10:50:35', '2020-07-22 02:31:31', 1, 2, 227);

-- --------------------------------------------------------

--
-- Table structure for table `tbl_brg_penerimaan`
--

CREATE TABLE `tbl_brg_penerimaan` (
  `id_pk_brg_penerimaan` int(11) NOT NULL,
  `brg_penerimaan_qty` double DEFAULT NULL,
  `brg_penerimaan_note` varchar(200) DEFAULT NULL,
  `id_fk_penerimaan` int(11) DEFAULT NULL,
  `id_fk_brg_pembelian` int(11) DEFAULT NULL,
  `id_fk_brg_retur` int(11) DEFAULT NULL,
  `id_fk_brg_pengiriman` int(11) DEFAULT NULL,
  `id_fk_satuan` int(11) DEFAULT NULL,
  `brg_penerimaan_create_date` datetime DEFAULT NULL,
  `brg_penerimaan_last_modified` datetime DEFAULT NULL,
  `id_create_data` int(11) DEFAULT NULL,
  `id_last_modified` int(11) DEFAULT NULL
) ENGINE=InnoDB DEFAULT CHARSET=utf8mb4;

--
-- Dumping data for table `tbl_brg_penerimaan`
--

INSERT INTO `tbl_brg_penerimaan` (`id_pk_brg_penerimaan`, `brg_penerimaan_qty`, `brg_penerimaan_note`, `id_fk_penerimaan`, `id_fk_brg_pembelian`, `id_fk_brg_retur`, `id_fk_brg_pengiriman`, `id_fk_satuan`, `brg_penerimaan_create_date`, `brg_penerimaan_last_modified`, `id_create_data`, `id_last_modified`) VALUES
(6, 0, '-', 9, 0, 0, 5, 1, '2020-07-01 12:17:51', '2020-07-01 12:28:21', 1, 1),
(7, 0, '-', 10, 0, 0, 3, 1, '2020-07-01 12:18:24', '2020-07-01 12:28:17', 1, 1),
(8, 0, '-', 11, 0, 0, 3, 1, '2020-07-01 12:29:02', '2020-07-01 12:29:10', 1, 1),
(9, 0, '-', 12, 0, 0, 5, 1, '2020-07-01 12:29:20', '2020-07-01 12:30:28', 1, 1),
(10, 0, '-', 13, 0, 0, 3, 1, '2020-07-01 12:29:22', '2020-07-01 12:29:30', 1, 1),
(11, 0, '-', 14, 0, 0, 3, 1, '2020-07-01 12:31:57', '2020-07-01 12:32:03', 1, 1),
(12, 0, '-', 15, 0, 0, 5, 1, '2020-07-01 12:33:04', '2020-07-01 12:33:11', 1, 1),
(13, 0, '-', 16, 1, 0, 0, 1, '2020-07-01 12:36:05', '2020-07-01 12:36:21', 1, 1),
(14, 0, '-', 16, 2, 0, 0, 1, '2020-07-01 12:36:05', '2020-07-01 12:36:21', 1, 1),
(15, 100, '-', 17, 1, 0, 0, 1, '2020-07-04 09:52:12', '2020-07-04 09:52:12', 1, 1),
(16, 100, '-', 17, 2, 0, 0, 1, '2020-07-04 09:52:12', '2020-07-04 09:52:12', 1, 1),
(17, 100, '-', 18, 1, 0, 0, 1, '2020-07-04 09:54:07', '2020-07-04 09:54:07', 1, 1),
(18, 100, '-', 18, 2, 0, 0, 1, '2020-07-04 09:54:07', '2020-07-04 09:54:07', 1, 1),
(19, 0, '-', 19, 8, 0, 0, 1, '2020-07-07 10:35:22', '2020-07-07 10:35:52', 1, 1),
(20, 0, '-', 19, 9, 0, 0, 1, '2020-07-07 10:35:22', '2020-07-07 10:35:52', 1, 1),
(21, 10, '-', 20, 0, 0, 3, 1, '2020-07-22 02:28:54', '2020-07-22 02:28:54', 2, 2),
(22, 10, '-', 21, 0, 0, 5, 1, '2020-07-22 02:31:31', '2020-07-22 02:31:31', 2, 2),
(23, 123123123, '-', 22, 1, 0, 0, 2, '2020-07-24 07:38:20', '2020-07-24 07:40:09', 2, 2),
(24, 123123, '', 23, 0, 1, 0, 1, '2020-07-24 07:40:36', '2020-07-24 07:40:36', 2, 2),
(25, 234234, '', 23, 0, 2, 0, 1, '2020-07-24 07:40:36', '2020-07-24 07:40:36', 2, 2),
(26, 345345, '', 23, 0, 3, 0, 1, '2020-07-24 07:40:36', '2020-07-24 07:40:36', 2, 2);

--
-- Triggers `tbl_brg_penerimaan`
--
DELIMITER $$
CREATE TRIGGER `trg_after_insert_brg_penerimaan` AFTER INSERT ON `tbl_brg_penerimaan` FOR EACH ROW begin
            set @id_user = new.id_last_modified;
            set @tgl_action = new.brg_penerimaan_last_modified;
            set @log_text = concat(new.id_last_modified,' ','insert data at' , new.brg_penerimaan_last_modified);
            call insert_log_all(@id_user,@tgl_action,@log_text,@id_log_all);
            
            insert into tbl_brg_penerimaan_log(executed_function,id_pk_brg_penerimaan,brg_penerimaan_qty,brg_penerimaan_note,id_fk_penerimaan,id_fk_brg_pembelian,id_fk_brg_retur,id_fk_brg_pengiriman,id_fk_satuan,brg_penerimaan_create_date,brg_penerimaan_last_modified,id_create_data,id_last_modified,id_log_all) values ('after insert',new.id_pk_brg_penerimaan,new.brg_penerimaan_qty,new.brg_penerimaan_note,new.id_fk_penerimaan,new.id_fk_brg_pembelian,new.id_fk_brg_retur,new.id_fk_brg_pengiriman,new.id_fk_satuan,new.brg_penerimaan_create_date,new.brg_penerimaan_last_modified,new.id_create_data,new.id_last_modified,@id_log_all);

            set @id_cabang = 0;
            set @id_barang = 0;
            set @id_warehouse = 0;
            set @brg_penerimaan_qty = new.brg_penerimaan_qty;
            set @id_satuan_terima = new.id_fk_satuan;
            set @id_fk_brg_pembelian = new.id_fk_brg_pembelian;
            set @id_fk_brg_retur = new.id_fk_brg_retur;
            set @id_fk_brg_pengiriman = new.id_fk_brg_pengiriman;
            
            if @id_fk_brg_pembelian is not null and @id_fk_brg_pembelian != 0
            then
            select mstr_penerimaan.id_fk_cabang, id_fk_barang, mstr_penerimaan.id_fk_warehouse into @id_cabang,@id_barang,@id_warehouse 
            from tbl_brg_penerimaan
            inner join tbl_brg_pembelian on tbl_brg_pembelian.id_pk_brg_pembelian = tbl_brg_penerimaan.id_fk_brg_pembelian
            inner join mstr_penerimaan on mstr_penerimaan.id_pk_penerimaan = tbl_brg_penerimaan.id_fk_penerimaan
            where id_pk_brg_penerimaan = new.id_pk_brg_penerimaan;

            elseif @id_fk_brg_retur is not null and @id_fk_brg_retur != 0 then
            select mstr_penerimaan.id_fk_cabang, id_fk_brg, mstr_penerimaan.id_fk_warehouse into @id_cabang,@id_barang,@id_warehouse
            from tbl_brg_penerimaan
            inner join tbl_retur_brg on tbl_retur_brg.id_pk_retur_brg = tbl_brg_penerimaan.id_fk_brg_retur
            inner join mstr_penerimaan on mstr_penerimaan.id_pk_penerimaan = tbl_brg_penerimaan.id_fk_penerimaan
            where id_pk_brg_penerimaan = new.id_pk_brg_penerimaan;

            elseif @id_fk_brg_pengiriman is not null and @id_fk_brg_pengiriman != 0 then
            select mstr_penerimaan.id_fk_cabang, id_fk_brg, mstr_penerimaan.id_fk_warehouse into @id_cabang,@id_barang,@id_warehouse
            from tbl_brg_penerimaan
            inner join tbl_brg_pengiriman on tbl_brg_pengiriman.id_pk_brg_pengiriman = tbl_brg_penerimaan.id_fk_brg_pengiriman
            inner join tbl_brg_pemenuhan on tbl_brg_pemenuhan.id_pk_brg_pemenuhan = tbl_brg_pengiriman.id_fk_brg_pemenuhan
            inner join tbl_brg_permintaan on tbl_brg_permintaan.id_pk_brg_permintaan = tbl_brg_pemenuhan.id_fk_brg_permintaan
            inner join mstr_penerimaan on mstr_penerimaan.id_pk_penerimaan = tbl_brg_penerimaan.id_fk_penerimaan
            where id_pk_brg_penerimaan = new.id_pk_brg_penerimaan;
            end if;
            
            if @id_warehouse is not null then
            call update_stok_barang_warehouse(@id_barang,@id_warehouse,@brg_penerimaan_qty,@id_satuan_terima,0,0);
            elseif @id_cabang is not null then 
            call update_stok_barang_cabang(@id_barang,@id_cabang,@brg_penerimaan_qty,@id_satuan_terima,0,0);
            end if;

        end
$$
DELIMITER ;
DELIMITER $$
CREATE TRIGGER `trg_after_update_brg_penerimaan` AFTER UPDATE ON `tbl_brg_penerimaan` FOR EACH ROW begin
            set @id_user = new.id_last_modified;
            set @tgl_action = new.brg_penerimaan_last_modified;
            set @log_text = concat(new.id_last_modified,' ','update data at' , new.brg_penerimaan_last_modified);
            call insert_log_all(@id_user,@tgl_action,@log_text,@id_log_all);
            
            insert into tbl_brg_penerimaan_log(executed_function,id_pk_brg_penerimaan,brg_penerimaan_qty,brg_penerimaan_note,id_fk_penerimaan,id_fk_brg_pembelian,id_fk_brg_retur,id_fk_brg_pengiriman,id_fk_satuan,brg_penerimaan_create_date,brg_penerimaan_last_modified,id_create_data,id_last_modified,id_log_all) values ('after insert',new.id_pk_brg_penerimaan,new.brg_penerimaan_qty,new.brg_penerimaan_note,new.id_fk_penerimaan,new.id_fk_brg_pembelian,new.id_fk_brg_retur,new.id_fk_brg_pengiriman,new.id_fk_satuan,new.brg_penerimaan_create_date,new.brg_penerimaan_last_modified,new.id_create_data,new.id_last_modified,@id_log_all);

            set @id_cabang = 0;
            set @id_barang = 0;
            set @id_warehouse = 0;
            set @brg_penerimaan_qty = new.brg_penerimaan_qty;
            set @id_satuan_terima = new.id_fk_satuan;
            set @brg_keluar_qty = old.brg_penerimaan_qty;
            set @id_satuan_keluar = old.id_fk_satuan;
            set @id_fk_brg_pembelian = new.id_fk_brg_pembelian;
            set @id_fk_brg_retur = new.id_fk_brg_retur;
            set @id_fk_brg_pengiriman = new.id_fk_brg_pengiriman;
            
            if @id_fk_brg_pembelian is not null and @id_fk_brg_pembelian != 0
            then
            select mstr_penerimaan.id_fk_cabang, id_fk_barang, mstr_penerimaan.id_fk_warehouse into @id_cabang,@id_barang,@id_warehouse 
            from tbl_brg_penerimaan
            inner join tbl_brg_pembelian on tbl_brg_pembelian.id_pk_brg_pembelian = tbl_brg_penerimaan.id_fk_brg_pembelian
            inner join mstr_penerimaan on mstr_penerimaan.id_pk_penerimaan = tbl_brg_penerimaan.id_fk_penerimaan
            where id_pk_brg_penerimaan = new.id_pk_brg_penerimaan;

            elseif @id_fk_brg_retur is not null and @id_fk_brg_retur != 0 then
            select mstr_penerimaan.id_fk_cabang, id_fk_brg, mstr_penerimaan.id_fk_warehouse into @id_cabang,@id_barang,@id_warehouse
            from tbl_brg_penerimaan
            inner join tbl_retur_brg on tbl_retur_brg.id_pk_retur_brg = tbl_brg_penerimaan.id_fk_brg_retur
            inner join mstr_penerimaan on mstr_penerimaan.id_pk_penerimaan = tbl_brg_penerimaan.id_fk_penerimaan
            where id_pk_brg_penerimaan = new.id_pk_brg_penerimaan;

            elseif @id_fk_brg_pengiriman is not null and @id_fk_brg_pengiriman != 0 then
            select mstr_penerimaan.id_fk_cabang, id_fk_brg, mstr_penerimaan.id_fk_warehouse into @id_cabang,@id_barang,@id_warehouse
            from tbl_brg_penerimaan
            inner join tbl_brg_pengiriman on tbl_brg_pengiriman.id_pk_brg_pengiriman = tbl_brg_penerimaan.id_fk_brg_pengiriman
            inner join tbl_brg_pemenuhan on tbl_brg_pemenuhan.id_pk_brg_pemenuhan = tbl_brg_pengiriman.id_fk_brg_pemenuhan
            inner join tbl_brg_permintaan on tbl_brg_permintaan.id_pk_brg_permintaan = tbl_brg_pemenuhan.id_fk_brg_permintaan
            inner join mstr_penerimaan on mstr_penerimaan.id_pk_penerimaan = tbl_brg_penerimaan.id_fk_penerimaan
            where id_pk_brg_penerimaan = new.id_pk_brg_penerimaan;
            end if;
            
            if @id_warehouse is not null then
            call update_stok_barang_warehouse(@id_barang,@id_warehouse,@brg_penerimaan_qty,@id_satuan_terima,@brg_keluar_qty,@id_satuan_keluar);
            elseif @id_cabang is not null then 
            call update_stok_barang_cabang(@id_barang,@id_cabang,@brg_penerimaan_qty,@id_satuan_terima,@brg_keluar_qty,@id_satuan_keluar);
            end if;

        end
$$
DELIMITER ;

-- --------------------------------------------------------

--
-- Table structure for table `tbl_brg_penerimaan_log`
--

CREATE TABLE `tbl_brg_penerimaan_log` (
  `id_pk_brg_penerimaan_log` int(11) NOT NULL,
  `executed_function` varchar(30) DEFAULT NULL,
  `id_pk_brg_penerimaan` int(11) DEFAULT NULL,
  `brg_penerimaan_qty` double DEFAULT NULL,
  `brg_penerimaan_note` varchar(200) DEFAULT NULL,
  `id_fk_penerimaan` int(11) DEFAULT NULL,
  `id_fk_brg_pembelian` int(11) DEFAULT NULL,
  `id_fk_brg_retur` int(11) DEFAULT NULL,
  `id_fk_brg_pengiriman` int(11) DEFAULT NULL,
  `id_fk_satuan` int(11) DEFAULT NULL,
  `brg_penerimaan_create_date` datetime DEFAULT NULL,
  `brg_penerimaan_last_modified` datetime DEFAULT NULL,
  `id_create_data` int(11) DEFAULT NULL,
  `id_last_modified` int(11) DEFAULT NULL,
  `id_log_all` int(11) DEFAULT NULL
) ENGINE=InnoDB DEFAULT CHARSET=utf8mb4;

--
-- Dumping data for table `tbl_brg_penerimaan_log`
--

INSERT INTO `tbl_brg_penerimaan_log` (`id_pk_brg_penerimaan_log`, `executed_function`, `id_pk_brg_penerimaan`, `brg_penerimaan_qty`, `brg_penerimaan_note`, `id_fk_penerimaan`, `id_fk_brg_pembelian`, `id_fk_brg_retur`, `id_fk_brg_pengiriman`, `id_fk_satuan`, `brg_penerimaan_create_date`, `brg_penerimaan_last_modified`, `id_create_data`, `id_last_modified`, `id_log_all`) VALUES
(1, 'after insert', 1, NULL, '-', 4, 0, 0, 3, 1, '2020-07-01 12:11:27', '2020-07-01 12:11:27', 1, 1, 1479),
(2, 'after insert', 2, NULL, '-', 5, 0, 0, 5, 1, '2020-07-01 12:12:32', '2020-07-01 12:12:32', 1, 1, 1485),
(3, 'after insert', 3, NULL, '-', 6, 0, 0, 3, 1, '2020-07-01 12:13:14', '2020-07-01 12:13:14', 1, 1, 1491),
(4, 'after insert', 4, 10, '-', 7, 0, 0, 5, 1, '2020-07-01 12:13:39', '2020-07-01 12:13:39', 1, 1, 1497),
(5, 'after insert', 5, 10, '-', 8, 0, 0, 5, 1, '2020-07-01 12:14:19', '2020-07-01 12:14:19', 1, 1, 1503),
(6, 'after insert', 6, 10, '-', 9, 0, 0, 5, 1, '2020-07-01 12:17:51', '2020-07-01 12:17:51', 1, 1, 1509),
(7, 'after insert', 7, 10, '-', 10, 0, 0, 3, 1, '2020-07-01 12:18:24', '2020-07-01 12:18:24', 1, 1, 1515),
(8, 'after insert', 7, 0, '-', 10, 0, 0, 3, 1, '2020-07-01 12:18:24', '2020-07-01 12:28:17', 1, 1, 1521),
(9, 'after insert', 6, 0, '-', 9, 0, 0, 5, 1, '2020-07-01 12:17:51', '2020-07-01 12:28:21', 1, 1, 1524),
(10, 'after insert', 8, 10, '-', 11, 0, 0, 3, 1, '2020-07-01 12:29:02', '2020-07-01 12:29:02', 1, 1, 1528),
(11, 'after insert', 8, 0, '-', 11, 0, 0, 3, 1, '2020-07-01 12:29:02', '2020-07-01 12:29:10', 1, 1, 1534),
(12, 'after insert', 9, 10, '-', 12, 0, 0, 5, 1, '2020-07-01 12:29:20', '2020-07-01 12:29:20', 1, 1, 1537),
(13, 'after insert', 10, 10, '-', 13, 0, 0, 3, 1, '2020-07-01 12:29:22', '2020-07-01 12:29:22', 1, 1, 1543),
(14, 'after insert', 10, 0, '-', 13, 0, 0, 3, 1, '2020-07-01 12:29:22', '2020-07-01 12:29:30', 1, 1, 1549),
(15, 'after insert', 9, 0, '-', 12, 0, 0, 5, 1, '2020-07-01 12:29:20', '2020-07-01 12:30:28', 1, 1, 1552),
(16, 'after insert', 11, 10, '-', 14, 0, 0, 3, 1, '2020-07-01 12:31:57', '2020-07-01 12:31:57', 1, 1, 1555),
(17, 'after insert', 11, 0, '-', 14, 0, 0, 3, 1, '2020-07-01 12:31:57', '2020-07-01 12:32:03', 1, 1, 1561),
(18, 'after insert', 12, 10, '-', 15, 0, 0, 5, 1, '2020-07-01 12:33:04', '2020-07-01 12:33:04', 1, 1, 1564),
(19, 'after insert', 12, 0, '-', 15, 0, 0, 5, 1, '2020-07-01 12:33:04', '2020-07-01 12:33:11', 1, 1, 1570),
(20, 'after insert', 13, 10, '-', 16, 1, 0, 0, 1, '2020-07-01 12:36:05', '2020-07-01 12:36:05', 1, 1, 1576),
(21, 'after insert', 14, 10, '-', 16, 2, 0, 0, 1, '2020-07-01 12:36:05', '2020-07-01 12:36:05', 1, 1, 1580),
(22, 'after insert', 13, 0, '-', 16, 1, 0, 0, 1, '2020-07-01 12:36:05', '2020-07-01 12:36:21', 1, 1, 1585),
(23, 'after insert', 14, 0, '-', 16, 2, 0, 0, 1, '2020-07-01 12:36:05', '2020-07-01 12:36:21', 1, 1, 1589),
(24, 'after insert', 15, 100, '-', 17, 1, 0, 0, 1, '2020-07-04 09:52:12', '2020-07-04 09:52:12', 1, 1, 1972),
(25, 'after insert', 16, 100, '-', 17, 2, 0, 0, 1, '2020-07-04 09:52:12', '2020-07-04 09:52:12', 1, 1, 1976),
(26, 'after insert', 17, 100, '-', 18, 1, 0, 0, 1, '2020-07-04 09:54:07', '2020-07-04 09:54:07', 1, 1, 2039),
(27, 'after insert', 18, 100, '-', 18, 2, 0, 0, 1, '2020-07-04 09:54:07', '2020-07-04 09:54:07', 1, 1, 2043),
(28, 'after insert', 19, 10, '-', 19, 8, 0, 0, 1, '2020-07-07 10:35:22', '2020-07-07 10:35:22', 1, 1, 4903),
(29, 'after insert', 20, 10, '-', 19, 9, 0, 0, 1, '2020-07-07 10:35:22', '2020-07-07 10:35:22', 1, 1, 4906),
(30, 'after insert', 19, 15, '-', 19, 8, 0, 0, 1, '2020-07-07 10:35:22', '2020-07-07 10:35:42', 1, 1, 4916),
(31, 'after insert', 20, 15, '-', 19, 9, 0, 0, 1, '2020-07-07 10:35:22', '2020-07-07 10:35:42', 1, 1, 4919),
(32, 'after insert', 19, 0, '-', 19, 8, 0, 0, 1, '2020-07-07 10:35:22', '2020-07-07 10:35:52', 1, 1, 4929),
(33, 'after insert', 20, 0, '-', 19, 9, 0, 0, 1, '2020-07-07 10:35:22', '2020-07-07 10:35:52', 1, 1, 4932),
(34, 'after insert', 21, 10, '-', 20, 0, 0, 3, 1, '2020-07-22 02:28:54', '2020-07-22 02:28:54', 2, 2, 196),
(35, 'after insert', 22, 10, '-', 21, 0, 0, 5, 1, '2020-07-22 02:31:31', '2020-07-22 02:31:31', 2, 2, 223),
(36, 'after insert', 23, 1231231, '-', 22, 1, 0, 0, 1, '2020-07-24 07:38:20', '2020-07-24 07:38:20', 2, 2, 1367),
(37, 'after insert', 23, 12312312, '-', 22, 1, 0, 0, 3, '2020-07-24 07:38:20', '2020-07-24 07:40:02', 2, 2, 1384),
(38, 'after insert', 23, 123123123, '-', 22, 1, 0, 0, 2, '2020-07-24 07:38:20', '2020-07-24 07:40:09', 2, 2, 1399),
(39, 'after insert', 24, 123123, '', 23, 0, 1, 0, 1, '2020-07-24 07:40:36', '2020-07-24 07:40:36', 2, 2, 1414),
(40, 'after insert', 25, 234234, '', 23, 0, 2, 0, 1, '2020-07-24 07:40:36', '2020-07-24 07:40:36', 2, 2, 1416),
(41, 'after insert', 26, 345345, '', 23, 0, 3, 0, 1, '2020-07-24 07:40:36', '2020-07-24 07:40:36', 2, 2, 1424);

-- --------------------------------------------------------

--
-- Table structure for table `tbl_brg_pengiriman`
--

CREATE TABLE `tbl_brg_pengiriman` (
  `id_pk_brg_pengiriman` int(11) NOT NULL,
  `brg_pengiriman_qty` double DEFAULT NULL,
  `brg_pengiriman_note` varchar(200) DEFAULT NULL,
  `id_fk_pengiriman` int(11) DEFAULT NULL,
  `id_fk_brg_penjualan` int(11) DEFAULT NULL,
  `id_fk_brg_retur_kembali` int(11) DEFAULT NULL,
  `id_fk_brg_pemenuhan` int(11) DEFAULT NULL,
  `id_fk_satuan` int(11) DEFAULT NULL,
  `brg_pengiriman_create_date` datetime DEFAULT NULL,
  `brg_pengiriman_last_modified` datetime DEFAULT NULL,
  `id_create_data` int(11) DEFAULT NULL,
  `id_last_modified` int(11) DEFAULT NULL
) ENGINE=InnoDB DEFAULT CHARSET=utf8mb4;

--
-- Dumping data for table `tbl_brg_pengiriman`
--

INSERT INTO `tbl_brg_pengiriman` (`id_pk_brg_pengiriman`, `brg_pengiriman_qty`, `brg_pengiriman_note`, `id_fk_pengiriman`, `id_fk_brg_penjualan`, `id_fk_brg_retur_kembali`, `id_fk_brg_pemenuhan`, `id_fk_satuan`, `brg_pengiriman_create_date`, `brg_pengiriman_last_modified`, `id_create_data`, `id_last_modified`) VALUES
(3, 10, '-', 33, 0, 0, 8, 1, '2020-06-29 06:10:03', '2020-06-29 06:10:03', 1, 1),
(4, 0, '-', 34, 0, 0, 7, 1, '2020-06-29 06:10:27', '2020-06-29 06:18:59', 1, 1),
(5, 10, '-', 35, 0, 0, 6, 1, '2020-06-29 06:10:43', '2020-06-29 06:10:43', 1, 1),
(11, 0, '-', 41, 0, 0, 5, 1, '2020-06-29 06:18:49', '2020-06-29 06:26:23', 1, 1),
(12, 0, '-', 42, 0, 0, 7, 1, '2020-06-29 06:26:31', '2020-06-29 06:26:37', 1, 1),
(13, 0, '-', 43, 4, 0, 0, 1, '2020-06-29 06:27:13', '2020-06-29 06:27:46', 1, 1),
(14, 0, '-', 43, 5, 0, 0, 1, '2020-06-29 06:27:13', '2020-06-29 06:27:46', 1, 1),
(15, 0, '-', 44, 0, 0, 16, 1, '2020-07-07 01:21:04', '2020-07-07 01:24:20', 1, 1),
(16, 0, '-', 45, 0, 0, 14, 1, '2020-07-07 01:22:34', '2020-07-07 01:24:24', 1, 1),
(17, 0, '-', 46, 0, 0, 17, 1, '2020-07-07 01:23:43', '2020-07-07 01:24:22', 1, 1),
(18, 0, '-', 47, 0, 0, 16, 1, '2020-07-07 01:25:51', '2020-07-07 01:30:53', 1, 1),
(19, 0, '-', 48, 0, 0, 19, 1, '2020-07-07 01:26:50', '2020-07-07 01:31:08', 1, 1),
(20, 0, '-', 49, 0, 0, 17, 1, '2020-07-07 01:27:00', '2020-07-07 01:30:59', 1, 1),
(27, 0, '-', 56, 0, 0, 18, 1, '2020-07-07 01:30:28', '2020-07-07 01:31:05', 1, 1),
(28, 0, '-', 57, 0, 0, 16, 1, '2020-07-07 01:31:20', '2020-07-07 01:47:10', 1, 1),
(29, 0, '-', 58, 0, 0, 17, 1, '2020-07-07 01:31:31', '2020-07-07 01:47:50', 1, 1),
(30, 0, '-', 59, 0, 0, 14, 1, '2020-07-07 01:40:36', '2020-07-07 01:47:53', 1, 1),
(31, 0, '-', 60, 0, 0, 18, 1, '2020-07-07 01:41:51', '2020-07-07 01:46:52', 1, 1),
(32, 0, '-', 61, 0, 0, 19, 1, '2020-07-07 01:42:03', '2020-07-07 01:47:55', 1, 1),
(33, 0, '-', 62, 0, 0, 18, 1, '2020-07-07 01:47:37', '2020-07-07 01:47:57', 1, 1),
(34, 0, '-', 63, 0, 0, 14, 1, '2020-07-07 01:48:05', '2020-07-07 01:48:12', 1, 1),
(35, 0, '-', 64, 0, 0, 21, 1, '2020-07-07 01:53:52', '2020-07-07 01:54:09', 1, 1),
(36, 10, '-', 65, 0, 0, 21, 1, '2020-07-07 01:54:21', '2020-07-07 01:54:21', 1, 1),
(37, 10, '-', 66, 0, 0, 18, 1, '2020-07-07 02:02:25', '2020-07-07 02:02:25', 1, 1),
(39, 0, '-', 68, 0, 0, 19, 1, '2020-07-07 02:05:55', '2020-07-07 02:06:34', 1, 1),
(40, 10, '-', 69, 2, 0, 0, 1, '2020-07-19 01:03:10', '2020-07-19 01:03:10', 2, 2),
(41, 10, '-', 69, 3, 0, 0, 1, '2020-07-19 01:03:10', '2020-07-19 01:03:10', 2, 2),
(42, 10, '-', 70, 2, 0, 0, 1, '2020-07-19 01:04:20', '2020-07-19 01:04:20', 2, 2),
(43, 10, '-', 70, 3, 0, 0, 1, '2020-07-19 01:04:20', '2020-07-19 01:04:20', 2, 2),
(44, 10, '-', 71, 2, 0, 0, 1, '2020-07-19 01:04:30', '2020-07-19 01:04:30', 2, 2),
(45, 10, '-', 71, 3, 0, 0, 1, '2020-07-19 01:04:30', '2020-07-19 01:04:30', 2, 2),
(46, 10, '-', 72, 2, 0, 0, 1, '2020-07-19 01:05:26', '2020-07-19 01:05:26', 2, 2),
(47, 10, '-', 72, 3, 0, 0, 1, '2020-07-19 01:05:26', '2020-07-19 01:05:26', 2, 2),
(48, 10, '-', 73, 2, 0, 0, 1, '2020-07-19 01:05:28', '2020-07-19 01:05:28', 2, 2),
(49, 10, '-', 73, 3, 0, 0, 1, '2020-07-19 01:05:28', '2020-07-19 01:05:28', 2, 2),
(50, 10, '-', 74, 2, 0, 0, 1, '2020-07-19 01:06:34', '2020-07-19 01:06:34', 2, 2),
(51, 10, '-', 74, 3, 0, 0, 1, '2020-07-19 01:06:34', '2020-07-19 01:06:34', 2, 2),
(52, 10, '-', 75, 2, 0, 0, 1, '2020-07-19 01:06:37', '2020-07-19 01:06:37', 2, 2),
(53, 10, '-', 75, 3, 0, 0, 1, '2020-07-19 01:06:37', '2020-07-19 01:06:37', 2, 2);

--
-- Triggers `tbl_brg_pengiriman`
--
DELIMITER $$
CREATE TRIGGER `trg_after_insert_brg_pengiriman` AFTER INSERT ON `tbl_brg_pengiriman` FOR EACH ROW begin
            set @id_user = new.id_last_modified;
            set @tgl_action = new.brg_pengiriman_last_modified;
            set @log_text = concat(new.id_last_modified,' ','insert data at' , new.brg_pengiriman_last_modified);
            call insert_log_all(@id_user,@tgl_action,@log_text,@id_log_all);
            
            insert into tbl_brg_pengiriman_log(executed_function,id_pk_brg_pengiriman,brg_pengiriman_qty,brg_pengiriman_note,id_fk_pengiriman,id_fk_brg_penjualan,id_fk_brg_retur_kembali,id_fk_brg_pemenuhan,id_fk_satuan,brg_pengiriman_create_date,brg_pengiriman_last_modified,id_create_data,id_last_modified,id_log_all) values ('after insert',new.id_pk_brg_pengiriman,new.brg_pengiriman_qty,new.brg_pengiriman_note,new.id_fk_pengiriman,new.id_fk_brg_penjualan,new.id_fk_brg_retur_kembali,new.id_fk_brg_pemenuhan,new.id_fk_satuan,new.brg_pengiriman_create_date,new.brg_pengiriman_last_modified,new.id_create_data,new.id_last_modified,@id_log_all);
            
            set @id_cabang = 0;
            set @id_barang = 0;
            set @id_warehouse = 0;
            set @brg_pengiriman_qty = new.brg_pengiriman_qty;
            set @id_satuan_kirim = new.id_fk_satuan;
            set @id_fk_brg_penjualan = new.id_fk_brg_penjualan;
            set @id_fk_brg_retur = new.id_fk_brg_retur_kembali;
            set @id_fk_brg_pemenuhan = new.id_fk_brg_pemenuhan;
            
            if @id_fk_brg_penjualan is not null and @id_fk_brg_penjualan != 0
            then
            select mstr_pengiriman.id_fk_cabang, id_fk_barang, id_fk_warehouse into @id_cabang,@id_barang,@id_warehouse 
            from tbl_brg_pengiriman
            inner join tbl_brg_penjualan on tbl_brg_penjualan.id_pk_brg_penjualan = tbl_brg_pengiriman.id_fk_brg_penjualan
            inner join mstr_penjualan on mstr_penjualan.id_pk_penjualan = tbl_brg_penjualan.id_fk_penjualan
            inner join mstr_pengiriman on mstr_pengiriman.id_pk_pengiriman = tbl_brg_pengiriman.id_fk_pengiriman
            where id_pk_brg_pengiriman = new.id_pk_brg_pengiriman;
            
            elseif @id_fk_brg_retur is not null and @id_fk_brg_retur != 0
            then
            select mstr_pengiriman.id_fk_cabang, id_fk_brg, id_fk_warehouse into @id_cabang,@id_barang,@id_warehouse
            from tbl_brg_pengiriman
            inner join tbl_retur_kembali on tbl_retur_kembali.id_pk_retur_kembali = tbl_brg_pengiriman.id_fk_brg_retur_kembali
            inner join mstr_pengiriman on mstr_pengiriman.id_pk_pengiriman = tbl_brg_pengiriman.id_fk_pengiriman
            where id_pk_brg_pengiriman = new.id_pk_brg_pengiriman;

            elseif @id_fk_brg_pemenuhan is not null and @id_fk_brg_pemenuhan != 0 
            then
            
            select mstr_pengiriman.id_fk_cabang, id_fk_brg, mstr_pengiriman.id_fk_warehouse into @id_cabang,@id_barang,@id_warehouse
            from tbl_brg_pengiriman
            inner join tbl_brg_pemenuhan on tbl_brg_pemenuhan.id_pk_brg_pemenuhan = tbl_brg_pengiriman.id_fk_brg_pemenuhan
            inner join tbl_brg_permintaan on tbl_brg_permintaan.id_pk_brg_permintaan = tbl_brg_pemenuhan.id_fk_brg_permintaan
            inner join mstr_pengiriman on mstr_pengiriman.id_pk_pengiriman = tbl_brg_pengiriman.id_fk_pengiriman
            where id_pk_brg_pengiriman = new.id_pk_brg_pengiriman;
            end if;
            if @id_warehouse is not null then
            call update_stok_barang_warehouse(@id_barang,@id_warehouse,0,0,@brg_pengiriman_qty,@id_satuan_kirim);
            elseif @id_cabang is not null then 
            call update_stok_barang_cabang(@id_barang,@id_cabang,0,0,@brg_pengiriman_qty,@id_satuan_kirim);
            end if;
        end
$$
DELIMITER ;
DELIMITER $$
CREATE TRIGGER `trg_after_update_brg_pengiriman` AFTER UPDATE ON `tbl_brg_pengiriman` FOR EACH ROW begin
            set @id_user = new.id_last_modified;
            set @tgl_action = new.brg_pengiriman_last_modified;
            set @log_text = concat(new.id_last_modified,' ','update data at' , new.brg_pengiriman_last_modified);
            call insert_log_all(@id_user,@tgl_action,@log_text,@id_log_all);
            
            insert into tbl_brg_pengiriman_log(executed_function,id_pk_brg_pengiriman,brg_pengiriman_qty,brg_pengiriman_note,id_fk_pengiriman,id_fk_brg_penjualan,id_fk_brg_retur_kembali,id_fk_brg_pemenuhan,id_fk_satuan,brg_pengiriman_create_date,brg_pengiriman_last_modified,id_create_data,id_last_modified,id_log_all) values ('after update',new.id_pk_brg_pengiriman,new.brg_pengiriman_qty,new.brg_pengiriman_note,new.id_fk_pengiriman,new.id_fk_brg_penjualan,new.id_fk_brg_retur_kembali,new.id_fk_brg_pemenuhan,new.id_fk_satuan,new.brg_pengiriman_create_date,new.brg_pengiriman_last_modified,new.id_create_data,new.id_last_modified,@id_log_all);
            
            set @id_cabang = 0;
            set @id_barang = 0;
            set @id_warehouse = 0;
            set @brg_pengiriman_qty = new.brg_pengiriman_qty;
            set @id_satuan_terima = new.id_fk_satuan;
            set @brg_keluar_qty = old.brg_pengiriman_qty;
            set @id_satuan_keluar = old.id_fk_satuan;
            set @id_fk_brg_penjualan = new.id_fk_brg_penjualan;
            set @id_fk_brg_retur = new.id_fk_brg_retur_kembali;
            set @id_fk_brg_pemenuhan = new.id_fk_brg_pemenuhan;

            if @id_fk_brg_penjualan is not null and @id_fk_brg_penjualan != 0
            then
            select mstr_pengiriman.id_fk_cabang, id_fk_barang, id_fk_warehouse into @id_cabang,@id_barang,@id_warehouse 
            from tbl_brg_pengiriman
            inner join tbl_brg_penjualan on tbl_brg_penjualan.id_pk_brg_penjualan = tbl_brg_pengiriman.id_fk_brg_penjualan
            inner join mstr_penjualan on mstr_penjualan.id_pk_penjualan = tbl_brg_penjualan.id_fk_penjualan inner join mstr_pengiriman on mstr_pengiriman.id_pk_pengiriman = tbl_brg_pengiriman.id_fk_pengiriman
            where id_pk_brg_pengiriman = new.id_pk_brg_pengiriman;
            
            elseif @id_fk_brg_retur is not null and @id_fk_brg_retur != 0 then
            select mstr_pengiriman.id_fk_cabang, id_fk_brg, id_fk_warehouse into @id_cabang,@id_barang,@id_warehouse
            from tbl_brg_pengiriman
            inner join tbl_retur_kembali on tbl_retur_kembali.id_pk_retur_kembali = tbl_brg_pengiriman.id_fk_brg_retur_kembali
            inner join mstr_pengiriman on mstr_pengiriman.id_pk_pengiriman = tbl_brg_pengiriman.id_fk_pengiriman
            where id_pk_brg_pengiriman = new.id_pk_brg_pengiriman;

            elseif @id_fk_brg_pemenuhan is not null and @id_fk_brg_pemenuhan != 0
            then
            select mstr_pengiriman.id_fk_cabang, id_fk_brg, mstr_pengiriman.id_fk_warehouse into @id_cabang,@id_barang,@id_warehouse
            from tbl_brg_pengiriman
            inner join tbl_brg_pemenuhan on tbl_brg_pemenuhan.id_pk_brg_pemenuhan = tbl_brg_pengiriman.id_fk_brg_pemenuhan
            inner join tbl_brg_permintaan on tbl_brg_permintaan.id_pk_brg_permintaan = tbl_brg_pemenuhan.id_fk_brg_permintaan
            inner join mstr_pengiriman on mstr_pengiriman.id_pk_pengiriman = tbl_brg_pengiriman.id_fk_pengiriman
            where id_pk_brg_pengiriman = new.id_pk_brg_pengiriman;
            end if;
            
            if @id_warehouse is not null then
            call update_stok_barang_warehouse(@id_barang,@id_warehouse,@brg_keluar_qty,@id_satuan_keluar,@brg_pengiriman_qty,@id_satuan_terima);
            elseif @id_cabang is not null then 
            call update_stok_barang_cabang(@id_barang,@id_cabang,@brg_keluar_qty,@id_satuan_keluar,@brg_pengiriman_qty,@id_satuan_terima);
            end if;
        end
$$
DELIMITER ;

-- --------------------------------------------------------

--
-- Table structure for table `tbl_brg_pengiriman_log`
--

CREATE TABLE `tbl_brg_pengiriman_log` (
  `id_pk_brg_pengiriman_log` int(11) NOT NULL,
  `executed_function` varchar(30) DEFAULT NULL,
  `id_pk_brg_pengiriman` int(11) DEFAULT NULL,
  `brg_pengiriman_qty` double DEFAULT NULL,
  `brg_pengiriman_note` varchar(200) DEFAULT NULL,
  `id_fk_pengiriman` int(11) DEFAULT NULL,
  `id_fk_brg_penjualan` int(11) DEFAULT NULL,
  `id_fk_brg_retur_kembali` int(11) DEFAULT NULL,
  `id_fk_brg_pemenuhan` int(11) DEFAULT NULL,
  `id_fk_satuan` int(11) DEFAULT NULL,
  `brg_pengiriman_create_date` datetime DEFAULT NULL,
  `brg_pengiriman_last_modified` datetime DEFAULT NULL,
  `id_create_data` int(11) DEFAULT NULL,
  `id_last_modified` int(11) DEFAULT NULL,
  `id_log_all` int(11) DEFAULT NULL
) ENGINE=InnoDB DEFAULT CHARSET=utf8mb4;

--
-- Dumping data for table `tbl_brg_pengiriman_log`
--

INSERT INTO `tbl_brg_pengiriman_log` (`id_pk_brg_pengiriman_log`, `executed_function`, `id_pk_brg_pengiriman`, `brg_pengiriman_qty`, `brg_pengiriman_note`, `id_fk_pengiriman`, `id_fk_brg_penjualan`, `id_fk_brg_retur_kembali`, `id_fk_brg_pemenuhan`, `id_fk_satuan`, `brg_pengiriman_create_date`, `brg_pengiriman_last_modified`, `id_create_data`, `id_last_modified`, `id_log_all`) VALUES
(3, 'after insert', 3, 10, '-', 33, 0, 0, 8, 1, '2020-06-29 06:10:03', '2020-06-29 06:10:03', 1, 1, 1362),
(4, 'after insert', 4, 10, '-', 34, 0, 0, 7, 1, '2020-06-29 06:10:27', '2020-06-29 06:10:27', 1, 1, 1365),
(5, 'after insert', 5, 10, '-', 35, 0, 0, 6, 1, '2020-06-29 06:10:43', '2020-06-29 06:10:43', 1, 1, 1368),
(11, 'after insert', 11, 10, '-', 41, 0, 0, 5, 1, '2020-06-29 06:18:49', '2020-06-29 06:18:49', 1, 1, 1381),
(12, 'after update', 4, 0, '-', 34, 0, 0, 7, 1, '2020-06-29 06:10:27', '2020-06-29 06:18:59', 1, 1, 1385),
(13, 'after update', 11, 0, '-', 41, 0, 0, 5, 1, '2020-06-29 06:18:49', '2020-06-29 06:26:23', 1, 1, 1389),
(14, 'after insert', 12, 10, '-', 42, 0, 0, 7, 1, '2020-06-29 06:26:31', '2020-06-29 06:26:31', 1, 1, 1393),
(15, 'after update', 12, 0, '-', 42, 0, 0, 7, 1, '2020-06-29 06:26:31', '2020-06-29 06:26:37', 1, 1, 1397),
(16, 'after insert', 13, 10, '-', 43, 4, 0, 0, 1, '2020-06-29 06:27:13', '2020-06-29 06:27:13', 1, 1, 1401),
(17, 'after insert', 14, 10, '-', 43, 5, 0, 0, 1, '2020-06-29 06:27:13', '2020-06-29 06:27:13', 1, 1, 1403),
(18, 'after update', 13, 15, '-', 43, 4, 0, 0, 1, '2020-06-29 06:27:13', '2020-06-29 06:27:36', 1, 1, 1406),
(19, 'after update', 14, 10, '-', 43, 5, 0, 0, 1, '2020-06-29 06:27:13', '2020-06-29 06:27:36', 1, 1, 1408),
(20, 'after update', 13, 0, '-', 43, 4, 0, 0, 1, '2020-06-29 06:27:13', '2020-06-29 06:27:46', 1, 1, 1411),
(21, 'after update', 14, 0, '-', 43, 5, 0, 0, 1, '2020-06-29 06:27:13', '2020-06-29 06:27:46', 1, 1, 1413),
(22, 'after insert', 15, 100, '-', 44, 0, 0, 16, 1, '2020-07-07 01:21:04', '2020-07-07 01:21:04', 1, 1, 5039),
(23, 'after insert', 16, 100, '-', 45, 0, 0, 14, 1, '2020-07-07 01:22:34', '2020-07-07 01:22:34', 1, 1, 5085),
(24, 'after insert', 17, 10, '-', 46, 0, 0, 17, 1, '2020-07-07 01:23:43', '2020-07-07 01:23:43', 1, 1, 5104),
(25, 'after update', 15, 0, '-', 44, 0, 0, 16, 1, '2020-07-07 01:21:04', '2020-07-07 01:24:20', 1, 1, 5115),
(26, 'after update', 17, 0, '-', 46, 0, 0, 17, 1, '2020-07-07 01:23:43', '2020-07-07 01:24:22', 1, 1, 5121),
(27, 'after update', 16, 0, '-', 45, 0, 0, 14, 1, '2020-07-07 01:22:34', '2020-07-07 01:24:24', 1, 1, 5132),
(28, 'after insert', 18, 100, '-', 47, 0, 0, 16, 1, '2020-07-07 01:25:51', '2020-07-07 01:25:51', 1, 1, 5159),
(29, 'after insert', 19, 10, '-', 48, 0, 0, 19, 1, '2020-07-07 01:26:50', '2020-07-07 01:26:50', 1, 1, 5187),
(30, 'after insert', 20, 10, '-', 49, 0, 0, 17, 1, '2020-07-07 01:27:00', '2020-07-07 01:27:00', 1, 1, 5197),
(37, 'after insert', 27, 10, '-', 56, 0, 0, 18, 1, '2020-07-07 01:30:28', '2020-07-07 01:30:28', 1, 1, 5220),
(38, 'after update', 18, 0, '-', 47, 0, 0, 16, 1, '2020-07-07 01:25:51', '2020-07-07 01:30:52', 1, 1, 5248),
(39, 'after update', 18, 0, '-', 47, 0, 0, 16, 1, '2020-07-07 01:25:51', '2020-07-07 01:30:53', 1, 1, 5252),
(40, 'after update', 20, 0, '-', 49, 0, 0, 17, 1, '2020-07-07 01:27:00', '2020-07-07 01:30:59', 1, 1, 5262),
(41, 'after update', 27, 0, '-', 56, 0, 0, 18, 1, '2020-07-07 01:30:28', '2020-07-07 01:31:05', 1, 1, 5273),
(42, 'after update', 19, 0, '-', 48, 0, 0, 19, 1, '2020-07-07 01:26:50', '2020-07-07 01:31:08', 1, 1, 5277),
(43, 'after insert', 28, 100, '-', 57, 0, 0, 16, 1, '2020-07-07 01:31:20', '2020-07-07 01:31:20', 1, 1, 5287),
(44, 'after insert', 29, 10, '-', 58, 0, 0, 17, 1, '2020-07-07 01:31:31', '2020-07-07 01:31:31', 1, 1, 5306),
(45, 'after insert', 30, 100, '-', 59, 0, 0, 14, 1, '2020-07-07 01:40:36', '2020-07-07 01:40:36', 1, 1, 5317),
(46, 'after insert', 31, 10, '-', 60, 0, 0, 18, 1, '2020-07-07 01:41:51', '2020-07-07 01:41:51', 1, 1, 5327),
(47, 'after insert', 32, 10, '-', 61, 0, 0, 19, 1, '2020-07-07 01:42:03', '2020-07-07 01:42:03', 1, 1, 5337),
(49, 'after update', 31, 0, '-', 60, 0, 0, 18, 1, '2020-07-07 01:41:51', '2020-07-07 01:46:52', 1, 1, 5359),
(50, 'after update', 28, 0, '-', 57, 0, 0, 16, 1, '2020-07-07 01:31:20', '2020-07-07 01:47:10', 1, 1, 5369),
(51, 'after insert', 33, 10, '-', 62, 0, 0, 18, 1, '2020-07-07 01:47:37', '2020-07-07 01:47:37', 1, 1, 5379),
(52, 'after update', 29, 0, '-', 58, 0, 0, 17, 1, '2020-07-07 01:31:31', '2020-07-07 01:47:50', 1, 1, 5389),
(53, 'after update', 30, 0, '-', 59, 0, 0, 14, 1, '2020-07-07 01:40:36', '2020-07-07 01:47:53', 1, 1, 5394),
(54, 'after update', 32, 0, '-', 61, 0, 0, 19, 1, '2020-07-07 01:42:03', '2020-07-07 01:47:55', 1, 1, 5398),
(55, 'after update', 33, 0, '-', 62, 0, 0, 18, 1, '2020-07-07 01:47:37', '2020-07-07 01:47:57', 1, 1, 5402),
(56, 'after insert', 34, 100, '-', 63, 0, 0, 14, 1, '2020-07-07 01:48:05', '2020-07-07 01:48:05', 1, 1, 5412),
(57, 'after update', 34, 0, '-', 63, 0, 0, 14, 1, '2020-07-07 01:48:05', '2020-07-07 01:48:12', 1, 1, 5422),
(58, 'after insert', 35, 10, '-', 64, 0, 0, 21, 1, '2020-07-07 01:53:52', '2020-07-07 01:53:52', 1, 1, 5444),
(59, 'after update', 35, 0, '-', 64, 0, 0, 21, 1, '2020-07-07 01:53:52', '2020-07-07 01:54:09', 1, 1, 5475),
(60, 'after insert', 36, 10, '-', 65, 0, 0, 21, 1, '2020-07-07 01:54:21', '2020-07-07 01:54:21', 1, 1, 5506),
(61, 'after insert', 37, 10, '-', 66, 0, 0, 18, 1, '2020-07-07 02:02:25', '2020-07-07 02:02:25', 1, 1, 5549),
(63, 'after insert', 39, 10, '-', 68, 0, 0, 19, 1, '2020-07-07 02:05:55', '2020-07-07 02:05:55', 1, 1, 5561),
(64, 'after update', 39, 0, '-', 68, 0, 0, 19, 1, '2020-07-07 02:05:55', '2020-07-07 02:06:34', 1, 1, 5576),
(65, 'after insert', 40, 10, '-', 69, 2, 0, 0, 1, '2020-07-19 01:03:10', '2020-07-19 01:03:10', 2, 2, 9108),
(66, 'after insert', 41, 10, '-', 69, 3, 0, 0, 1, '2020-07-19 01:03:10', '2020-07-19 01:03:10', 2, 2, 9116),
(67, 'after insert', 42, 10, '-', 70, 2, 0, 0, 1, '2020-07-19 01:04:20', '2020-07-19 01:04:20', 2, 2, 9120),
(68, 'after insert', 43, 10, '-', 70, 3, 0, 0, 1, '2020-07-19 01:04:20', '2020-07-19 01:04:20', 2, 2, 9128),
(69, 'after insert', 44, 10, '-', 71, 2, 0, 0, 1, '2020-07-19 01:04:30', '2020-07-19 01:04:30', 2, 2, 9132),
(70, 'after insert', 45, 10, '-', 71, 3, 0, 0, 1, '2020-07-19 01:04:30', '2020-07-19 01:04:30', 2, 2, 9140),
(71, 'after insert', 46, 10, '-', 72, 2, 0, 0, 1, '2020-07-19 01:05:26', '2020-07-19 01:05:26', 2, 2, 9144),
(72, 'after insert', 47, 10, '-', 72, 3, 0, 0, 1, '2020-07-19 01:05:26', '2020-07-19 01:05:26', 2, 2, 9152),
(73, 'after insert', 48, 10, '-', 73, 2, 0, 0, 1, '2020-07-19 01:05:28', '2020-07-19 01:05:28', 2, 2, 9156),
(74, 'after insert', 49, 10, '-', 73, 3, 0, 0, 1, '2020-07-19 01:05:28', '2020-07-19 01:05:28', 2, 2, 9164),
(75, 'after insert', 50, 10, '-', 74, 2, 0, 0, 1, '2020-07-19 01:06:34', '2020-07-19 01:06:34', 2, 2, 9168),
(76, 'after insert', 51, 10, '-', 74, 3, 0, 0, 1, '2020-07-19 01:06:34', '2020-07-19 01:06:34', 2, 2, 9176),
(77, 'after insert', 52, 10, '-', 75, 2, 0, 0, 1, '2020-07-19 01:06:37', '2020-07-19 01:06:37', 2, 2, 9180),
(78, 'after insert', 53, 10, '-', 75, 3, 0, 0, 1, '2020-07-19 01:06:37', '2020-07-19 01:06:37', 2, 2, 9188);

-- --------------------------------------------------------

--
-- Table structure for table `tbl_brg_penjualan`
--

CREATE TABLE `tbl_brg_penjualan` (
  `id_pk_brg_penjualan` int(11) NOT NULL,
  `brg_penjualan_qty_real` double DEFAULT NULL,
  `brg_penjualan_satuan_real` varchar(20) DEFAULT NULL,
  `brg_penjualan_qty` double DEFAULT NULL,
  `brg_penjualan_satuan` varchar(20) DEFAULT NULL,
  `brg_penjualan_harga` int(11) DEFAULT NULL,
  `brg_penjualan_note` varchar(150) DEFAULT NULL,
  `brg_penjualan_status` varchar(15) DEFAULT NULL,
  `id_fk_penjualan` int(11) DEFAULT NULL,
  `id_fk_barang` int(11) DEFAULT NULL,
  `brg_penjualan_create_date` datetime DEFAULT NULL,
  `brg_penjualan_last_modified` datetime DEFAULT NULL,
  `id_create_data` int(11) DEFAULT NULL,
  `id_last_modified` int(11) DEFAULT NULL
) ENGINE=MyISAM DEFAULT CHARSET=latin1;

--
-- Dumping data for table `tbl_brg_penjualan`
--

INSERT INTO `tbl_brg_penjualan` (`id_pk_brg_penjualan`, `brg_penjualan_qty_real`, `brg_penjualan_satuan_real`, `brg_penjualan_qty`, `brg_penjualan_satuan`, `brg_penjualan_harga`, `brg_penjualan_note`, `brg_penjualan_status`, `id_fk_penjualan`, `id_fk_barang`, `brg_penjualan_create_date`, `brg_penjualan_last_modified`, `id_create_data`, `id_last_modified`) VALUES
(1, 1, 'Pcs', 2, 'Pcs', 20000, '-', 'AKTIF', 1, 1, '2020-06-22 09:39:51', '2020-06-22 06:55:38', 1, 1),
(2, 2, 'Pcs', 2, 'Pcs', 30000, '-', 'AKTIF', 1, 2, '2020-06-22 09:39:51', '2020-07-18 11:00:50', 1, 2),
(3, 3, 'Pcs', 4, 'Pcs', 4000, '-', 'AKTIF', 1, 3, '2020-06-22 09:55:58', '2020-07-18 11:00:50', 1, 2),
(4, 10, 'Pcs', 15, 'Pcs', 30000, '-', 'AKTIF', 2, 1, '2020-06-22 05:37:45', '2020-06-22 06:05:31', 1, 1),
(5, 15, 'Pcs', 15, 'Pcs', 40000, '-', 'AKTIF', 2, 3, '2020-06-22 05:37:45', '2020-06-22 06:05:31', 1, 1),
(6, 10, 'Pcs', 20, 'Pcs', 40000, '-', 'AKTIF', 4, 4, '2020-06-22 06:42:24', '2020-06-22 06:42:24', 1, 1),
(7, 10, 'Pcs', 20, 'Pcs', 40000, '-', 'AKTIF', 5, 4, '2020-06-22 06:42:38', '2020-06-22 06:42:38', 1, 1),
(8, 10, 'Pcs', 20, 'Pcs', 40000, '-', 'AKTIF', 6, 4, '2020-06-22 06:44:01', '2020-06-22 06:44:01', 1, 1),
(9, 2, 'Pcs', 3, 'pcs', 123000, '-', 'AKTIF', 249, 5, '2020-07-17 11:56:04', '2020-07-18 12:46:27', 2, 2),
(10, 1, 'Pcs', 1, 'Pcs', 46, '-', 'AKTIF', 121, 2, '2020-07-24 04:41:16', '2020-07-24 04:41:16', 2, 2),
(11, 1, 'Pcs', 1.75, 'Pcs', 12000, '-', 'AKTIF', 250, 2, '2020-07-24 04:55:20', '2020-07-24 06:00:49', 2, 2),
(12, 2, 'Pcs', 2.3, 'Pcs', 15000, '-', 'AKTIF', 250, 6, '2020-07-24 05:58:17', '2020-07-24 06:00:49', 2, 2);

--
-- Triggers `tbl_brg_penjualan`
--
DELIMITER $$
CREATE TRIGGER `trg_after_insert_brg_penjualan` AFTER INSERT ON `tbl_brg_penjualan` FOR EACH ROW begin
            set @id_user = new.id_last_modified;
            set @tgl_action = new.brg_penjualan_last_modified;
            set @log_text = concat(new.id_last_modified,' ','insert data at' , new.brg_penjualan_last_modified);
            call insert_log_all(@id_user,@tgl_action,@log_text,@id_log_all);
            
            insert into tbl_brg_penjualan_log(executed_function,id_pk_brg_penjualan,brg_penjualan_qty_real,brg_penjualan_satuan_real,brg_penjualan_qty,brg_penjualan_satuan,brg_penjualan_harga,brg_penjualan_note,brg_penjualan_status,id_fk_penjualan,id_fk_barang,brg_penjualan_create_date,brg_penjualan_last_modified,id_create_data,id_last_modified,id_log_all) values ('after insert',new.id_pk_brg_penjualan,new.brg_penjualan_qty_real,new.brg_penjualan_satuan_real,new.brg_penjualan_qty,new.brg_penjualan_satuan,new.brg_penjualan_harga,new.brg_penjualan_note,new.brg_penjualan_status,new.id_fk_penjualan,new.id_fk_barang,new.brg_penjualan_create_date,new.brg_penjualan_last_modified,new.id_create_data,new.id_last_modified,@id_log_all);
        end
$$
DELIMITER ;
DELIMITER $$
CREATE TRIGGER `trg_after_update_brg_penjualan` AFTER UPDATE ON `tbl_brg_penjualan` FOR EACH ROW begin
            set @id_user = new.id_last_modified;
            set @tgl_action = new.brg_penjualan_last_modified;
            set @log_text = concat(new.id_last_modified,' ','update data at' , new.brg_penjualan_last_modified);
            call insert_log_all(@id_user,@tgl_action,@log_text,@id_log_all);
            
            insert into tbl_brg_penjualan_log(executed_function,id_pk_brg_penjualan,brg_penjualan_qty_real,brg_penjualan_satuan_real,brg_penjualan_qty,brg_penjualan_satuan,brg_penjualan_harga,brg_penjualan_note,brg_penjualan_status,id_fk_penjualan,id_fk_barang,brg_penjualan_create_date,brg_penjualan_last_modified,id_create_data,id_last_modified,id_log_all) values ('after update',new.id_pk_brg_penjualan,new.brg_penjualan_qty_real,new.brg_penjualan_satuan_real,new.brg_penjualan_qty,new.brg_penjualan_satuan,new.brg_penjualan_harga,new.brg_penjualan_note,new.brg_penjualan_status,new.id_fk_penjualan,new.id_fk_barang,new.brg_penjualan_create_date,new.brg_penjualan_last_modified,new.id_create_data,new.id_last_modified,@id_log_all);
        end
$$
DELIMITER ;

-- --------------------------------------------------------

--
-- Table structure for table `tbl_brg_penjualan_log`
--

CREATE TABLE `tbl_brg_penjualan_log` (
  `id_pk_brg_penjualan_log` int(11) NOT NULL,
  `executed_function` varchar(30) DEFAULT NULL,
  `id_pk_brg_penjualan` int(11) DEFAULT NULL,
  `brg_penjualan_qty_real` double DEFAULT NULL,
  `brg_penjualan_satuan_real` varchar(20) DEFAULT NULL,
  `brg_penjualan_qty` double DEFAULT NULL,
  `brg_penjualan_satuan` varchar(20) DEFAULT NULL,
  `brg_penjualan_harga` int(11) DEFAULT NULL,
  `brg_penjualan_note` varchar(150) DEFAULT NULL,
  `brg_penjualan_status` varchar(15) DEFAULT NULL,
  `id_fk_penjualan` int(11) DEFAULT NULL,
  `id_fk_barang` int(11) DEFAULT NULL,
  `brg_penjualan_create_date` datetime DEFAULT NULL,
  `brg_penjualan_last_modified` datetime DEFAULT NULL,
  `id_create_data` int(11) DEFAULT NULL,
  `id_last_modified` int(11) DEFAULT NULL,
  `id_log_all` int(11) DEFAULT NULL
) ENGINE=MyISAM DEFAULT CHARSET=latin1;

--
-- Dumping data for table `tbl_brg_penjualan_log`
--

INSERT INTO `tbl_brg_penjualan_log` (`id_pk_brg_penjualan_log`, `executed_function`, `id_pk_brg_penjualan`, `brg_penjualan_qty_real`, `brg_penjualan_satuan_real`, `brg_penjualan_qty`, `brg_penjualan_satuan`, `brg_penjualan_harga`, `brg_penjualan_note`, `brg_penjualan_status`, `id_fk_penjualan`, `id_fk_barang`, `brg_penjualan_create_date`, `brg_penjualan_last_modified`, `id_create_data`, `id_last_modified`, `id_log_all`) VALUES
(1, 'after insert', 1, 1, 'Pcs', 2, 'Pcs', 20000, '-', 'AKTIF', 1, 1, '2020-06-22 09:39:51', '2020-06-22 09:39:51', 1, 1, 320),
(2, 'after insert', 2, 2, 'Pcs', 2, 'Pcs', 30000, '-', 'AKTIF', 1, 2, '2020-06-22 09:39:51', '2020-06-22 09:39:51', 1, 1, 321),
(3, 'after insert', 3, 3, 'Pcs', 4, 'Pcs', 40000, '-', 'AKTIF', 1, 3, '2020-06-22 09:55:58', '2020-06-22 09:55:58', 1, 1, 330),
(4, 'after update', 1, 1, 'Pcs', 2, 'Pcs', 20000, '-', 'AKTIF', 1, 1, '2020-06-22 09:39:51', '2020-06-22 09:55:58', 1, 1, 331),
(5, 'after update', 2, 2, 'Pcs', 2, 'Pcs', 30000, '-', 'AKTIF', 1, 2, '2020-06-22 09:39:51', '2020-06-22 09:55:58', 1, 1, 332),
(6, 'after update', 1, 1, 'Pcs', 2, 'Pcs', 20000, '-', 'AKTIF', 1, 1, '2020-06-22 09:39:51', '2020-06-22 10:05:28', 1, 1, 340),
(7, 'after update', 2, 2, 'Pcs', 2, 'Pcs', 30000, '-', 'AKTIF', 1, 2, '2020-06-22 09:39:51', '2020-06-22 10:05:28', 1, 1, 341),
(8, 'after update', 3, 3, 'Pcs', 4, 'Pcs', 4000, '-', 'AKTIF', 1, 3, '2020-06-22 09:55:58', '2020-06-22 10:05:28', 1, 1, 342),
(9, 'after insert', 4, 10, 'Pcs', 15, 'Pcs', 30000, '-', 'AKTIF', 2, 1, '2020-06-22 05:37:45', '2020-06-22 05:37:45', 1, 1, 659),
(10, 'after insert', 5, 15, 'Pcs', 15, 'Pcs', 40000, '-', 'AKTIF', 2, 3, '2020-06-22 05:37:45', '2020-06-22 05:37:45', 1, 1, 660),
(11, 'after update', 4, 10, 'Pcs', 15, 'Pcs', 30000, '-', 'AKTIF', 2, 1, '2020-06-22 05:37:45', '2020-06-22 06:05:31', 1, 1, 756),
(12, 'after update', 5, 15, 'Pcs', 15, 'Pcs', 40000, '-', 'AKTIF', 2, 3, '2020-06-22 05:37:45', '2020-06-22 06:05:31', 1, 1, 757),
(13, 'after insert', 6, 10, 'Pcs', 20, 'Pcs', 40000, '-', 'AKTIF', 4, 4, '2020-06-22 06:42:24', '2020-06-22 06:42:24', 1, 1, 818),
(14, 'after insert', 7, 10, 'Pcs', 20, 'Pcs', 40000, '-', 'AKTIF', 5, 4, '2020-06-22 06:42:38', '2020-06-22 06:42:38', 1, 1, 821),
(15, 'after insert', 8, 10, 'Pcs', 20, 'Pcs', 40000, '-', 'AKTIF', 6, 4, '2020-06-22 06:44:01', '2020-06-22 06:44:01', 1, 1, 824),
(16, 'after update', 1, 1, 'Pcs', 2, 'Pcs', 20000, '-', 'AKTIF', 1, 1, '2020-06-22 09:39:51', '2020-06-22 06:55:38', 1, 1, 839),
(17, 'after update', 2, 2, 'Pcs', 2, 'Pcs', 30000, '-', 'AKTIF', 1, 2, '2020-06-22 09:39:51', '2020-06-22 06:55:38', 1, 1, 840),
(18, 'after update', 3, 3, 'Pcs', 4, 'Pcs', 4000, '-', 'AKTIF', 1, 3, '2020-06-22 09:55:58', '2020-06-22 06:55:38', 1, 1, 841),
(19, 'after insert', 9, 2, 'Pcs', 3, 'pcs', 123000, '-', 'AKTIF', 249, 5, '2020-07-17 11:56:04', '2020-07-17 11:56:04', 2, 2, 8358),
(20, 'after update', 9, 2, 'Pcs', 3, 'pcs', 123000, '-', 'AKTIF', 249, 5, '2020-07-17 11:56:04', '2020-07-18 12:36:12', 2, 2, 8466),
(21, 'after update', 9, 2, 'Pcs', 3, 'pcs', 123000, '-', 'AKTIF', 249, 5, '2020-07-17 11:56:04', '2020-07-18 12:42:38', 2, 2, 8525),
(22, 'after update', 9, 2, 'Pcs', 3, 'pcs', 123000, '-', 'AKTIF', 249, 5, '2020-07-17 11:56:04', '2020-07-18 12:43:13', 2, 2, 8528),
(23, 'after update', 9, 2, 'Pcs', 3, 'pcs', 123000, '-', 'AKTIF', 249, 5, '2020-07-17 11:56:04', '2020-07-18 12:46:27', 2, 2, 8532),
(24, 'after update', 2, 2, 'Pcs', 2, 'Pcs', 30000, '-', 'AKTIF', 1, 2, '2020-06-22 09:39:51', '2020-07-18 11:00:50', 1, 2, 9031),
(25, 'after update', 3, 3, 'Pcs', 4, 'Pcs', 4000, '-', 'AKTIF', 1, 3, '2020-06-22 09:55:58', '2020-07-18 11:00:50', 1, 2, 9032),
(26, 'after insert', 10, 1, 'Pcs', 1, 'Pcs', 46, '-', 'AKTIF', 121, 2, '2020-07-24 04:41:16', '2020-07-24 04:41:16', 2, 2, 928),
(27, 'after insert', 11, 1, 'Pcs', 1.5, 'Pcs', 10000, '-', 'AKTIF', 250, 2, '2020-07-24 04:55:20', '2020-07-24 04:55:20', 2, 2, 974),
(28, 'after update', 11, 1, 'Pcs', 1, 'Pcs', 10, '-', 'AKTIF', 250, 2, '2020-07-24 04:55:20', '2020-07-24 05:42:18', 2, 2, 1059),
(29, 'after insert', 12, 2, 'Pcs', 2.3, 'Pcs', 15000, '-', 'AKTIF', 250, 6, '2020-07-24 05:58:17', '2020-07-24 05:58:17', 2, 2, 1106),
(30, 'after update', 11, 1, 'Pcs', 1.75, 'Pcs', 12300, '-', 'AKTIF', 250, 2, '2020-07-24 04:55:20', '2020-07-24 05:58:17', 2, 2, 1107),
(31, 'after update', 11, 1, 'Pcs', 1.75, 'Pcs', 12000, '-', 'AKTIF', 250, 2, '2020-07-24 04:55:20', '2020-07-24 05:59:36', 2, 2, 1133),
(32, 'after update', 12, 2, 'Pcs', 2.3, 'Pcs', 15000, '-', 'AKTIF', 250, 6, '2020-07-24 05:58:17', '2020-07-24 05:59:36', 2, 2, 1134),
(33, 'after update', 11, 1, 'Pcs', 1.75, 'Pcs', 12000, '-', 'AKTIF', 250, 2, '2020-07-24 04:55:20', '2020-07-24 06:00:25', 2, 2, 1146),
(34, 'after update', 12, 2, 'Pcs', 2.3, 'Pcs', 15000, '-', 'AKTIF', 250, 6, '2020-07-24 05:58:17', '2020-07-24 06:00:25', 2, 2, 1147),
(35, 'after update', 11, 1, 'Pcs', 1.75, 'Pcs', 12000, '-', 'AKTIF', 250, 2, '2020-07-24 04:55:20', '2020-07-24 06:00:30', 2, 2, 1159),
(36, 'after update', 12, 2, 'Pcs', 2.3, 'Pcs', 15000, '-', 'AKTIF', 250, 6, '2020-07-24 05:58:17', '2020-07-24 06:00:30', 2, 2, 1160),
(37, 'after update', 11, 1, 'Pcs', 1.75, 'Pcs', 12000, '-', 'AKTIF', 250, 2, '2020-07-24 04:55:20', '2020-07-24 06:00:49', 2, 2, 1172),
(38, 'after update', 12, 2, 'Pcs', 2.3, 'Pcs', 15000, '-', 'AKTIF', 250, 6, '2020-07-24 05:58:17', '2020-07-24 06:00:49', 2, 2, 1173);

-- --------------------------------------------------------

--
-- Table structure for table `tbl_brg_permintaan`
--

CREATE TABLE `tbl_brg_permintaan` (
  `id_pk_brg_permintaan` int(11) NOT NULL,
  `brg_permintaan_qty` int(11) DEFAULT NULL,
  `brg_permintaan_notes` text DEFAULT NULL,
  `brg_permintaan_deadline` date DEFAULT NULL,
  `brg_permintaan_status` varchar(7) DEFAULT NULL COMMENT 'BELUM/SEDANG/SUDAH/BATAL',
  `id_fk_brg` int(11) DEFAULT NULL,
  `id_fk_cabang` int(11) DEFAULT NULL,
  `brg_permintaan_create_date` datetime DEFAULT NULL,
  `brg_permintaan_last_modified` datetime DEFAULT NULL,
  `id_create_data` int(11) DEFAULT NULL,
  `id_last_modified` int(11) DEFAULT NULL
) ENGINE=MyISAM DEFAULT CHARSET=latin1;

--
-- Dumping data for table `tbl_brg_permintaan`
--

INSERT INTO `tbl_brg_permintaan` (`id_pk_brg_permintaan`, `brg_permintaan_qty`, `brg_permintaan_notes`, `brg_permintaan_deadline`, `brg_permintaan_status`, `id_fk_brg`, `id_fk_cabang`, `brg_permintaan_create_date`, `brg_permintaan_last_modified`, `id_create_data`, `id_last_modified`) VALUES
(1, 3, '-', '2222-02-22', 'SEDANG', 1, 1, '2020-06-22 11:53:18', '2020-06-22 10:50:36', 1, 1),
(2, 100, '-', '2222-03-22', 'BELUM', 1, 2, '2020-06-22 05:49:10', '2020-06-22 05:49:10', 1, 1),
(3, 100, '-', '2020-07-22', 'SEDANG', 2, 1, '2020-07-07 10:53:15', '2020-07-07 06:15:18', 1, 1),
(4, 100, '-', '2222-02-22', 'selesai', 3, 1, '2020-07-07 10:53:19', '2020-07-07 08:23:19', 1, 1),
(5, 100, '-', '2222-12-22', 'SELESAI', 5, 2, '2020-07-07 10:53:44', '2020-07-22 04:18:58', 1, 2),
(6, 100, '-', '2222-12-22', 'BATAL', 6, 2, '2020-07-07 10:53:49', '2020-07-22 04:23:58', 1, 2),
(7, 100, '-', '2222-12-22', 'SEDANG', 7, 2, '2020-07-07 10:53:52', '2020-07-22 04:00:16', 1, 2),
(8, 1, '-', '2020-12-22', 'SELESAI', 2, 2, '2020-07-21 01:57:58', '2020-07-22 04:14:25', 2, 2),
(9, 20000, '-', '2020-07-23', 'BELUM', 5, 2, '2020-07-22 09:35:47', '2020-07-22 09:35:47', 2, 2);

--
-- Triggers `tbl_brg_permintaan`
--
DELIMITER $$
CREATE TRIGGER `trg_after_insert_brg_permintaan` AFTER INSERT ON `tbl_brg_permintaan` FOR EACH ROW begin
            set @id_user = new.id_last_modified;
            set @tgl_action = new.brg_permintaan_last_modified;
            set @log_text = concat(new.id_last_modified,' ','insert data at ' , new.brg_permintaan_last_modified);
            call insert_log_all(@id_user,@tgl_action,@log_text,@id_log_all);
            
            insert into tbl_brg_permintaan_log(executed_function,
            id_pk_brg_permintaan,
            brg_permintaan_qty,
            brg_permintaan_notes,
            brg_permintaan_deadline,
            brg_permintaan_status,
            id_fk_brg,
            id_fk_cabang,
            brg_permintaan_create_date,
            brg_permintaan_last_modified,
            id_create_data,
            id_last_modified,
            id_log_all) values ('after insert',
            new.id_pk_brg_permintaan,
            new.brg_permintaan_qty,
            new.brg_permintaan_notes,
            new.brg_permintaan_deadline,
            new.brg_permintaan_status,
            new.id_fk_brg,
            new.id_fk_cabang,
            new.brg_permintaan_create_date,
            new.brg_permintaan_last_modified,
            new.id_create_data,
            new.id_last_modified,@id_log_all);
        end
$$
DELIMITER ;
DELIMITER $$
CREATE TRIGGER `trg_after_update_brg_permintaan` AFTER UPDATE ON `tbl_brg_permintaan` FOR EACH ROW begin
            set @id_user = new.id_last_modified;
            set @tgl_action = new.brg_permintaan_last_modified;
            set @log_text = concat(new.id_last_modified,' ','update data at ' , new.brg_permintaan_last_modified);
            call insert_log_all(@id_user,@tgl_action,@log_text,@id_log_all);
            
            insert into tbl_brg_permintaan_log(executed_function,
            id_pk_brg_permintaan,
            brg_permintaan_qty,
            brg_permintaan_notes,
            brg_permintaan_deadline,
            brg_permintaan_status,
            id_fk_brg,
            id_fk_cabang,
            brg_permintaan_create_date,
            brg_permintaan_last_modified,
            id_create_data,
            id_last_modified,
            id_log_all) values ('after insert',
            new.id_pk_brg_permintaan,
            new.brg_permintaan_qty,
            new.brg_permintaan_notes,
            new.brg_permintaan_deadline,
            new.brg_permintaan_status,
            new.id_fk_brg,
            new.id_fk_cabang,
            new.brg_permintaan_create_date,
            new.brg_permintaan_last_modified,
            new.id_create_data,
            new.id_last_modified,@id_log_all);
        end
$$
DELIMITER ;

-- --------------------------------------------------------

--
-- Table structure for table `tbl_brg_permintaan_log`
--

CREATE TABLE `tbl_brg_permintaan_log` (
  `id_pk_penerimaan_log` int(11) NOT NULL,
  `executed_function` varchar(30) DEFAULT NULL,
  `id_pk_brg_permintaan` int(11) DEFAULT NULL,
  `brg_permintaan_qty` int(11) DEFAULT NULL,
  `brg_permintaan_notes` text DEFAULT NULL,
  `brg_permintaan_deadline` date DEFAULT NULL,
  `brg_permintaan_status` varchar(7) DEFAULT NULL COMMENT 'BELUM/SEDANG/SUDAH/BATAL',
  `id_fk_brg` int(11) DEFAULT NULL,
  `id_fk_cabang` int(11) DEFAULT NULL,
  `brg_permintaan_create_date` datetime DEFAULT NULL,
  `brg_permintaan_last_modified` datetime DEFAULT NULL,
  `id_create_data` int(11) DEFAULT NULL,
  `id_last_modified` int(11) DEFAULT NULL,
  `id_log_all` int(11) DEFAULT NULL
) ENGINE=MyISAM DEFAULT CHARSET=latin1;

--
-- Dumping data for table `tbl_brg_permintaan_log`
--

INSERT INTO `tbl_brg_permintaan_log` (`id_pk_penerimaan_log`, `executed_function`, `id_pk_brg_permintaan`, `brg_permintaan_qty`, `brg_permintaan_notes`, `brg_permintaan_deadline`, `brg_permintaan_status`, `id_fk_brg`, `id_fk_cabang`, `brg_permintaan_create_date`, `brg_permintaan_last_modified`, `id_create_data`, `id_last_modified`, `id_log_all`) VALUES
(1, 'after insert', 1, 1, '-', '1111-11-11', 'BELUM', 1, 1, '2020-06-22 11:53:18', '2020-06-22 11:53:18', 1, 1, 439),
(2, 'after insert', 1, 3, '-', '1111-11-11', 'BELUM', 1, 1, '2020-06-22 11:53:18', '2020-06-22 11:53:39', 1, 1, 440),
(3, 'after insert', 1, 3, '-', '2222-02-22', 'BELUM', 1, 1, '2020-06-22 11:53:18', '2020-06-22 12:42:09', 1, 1, 493),
(4, 'after insert', 1, 3, '-', '2222-02-22', 'SEDANG', 1, 1, '2020-06-22 11:53:18', '2020-06-22 08:37:11', 1, 1, 499),
(5, 'after insert', 1, 3, '-', '2222-02-22', 'SEDANG', 1, 1, '2020-06-22 11:53:18', '2020-06-22 08:55:25', 1, 1, 501),
(6, 'after insert', 1, 3, '-', '2222-02-22', 'SEDANG', 1, 1, '2020-06-22 11:53:18', '2020-06-22 09:20:19', 1, 1, 505),
(7, 'after insert', 1, 3, '-', '2222-02-22', 'SEDANG', 1, 1, '2020-06-22 11:53:18', '2020-06-22 08:01:19', 1, 1, 562),
(8, 'after insert', 2, 100, '-', '2222-03-22', 'BELUM', 1, 2, '2020-06-22 05:49:10', '2020-06-22 05:49:10', 1, 1, 712),
(9, 'after insert', 1, 3, '-', '2222-02-22', 'SEDANG', 1, 1, '2020-06-22 11:53:18', '2020-06-22 10:50:21', 1, 1, 713),
(10, 'after insert', 1, 3, '-', '2222-02-22', 'SEDANG', 1, 1, '2020-06-22 11:53:18', '2020-06-22 10:50:35', 1, 1, 715),
(11, 'after insert', 1, 3, '-', '2222-02-22', 'SEDANG', 1, 1, '2020-06-22 11:53:18', '2020-06-22 10:50:35', 1, 1, 717),
(12, 'after insert', 1, 3, '-', '2222-02-22', 'SEDANG', 1, 1, '2020-06-22 11:53:18', '2020-06-22 10:50:36', 1, 1, 719),
(13, 'after insert', 1, 3, '-', '2222-02-22', 'SEDANG', 1, 1, '2020-06-22 11:53:18', '2020-06-22 10:50:36', 1, 1, 721),
(14, 'after insert', 1, 3, '-', '2222-02-22', 'SEDANG', 1, 1, '2020-06-22 11:53:18', '2020-06-22 10:50:36', 1, 1, 723),
(15, 'after insert', 1, 3, '-', '2222-02-22', 'SEDANG', 1, 1, '2020-06-22 11:53:18', '2020-06-22 10:50:36', 1, 1, 725),
(16, 'after insert', 3, 100, '-', '2222-02-22', 'BELUM', 2, 1, '2020-07-07 10:53:15', '2020-07-07 10:53:15', 1, 1, 5014),
(17, 'after insert', 4, 100, '-', '2222-02-22', 'BELUM', 3, 1, '2020-07-07 10:53:19', '2020-07-07 10:53:19', 1, 1, 5015),
(18, 'after insert', 5, 100, '-', '2222-12-22', 'BELUM', 5, 2, '2020-07-07 10:53:44', '2020-07-07 10:53:44', 1, 1, 5016),
(19, 'after insert', 6, 100, '-', '2222-12-22', 'BELUM', 6, 2, '2020-07-07 10:53:49', '2020-07-07 10:53:49', 1, 1, 5017),
(20, 'after insert', 7, 100, '-', '2222-12-22', 'BELUM', 7, 2, '2020-07-07 10:53:52', '2020-07-07 10:53:52', 1, 1, 5018),
(21, 'after insert', 3, 100, '-', '2222-02-22', 'SEDANG', 2, 1, '2020-07-07 10:53:15', '2020-07-07 06:06:59', 1, 1, 5019),
(22, 'after insert', 3, 100, '-', '2222-02-22', 'SEDANG', 2, 1, '2020-07-07 10:53:15', '2020-07-07 06:09:00', 1, 1, 5022),
(23, 'after insert', 5, 100, '-', '2222-12-22', 'SEDANG', 5, 2, '2020-07-07 10:53:44', '2020-07-07 06:09:11', 1, 1, 5024),
(24, 'after insert', 3, 100, '-', '2222-02-22', 'SEDANG', 2, 1, '2020-07-07 10:53:15', '2020-07-07 06:14:51', 1, 1, 5026),
(25, 'after insert', 3, 100, '-', '2222-02-22', 'SEDANG', 2, 1, '2020-07-07 10:53:15', '2020-07-07 06:15:18', 1, 1, 5029),
(26, 'after insert', 4, 100, '-', '2222-02-22', 'SEDANG', 3, 1, '2020-07-07 10:53:19', '2020-07-07 08:23:19', 1, 1, 5097),
(27, 'after insert', 6, 100, '-', '2222-12-22', 'SEDANG', 6, 2, '2020-07-07 10:53:49', '2020-07-07 08:23:21', 1, 1, 5099),
(28, 'after insert', 7, 100, '-', '2222-12-22', 'SEDANG', 7, 2, '2020-07-07 10:53:52', '2020-07-07 08:23:23', 1, 1, 5101),
(29, 'after insert', 5, 100, '-', '2222-12-22', 'SEDANG', 5, 2, '2020-07-07 10:53:44', '2020-07-07 08:52:57', 1, 1, 5425),
(30, 'after insert', 7, 100, '-', '2222-12-22', 'SEDANG', 7, 2, '2020-07-07 10:53:52', '2020-07-07 08:53:03', 1, 1, 5427),
(31, 'after insert', 8, 1, '-', '2020-12-22', 'BELUM', 2, 2, '2020-07-21 01:57:58', '2020-07-21 01:57:58', 2, 2, 7),
(32, 'after insert', 8, 1, '-', '2020-12-22', 'SELESAI', 2, 2, '2020-07-21 01:57:58', '2020-07-21 08:58:13', 2, 2, 8),
(33, 'after insert', 5, 100, '-', '2222-12-22', 'SELESAI', 5, 2, '2020-07-07 10:53:44', '2020-07-22 03:50:57', 1, 2, 9),
(34, 'after insert', 6, 100, '-', '2222-12-22', 'SELESAI', 6, 2, '2020-07-07 10:53:49', '2020-07-22 03:53:14', 1, 2, 10),
(35, 'after insert', 5, 100, '-', '2222-12-22', 'SEDANG', 5, 2, '2020-07-07 10:53:44', '2020-07-22 03:50:57', 1, 2, 11),
(36, 'after insert', 6, 100, '-', '2222-12-22', 'SEDANG', 6, 2, '2020-07-07 10:53:49', '2020-07-22 03:53:14', 1, 2, 12),
(37, 'after insert', 8, 1, '-', '2020-12-22', 'SEDANG', 2, 2, '2020-07-21 01:57:58', '2020-07-21 08:58:13', 2, 2, 13),
(38, 'after insert', 8, 1, '-', '2020-12-22', 'SELESAI', 2, 2, '2020-07-21 01:57:58', '2020-07-22 03:57:28', 2, 2, 14),
(39, 'after insert', 5, 100, '-', '2222-12-22', 'SELESAI', 5, 2, '2020-07-07 10:53:44', '2020-07-22 03:58:13', 1, 2, 15),
(40, 'after insert', 6, 100, '-', '2222-12-22', 'SELESAI', 6, 2, '2020-07-07 10:53:49', '2020-07-22 04:00:06', 1, 2, 16),
(41, 'after insert', 7, 100, '-', '2222-12-22', 'SELESAI', 7, 2, '2020-07-07 10:53:52', '2020-07-22 04:00:16', 1, 2, 17),
(42, 'after insert', 5, 100, '-', '2222-12-22', 'SEDANG', 5, 2, '2020-07-07 10:53:44', '2020-07-22 03:58:13', 1, 2, 18),
(43, 'after insert', 6, 100, '-', '2222-12-22', 'SEDANG', 6, 2, '2020-07-07 10:53:49', '2020-07-22 04:00:06', 1, 2, 19),
(44, 'after insert', 7, 100, '-', '2222-12-22', 'SEDANG', 7, 2, '2020-07-07 10:53:52', '2020-07-22 04:00:16', 1, 2, 20),
(45, 'after insert', 8, 1, '-', '2020-12-22', 'SEDANG', 2, 2, '2020-07-21 01:57:58', '2020-07-22 03:57:28', 2, 2, 21),
(46, 'after insert', 8, 1, '-', '2020-12-22', 'SELESAI', 2, 2, '2020-07-21 01:57:58', '2020-07-22 04:14:23', 2, 2, 22),
(47, 'after insert', 8, 1, '-', '2020-12-22', 'SELESAI', 2, 2, '2020-07-21 01:57:58', '2020-07-22 04:14:25', 2, 2, 23),
(48, 'after insert', 5, 100, '-', '2222-12-22', 'SELESAI', 5, 2, '2020-07-07 10:53:44', '2020-07-22 04:18:58', 1, 2, 24),
(49, 'after insert', 6, 100, '-', '2222-12-22', 'BATAL', 6, 2, '2020-07-07 10:53:49', '2020-07-22 04:23:58', 1, 2, 25),
(50, 'after insert', 9, 20000, '-', '2020-07-23', 'BELUM', 5, 2, '2020-07-22 09:35:47', '2020-07-22 09:35:47', 2, 2, 40),
(51, 'after insert', 3, 100, '-', '2020-07-22', 'SEDANG', 2, 1, '2020-07-07 10:53:15', '2020-07-07 06:15:18', 1, 1, 305),
(52, 'after insert', 4, 100, '-', '2222-02-22', 'selesai', 3, 1, '2020-07-07 10:53:19', '2020-07-07 08:23:19', 1, 1, 306);

-- --------------------------------------------------------

--
-- Table structure for table `tbl_brg_pindah`
--

CREATE TABLE `tbl_brg_pindah` (
  `id_pk_brg_pindah` int(11) NOT NULL,
  `brg_pindah_sumber` varchar(50) DEFAULT NULL COMMENT 'warehouse/penjualan/...',
  `id_fk_refrensi_sumber` int(11) DEFAULT NULL COMMENT 'id_warehouse/id_penjualan/...',
  `id_brg_awal` int(11) DEFAULT NULL,
  `id_brg_tujuan` int(11) DEFAULT NULL,
  `id_fk_cabang` int(11) DEFAULT NULL,
  `brg_pindah_qty` double DEFAULT NULL,
  `brg_pindah_status` varchar(15) DEFAULT NULL,
  `brg_pindah_create_date` datetime DEFAULT NULL,
  `brg_pindah_last_modified` datetime DEFAULT NULL,
  `id_create_data` int(11) DEFAULT NULL,
  `id_last_modified` int(11) DEFAULT NULL
) ENGINE=InnoDB DEFAULT CHARSET=utf8mb4;

--
-- Dumping data for table `tbl_brg_pindah`
--

INSERT INTO `tbl_brg_pindah` (`id_pk_brg_pindah`, `brg_pindah_sumber`, `id_fk_refrensi_sumber`, `id_brg_awal`, `id_brg_tujuan`, `id_fk_cabang`, `brg_pindah_qty`, `brg_pindah_status`, `brg_pindah_create_date`, `brg_pindah_last_modified`, `id_create_data`, `id_last_modified`) VALUES
(1, 'penjualan', 0, 2, 4, 1, 10, 'AKTIF', '2020-07-04 13:57:22', '2020-07-04 13:57:22', 1, 1),
(2, 'penjualan', 1, 2, 4, 1, 10, 'AKTIF', '2020-07-04 14:20:52', '2020-07-04 14:20:52', 1, 1),
(3, 'penjualan', 1, 4, 2, 1, 5, 'AKTIF', '2020-07-04 14:21:15', '2020-07-04 14:21:15', 1, 1),
(4, 'penjualan', 0, 6, 4, 2, 10, 'AKTIF', '2020-07-06 10:07:55', '2020-07-06 10:07:55', 1, 1),
(5, 'penjualan', 0, 6, 4, 2, 10, 'AKTIF', '2020-07-06 10:09:09', '2020-07-06 10:09:09', 1, 1),
(6, 'penjualan', 0, 6, 7, 2, 10, 'AKTIF', '2020-07-06 10:09:09', '2020-07-06 10:09:09', 1, 1),
(7, 'penjualan', 0, 6, 7, 2, 10, 'AKTIF', '2020-07-06 10:09:56', '2020-07-06 10:09:56', 1, 1),
(8, 'penjualan', 0, 6, 5, 2, 10, 'AKTIF', '2020-07-06 10:10:28', '2020-07-06 10:10:28', 1, 1),
(9, 'penjualan', 0, 5, 5, 2, 123.123, 'AKTIF', '2020-07-24 13:53:28', '2020-07-24 13:53:28', 2, 2),
(10, 'penjualan', 0, 5, 5, 2, 123.123, 'AKTIF', '2020-07-24 13:54:36', '2020-07-24 13:54:36', 2, 2),
(11, 'penjualan', 0, 5, 7, 2, 10000, 'AKTIF', '2020-07-24 13:54:51', '2020-07-24 13:54:51', 2, 2);

--
-- Triggers `tbl_brg_pindah`
--
DELIMITER $$
CREATE TRIGGER `trg_after_insert_brg_pindah` AFTER INSERT ON `tbl_brg_pindah` FOR EACH ROW begin
            set @id_user = new.id_last_modified;
            set @tgl_action = new.brg_pindah_last_modified;
            set @log_text = concat(new.id_last_modified,' ','insert data at' , new.brg_pindah_last_modified);
            call insert_log_all(@id_user,@tgl_action,@log_text,@id_log_all);
            
            insert into tbl_brg_pindah_log(executed_function,id_pk_brg_pindah,brg_pindah_sumber,id_fk_refrensi_sumber,id_brg_awal,id_brg_tujuan,id_fk_cabang,brg_pindah_qty,brg_pindah_status,brg_pindah_create_date,brg_pindah_last_modified,id_create_data,id_last_modified,id_log_all) values ('after insert',new.id_pk_brg_pindah,new.brg_pindah_sumber,new.id_fk_refrensi_sumber,new.id_brg_awal,new.id_brg_tujuan,new.id_fk_cabang,new.brg_pindah_qty,new.brg_pindah_status,new.brg_pindah_create_date,new.brg_pindah_last_modified,new.id_create_data,new.id_last_modified,@id_log_all);

            /*last lagi kerjain trigger ini - kurang id_satuan_keluar, dan id_satuan_terima. pokoknya harus dapet yang pcs*/
            select id_pk_satuan into @id_satuan from mstr_satuan where mstr_satuan.satuan_rumus = 1;
            
            call update_stok_barang_cabang(new.id_brg_awal,new.id_fk_cabang,0,0,new.brg_pindah_qty,@id_satuan);
            call update_stok_barang_cabang(new.id_brg_tujuan,new.id_fk_cabang,new.brg_pindah_qty,@id_satuan,0,0);
            
        end
$$
DELIMITER ;
DELIMITER $$
CREATE TRIGGER `trg_after_update_brg_pindah` AFTER UPDATE ON `tbl_brg_pindah` FOR EACH ROW begin
            set @id_user = new.id_last_modified;
            set @tgl_action = new.brg_pindah_last_modified;
            set @log_text = concat(new.id_last_modified,' ','update data at' , new.brg_pindah_last_modified);
            call insert_log_all(@id_user,@tgl_action,@log_text,@id_log_all);
            
            insert into tbl_brg_pindah_log(executed_function,id_pk_brg_pindah,brg_pindah_sumber,id_fk_refrensi_sumber,id_brg_awal,id_brg_tujuan,id_fk_cabang,brg_pindah_qty,brg_pindah_status,brg_pindah_create_date,brg_pindah_last_modified,id_create_data,id_last_modified,id_log_all) values ('after update',new.id_pk_brg_pindah,new.brg_pindah_sumber,new.id_fk_refrensi_sumber,new.id_brg_awal,new.id_brg_tujuan,new.id_fk_cabang,new.brg_pindah_qty,new.brg_pindah_status,new.brg_pindah_create_date,new.brg_pindah_last_modified,new.id_create_data,new.id_last_modified,@id_log_all);
        end
$$
DELIMITER ;

-- --------------------------------------------------------

--
-- Table structure for table `tbl_brg_pindah_log`
--

CREATE TABLE `tbl_brg_pindah_log` (
  `id_pk_brg_pindah_log` int(11) NOT NULL,
  `executed_function` varchar(30) DEFAULT NULL,
  `id_pk_brg_pindah` int(11) DEFAULT NULL,
  `brg_pindah_sumber` varchar(50) DEFAULT NULL COMMENT 'warehouse/penjualan/...',
  `id_fk_refrensi_sumber` int(11) DEFAULT NULL COMMENT 'id_warehouse/id_penjualan/...',
  `id_brg_awal` int(11) DEFAULT NULL,
  `id_brg_tujuan` int(11) DEFAULT NULL,
  `id_fk_cabang` int(11) DEFAULT NULL,
  `brg_pindah_qty` double DEFAULT NULL,
  `brg_pindah_status` varchar(15) DEFAULT NULL,
  `brg_pindah_create_date` datetime DEFAULT NULL,
  `brg_pindah_last_modified` datetime DEFAULT NULL,
  `id_create_data` int(11) DEFAULT NULL,
  `id_last_modified` int(11) DEFAULT NULL,
  `id_log_all` int(11) DEFAULT NULL
) ENGINE=InnoDB DEFAULT CHARSET=utf8mb4;

--
-- Dumping data for table `tbl_brg_pindah_log`
--

INSERT INTO `tbl_brg_pindah_log` (`id_pk_brg_pindah_log`, `executed_function`, `id_pk_brg_pindah`, `brg_pindah_sumber`, `id_fk_refrensi_sumber`, `id_brg_awal`, `id_brg_tujuan`, `id_fk_cabang`, `brg_pindah_qty`, `brg_pindah_status`, `brg_pindah_create_date`, `brg_pindah_last_modified`, `id_create_data`, `id_last_modified`, `id_log_all`) VALUES
(1, 'after insert', 1, 'penjualan', 0, 2, 4, 1, 10, 'AKTIF', '2020-07-04 13:57:22', '2020-07-04 13:57:22', 1, 1, 1799),
(2, 'after insert', 2, 'penjualan', 1, 2, 4, 1, 10, 'AKTIF', '2020-07-04 14:20:52', '2020-07-04 14:20:52', 1, 1, 1800),
(3, 'after insert', 3, 'penjualan', 1, 4, 2, 1, 5, 'AKTIF', '2020-07-04 14:21:15', '2020-07-04 14:21:15', 1, 1, 1805),
(4, 'after insert', 4, 'penjualan', 0, 6, 4, 2, 10, 'AKTIF', '2020-07-06 10:07:55', '2020-07-06 10:07:55', 1, 1, 3831),
(5, 'after insert', 5, 'penjualan', 0, 6, 4, 2, 10, 'AKTIF', '2020-07-06 10:09:09', '2020-07-06 10:09:09', 1, 1, 3871),
(6, 'after insert', 6, 'penjualan', 0, 6, 7, 2, 10, 'AKTIF', '2020-07-06 10:09:09', '2020-07-06 10:09:09', 1, 1, 3878),
(7, 'after insert', 7, 'penjualan', 0, 6, 7, 2, 10, 'AKTIF', '2020-07-06 10:09:56', '2020-07-06 10:09:56', 1, 1, 3983),
(8, 'after insert', 8, 'penjualan', 0, 6, 5, 2, 10, 'AKTIF', '2020-07-06 10:10:28', '2020-07-06 10:10:28', 1, 1, 4008),
(9, 'after insert', 9, 'penjualan', 0, 5, 5, 2, 123.123, 'AKTIF', '2020-07-24 13:53:28', '2020-07-24 13:53:28', 2, 2, 640),
(10, 'after insert', 10, 'penjualan', 0, 5, 5, 2, 123.123, 'AKTIF', '2020-07-24 13:54:36', '2020-07-24 13:54:36', 2, 2, 661),
(11, 'after insert', 11, 'penjualan', 0, 5, 7, 2, 10000, 'AKTIF', '2020-07-24 13:54:51', '2020-07-24 13:54:51', 2, 2, 689);

-- --------------------------------------------------------

--
-- Table structure for table `tbl_brg_so`
--

CREATE TABLE `tbl_brg_so` (
  `ID_PK_SO_BRG` int(11) NOT NULL,
  `BRG_SO_RESULT` double DEFAULT NULL,
  `BRG_SO_NOTES` varchar(200) DEFAULT NULL,
  `ID_FK_STOCK_OPNAME` int(11) DEFAULT NULL,
  `ID_FK_BRG` int(11) DEFAULT NULL,
  `BRG_SO_CREATE_DATE` datetime DEFAULT NULL,
  `BRG_SO_LAST_MODIFIED` datetime DEFAULT NULL,
  `ID_CREATE_DATA` int(11) DEFAULT NULL,
  `ID_LAST_MODIFIED` int(11) DEFAULT NULL
) ENGINE=InnoDB DEFAULT CHARSET=utf8mb4;

--
-- Triggers `tbl_brg_so`
--
DELIMITER $$
CREATE TRIGGER `TRG_AFTER_INSERT_BRG_SO` AFTER INSERT ON `tbl_brg_so` FOR EACH ROW BEGIN
    SET @ID_USER = NEW.ID_LAST_MODIFIED;
    SET @TGL_ACTION = NEW.BRG_SO_LAST_MODIFIED;
    SET @LOG_TEXT = CONCAT(NEW.ID_LAST_MODIFIED,' ','INSERT DATA AT' , NEW.BRG_SO_LAST_MODIFIED);
    CALL INSERT_LOG_ALL(@ID_USER,@TGL_ACTION,@LOG_TEXT,@ID_LOG_ALL);
    
    INSERT INTO TBL_BRG_SO_LOG(EXECUTED_FUNCTION,ID_PK_SO_BRG,BRG_SO_RESULT,BRG_SO_NOTES,ID_FK_STOCK_OPNAME,ID_FK_BRG,BRG_SO_CREATE_DATE,BRG_SO_LAST_MODIFIED,ID_CREATE_DATA,ID_LAST_MODIFIED,ID_LOG_ALL) VALUES ('AFTER INSERT',NEW.ID_PK_SO_BRG,NEW.BRG_SO_RESULT,NEW.BRG_SO_NOTES,NEW.ID_FK_STOCK_OPNAME,NEW.ID_FK_BRG,NEW.BRG_SO_CREATE_DATE,NEW.BRG_SO_LAST_MODIFIED,NEW.ID_CREATE_DATA,NEW.ID_LAST_MODIFIED,@ID_LOG_ALL);
END
$$
DELIMITER ;
DELIMITER $$
CREATE TRIGGER `TRG_AFTER_UPDATE_BRG_SO` AFTER UPDATE ON `tbl_brg_so` FOR EACH ROW BEGIN
    SET @ID_USER = NEW.ID_LAST_MODIFIED;
    SET @TGL_ACTION = NEW.BRG_SO_LAST_MODIFIED;
    SET @LOG_TEXT = CONCAT(NEW.ID_LAST_MODIFIED,' ','UPDATE DATA AT' , NEW.BRG_SO_LAST_MODIFIED);
    CALL INSERT_LOG_ALL(@ID_USER,@TGL_ACTION,@LOG_TEXT,@ID_LOG_ALL);
    
    INSERT INTO TBL_BRG_SO_LOG(EXECUTED_FUNCTION,ID_PK_SO_BRG,BRG_SO_RESULT,BRG_SO_NOTES,ID_FK_STOCK_OPNAME,ID_FK_BRG,BRG_SO_CREATE_DATE,BRG_SO_LAST_MODIFIED,ID_CREATE_DATA,ID_LAST_MODIFIED,ID_LOG_ALL) VALUES ('AFTER UPDATE',NEW.ID_PK_SO_BRG,NEW.BRG_SO_RESULT,NEW.BRG_SO_NOTES,NEW.ID_FK_STOCK_OPNAME,NEW.ID_FK_BRG,NEW.BRG_SO_CREATE_DATE,NEW.BRG_SO_LAST_MODIFIED,NEW.ID_CREATE_DATA,NEW.ID_LAST_MODIFIED,@ID_LOG_ALL);
END
$$
DELIMITER ;

-- --------------------------------------------------------

--
-- Table structure for table `tbl_brg_so_log`
--

CREATE TABLE `tbl_brg_so_log` (
  `ID_PK_SO_BRG_LOG` int(11) NOT NULL,
  `EXECUTED_FUNCTION` varchar(30) DEFAULT NULL,
  `ID_PK_SO_BRG` int(11) DEFAULT NULL,
  `BRG_SO_RESULT` double DEFAULT NULL,
  `BRG_SO_NOTES` varchar(200) DEFAULT NULL,
  `ID_FK_STOCK_OPNAME` int(11) DEFAULT NULL,
  `ID_FK_BRG` int(11) DEFAULT NULL,
  `BRG_SO_CREATE_DATE` datetime DEFAULT NULL,
  `BRG_SO_LAST_MODIFIED` datetime DEFAULT NULL,
  `ID_CREATE_DATA` int(11) DEFAULT NULL,
  `ID_LAST_MODIFIED` int(11) DEFAULT NULL,
  `ID_LOG_ALL` int(11) DEFAULT NULL
) ENGINE=InnoDB DEFAULT CHARSET=utf8mb4;

-- --------------------------------------------------------

--
-- Table structure for table `tbl_brg_warehouse`
--

CREATE TABLE `tbl_brg_warehouse` (
  `id_pk_brg_warehouse` int(11) NOT NULL,
  `brg_warehouse_qty` int(11) DEFAULT NULL,
  `brg_warehouse_notes` varchar(200) DEFAULT NULL,
  `brg_warehouse_status` varchar(15) DEFAULT NULL,
  `id_fk_brg` int(11) DEFAULT NULL,
  `id_fk_warehouse` int(11) DEFAULT NULL,
  `brg_warehouse_create_date` datetime DEFAULT NULL,
  `brg_warehouse_last_modified` datetime DEFAULT NULL,
  `id_create_data` int(11) DEFAULT NULL,
  `id_last_modified` int(11) DEFAULT NULL
) ENGINE=MyISAM DEFAULT CHARSET=latin1;

--
-- Dumping data for table `tbl_brg_warehouse`
--

INSERT INTO `tbl_brg_warehouse` (`id_pk_brg_warehouse`, `brg_warehouse_qty`, `brg_warehouse_notes`, `brg_warehouse_status`, `id_fk_brg`, `id_fk_warehouse`, `brg_warehouse_create_date`, `brg_warehouse_last_modified`, `id_create_data`, `id_last_modified`) VALUES
(1, 300, 'aaa', 'AKTIF', 1, 1, '2020-06-22 01:31:25', '2020-06-22 01:44:56', 1, 1),
(2, 400, '-', 'AKTIF', 2, 1, '2020-07-06 10:02:23', '2020-07-06 06:04:17', 1, 1),
(3, 75, '-', 'AKTIF', 6, 1, '2020-07-06 10:02:29', '2020-07-06 06:04:57', 1, 1),
(4, 300, 'Auto insert from item existance check', 'nonaktif', 4, 1, '2020-07-06 02:00:16', '2020-07-06 02:00:58', 1, 1),
(5, 310, 'Auto insert from item existance check', 'nonaktif', 3, 1, '2020-07-06 02:00:16', '2020-07-06 02:00:55', 1, 1),
(6, 310, 'Auto insert from item existance check', 'aktif', 3, 1, '2020-07-06 02:00:55', '2020-07-06 06:03:58', 1, 1),
(7, 300, 'Auto insert from item existance check', 'aktif', 4, 1, '2020-07-06 02:00:58', '2020-07-06 06:04:04', 1, 1),
(8, 75, '-', 'AKTIF', 7, 1, '2020-07-06 04:58:47', '2020-07-06 04:59:55', 1, 1),
(9, 80, 'Auto insert from item existance check', 'aktif', 5, 1, '2020-07-06 04:58:47', '2020-07-06 06:04:10', 1, 1);

--
-- Triggers `tbl_brg_warehouse`
--
DELIMITER $$
CREATE TRIGGER `trg_after_insert_brg_warehouse` AFTER INSERT ON `tbl_brg_warehouse` FOR EACH ROW begin
            set @id_user = new.id_last_modified;
            set @tgl_action = new.brg_warehouse_last_modified;
            set @log_text = concat(new.id_last_modified,' ','insert data at ' , new.brg_warehouse_last_modified);
            call insert_log_all(@id_user,@tgl_action,@log_text,@id_log_all);
            
            insert into tbl_brg_warehouse_log(executed_function,id_pk_brg_warehouse,brg_warehouse_qty,brg_warehouse_notes,brg_warehouse_status,id_fk_brg,id_fk_warehouse,brg_warehouse_create_date,brg_warehouse_last_modified,id_create_data,id_last_modified,id_log_all) values ('after insert',new.id_pk_brg_warehouse,new.brg_warehouse_qty,new.brg_warehouse_notes,new.brg_warehouse_status,new.id_fk_brg,new.id_fk_warehouse,new.brg_warehouse_create_date,new.brg_warehouse_last_modified,new.id_create_data,new.id_last_modified,@id_log_all);
            
            call update_stok_kombinasi_barang_warehouse(new.id_fk_brg,new.brg_warehouse_qty, 0, new.id_fk_warehouse);
        end
$$
DELIMITER ;
DELIMITER $$
CREATE TRIGGER `trg_after_update_brg_warehouse` AFTER UPDATE ON `tbl_brg_warehouse` FOR EACH ROW begin
            set @id_user = new.id_last_modified;
            set @tgl_action = new.brg_warehouse_last_modified;
            set @log_text = concat(new.id_last_modified,' ','update data at ' , new.brg_warehouse_last_modified);
            call insert_log_all(@id_user,@tgl_action,@log_text,@id_log_all);
            
            insert into tbl_brg_warehouse_log(executed_function,id_pk_brg_warehouse,brg_warehouse_qty,brg_warehouse_notes,brg_warehouse_status,id_fk_brg,id_fk_warehouse,brg_warehouse_create_date,brg_warehouse_last_modified,id_create_data,id_last_modified,id_log_all) values ('after update',new.id_pk_brg_warehouse,new.brg_warehouse_qty,new.brg_warehouse_notes,new.brg_warehouse_status,new.id_fk_brg,new.id_fk_warehouse,new.brg_warehouse_create_date,new.brg_warehouse_last_modified,new.id_create_data,new.id_last_modified,@id_log_all);
        end
$$
DELIMITER ;

-- --------------------------------------------------------

--
-- Table structure for table `tbl_brg_warehouse_log`
--

CREATE TABLE `tbl_brg_warehouse_log` (
  `id_pk_brg_warehouse_log` int(11) NOT NULL,
  `executed_function` varchar(30) DEFAULT NULL,
  `id_pk_brg_warehouse` int(11) DEFAULT NULL,
  `brg_warehouse_qty` int(11) DEFAULT NULL,
  `brg_warehouse_notes` varchar(200) DEFAULT NULL,
  `brg_warehouse_status` varchar(15) DEFAULT NULL,
  `id_fk_brg` int(11) DEFAULT NULL,
  `id_fk_warehouse` int(11) DEFAULT NULL,
  `brg_warehouse_create_date` datetime DEFAULT NULL,
  `brg_warehouse_last_modified` datetime DEFAULT NULL,
  `id_create_data` int(11) DEFAULT NULL,
  `id_last_modified` int(11) DEFAULT NULL,
  `id_log_all` int(11) DEFAULT NULL
) ENGINE=MyISAM DEFAULT CHARSET=latin1;

--
-- Dumping data for table `tbl_brg_warehouse_log`
--

INSERT INTO `tbl_brg_warehouse_log` (`id_pk_brg_warehouse_log`, `executed_function`, `id_pk_brg_warehouse`, `brg_warehouse_qty`, `brg_warehouse_notes`, `brg_warehouse_status`, `id_fk_brg`, `id_fk_warehouse`, `brg_warehouse_create_date`, `brg_warehouse_last_modified`, `id_create_data`, `id_last_modified`, `id_log_all`) VALUES
(1, 'after insert', 1, 88, 'aaa', 'AKTIF', 1, 1, '2020-06-22 01:31:25', '2020-06-22 01:31:25', 1, 1, 397),
(2, 'after update', 1, 8, 'aaa', 'AKTIF', 1, 1, '2020-06-22 01:31:25', '2020-06-22 01:44:56', 1, 1, 398),
(3, 'after insert', 2, 100, '-', 'AKTIF', 2, 1, '2020-07-06 10:02:23', '2020-07-06 10:02:23', 1, 1, 3790),
(4, 'after insert', 3, 100, '-', 'AKTIF', 6, 1, '2020-07-06 10:02:29', '2020-07-06 10:02:29', 1, 1, 3791),
(5, 'after insert', 4, 400, 'Auto insert from item existance check', 'aktif', 4, 1, '2020-07-06 02:00:16', '2020-07-06 02:00:16', 1, 1, 4194),
(6, 'after insert', 5, 400, 'Auto insert from item existance check', 'aktif', 3, 1, '2020-07-06 02:00:16', '2020-07-06 02:00:16', 1, 1, 4195),
(7, 'after update', 5, 400, 'Auto insert from item existance check', 'nonaktif', 3, 1, '2020-07-06 02:00:16', '2020-07-06 02:00:55', 1, 1, 4196),
(8, 'after insert', 6, 300, 'Auto insert from item existance check', 'aktif', 3, 1, '2020-07-06 02:00:55', '2020-07-06 02:00:55', 1, 1, 4197),
(9, 'after update', 4, 400, 'Auto insert from item existance check', 'nonaktif', 4, 1, '2020-07-06 02:00:16', '2020-07-06 02:00:58', 1, 1, 4198),
(10, 'after insert', 7, 400, 'Auto insert from item existance check', 'aktif', 4, 1, '2020-07-06 02:00:58', '2020-07-06 02:00:58', 1, 1, 4199),
(11, 'after update', 3, 50, '-', 'AKTIF', 6, 1, '2020-07-06 10:02:29', '2020-07-06 10:02:29', 1, 1, 4248),
(12, 'after update', 3, 50, '-', 'AKTIF', 6, 1, '2020-07-06 10:02:29', '2020-07-06 10:02:29', 1, 1, 4249),
(13, 'after update', 3, 50, '-', 'AKTIF', 6, 1, '2020-07-06 10:02:29', '2020-07-06 10:02:29', 1, 1, 4250),
(14, 'after update', 3, 50, '-', 'AKTIF', 6, 1, '2020-07-06 10:02:29', '2020-07-06 10:02:29', 1, 1, 4251),
(15, 'after update', 3, 50, '-', 'AKTIF', 6, 1, '2020-07-06 10:02:29', '2020-07-06 10:02:29', 1, 1, 4252),
(16, 'after update', 3, 50, '-', 'AKTIF', 6, 1, '2020-07-06 10:02:29', '2020-07-06 10:02:29', 1, 1, 4253),
(17, 'after update', 3, 50, '-', 'AKTIF', 6, 1, '2020-07-06 10:02:29', '2020-07-06 10:02:29', 1, 1, 4254),
(18, 'after update', 3, 50, '-', 'AKTIF', 6, 1, '2020-07-06 10:02:29', '2020-07-06 10:02:29', 1, 1, 4255),
(19, 'after update', 2, 200, '-', 'AKTIF', 2, 1, '2020-07-06 10:02:23', '2020-07-06 04:13:57', 1, 1, 4256),
(20, 'after update', 3, 100, '-', 'AKTIF', 6, 1, '2020-07-06 10:02:29', '2020-07-06 10:02:29', 1, 1, 4257),
(21, 'after update', 3, 100, '-', 'AKTIF', 6, 1, '2020-07-06 10:02:29', '2020-07-06 10:02:29', 1, 1, 4258),
(22, 'after update', 2, 250, '-', 'AKTIF', 2, 1, '2020-07-06 10:02:23', '2020-07-06 04:58:22', 1, 1, 4259),
(23, 'after update', 3, 100, '-', 'AKTIF', 6, 1, '2020-07-06 10:02:29', '2020-07-06 10:02:29', 1, 1, 4260),
(24, 'after update', 3, 100, '-', 'AKTIF', 6, 1, '2020-07-06 10:02:29', '2020-07-06 10:02:29', 1, 1, 4261),
(25, 'after update', 6, 350, 'Auto insert from item existance check', 'aktif', 3, 1, '2020-07-06 02:00:55', '2020-07-06 04:58:30', 1, 1, 4262),
(26, 'after update', 3, 100, '-', 'AKTIF', 6, 1, '2020-07-06 10:02:29', '2020-07-06 10:02:29', 1, 1, 4263),
(27, 'after update', 3, 100, '-', 'AKTIF', 6, 1, '2020-07-06 10:02:29', '2020-07-06 10:02:29', 1, 1, 4264),
(28, 'after update', 7, 450, 'Auto insert from item existance check', 'aktif', 4, 1, '2020-07-06 02:00:58', '2020-07-06 04:58:34', 1, 1, 4265),
(29, 'after update', 3, 112, '-', 'AKTIF', 6, 1, '2020-07-06 10:02:29', '2020-07-06 10:02:29', 1, 1, 4266),
(30, 'after update', 3, 112, '-', 'AKTIF', 6, 1, '2020-07-06 10:02:29', '2020-07-06 10:02:29', 1, 1, 4267),
(31, 'after insert', 8, 200, '-', 'AKTIF', 7, 1, '2020-07-06 04:58:47', '2020-07-06 04:58:47', 1, 1, 4268),
(32, 'after update', 3, 112, '-', 'AKTIF', 6, 1, '2020-07-06 10:02:29', '2020-07-06 10:02:29', 1, 1, 4269),
(33, 'after update', 8, 112, '-', 'AKTIF', 7, 1, '2020-07-06 04:58:47', '2020-07-06 04:58:47', 1, 1, 4270),
(34, 'after insert', 9, 560, 'Auto insert from item existance check', 'aktif', 5, 1, '2020-07-06 04:58:47', '2020-07-06 04:58:47', 1, 1, 4271),
(35, 'after update', 9, 50, 'Auto insert from item existance check', 'aktif', 5, 1, '2020-07-06 04:58:47', '2020-07-06 04:58:47', 1, 1, 4272),
(36, 'after update', 3, 112, '-', 'AKTIF', 6, 1, '2020-07-06 10:02:29', '2020-07-06 10:02:29', 1, 1, 4273),
(37, 'after update', 8, 10, '-', 'AKTIF', 7, 1, '2020-07-06 04:58:47', '2020-07-06 04:58:47', 1, 1, 4274),
(38, 'after update', 9, 50, 'Auto insert from item existance check', 'aktif', 5, 1, '2020-07-06 04:58:47', '2020-07-06 04:58:47', 1, 1, 4275),
(39, 'after update', 3, 112, '-', 'AKTIF', 6, 1, '2020-07-06 10:02:29', '2020-07-06 10:02:29', 1, 1, 4276),
(40, 'after update', 8, 10, '-', 'AKTIF', 7, 1, '2020-07-06 04:58:47', '2020-07-06 04:58:47', 1, 1, 4277),
(41, 'after update', 9, 50, 'Auto insert from item existance check', 'aktif', 5, 1, '2020-07-06 04:58:47', '2020-07-06 04:58:47', 1, 1, 4278),
(42, 'after update', 3, 112, '-', 'AKTIF', 6, 1, '2020-07-06 10:02:29', '2020-07-06 10:02:29', 1, 1, 4279),
(43, 'after update', 8, 10, '-', 'AKTIF', 7, 1, '2020-07-06 04:58:47', '2020-07-06 04:58:47', 1, 1, 4280),
(44, 'after update', 9, 150, 'Auto insert from item existance check', 'aktif', 5, 1, '2020-07-06 04:58:47', '2020-07-06 04:58:47', 1, 1, 4281),
(45, 'after update', 9, 50, 'Auto insert from item existance check', 'aktif', 5, 1, '2020-07-06 04:58:47', '2020-07-06 04:58:47', 1, 1, 4282),
(46, 'after update', 3, 112, '-', 'AKTIF', 6, 1, '2020-07-06 10:02:29', '2020-07-06 10:02:29', 1, 1, 4283),
(47, 'after update', 8, 10, '-', 'AKTIF', 7, 1, '2020-07-06 04:58:47', '2020-07-06 04:58:47', 1, 1, 4284),
(48, 'after update', 9, 150, 'Auto insert from item existance check', 'aktif', 5, 1, '2020-07-06 04:58:47', '2020-07-06 04:58:47', 1, 1, 4285),
(49, 'after update', 9, 50, 'Auto insert from item existance check', 'aktif', 5, 1, '2020-07-06 04:58:47', '2020-07-06 04:58:47', 1, 1, 4286),
(50, 'after update', 3, 112, '-', 'AKTIF', 6, 1, '2020-07-06 10:02:29', '2020-07-06 10:02:29', 1, 1, 4287),
(51, 'after update', 8, 10, '-', 'AKTIF', 7, 1, '2020-07-06 04:58:47', '2020-07-06 04:58:47', 1, 1, 4288),
(52, 'after update', 8, 100, '-', 'AKTIF', 7, 1, '2020-07-06 04:58:47', '2020-07-06 04:59:55', 1, 1, 4289),
(53, 'after update', 9, 50, 'Auto insert from item existance check', 'aktif', 5, 1, '2020-07-06 04:58:47', '2020-07-06 04:58:47', 1, 1, 4290),
(54, 'after update', 3, 112, '-', 'AKTIF', 6, 1, '2020-07-06 10:02:29', '2020-07-06 10:02:29', 1, 1, 4291),
(55, 'after update', 8, 10, '-', 'AKTIF', 7, 1, '2020-07-06 04:58:47', '2020-07-06 04:59:55', 1, 1, 4292),
(56, 'after update', 9, 50, 'Auto insert from item existance check', 'aktif', 5, 1, '2020-07-06 04:58:47', '2020-07-06 04:58:47', 1, 1, 4293),
(57, 'after update', 3, 112, '-', 'AKTIF', 6, 1, '2020-07-06 10:02:29', '2020-07-06 10:02:29', 1, 1, 4294),
(58, 'after update', 8, 10, '-', 'AKTIF', 7, 1, '2020-07-06 04:58:47', '2020-07-06 04:59:55', 1, 1, 4295),
(59, 'after update', 2, 300, '-', 'AKTIF', 2, 1, '2020-07-06 10:02:23', '2020-07-06 05:00:21', 1, 1, 4296),
(60, 'after update', 9, 60, 'Auto insert from item existance check', 'aktif', 5, 1, '2020-07-06 04:58:47', '2020-07-06 04:58:47', 1, 1, 4297),
(61, 'after update', 3, 112, '-', 'AKTIF', 6, 1, '2020-07-06 10:02:29', '2020-07-06 10:02:29', 1, 1, 4298),
(62, 'after update', 8, 12, '-', 'AKTIF', 7, 1, '2020-07-06 04:58:47', '2020-07-06 04:59:55', 1, 1, 4299),
(63, 'after update', 9, 60, 'Auto insert from item existance check', 'aktif', 5, 1, '2020-07-06 04:58:47', '2020-07-06 04:58:47', 1, 1, 4300),
(64, 'after update', 3, 112, '-', 'AKTIF', 6, 1, '2020-07-06 10:02:29', '2020-07-06 10:02:29', 1, 1, 4301),
(65, 'after update', 8, 12, '-', 'AKTIF', 7, 1, '2020-07-06 04:58:47', '2020-07-06 04:59:55', 1, 1, 4302),
(66, 'after update', 9, 200, 'Auto insert from item existance check', 'aktif', 5, 1, '2020-07-06 04:58:47', '2020-07-06 05:00:27', 1, 1, 4303),
(67, 'after update', 9, 60, 'Auto insert from item existance check', 'aktif', 5, 1, '2020-07-06 04:58:47', '2020-07-06 05:00:27', 1, 1, 4304),
(68, 'after update', 3, 112, '-', 'AKTIF', 6, 1, '2020-07-06 10:02:29', '2020-07-06 10:02:29', 1, 1, 4305),
(69, 'after update', 8, 12, '-', 'AKTIF', 7, 1, '2020-07-06 04:58:47', '2020-07-06 04:59:55', 1, 1, 4306),
(70, 'after update', 9, 60, 'Auto insert from item existance check', 'aktif', 5, 1, '2020-07-06 04:58:47', '2020-07-06 05:00:27', 1, 1, 4778),
(71, 'after update', 3, 112, '-', 'AKTIF', 6, 1, '2020-07-06 10:02:29', '2020-07-06 10:02:29', 1, 1, 4779),
(72, 'after update', 8, 112, '-', 'AKTIF', 7, 1, '2020-07-06 04:58:47', '2020-07-06 04:59:55', 1, 1, 4780),
(73, 'after update', 9, 60, 'Auto insert from item existance check', 'aktif', 5, 1, '2020-07-06 04:58:47', '2020-07-06 05:00:27', 1, 1, 4781),
(74, 'after update', 3, 112, '-', 'AKTIF', 6, 1, '2020-07-06 10:02:29', '2020-07-06 10:02:29', 1, 1, 4782),
(75, 'after update', 8, 112, '-', 'AKTIF', 7, 1, '2020-07-06 04:58:47', '2020-07-06 04:59:55', 1, 1, 4783),
(76, 'after update', 9, 60, 'Auto insert from item existance check', 'aktif', 5, 1, '2020-07-06 04:58:47', '2020-07-06 05:00:27', 1, 1, 4784),
(77, 'after update', 3, 112, '-', 'AKTIF', 6, 1, '2020-07-06 10:02:29', '2020-07-06 10:02:29', 1, 1, 4785),
(78, 'after update', 8, 112, '-', 'AKTIF', 7, 1, '2020-07-06 04:58:47', '2020-07-06 04:59:55', 1, 1, 4786),
(79, 'after update', 3, 200, '-', 'AKTIF', 6, 1, '2020-07-06 10:02:29', '2020-07-06 05:34:44', 1, 1, 4787),
(80, 'after update', 9, 60, 'Auto insert from item existance check', 'aktif', 5, 1, '2020-07-06 04:58:47', '2020-07-06 05:00:27', 1, 1, 4788),
(81, 'after update', 3, 112, '-', 'AKTIF', 6, 1, '2020-07-06 10:02:29', '2020-07-06 05:34:44', 1, 1, 4789),
(82, 'after update', 8, 112, '-', 'AKTIF', 7, 1, '2020-07-06 04:58:47', '2020-07-06 04:59:55', 1, 1, 4790),
(83, 'after update', 9, 60, 'Auto insert from item existance check', 'aktif', 5, 1, '2020-07-06 04:58:47', '2020-07-06 05:00:27', 1, 1, 4791),
(84, 'after update', 3, 112, '-', 'AKTIF', 6, 1, '2020-07-06 10:02:29', '2020-07-06 05:34:44', 1, 1, 4792),
(85, 'after update', 8, 112, '-', 'AKTIF', 7, 1, '2020-07-06 04:58:47', '2020-07-06 04:59:55', 1, 1, 4793),
(86, 'after update', 9, 60, 'Auto insert from item existance check', 'aktif', 5, 1, '2020-07-06 04:58:47', '2020-07-06 05:00:27', 1, 1, 4794),
(87, 'after update', 3, 112, '-', 'AKTIF', 6, 1, '2020-07-06 10:02:29', '2020-07-06 05:34:44', 1, 1, 4795),
(88, 'after update', 8, 112, '-', 'AKTIF', 7, 1, '2020-07-06 04:58:47', '2020-07-06 04:59:55', 1, 1, 4796),
(89, 'after update', 9, 60, 'Auto insert from item existance check', 'aktif', 5, 1, '2020-07-06 04:58:47', '2020-07-06 05:00:27', 1, 1, 4797),
(90, 'after update', 3, 112, '-', 'AKTIF', 6, 1, '2020-07-06 10:02:29', '2020-07-06 05:34:44', 1, 1, 4798),
(91, 'after update', 8, 112, '-', 'AKTIF', 7, 1, '2020-07-06 04:58:47', '2020-07-06 04:59:55', 1, 1, 4799),
(92, 'after update', 1, 184, 'aaa', 'AKTIF', 1, 1, '2020-06-22 01:31:25', '2020-06-22 01:44:56', 1, 1, 4800),
(93, 'after update', 2, 476, '-', 'AKTIF', 2, 1, '2020-07-06 10:02:23', '2020-07-06 05:00:21', 1, 1, 4801),
(94, 'after update', 4, 752, 'Auto insert from item existance check', 'nonaktif', 4, 1, '2020-07-06 02:00:16', '2020-07-06 02:00:58', 1, 1, 4802),
(95, 'after update', 5, 664, 'Auto insert from item existance check', 'nonaktif', 3, 1, '2020-07-06 02:00:16', '2020-07-06 02:00:55', 1, 1, 4803),
(96, 'after update', 6, 614, 'Auto insert from item existance check', 'aktif', 3, 1, '2020-07-06 02:00:55', '2020-07-06 04:58:30', 1, 1, 4804),
(97, 'after update', 7, 802, 'Auto insert from item existance check', 'aktif', 4, 1, '2020-07-06 02:00:58', '2020-07-06 04:58:34', 1, 1, 4805),
(98, 'after update', 3, 200, '-', 'AKTIF', 6, 1, '2020-07-06 10:02:29', '2020-07-06 06:03:48', 1, 1, 4806),
(99, 'after update', 9, 95, 'Auto insert from item existance check', 'aktif', 5, 1, '2020-07-06 04:58:47', '2020-07-06 05:00:27', 1, 1, 4807),
(100, 'after update', 3, 200, '-', 'AKTIF', 6, 1, '2020-07-06 10:02:29', '2020-07-06 06:03:48', 1, 1, 4808),
(101, 'after update', 8, 200, '-', 'AKTIF', 7, 1, '2020-07-06 04:58:47', '2020-07-06 04:59:55', 1, 1, 4809),
(102, 'after update', 9, 95, 'Auto insert from item existance check', 'aktif', 5, 1, '2020-07-06 04:58:47', '2020-07-06 05:00:27', 1, 1, 4810),
(103, 'after update', 3, 200, '-', 'AKTIF', 6, 1, '2020-07-06 10:02:29', '2020-07-06 06:03:48', 1, 1, 4811),
(104, 'after update', 8, 200, '-', 'AKTIF', 7, 1, '2020-07-06 04:58:47', '2020-07-06 04:59:55', 1, 1, 4812),
(105, 'after update', 2, 100, '-', 'AKTIF', 2, 1, '2020-07-06 10:02:23', '2020-07-06 06:03:55', 1, 1, 4813),
(106, 'after update', 9, 20, 'Auto insert from item existance check', 'aktif', 5, 1, '2020-07-06 04:58:47', '2020-07-06 05:00:27', 1, 1, 4814),
(107, 'after update', 3, 50, '-', 'AKTIF', 6, 1, '2020-07-06 10:02:29', '2020-07-06 06:03:48', 1, 1, 4815),
(108, 'after update', 8, 50, '-', 'AKTIF', 7, 1, '2020-07-06 04:58:47', '2020-07-06 04:59:55', 1, 1, 4816),
(109, 'after update', 9, 20, 'Auto insert from item existance check', 'aktif', 5, 1, '2020-07-06 04:58:47', '2020-07-06 05:00:27', 1, 1, 4817),
(110, 'after update', 3, 50, '-', 'AKTIF', 6, 1, '2020-07-06 10:02:29', '2020-07-06 06:03:48', 1, 1, 4818),
(111, 'after update', 8, 50, '-', 'AKTIF', 7, 1, '2020-07-06 04:58:47', '2020-07-06 04:59:55', 1, 1, 4819),
(112, 'after update', 6, 100, 'Auto insert from item existance check', 'aktif', 3, 1, '2020-07-06 02:00:55', '2020-07-06 06:03:58', 1, 1, 4820),
(113, 'after update', 9, 20, 'Auto insert from item existance check', 'aktif', 5, 1, '2020-07-06 04:58:47', '2020-07-06 05:00:27', 1, 1, 4821),
(114, 'after update', 3, 33, '-', 'AKTIF', 6, 1, '2020-07-06 10:02:29', '2020-07-06 06:03:48', 1, 1, 4822),
(115, 'after update', 8, 33, '-', 'AKTIF', 7, 1, '2020-07-06 04:58:47', '2020-07-06 04:59:55', 1, 1, 4823),
(116, 'after update', 9, 20, 'Auto insert from item existance check', 'aktif', 5, 1, '2020-07-06 04:58:47', '2020-07-06 05:00:27', 1, 1, 4824),
(117, 'after update', 3, 33, '-', 'AKTIF', 6, 1, '2020-07-06 10:02:29', '2020-07-06 06:03:48', 1, 1, 4825),
(118, 'after update', 8, 33, '-', 'AKTIF', 7, 1, '2020-07-06 04:58:47', '2020-07-06 04:59:55', 1, 1, 4826),
(119, 'after update', 7, 100, 'Auto insert from item existance check', 'aktif', 4, 1, '2020-07-06 02:00:58', '2020-07-06 06:04:04', 1, 1, 4827),
(120, 'after update', 9, 20, 'Auto insert from item existance check', 'aktif', 5, 1, '2020-07-06 04:58:47', '2020-07-06 05:00:27', 1, 1, 4828),
(121, 'after update', 3, 25, '-', 'AKTIF', 6, 1, '2020-07-06 10:02:29', '2020-07-06 06:03:48', 1, 1, 4829),
(122, 'after update', 8, 25, '-', 'AKTIF', 7, 1, '2020-07-06 04:58:47', '2020-07-06 04:59:55', 1, 1, 4830),
(123, 'after update', 9, 20, 'Auto insert from item existance check', 'aktif', 5, 1, '2020-07-06 04:58:47', '2020-07-06 05:00:27', 1, 1, 4831),
(124, 'after update', 3, 25, '-', 'AKTIF', 6, 1, '2020-07-06 10:02:29', '2020-07-06 06:03:48', 1, 1, 4832),
(125, 'after update', 8, 25, '-', 'AKTIF', 7, 1, '2020-07-06 04:58:47', '2020-07-06 04:59:55', 1, 1, 4833),
(126, 'after update', 2, 0, '-', 'AKTIF', 2, 1, '2020-07-06 10:02:23', '2020-07-06 06:03:55', 1, 1, 4834),
(127, 'after update', 4, 692, 'Auto insert from item existance check', 'nonaktif', 4, 1, '2020-07-06 02:00:16', '2020-07-06 02:00:58', 1, 1, 4835),
(128, 'after update', 7, 40, 'Auto insert from item existance check', 'aktif', 4, 1, '2020-07-06 02:00:58', '2020-07-06 06:04:04', 1, 1, 4836),
(129, 'after update', 9, 0, 'Auto insert from item existance check', 'aktif', 5, 1, '2020-07-06 04:58:47', '2020-07-06 06:04:10', 1, 1, 4837),
(130, 'after update', 9, 0, 'Auto insert from item existance check', 'aktif', 5, 1, '2020-07-06 04:58:47', '2020-07-06 06:04:10', 1, 1, 4838),
(131, 'after update', 3, 0, '-', 'AKTIF', 6, 1, '2020-07-06 10:02:29', '2020-07-06 06:03:48', 1, 1, 4839),
(132, 'after update', 8, 0, '-', 'AKTIF', 7, 1, '2020-07-06 04:58:47', '2020-07-06 04:59:55', 1, 1, 4840),
(133, 'after update', 9, 0, 'Auto insert from item existance check', 'aktif', 5, 1, '2020-07-06 04:58:47', '2020-07-06 06:04:10', 1, 1, 4841),
(134, 'after update', 3, 0, '-', 'AKTIF', 6, 1, '2020-07-06 10:02:29', '2020-07-06 06:03:48', 1, 1, 4842),
(135, 'after update', 8, 0, '-', 'AKTIF', 7, 1, '2020-07-06 04:58:47', '2020-07-06 04:59:55', 1, 1, 4843),
(136, 'after update', 2, 200, '-', 'AKTIF', 2, 1, '2020-07-06 10:02:23', '2020-07-06 06:04:17', 1, 1, 4844),
(137, 'after update', 9, 13, 'Auto insert from item existance check', 'aktif', 5, 1, '2020-07-06 04:58:47', '2020-07-06 06:04:10', 1, 1, 4845),
(138, 'after update', 3, 10, '-', 'AKTIF', 6, 1, '2020-07-06 10:02:29', '2020-07-06 06:03:48', 1, 1, 4846),
(139, 'after update', 8, 10, '-', 'AKTIF', 7, 1, '2020-07-06 04:58:47', '2020-07-06 04:59:55', 1, 1, 4847),
(140, 'after update', 9, 13, 'Auto insert from item existance check', 'aktif', 5, 1, '2020-07-06 04:58:47', '2020-07-06 06:04:10', 1, 1, 4848),
(141, 'after update', 3, 10, '-', 'AKTIF', 6, 1, '2020-07-06 10:02:29', '2020-07-06 06:03:48', 1, 1, 4849),
(142, 'after update', 8, 10, '-', 'AKTIF', 7, 1, '2020-07-06 04:58:47', '2020-07-06 04:59:55', 1, 1, 4850),
(143, 'after update', 1, 204, 'aaa', 'AKTIF', 1, 1, '2020-06-22 01:31:25', '2020-06-22 01:44:56', 1, 1, 4851),
(144, 'after update', 2, 220, '-', 'AKTIF', 2, 1, '2020-07-06 10:02:23', '2020-07-06 06:04:17', 1, 1, 4852),
(145, 'after update', 4, 732, 'Auto insert from item existance check', 'nonaktif', 4, 1, '2020-07-06 02:00:16', '2020-07-06 02:00:58', 1, 1, 4853),
(146, 'after update', 5, 694, 'Auto insert from item existance check', 'nonaktif', 3, 1, '2020-07-06 02:00:16', '2020-07-06 02:00:55', 1, 1, 4854),
(147, 'after update', 6, 130, 'Auto insert from item existance check', 'aktif', 3, 1, '2020-07-06 02:00:55', '2020-07-06 06:03:58', 1, 1, 4855),
(148, 'after update', 7, 80, 'Auto insert from item existance check', 'aktif', 4, 1, '2020-07-06 02:00:58', '2020-07-06 06:04:04', 1, 1, 4856),
(149, 'after update', 3, 20, '-', 'AKTIF', 6, 1, '2020-07-06 10:02:29', '2020-07-06 06:04:48', 1, 1, 4857),
(150, 'after update', 9, 26, 'Auto insert from item existance check', 'aktif', 5, 1, '2020-07-06 04:58:47', '2020-07-06 06:04:10', 1, 1, 4858),
(151, 'after update', 3, 20, '-', 'AKTIF', 6, 1, '2020-07-06 10:02:29', '2020-07-06 06:04:48', 1, 1, 4859),
(152, 'after update', 8, 20, '-', 'AKTIF', 7, 1, '2020-07-06 04:58:47', '2020-07-06 04:59:55', 1, 1, 4860),
(153, 'after update', 9, 26, 'Auto insert from item existance check', 'aktif', 5, 1, '2020-07-06 04:58:47', '2020-07-06 06:04:10', 1, 1, 4861),
(154, 'after update', 3, 20, '-', 'AKTIF', 6, 1, '2020-07-06 10:02:29', '2020-07-06 06:04:48', 1, 1, 4862),
(155, 'after update', 8, 20, '-', 'AKTIF', 7, 1, '2020-07-06 04:58:47', '2020-07-06 04:59:55', 1, 1, 4863),
(156, 'after update', 1, 184, 'aaa', 'AKTIF', 1, 1, '2020-06-22 01:31:25', '2020-06-22 01:44:56', 1, 1, 4864),
(157, 'after update', 2, 200, '-', 'AKTIF', 2, 1, '2020-07-06 10:02:23', '2020-07-06 06:04:17', 1, 1, 4865),
(158, 'after update', 4, 692, 'Auto insert from item existance check', 'nonaktif', 4, 1, '2020-07-06 02:00:16', '2020-07-06 02:00:58', 1, 1, 4866),
(159, 'after update', 5, 664, 'Auto insert from item existance check', 'nonaktif', 3, 1, '2020-07-06 02:00:16', '2020-07-06 02:00:55', 1, 1, 4867),
(160, 'after update', 6, 100, 'Auto insert from item existance check', 'aktif', 3, 1, '2020-07-06 02:00:55', '2020-07-06 06:03:58', 1, 1, 4868),
(161, 'after update', 7, 40, 'Auto insert from item existance check', 'aktif', 4, 1, '2020-07-06 02:00:58', '2020-07-06 06:04:04', 1, 1, 4869),
(162, 'after update', 3, 10, '-', 'AKTIF', 6, 1, '2020-07-06 10:02:29', '2020-07-06 06:04:57', 1, 1, 4870),
(163, 'after update', 9, 13, 'Auto insert from item existance check', 'aktif', 5, 1, '2020-07-06 04:58:47', '2020-07-06 06:04:10', 1, 1, 4871),
(164, 'after update', 3, 10, '-', 'AKTIF', 6, 1, '2020-07-06 10:02:29', '2020-07-06 06:04:57', 1, 1, 4872),
(165, 'after update', 8, 10, '-', 'AKTIF', 7, 1, '2020-07-06 04:58:47', '2020-07-06 04:59:55', 1, 1, 4873),
(166, 'after update', 4, 702, 'Auto insert from item existance check', 'nonaktif', 4, 1, '2020-07-06 02:00:16', '2020-07-06 02:00:58', 1, 1, 4904),
(167, 'after update', 7, 50, 'Auto insert from item existance check', 'aktif', 4, 1, '2020-07-06 02:00:58', '2020-07-06 06:04:04', 1, 1, 4905),
(168, 'after update', 5, 674, 'Auto insert from item existance check', 'nonaktif', 3, 1, '2020-07-06 02:00:16', '2020-07-06 02:00:55', 1, 1, 4907),
(169, 'after update', 6, 110, 'Auto insert from item existance check', 'aktif', 3, 1, '2020-07-06 02:00:55', '2020-07-06 06:03:58', 1, 1, 4908),
(170, 'after update', 9, 16, 'Auto insert from item existance check', 'aktif', 5, 1, '2020-07-06 04:58:47', '2020-07-06 06:04:10', 1, 1, 4909),
(171, 'after update', 3, 12, '-', 'AKTIF', 6, 1, '2020-07-06 10:02:29', '2020-07-06 06:04:57', 1, 1, 4910),
(172, 'after update', 8, 12, '-', 'AKTIF', 7, 1, '2020-07-06 04:58:47', '2020-07-06 04:59:55', 1, 1, 4911),
(173, 'after update', 9, 16, 'Auto insert from item existance check', 'aktif', 5, 1, '2020-07-06 04:58:47', '2020-07-06 06:04:10', 1, 1, 4912),
(174, 'after update', 3, 12, '-', 'AKTIF', 6, 1, '2020-07-06 10:02:29', '2020-07-06 06:04:57', 1, 1, 4913),
(175, 'after update', 8, 12, '-', 'AKTIF', 7, 1, '2020-07-06 04:58:47', '2020-07-06 04:59:55', 1, 1, 4914),
(176, 'after update', 4, 707, 'Auto insert from item existance check', 'nonaktif', 4, 1, '2020-07-06 02:00:16', '2020-07-06 02:00:58', 1, 1, 4917),
(177, 'after update', 7, 55, 'Auto insert from item existance check', 'aktif', 4, 1, '2020-07-06 02:00:58', '2020-07-06 06:04:04', 1, 1, 4918),
(178, 'after update', 5, 679, 'Auto insert from item existance check', 'nonaktif', 3, 1, '2020-07-06 02:00:16', '2020-07-06 02:00:55', 1, 1, 4920),
(179, 'after update', 6, 115, 'Auto insert from item existance check', 'aktif', 3, 1, '2020-07-06 02:00:55', '2020-07-06 06:03:58', 1, 1, 4921),
(180, 'after update', 9, 18, 'Auto insert from item existance check', 'aktif', 5, 1, '2020-07-06 04:58:47', '2020-07-06 06:04:10', 1, 1, 4922),
(181, 'after update', 3, 13, '-', 'AKTIF', 6, 1, '2020-07-06 10:02:29', '2020-07-06 06:04:57', 1, 1, 4923),
(182, 'after update', 8, 13, '-', 'AKTIF', 7, 1, '2020-07-06 04:58:47', '2020-07-06 04:59:55', 1, 1, 4924),
(183, 'after update', 9, 18, 'Auto insert from item existance check', 'aktif', 5, 1, '2020-07-06 04:58:47', '2020-07-06 06:04:10', 1, 1, 4925),
(184, 'after update', 3, 13, '-', 'AKTIF', 6, 1, '2020-07-06 10:02:29', '2020-07-06 06:04:57', 1, 1, 4926),
(185, 'after update', 8, 13, '-', 'AKTIF', 7, 1, '2020-07-06 04:58:47', '2020-07-06 04:59:55', 1, 1, 4927),
(186, 'after update', 4, 692, 'Auto insert from item existance check', 'nonaktif', 4, 1, '2020-07-06 02:00:16', '2020-07-06 02:00:58', 1, 1, 4930),
(187, 'after update', 7, 40, 'Auto insert from item existance check', 'aktif', 4, 1, '2020-07-06 02:00:58', '2020-07-06 06:04:04', 1, 1, 4931),
(188, 'after update', 5, 664, 'Auto insert from item existance check', 'nonaktif', 3, 1, '2020-07-06 02:00:16', '2020-07-06 02:00:55', 1, 1, 4933),
(189, 'after update', 6, 100, 'Auto insert from item existance check', 'aktif', 3, 1, '2020-07-06 02:00:55', '2020-07-06 06:03:58', 1, 1, 4934),
(190, 'after update', 9, 13, 'Auto insert from item existance check', 'aktif', 5, 1, '2020-07-06 04:58:47', '2020-07-06 06:04:10', 1, 1, 4935),
(191, 'after update', 3, 10, '-', 'AKTIF', 6, 1, '2020-07-06 10:02:29', '2020-07-06 06:04:57', 1, 1, 4936),
(192, 'after update', 8, 10, '-', 'AKTIF', 7, 1, '2020-07-06 04:58:47', '2020-07-06 04:59:55', 1, 1, 4937),
(193, 'after update', 9, 13, 'Auto insert from item existance check', 'aktif', 5, 1, '2020-07-06 04:58:47', '2020-07-06 06:04:10', 1, 1, 4938),
(194, 'after update', 3, 10, '-', 'AKTIF', 6, 1, '2020-07-06 10:02:29', '2020-07-06 06:04:57', 1, 1, 4939),
(195, 'after update', 8, 10, '-', 'AKTIF', 7, 1, '2020-07-06 04:58:47', '2020-07-06 04:59:55', 1, 1, 4940),
(196, 'after update', 9, 13, 'Auto insert from item existance check', 'aktif', 5, 1, '2020-07-06 04:58:47', '2020-07-06 06:04:10', 1, 1, 5032),
(197, 'after update', 3, 10, '-', 'AKTIF', 6, 1, '2020-07-06 10:02:29', '2020-07-06 06:04:57', 1, 1, 5033),
(198, 'after update', 8, 10, '-', 'AKTIF', 7, 1, '2020-07-06 04:58:47', '2020-07-06 04:59:55', 1, 1, 5034),
(199, 'after update', 9, 13, 'Auto insert from item existance check', 'aktif', 5, 1, '2020-07-06 04:58:47', '2020-07-06 06:04:10', 1, 1, 5035),
(200, 'after update', 3, 10, '-', 'AKTIF', 6, 1, '2020-07-06 10:02:29', '2020-07-06 06:04:57', 1, 1, 5036),
(201, 'after update', 8, 10, '-', 'AKTIF', 7, 1, '2020-07-06 04:58:47', '2020-07-06 04:59:55', 1, 1, 5037),
(202, 'after update', 2, NULL, '-', 'AKTIF', 2, 1, '2020-07-06 10:02:23', '2020-07-06 06:04:17', 1, 1, 5040),
(203, 'after update', 9, 13, 'Auto insert from item existance check', 'aktif', 5, 1, '2020-07-06 04:58:47', '2020-07-06 06:04:10', 1, 1, 5042),
(204, 'after update', 3, 10, '-', 'AKTIF', 6, 1, '2020-07-06 10:02:29', '2020-07-06 06:04:57', 1, 1, 5043),
(205, 'after update', 8, 10, '-', 'AKTIF', 7, 1, '2020-07-06 04:58:47', '2020-07-06 04:59:55', 1, 1, 5044),
(206, 'after update', 9, 13, 'Auto insert from item existance check', 'aktif', 5, 1, '2020-07-06 04:58:47', '2020-07-06 06:04:10', 1, 1, 5045),
(207, 'after update', 3, 10, '-', 'AKTIF', 6, 1, '2020-07-06 10:02:29', '2020-07-06 06:04:57', 1, 1, 5046),
(208, 'after update', 8, 10, '-', 'AKTIF', 7, 1, '2020-07-06 04:58:47', '2020-07-06 04:59:55', 1, 1, 5047),
(209, 'after update', 9, 13, 'Auto insert from item existance check', 'aktif', 5, 1, '2020-07-06 04:58:47', '2020-07-06 06:04:10', 1, 1, 5048),
(210, 'after update', 3, 10, '-', 'AKTIF', 6, 1, '2020-07-06 10:02:29', '2020-07-06 06:04:57', 1, 1, 5049),
(211, 'after update', 8, 10, '-', 'AKTIF', 7, 1, '2020-07-06 04:58:47', '2020-07-06 04:59:55', 1, 1, 5050),
(212, 'after update', 9, 13, 'Auto insert from item existance check', 'aktif', 5, 1, '2020-07-06 04:58:47', '2020-07-06 06:04:10', 1, 1, 5051),
(213, 'after update', 3, 10, '-', 'AKTIF', 6, 1, '2020-07-06 10:02:29', '2020-07-06 06:04:57', 1, 1, 5052),
(214, 'after update', 8, 10, '-', 'AKTIF', 7, 1, '2020-07-06 04:58:47', '2020-07-06 04:59:55', 1, 1, 5053),
(215, 'after update', 9, 13, 'Auto insert from item existance check', 'aktif', 5, 1, '2020-07-06 04:58:47', '2020-07-06 06:04:10', 1, 1, 5054),
(216, 'after update', 3, 10, '-', 'AKTIF', 6, 1, '2020-07-06 10:02:29', '2020-07-06 06:04:57', 1, 1, 5055),
(217, 'after update', 8, 10, '-', 'AKTIF', 7, 1, '2020-07-06 04:58:47', '2020-07-06 04:59:55', 1, 1, 5056),
(218, 'after update', 9, 13, 'Auto insert from item existance check', 'aktif', 5, 1, '2020-07-06 04:58:47', '2020-07-06 06:04:10', 1, 1, 5057),
(219, 'after update', 3, 10, '-', 'AKTIF', 6, 1, '2020-07-06 10:02:29', '2020-07-06 06:04:57', 1, 1, 5058),
(220, 'after update', 8, 10, '-', 'AKTIF', 7, 1, '2020-07-06 04:58:47', '2020-07-06 04:59:55', 1, 1, 5059),
(221, 'after update', 9, 13, 'Auto insert from item existance check', 'aktif', 5, 1, '2020-07-06 04:58:47', '2020-07-06 06:04:10', 1, 1, 5060),
(222, 'after update', 3, 10, '-', 'AKTIF', 6, 1, '2020-07-06 10:02:29', '2020-07-06 06:04:57', 1, 1, 5061),
(223, 'after update', 8, 10, '-', 'AKTIF', 7, 1, '2020-07-06 04:58:47', '2020-07-06 04:59:55', 1, 1, 5062),
(224, 'after update', 9, 13, 'Auto insert from item existance check', 'aktif', 5, 1, '2020-07-06 04:58:47', '2020-07-06 06:04:10', 1, 1, 5063),
(225, 'after update', 3, 10, '-', 'AKTIF', 6, 1, '2020-07-06 10:02:29', '2020-07-06 06:04:57', 1, 1, 5064),
(226, 'after update', 8, 10, '-', 'AKTIF', 7, 1, '2020-07-06 04:58:47', '2020-07-06 04:59:55', 1, 1, 5065),
(227, 'after update', 9, 13, 'Auto insert from item existance check', 'aktif', 5, 1, '2020-07-06 04:58:47', '2020-07-06 06:04:10', 1, 1, 5066),
(228, 'after update', 3, 10, '-', 'AKTIF', 6, 1, '2020-07-06 10:02:29', '2020-07-06 06:04:57', 1, 1, 5067),
(229, 'after update', 8, 10, '-', 'AKTIF', 7, 1, '2020-07-06 04:58:47', '2020-07-06 04:59:55', 1, 1, 5068),
(230, 'after update', 9, 13, 'Auto insert from item existance check', 'aktif', 5, 1, '2020-07-06 04:58:47', '2020-07-06 06:04:10', 1, 1, 5069),
(231, 'after update', 3, 10, '-', 'AKTIF', 6, 1, '2020-07-06 10:02:29', '2020-07-06 06:04:57', 1, 1, 5070),
(232, 'after update', 8, 10, '-', 'AKTIF', 7, 1, '2020-07-06 04:58:47', '2020-07-06 04:59:55', 1, 1, 5071),
(233, 'after update', 9, 13, 'Auto insert from item existance check', 'aktif', 5, 1, '2020-07-06 04:58:47', '2020-07-06 06:04:10', 1, 1, 5072),
(234, 'after update', 3, 10, '-', 'AKTIF', 6, 1, '2020-07-06 10:02:29', '2020-07-06 06:04:57', 1, 1, 5073),
(235, 'after update', 8, 10, '-', 'AKTIF', 7, 1, '2020-07-06 04:58:47', '2020-07-06 04:59:55', 1, 1, 5074),
(236, 'after update', 9, 13, 'Auto insert from item existance check', 'aktif', 5, 1, '2020-07-06 04:58:47', '2020-07-06 06:04:10', 1, 1, 5075),
(237, 'after update', 3, 10, '-', 'AKTIF', 6, 1, '2020-07-06 10:02:29', '2020-07-06 06:04:57', 1, 1, 5076),
(238, 'after update', 8, 10, '-', 'AKTIF', 7, 1, '2020-07-06 04:58:47', '2020-07-06 04:59:55', 1, 1, 5077),
(239, 'after update', 9, 13, 'Auto insert from item existance check', 'aktif', 5, 1, '2020-07-06 04:58:47', '2020-07-06 06:04:10', 1, 1, 5078),
(240, 'after update', 3, 10, '-', 'AKTIF', 6, 1, '2020-07-06 10:02:29', '2020-07-06 06:04:57', 1, 1, 5079),
(241, 'after update', 8, 10, '-', 'AKTIF', 7, 1, '2020-07-06 04:58:47', '2020-07-06 04:59:55', 1, 1, 5080),
(242, 'after update', 9, 13, 'Auto insert from item existance check', 'aktif', 5, 1, '2020-07-06 04:58:47', '2020-07-06 06:04:10', 1, 1, 5081),
(243, 'after update', 3, 10, '-', 'AKTIF', 6, 1, '2020-07-06 10:02:29', '2020-07-06 06:04:57', 1, 1, 5082),
(244, 'after update', 8, 10, '-', 'AKTIF', 7, 1, '2020-07-06 04:58:47', '2020-07-06 04:59:55', 1, 1, 5083),
(245, 'after update', 9, NULL, 'Auto insert from item existance check', 'aktif', 5, 1, '2020-07-06 04:58:47', '2020-07-06 06:04:10', 1, 1, 5086),
(246, 'after update', 9, 13, 'Auto insert from item existance check', 'aktif', 5, 1, '2020-07-06 04:58:47', '2020-07-06 06:04:10', 1, 1, 5088),
(247, 'after update', 3, 10, '-', 'AKTIF', 6, 1, '2020-07-06 10:02:29', '2020-07-06 06:04:57', 1, 1, 5089),
(248, 'after update', 8, 10, '-', 'AKTIF', 7, 1, '2020-07-06 04:58:47', '2020-07-06 04:59:55', 1, 1, 5090),
(249, 'after update', 9, 13, 'Auto insert from item existance check', 'aktif', 5, 1, '2020-07-06 04:58:47', '2020-07-06 06:04:10', 1, 1, 5091),
(250, 'after update', 3, 10, '-', 'AKTIF', 6, 1, '2020-07-06 10:02:29', '2020-07-06 06:04:57', 1, 1, 5092),
(251, 'after update', 8, 10, '-', 'AKTIF', 7, 1, '2020-07-06 04:58:47', '2020-07-06 04:59:55', 1, 1, 5093),
(252, 'after update', 9, 13, 'Auto insert from item existance check', 'aktif', 5, 1, '2020-07-06 04:58:47', '2020-07-06 06:04:10', 1, 1, 5094),
(253, 'after update', 3, 10, '-', 'AKTIF', 6, 1, '2020-07-06 10:02:29', '2020-07-06 06:04:57', 1, 1, 5095),
(254, 'after update', 8, 10, '-', 'AKTIF', 7, 1, '2020-07-06 04:58:47', '2020-07-06 04:59:55', 1, 1, 5096),
(255, 'after update', 5, NULL, 'Auto insert from item existance check', 'nonaktif', 3, 1, '2020-07-06 02:00:16', '2020-07-06 02:00:55', 1, 1, 5105),
(256, 'after update', 6, NULL, 'Auto insert from item existance check', 'aktif', 3, 1, '2020-07-06 02:00:55', '2020-07-06 06:03:58', 1, 1, 5106),
(257, 'after update', 9, 13, 'Auto insert from item existance check', 'aktif', 5, 1, '2020-07-06 04:58:47', '2020-07-06 06:04:10', 1, 1, 5108),
(258, 'after update', 3, 10, '-', 'AKTIF', 6, 1, '2020-07-06 10:02:29', '2020-07-06 06:04:57', 1, 1, 5109),
(259, 'after update', 8, 10, '-', 'AKTIF', 7, 1, '2020-07-06 04:58:47', '2020-07-06 04:59:55', 1, 1, 5110),
(260, 'after update', 9, 13, 'Auto insert from item existance check', 'aktif', 5, 1, '2020-07-06 04:58:47', '2020-07-06 06:04:10', 1, 1, 5111),
(261, 'after update', 3, 10, '-', 'AKTIF', 6, 1, '2020-07-06 10:02:29', '2020-07-06 06:04:57', 1, 1, 5112),
(262, 'after update', 8, 10, '-', 'AKTIF', 7, 1, '2020-07-06 04:58:47', '2020-07-06 04:59:55', 1, 1, 5113),
(263, 'after update', 1, 300, 'aaa', 'AKTIF', 1, 1, '2020-06-22 01:31:25', '2020-06-22 01:44:56', 1, 1, 5140),
(264, 'after update', 2, 300, '-', 'AKTIF', 2, 1, '2020-07-06 10:02:23', '2020-07-06 06:04:17', 1, 1, 5141),
(265, 'after update', 3, 300, '-', 'AKTIF', 6, 1, '2020-07-06 10:02:29', '2020-07-06 06:04:57', 1, 1, 5142),
(266, 'after update', 4, 300, 'Auto insert from item existance check', 'nonaktif', 4, 1, '2020-07-06 02:00:16', '2020-07-06 02:00:58', 1, 1, 5143),
(267, 'after update', 5, 300, 'Auto insert from item existance check', 'nonaktif', 3, 1, '2020-07-06 02:00:16', '2020-07-06 02:00:55', 1, 1, 5144),
(268, 'after update', 6, 300, 'Auto insert from item existance check', 'aktif', 3, 1, '2020-07-06 02:00:55', '2020-07-06 06:03:58', 1, 1, 5145),
(269, 'after update', 7, 300, 'Auto insert from item existance check', 'aktif', 4, 1, '2020-07-06 02:00:58', '2020-07-06 06:04:04', 1, 1, 5146),
(270, 'after update', 8, 300, '-', 'AKTIF', 7, 1, '2020-07-06 04:58:47', '2020-07-06 04:59:55', 1, 1, 5147),
(271, 'after update', 9, 300, 'Auto insert from item existance check', 'aktif', 5, 1, '2020-07-06 04:58:47', '2020-07-06 06:04:10', 1, 1, 5148),
(272, 'after update', 9, 60, 'Auto insert from item existance check', 'aktif', 5, 1, '2020-07-06 04:58:47', '2020-07-06 06:04:10', 1, 1, 5149),
(273, 'after update', 3, 75, '-', 'AKTIF', 6, 1, '2020-07-06 10:02:29', '2020-07-06 06:04:57', 1, 1, 5150),
(274, 'after update', 8, 75, '-', 'AKTIF', 7, 1, '2020-07-06 04:58:47', '2020-07-06 04:59:55', 1, 1, 5151),
(275, 'after update', 9, 60, 'Auto insert from item existance check', 'aktif', 5, 1, '2020-07-06 04:58:47', '2020-07-06 06:04:10', 1, 1, 5152),
(276, 'after update', 3, 75, '-', 'AKTIF', 6, 1, '2020-07-06 10:02:29', '2020-07-06 06:04:57', 1, 1, 5153),
(277, 'after update', 8, 75, '-', 'AKTIF', 7, 1, '2020-07-06 04:58:47', '2020-07-06 04:59:55', 1, 1, 5154),
(278, 'after update', 9, 60, 'Auto insert from item existance check', 'aktif', 5, 1, '2020-07-06 04:58:47', '2020-07-06 06:04:10', 1, 1, 5155),
(279, 'after update', 3, 75, '-', 'AKTIF', 6, 1, '2020-07-06 10:02:29', '2020-07-06 06:04:57', 1, 1, 5156),
(280, 'after update', 8, 75, '-', 'AKTIF', 7, 1, '2020-07-06 04:58:47', '2020-07-06 04:59:55', 1, 1, 5157),
(281, 'after update', 2, NULL, '-', 'AKTIF', 2, 1, '2020-07-06 10:02:23', '2020-07-06 06:04:17', 1, 1, 5160),
(282, 'after update', 9, 100, 'Auto insert from item existance check', 'aktif', 5, 1, '2020-07-06 04:58:47', '2020-07-06 06:04:10', 1, 1, 5162),
(283, 'after update', 3, 75, '-', 'AKTIF', 6, 1, '2020-07-06 10:02:29', '2020-07-06 06:04:57', 1, 1, 5163),
(284, 'after update', 8, 75, '-', 'AKTIF', 7, 1, '2020-07-06 04:58:47', '2020-07-06 04:59:55', 1, 1, 5164),
(285, 'after update', 9, 100, 'Auto insert from item existance check', 'aktif', 5, 1, '2020-07-06 04:58:47', '2020-07-06 06:04:10', 1, 1, 5165),
(286, 'after update', 3, 75, '-', 'AKTIF', 6, 1, '2020-07-06 10:02:29', '2020-07-06 06:04:57', 1, 1, 5166),
(287, 'after update', 8, 75, '-', 'AKTIF', 7, 1, '2020-07-06 04:58:47', '2020-07-06 04:59:55', 1, 1, 5167),
(288, 'after update', 1, 300, 'aaa', 'AKTIF', 1, 1, '2020-06-22 01:31:25', '2020-06-22 01:44:56', 1, 1, 5168),
(289, 'after update', 2, 300, '-', 'AKTIF', 2, 1, '2020-07-06 10:02:23', '2020-07-06 06:04:17', 1, 1, 5169),
(290, 'after update', 3, 300, '-', 'AKTIF', 6, 1, '2020-07-06 10:02:29', '2020-07-06 06:04:57', 1, 1, 5170),
(291, 'after update', 4, 300, 'Auto insert from item existance check', 'nonaktif', 4, 1, '2020-07-06 02:00:16', '2020-07-06 02:00:58', 1, 1, 5171),
(292, 'after update', 5, 300, 'Auto insert from item existance check', 'nonaktif', 3, 1, '2020-07-06 02:00:16', '2020-07-06 02:00:55', 1, 1, 5172),
(293, 'after update', 6, 300, 'Auto insert from item existance check', 'aktif', 3, 1, '2020-07-06 02:00:55', '2020-07-06 06:03:58', 1, 1, 5173),
(294, 'after update', 7, 300, 'Auto insert from item existance check', 'aktif', 4, 1, '2020-07-06 02:00:58', '2020-07-06 06:04:04', 1, 1, 5174),
(295, 'after update', 8, 300, '-', 'AKTIF', 7, 1, '2020-07-06 04:58:47', '2020-07-06 04:59:55', 1, 1, 5175),
(296, 'after update', 9, 300, 'Auto insert from item existance check', 'aktif', 5, 1, '2020-07-06 04:58:47', '2020-07-06 06:04:10', 1, 1, 5176),
(297, 'after update', 9, 60, 'Auto insert from item existance check', 'aktif', 5, 1, '2020-07-06 04:58:47', '2020-07-06 06:04:10', 1, 1, 5177),
(298, 'after update', 3, 75, '-', 'AKTIF', 6, 1, '2020-07-06 10:02:29', '2020-07-06 06:04:57', 1, 1, 5178),
(299, 'after update', 8, 75, '-', 'AKTIF', 7, 1, '2020-07-06 04:58:47', '2020-07-06 04:59:55', 1, 1, 5179),
(300, 'after update', 9, 60, 'Auto insert from item existance check', 'aktif', 5, 1, '2020-07-06 04:58:47', '2020-07-06 06:04:10', 1, 1, 5180),
(301, 'after update', 3, 75, '-', 'AKTIF', 6, 1, '2020-07-06 10:02:29', '2020-07-06 06:04:57', 1, 1, 5181),
(302, 'after update', 8, 75, '-', 'AKTIF', 7, 1, '2020-07-06 04:58:47', '2020-07-06 04:59:55', 1, 1, 5182),
(303, 'after update', 9, 60, 'Auto insert from item existance check', 'aktif', 5, 1, '2020-07-06 04:58:47', '2020-07-06 06:04:10', 1, 1, 5183),
(304, 'after update', 3, 75, '-', 'AKTIF', 6, 1, '2020-07-06 10:02:29', '2020-07-06 06:04:57', 1, 1, 5184),
(305, 'after update', 8, 75, '-', 'AKTIF', 7, 1, '2020-07-06 04:58:47', '2020-07-06 04:59:55', 1, 1, 5185),
(306, 'after update', 8, NULL, '-', 'AKTIF', 7, 1, '2020-07-06 04:58:47', '2020-07-06 04:59:55', 1, 1, 5188),
(307, 'after update', 9, 60, 'Auto insert from item existance check', 'aktif', 5, 1, '2020-07-06 04:58:47', '2020-07-06 06:04:10', 1, 1, 5190),
(308, 'after update', 3, 75, '-', 'AKTIF', 6, 1, '2020-07-06 10:02:29', '2020-07-06 06:04:57', 1, 1, 5191),
(309, 'after update', 8, 75, '-', 'AKTIF', 7, 1, '2020-07-06 04:58:47', '2020-07-06 04:59:55', 1, 1, 5192),
(310, 'after update', 9, 60, 'Auto insert from item existance check', 'aktif', 5, 1, '2020-07-06 04:58:47', '2020-07-06 06:04:10', 1, 1, 5193),
(311, 'after update', 3, 75, '-', 'AKTIF', 6, 1, '2020-07-06 10:02:29', '2020-07-06 06:04:57', 1, 1, 5194),
(312, 'after update', 8, 75, '-', 'AKTIF', 7, 1, '2020-07-06 04:58:47', '2020-07-06 04:59:55', 1, 1, 5195),
(313, 'after update', 5, NULL, 'Auto insert from item existance check', 'nonaktif', 3, 1, '2020-07-06 02:00:16', '2020-07-06 02:00:55', 1, 1, 5198),
(314, 'after update', 6, NULL, 'Auto insert from item existance check', 'aktif', 3, 1, '2020-07-06 02:00:55', '2020-07-06 06:03:58', 1, 1, 5199),
(315, 'after update', 9, 60, 'Auto insert from item existance check', 'aktif', 5, 1, '2020-07-06 04:58:47', '2020-07-06 06:04:10', 1, 1, 5201),
(316, 'after update', 3, 75, '-', 'AKTIF', 6, 1, '2020-07-06 10:02:29', '2020-07-06 06:04:57', 1, 1, 5202),
(317, 'after update', 8, 75, '-', 'AKTIF', 7, 1, '2020-07-06 04:58:47', '2020-07-06 04:59:55', 1, 1, 5203),
(318, 'after update', 9, 60, 'Auto insert from item existance check', 'aktif', 5, 1, '2020-07-06 04:58:47', '2020-07-06 06:04:10', 1, 1, 5204),
(319, 'after update', 3, 75, '-', 'AKTIF', 6, 1, '2020-07-06 10:02:29', '2020-07-06 06:04:57', 1, 1, 5205),
(320, 'after update', 8, 75, '-', 'AKTIF', 7, 1, '2020-07-06 04:58:47', '2020-07-06 04:59:55', 1, 1, 5206),
(321, 'after update', 3, 65, '-', 'AKTIF', 6, 1, '2020-07-06 10:02:29', '2020-07-06 06:04:57', 1, 1, 5221),
(322, 'after update', 9, 60, 'Auto insert from item existance check', 'aktif', 5, 1, '2020-07-06 04:58:47', '2020-07-06 06:04:10', 1, 1, 5223),
(323, 'after update', 3, 75, '-', 'AKTIF', 6, 1, '2020-07-06 10:02:29', '2020-07-06 06:04:57', 1, 1, 5224),
(324, 'after update', 8, 75, '-', 'AKTIF', 7, 1, '2020-07-06 04:58:47', '2020-07-06 04:59:55', 1, 1, 5225),
(325, 'after update', 9, 60, 'Auto insert from item existance check', 'aktif', 5, 1, '2020-07-06 04:58:47', '2020-07-06 06:04:10', 1, 1, 5226),
(326, 'after update', 3, 75, '-', 'AKTIF', 6, 1, '2020-07-06 10:02:29', '2020-07-06 06:04:57', 1, 1, 5227),
(327, 'after update', 8, 75, '-', 'AKTIF', 7, 1, '2020-07-06 04:58:47', '2020-07-06 04:59:55', 1, 1, 5228),
(328, 'after update', 1, 300, 'aaa', 'AKTIF', 1, 1, '2020-06-22 01:31:25', '2020-06-22 01:44:56', 1, 1, 5229),
(329, 'after update', 2, 300, '-', 'AKTIF', 2, 1, '2020-07-06 10:02:23', '2020-07-06 06:04:17', 1, 1, 5230),
(330, 'after update', 3, 300, '-', 'AKTIF', 6, 1, '2020-07-06 10:02:29', '2020-07-06 06:04:57', 1, 1, 5231),
(331, 'after update', 4, 300, 'Auto insert from item existance check', 'nonaktif', 4, 1, '2020-07-06 02:00:16', '2020-07-06 02:00:58', 1, 1, 5232),
(332, 'after update', 5, 300, 'Auto insert from item existance check', 'nonaktif', 3, 1, '2020-07-06 02:00:16', '2020-07-06 02:00:55', 1, 1, 5233),
(333, 'after update', 6, 300, 'Auto insert from item existance check', 'aktif', 3, 1, '2020-07-06 02:00:55', '2020-07-06 06:03:58', 1, 1, 5234),
(334, 'after update', 7, 300, 'Auto insert from item existance check', 'aktif', 4, 1, '2020-07-06 02:00:58', '2020-07-06 06:04:04', 1, 1, 5235),
(335, 'after update', 8, 300, '-', 'AKTIF', 7, 1, '2020-07-06 04:58:47', '2020-07-06 04:59:55', 1, 1, 5236),
(336, 'after update', 9, 300, 'Auto insert from item existance check', 'aktif', 5, 1, '2020-07-06 04:58:47', '2020-07-06 06:04:10', 1, 1, 5237),
(337, 'after update', 9, 60, 'Auto insert from item existance check', 'aktif', 5, 1, '2020-07-06 04:58:47', '2020-07-06 06:04:10', 1, 1, 5238),
(338, 'after update', 3, 75, '-', 'AKTIF', 6, 1, '2020-07-06 10:02:29', '2020-07-06 06:04:57', 1, 1, 5239),
(339, 'after update', 8, 75, '-', 'AKTIF', 7, 1, '2020-07-06 04:58:47', '2020-07-06 04:59:55', 1, 1, 5240),
(340, 'after update', 9, 60, 'Auto insert from item existance check', 'aktif', 5, 1, '2020-07-06 04:58:47', '2020-07-06 06:04:10', 1, 1, 5241),
(341, 'after update', 3, 75, '-', 'AKTIF', 6, 1, '2020-07-06 10:02:29', '2020-07-06 06:04:57', 1, 1, 5242),
(342, 'after update', 8, 75, '-', 'AKTIF', 7, 1, '2020-07-06 04:58:47', '2020-07-06 04:59:55', 1, 1, 5243),
(343, 'after update', 9, 60, 'Auto insert from item existance check', 'aktif', 5, 1, '2020-07-06 04:58:47', '2020-07-06 06:04:10', 1, 1, 5244),
(344, 'after update', 3, 75, '-', 'AKTIF', 6, 1, '2020-07-06 10:02:29', '2020-07-06 06:04:57', 1, 1, 5245),
(345, 'after update', 8, 75, '-', 'AKTIF', 7, 1, '2020-07-06 04:58:47', '2020-07-06 04:59:55', 1, 1, 5246),
(346, 'after update', 2, 400, '-', 'AKTIF', 2, 1, '2020-07-06 10:02:23', '2020-07-06 06:04:17', 1, 1, 5249),
(347, 'after update', 2, 400, '-', 'AKTIF', 2, 1, '2020-07-06 10:02:23', '2020-07-06 06:04:17', 1, 1, 5253),
(348, 'after update', 9, 80, 'Auto insert from item existance check', 'aktif', 5, 1, '2020-07-06 04:58:47', '2020-07-06 06:04:10', 1, 1, 5255),
(349, 'after update', 3, 75, '-', 'AKTIF', 6, 1, '2020-07-06 10:02:29', '2020-07-06 06:04:57', 1, 1, 5256),
(350, 'after update', 8, 75, '-', 'AKTIF', 7, 1, '2020-07-06 04:58:47', '2020-07-06 04:59:55', 1, 1, 5257),
(351, 'after update', 9, 80, 'Auto insert from item existance check', 'aktif', 5, 1, '2020-07-06 04:58:47', '2020-07-06 06:04:10', 1, 1, 5258),
(352, 'after update', 3, 75, '-', 'AKTIF', 6, 1, '2020-07-06 10:02:29', '2020-07-06 06:04:57', 1, 1, 5259),
(353, 'after update', 8, 75, '-', 'AKTIF', 7, 1, '2020-07-06 04:58:47', '2020-07-06 04:59:55', 1, 1, 5260),
(354, 'after update', 5, 310, 'Auto insert from item existance check', 'nonaktif', 3, 1, '2020-07-06 02:00:16', '2020-07-06 02:00:55', 1, 1, 5263),
(355, 'after update', 6, 310, 'Auto insert from item existance check', 'aktif', 3, 1, '2020-07-06 02:00:55', '2020-07-06 06:03:58', 1, 1, 5264),
(356, 'after update', 9, 80, 'Auto insert from item existance check', 'aktif', 5, 1, '2020-07-06 04:58:47', '2020-07-06 06:04:10', 1, 1, 5266),
(357, 'after update', 3, 75, '-', 'AKTIF', 6, 1, '2020-07-06 10:02:29', '2020-07-06 06:04:57', 1, 1, 5267),
(358, 'after update', 8, 75, '-', 'AKTIF', 7, 1, '2020-07-06 04:58:47', '2020-07-06 04:59:55', 1, 1, 5268),
(359, 'after update', 9, 80, 'Auto insert from item existance check', 'aktif', 5, 1, '2020-07-06 04:58:47', '2020-07-06 06:04:10', 1, 1, 5269),
(360, 'after update', 3, 75, '-', 'AKTIF', 6, 1, '2020-07-06 10:02:29', '2020-07-06 06:04:57', 1, 1, 5270),
(361, 'after update', 8, 75, '-', 'AKTIF', 7, 1, '2020-07-06 04:58:47', '2020-07-06 04:59:55', 1, 1, 5271),
(362, 'after update', 3, 85, '-', 'AKTIF', 6, 1, '2020-07-06 10:02:29', '2020-07-06 06:04:57', 1, 1, 5274),
(363, 'after update', 8, 85, '-', 'AKTIF', 7, 1, '2020-07-06 04:58:47', '2020-07-06 04:59:55', 1, 1, 5278),
(364, 'after update', 9, 80, 'Auto insert from item existance check', 'aktif', 5, 1, '2020-07-06 04:58:47', '2020-07-06 06:04:10', 1, 1, 5280),
(365, 'after update', 3, 75, '-', 'AKTIF', 6, 1, '2020-07-06 10:02:29', '2020-07-06 06:04:57', 1, 1, 5281),
(366, 'after update', 8, 75, '-', 'AKTIF', 7, 1, '2020-07-06 04:58:47', '2020-07-06 04:59:55', 1, 1, 5282),
(367, 'after update', 9, 80, 'Auto insert from item existance check', 'aktif', 5, 1, '2020-07-06 04:58:47', '2020-07-06 06:04:10', 1, 1, 5283),
(368, 'after update', 3, 75, '-', 'AKTIF', 6, 1, '2020-07-06 10:02:29', '2020-07-06 06:04:57', 1, 1, 5284),
(369, 'after update', 8, 75, '-', 'AKTIF', 7, 1, '2020-07-06 04:58:47', '2020-07-06 04:59:55', 1, 1, 5285),
(370, 'after update', 2, 300, '-', 'AKTIF', 2, 1, '2020-07-06 10:02:23', '2020-07-06 06:04:17', 1, 1, 5288),
(371, 'after update', 9, 60, 'Auto insert from item existance check', 'aktif', 5, 1, '2020-07-06 04:58:47', '2020-07-06 06:04:10', 1, 1, 5290),
(372, 'after update', 3, 75, '-', 'AKTIF', 6, 1, '2020-07-06 10:02:29', '2020-07-06 06:04:57', 1, 1, 5291),
(373, 'after update', 8, 75, '-', 'AKTIF', 7, 1, '2020-07-06 04:58:47', '2020-07-06 04:59:55', 1, 1, 5292),
(374, 'after update', 9, 60, 'Auto insert from item existance check', 'aktif', 5, 1, '2020-07-06 04:58:47', '2020-07-06 06:04:10', 1, 1, 5293),
(375, 'after update', 3, 75, '-', 'AKTIF', 6, 1, '2020-07-06 10:02:29', '2020-07-06 06:04:57', 1, 1, 5294),
(376, 'after update', 8, 75, '-', 'AKTIF', 7, 1, '2020-07-06 04:58:47', '2020-07-06 04:59:55', 1, 1, 5295),
(377, 'after update', 9, 60, 'Auto insert from item existance check', 'aktif', 5, 1, '2020-07-06 04:58:47', '2020-07-06 06:04:10', 1, 1, 5296),
(378, 'after update', 3, 75, '-', 'AKTIF', 6, 1, '2020-07-06 10:02:29', '2020-07-06 06:04:57', 1, 1, 5297),
(379, 'after update', 8, 75, '-', 'AKTIF', 7, 1, '2020-07-06 04:58:47', '2020-07-06 04:59:55', 1, 1, 5298),
(380, 'after update', 9, 60, 'Auto insert from item existance check', 'aktif', 5, 1, '2020-07-06 04:58:47', '2020-07-06 06:04:10', 1, 1, 5299),
(381, 'after update', 3, 75, '-', 'AKTIF', 6, 1, '2020-07-06 10:02:29', '2020-07-06 06:04:57', 1, 1, 5300),
(382, 'after update', 8, 75, '-', 'AKTIF', 7, 1, '2020-07-06 04:58:47', '2020-07-06 04:59:55', 1, 1, 5301),
(383, 'after update', 9, 60, 'Auto insert from item existance check', 'aktif', 5, 1, '2020-07-06 04:58:47', '2020-07-06 06:04:10', 1, 1, 5302),
(384, 'after update', 3, 75, '-', 'AKTIF', 6, 1, '2020-07-06 10:02:29', '2020-07-06 06:04:57', 1, 1, 5303),
(385, 'after update', 8, 75, '-', 'AKTIF', 7, 1, '2020-07-06 04:58:47', '2020-07-06 04:59:55', 1, 1, 5304),
(386, 'after update', 5, 300, 'Auto insert from item existance check', 'nonaktif', 3, 1, '2020-07-06 02:00:16', '2020-07-06 02:00:55', 1, 1, 5307),
(387, 'after update', 6, 300, 'Auto insert from item existance check', 'aktif', 3, 1, '2020-07-06 02:00:55', '2020-07-06 06:03:58', 1, 1, 5308),
(388, 'after update', 9, 60, 'Auto insert from item existance check', 'aktif', 5, 1, '2020-07-06 04:58:47', '2020-07-06 06:04:10', 1, 1, 5310),
(389, 'after update', 3, 75, '-', 'AKTIF', 6, 1, '2020-07-06 10:02:29', '2020-07-06 06:04:57', 1, 1, 5311),
(390, 'after update', 8, 75, '-', 'AKTIF', 7, 1, '2020-07-06 04:58:47', '2020-07-06 04:59:55', 1, 1, 5312),
(391, 'after update', 9, 60, 'Auto insert from item existance check', 'aktif', 5, 1, '2020-07-06 04:58:47', '2020-07-06 06:04:10', 1, 1, 5313),
(392, 'after update', 3, 75, '-', 'AKTIF', 6, 1, '2020-07-06 10:02:29', '2020-07-06 06:04:57', 1, 1, 5314),
(393, 'after update', 8, 75, '-', 'AKTIF', 7, 1, '2020-07-06 04:58:47', '2020-07-06 04:59:55', 1, 1, 5315),
(394, 'after update', 9, -40, 'Auto insert from item existance check', 'aktif', 5, 1, '2020-07-06 04:58:47', '2020-07-06 06:04:10', 1, 1, 5318),
(395, 'after update', 9, 60, 'Auto insert from item existance check', 'aktif', 5, 1, '2020-07-06 04:58:47', '2020-07-06 06:04:10', 1, 1, 5320),
(396, 'after update', 3, 75, '-', 'AKTIF', 6, 1, '2020-07-06 10:02:29', '2020-07-06 06:04:57', 1, 1, 5321),
(397, 'after update', 8, 75, '-', 'AKTIF', 7, 1, '2020-07-06 04:58:47', '2020-07-06 04:59:55', 1, 1, 5322),
(398, 'after update', 9, 60, 'Auto insert from item existance check', 'aktif', 5, 1, '2020-07-06 04:58:47', '2020-07-06 06:04:10', 1, 1, 5323),
(399, 'after update', 3, 75, '-', 'AKTIF', 6, 1, '2020-07-06 10:02:29', '2020-07-06 06:04:57', 1, 1, 5324),
(400, 'after update', 8, 75, '-', 'AKTIF', 7, 1, '2020-07-06 04:58:47', '2020-07-06 04:59:55', 1, 1, 5325),
(401, 'after update', 3, 65, '-', 'AKTIF', 6, 1, '2020-07-06 10:02:29', '2020-07-06 06:04:57', 1, 1, 5328),
(402, 'after update', 9, 60, 'Auto insert from item existance check', 'aktif', 5, 1, '2020-07-06 04:58:47', '2020-07-06 06:04:10', 1, 1, 5330),
(403, 'after update', 3, 75, '-', 'AKTIF', 6, 1, '2020-07-06 10:02:29', '2020-07-06 06:04:57', 1, 1, 5331),
(404, 'after update', 8, 75, '-', 'AKTIF', 7, 1, '2020-07-06 04:58:47', '2020-07-06 04:59:55', 1, 1, 5332),
(405, 'after update', 9, 60, 'Auto insert from item existance check', 'aktif', 5, 1, '2020-07-06 04:58:47', '2020-07-06 06:04:10', 1, 1, 5333),
(406, 'after update', 3, 75, '-', 'AKTIF', 6, 1, '2020-07-06 10:02:29', '2020-07-06 06:04:57', 1, 1, 5334),
(407, 'after update', 8, 75, '-', 'AKTIF', 7, 1, '2020-07-06 04:58:47', '2020-07-06 04:59:55', 1, 1, 5335),
(408, 'after update', 8, 65, '-', 'AKTIF', 7, 1, '2020-07-06 04:58:47', '2020-07-06 04:59:55', 1, 1, 5338),
(409, 'after update', 9, 60, 'Auto insert from item existance check', 'aktif', 5, 1, '2020-07-06 04:58:47', '2020-07-06 06:04:10', 1, 1, 5340),
(410, 'after update', 3, 75, '-', 'AKTIF', 6, 1, '2020-07-06 10:02:29', '2020-07-06 06:04:57', 1, 1, 5341),
(411, 'after update', 8, 75, '-', 'AKTIF', 7, 1, '2020-07-06 04:58:47', '2020-07-06 04:59:55', 1, 1, 5342),
(412, 'after update', 9, 60, 'Auto insert from item existance check', 'aktif', 5, 1, '2020-07-06 04:58:47', '2020-07-06 06:04:10', 1, 1, 5343);
INSERT INTO `tbl_brg_warehouse_log` (`id_pk_brg_warehouse_log`, `executed_function`, `id_pk_brg_warehouse`, `brg_warehouse_qty`, `brg_warehouse_notes`, `brg_warehouse_status`, `id_fk_brg`, `id_fk_warehouse`, `brg_warehouse_create_date`, `brg_warehouse_last_modified`, `id_create_data`, `id_last_modified`, `id_log_all`) VALUES
(413, 'after update', 3, 75, '-', 'AKTIF', 6, 1, '2020-07-06 10:02:29', '2020-07-06 06:04:57', 1, 1, 5344),
(414, 'after update', 8, 75, '-', 'AKTIF', 7, 1, '2020-07-06 04:58:47', '2020-07-06 04:59:55', 1, 1, 5345),
(415, 'after update', 9, 60, 'Auto insert from item existance check', 'aktif', 5, 1, '2020-07-06 04:58:47', '2020-07-06 06:04:10', 1, 1, 5346),
(416, 'after update', 3, 75, '-', 'AKTIF', 6, 1, '2020-07-06 10:02:29', '2020-07-06 06:04:57', 1, 1, 5347),
(417, 'after update', 8, 75, '-', 'AKTIF', 7, 1, '2020-07-06 04:58:47', '2020-07-06 04:59:55', 1, 1, 5348),
(418, 'after update', 9, 60, 'Auto insert from item existance check', 'aktif', 5, 1, '2020-07-06 04:58:47', '2020-07-06 06:04:10', 1, 1, 5349),
(419, 'after update', 3, 75, '-', 'AKTIF', 6, 1, '2020-07-06 10:02:29', '2020-07-06 06:04:57', 1, 1, 5350),
(420, 'after update', 8, 75, '-', 'AKTIF', 7, 1, '2020-07-06 04:58:47', '2020-07-06 04:59:55', 1, 1, 5351),
(421, 'after update', 9, 60, 'Auto insert from item existance check', 'aktif', 5, 1, '2020-07-06 04:58:47', '2020-07-06 06:04:10', 1, 1, 5352),
(422, 'after update', 3, 75, '-', 'AKTIF', 6, 1, '2020-07-06 10:02:29', '2020-07-06 06:04:57', 1, 1, 5353),
(423, 'after update', 8, 75, '-', 'AKTIF', 7, 1, '2020-07-06 04:58:47', '2020-07-06 04:59:55', 1, 1, 5354),
(424, 'after update', 3, 85, '-', 'AKTIF', 6, 1, '2020-07-06 10:02:29', '2020-07-06 06:04:57', 1, 1, 5357),
(425, 'after update', 3, 95, '-', 'AKTIF', 6, 1, '2020-07-06 10:02:29', '2020-07-06 06:04:57', 1, 1, 5360),
(426, 'after update', 9, 60, 'Auto insert from item existance check', 'aktif', 5, 1, '2020-07-06 04:58:47', '2020-07-06 06:04:10', 1, 1, 5362),
(427, 'after update', 3, 75, '-', 'AKTIF', 6, 1, '2020-07-06 10:02:29', '2020-07-06 06:04:57', 1, 1, 5363),
(428, 'after update', 8, 75, '-', 'AKTIF', 7, 1, '2020-07-06 04:58:47', '2020-07-06 04:59:55', 1, 1, 5364),
(429, 'after update', 9, 60, 'Auto insert from item existance check', 'aktif', 5, 1, '2020-07-06 04:58:47', '2020-07-06 06:04:10', 1, 1, 5365),
(430, 'after update', 3, 75, '-', 'AKTIF', 6, 1, '2020-07-06 10:02:29', '2020-07-06 06:04:57', 1, 1, 5366),
(431, 'after update', 8, 75, '-', 'AKTIF', 7, 1, '2020-07-06 04:58:47', '2020-07-06 04:59:55', 1, 1, 5367),
(432, 'after update', 2, 400, '-', 'AKTIF', 2, 1, '2020-07-06 10:02:23', '2020-07-06 06:04:17', 1, 1, 5370),
(433, 'after update', 9, 80, 'Auto insert from item existance check', 'aktif', 5, 1, '2020-07-06 04:58:47', '2020-07-06 06:04:10', 1, 1, 5372),
(434, 'after update', 3, 75, '-', 'AKTIF', 6, 1, '2020-07-06 10:02:29', '2020-07-06 06:04:57', 1, 1, 5373),
(435, 'after update', 8, 75, '-', 'AKTIF', 7, 1, '2020-07-06 04:58:47', '2020-07-06 04:59:55', 1, 1, 5374),
(436, 'after update', 9, 80, 'Auto insert from item existance check', 'aktif', 5, 1, '2020-07-06 04:58:47', '2020-07-06 06:04:10', 1, 1, 5375),
(437, 'after update', 3, 75, '-', 'AKTIF', 6, 1, '2020-07-06 10:02:29', '2020-07-06 06:04:57', 1, 1, 5376),
(438, 'after update', 8, 75, '-', 'AKTIF', 7, 1, '2020-07-06 04:58:47', '2020-07-06 04:59:55', 1, 1, 5377),
(439, 'after update', 3, 65, '-', 'AKTIF', 6, 1, '2020-07-06 10:02:29', '2020-07-06 06:04:57', 1, 1, 5380),
(440, 'after update', 9, 80, 'Auto insert from item existance check', 'aktif', 5, 1, '2020-07-06 04:58:47', '2020-07-06 06:04:10', 1, 1, 5382),
(441, 'after update', 3, 75, '-', 'AKTIF', 6, 1, '2020-07-06 10:02:29', '2020-07-06 06:04:57', 1, 1, 5383),
(442, 'after update', 8, 75, '-', 'AKTIF', 7, 1, '2020-07-06 04:58:47', '2020-07-06 04:59:55', 1, 1, 5384),
(443, 'after update', 9, 80, 'Auto insert from item existance check', 'aktif', 5, 1, '2020-07-06 04:58:47', '2020-07-06 06:04:10', 1, 1, 5385),
(444, 'after update', 3, 75, '-', 'AKTIF', 6, 1, '2020-07-06 10:02:29', '2020-07-06 06:04:57', 1, 1, 5386),
(445, 'after update', 8, 75, '-', 'AKTIF', 7, 1, '2020-07-06 04:58:47', '2020-07-06 04:59:55', 1, 1, 5387),
(446, 'after update', 5, 310, 'Auto insert from item existance check', 'nonaktif', 3, 1, '2020-07-06 02:00:16', '2020-07-06 02:00:55', 1, 1, 5390),
(447, 'after update', 6, 310, 'Auto insert from item existance check', 'aktif', 3, 1, '2020-07-06 02:00:55', '2020-07-06 06:03:58', 1, 1, 5391),
(448, 'after update', 9, 180, 'Auto insert from item existance check', 'aktif', 5, 1, '2020-07-06 04:58:47', '2020-07-06 06:04:10', 1, 1, 5395),
(449, 'after update', 8, 85, '-', 'AKTIF', 7, 1, '2020-07-06 04:58:47', '2020-07-06 04:59:55', 1, 1, 5399),
(450, 'after update', 3, 85, '-', 'AKTIF', 6, 1, '2020-07-06 10:02:29', '2020-07-06 06:04:57', 1, 1, 5403),
(451, 'after update', 9, 80, 'Auto insert from item existance check', 'aktif', 5, 1, '2020-07-06 04:58:47', '2020-07-06 06:04:10', 1, 1, 5405),
(452, 'after update', 3, 75, '-', 'AKTIF', 6, 1, '2020-07-06 10:02:29', '2020-07-06 06:04:57', 1, 1, 5406),
(453, 'after update', 8, 75, '-', 'AKTIF', 7, 1, '2020-07-06 04:58:47', '2020-07-06 04:59:55', 1, 1, 5407),
(454, 'after update', 9, 80, 'Auto insert from item existance check', 'aktif', 5, 1, '2020-07-06 04:58:47', '2020-07-06 06:04:10', 1, 1, 5408),
(455, 'after update', 3, 75, '-', 'AKTIF', 6, 1, '2020-07-06 10:02:29', '2020-07-06 06:04:57', 1, 1, 5409),
(456, 'after update', 8, 75, '-', 'AKTIF', 7, 1, '2020-07-06 04:58:47', '2020-07-06 04:59:55', 1, 1, 5410),
(457, 'after update', 9, -20, 'Auto insert from item existance check', 'aktif', 5, 1, '2020-07-06 04:58:47', '2020-07-06 06:04:10', 1, 1, 5413),
(458, 'after update', 9, 80, 'Auto insert from item existance check', 'aktif', 5, 1, '2020-07-06 04:58:47', '2020-07-06 06:04:10', 1, 1, 5415),
(459, 'after update', 3, 75, '-', 'AKTIF', 6, 1, '2020-07-06 10:02:29', '2020-07-06 06:04:57', 1, 1, 5416),
(460, 'after update', 8, 75, '-', 'AKTIF', 7, 1, '2020-07-06 04:58:47', '2020-07-06 04:59:55', 1, 1, 5417),
(461, 'after update', 9, 80, 'Auto insert from item existance check', 'aktif', 5, 1, '2020-07-06 04:58:47', '2020-07-06 06:04:10', 1, 1, 5418),
(462, 'after update', 3, 75, '-', 'AKTIF', 6, 1, '2020-07-06 10:02:29', '2020-07-06 06:04:57', 1, 1, 5419),
(463, 'after update', 8, 75, '-', 'AKTIF', 7, 1, '2020-07-06 04:58:47', '2020-07-06 04:59:55', 1, 1, 5420),
(464, 'after update', 9, 180, 'Auto insert from item existance check', 'aktif', 5, 1, '2020-07-06 04:58:47', '2020-07-06 06:04:10', 1, 1, 5423),
(465, 'after update', 9, 80, 'Auto insert from item existance check', 'aktif', 5, 1, '2020-07-06 04:58:47', '2020-07-06 06:04:10', 1, 1, 5536),
(466, 'after update', 3, 75, '-', 'AKTIF', 6, 1, '2020-07-06 10:02:29', '2020-07-06 06:04:57', 1, 1, 5537),
(467, 'after update', 8, 75, '-', 'AKTIF', 7, 1, '2020-07-06 04:58:47', '2020-07-06 04:59:55', 1, 1, 5538),
(468, 'after update', 9, 80, 'Auto insert from item existance check', 'aktif', 5, 1, '2020-07-06 04:58:47', '2020-07-06 06:04:10', 1, 1, 5539),
(469, 'after update', 3, 75, '-', 'AKTIF', 6, 1, '2020-07-06 10:02:29', '2020-07-06 06:04:57', 1, 1, 5540),
(470, 'after update', 8, 75, '-', 'AKTIF', 7, 1, '2020-07-06 04:58:47', '2020-07-06 04:59:55', 1, 1, 5541),
(471, 'after update', 9, 80, 'Auto insert from item existance check', 'aktif', 5, 1, '2020-07-06 04:58:47', '2020-07-06 06:04:10', 1, 1, 5542),
(472, 'after update', 3, 75, '-', 'AKTIF', 6, 1, '2020-07-06 10:02:29', '2020-07-06 06:04:57', 1, 1, 5543),
(473, 'after update', 8, 75, '-', 'AKTIF', 7, 1, '2020-07-06 04:58:47', '2020-07-06 04:59:55', 1, 1, 5544),
(474, 'after update', 9, 80, 'Auto insert from item existance check', 'aktif', 5, 1, '2020-07-06 04:58:47', '2020-07-06 06:04:10', 1, 1, 5545),
(475, 'after update', 3, 75, '-', 'AKTIF', 6, 1, '2020-07-06 10:02:29', '2020-07-06 06:04:57', 1, 1, 5546),
(476, 'after update', 8, 75, '-', 'AKTIF', 7, 1, '2020-07-06 04:58:47', '2020-07-06 04:59:55', 1, 1, 5547),
(477, 'after update', 3, 65, '-', 'AKTIF', 6, 1, '2020-07-06 10:02:29', '2020-07-06 06:04:57', 1, 1, 5550),
(478, 'after update', 9, 80, 'Auto insert from item existance check', 'aktif', 5, 1, '2020-07-06 04:58:47', '2020-07-06 06:04:10', 1, 1, 5552),
(479, 'after update', 3, 75, '-', 'AKTIF', 6, 1, '2020-07-06 10:02:29', '2020-07-06 06:04:57', 1, 1, 5553),
(480, 'after update', 8, 75, '-', 'AKTIF', 7, 1, '2020-07-06 04:58:47', '2020-07-06 04:59:55', 1, 1, 5554),
(481, 'after update', 9, 80, 'Auto insert from item existance check', 'aktif', 5, 1, '2020-07-06 04:58:47', '2020-07-06 06:04:10', 1, 1, 5555),
(482, 'after update', 3, 75, '-', 'AKTIF', 6, 1, '2020-07-06 10:02:29', '2020-07-06 06:04:57', 1, 1, 5556),
(483, 'after update', 8, 75, '-', 'AKTIF', 7, 1, '2020-07-06 04:58:47', '2020-07-06 04:59:55', 1, 1, 5557),
(484, 'after update', 8, 65, '-', 'AKTIF', 7, 1, '2020-07-06 04:58:47', '2020-07-06 04:59:55', 1, 1, 5562),
(485, 'after update', 2, 380, '-', 'AKTIF', 2, 1, '2020-07-06 10:02:23', '2020-07-06 06:04:17', 1, 1, 5563),
(486, 'after update', 4, 260, 'Auto insert from item existance check', 'nonaktif', 4, 1, '2020-07-06 02:00:16', '2020-07-06 02:00:58', 1, 1, 5564),
(487, 'after update', 5, 280, 'Auto insert from item existance check', 'nonaktif', 3, 1, '2020-07-06 02:00:16', '2020-07-06 02:00:55', 1, 1, 5565),
(488, 'after update', 6, 280, 'Auto insert from item existance check', 'aktif', 3, 1, '2020-07-06 02:00:55', '2020-07-06 06:03:58', 1, 1, 5566),
(489, 'after update', 7, 260, 'Auto insert from item existance check', 'aktif', 4, 1, '2020-07-06 02:00:58', '2020-07-06 06:04:04', 1, 1, 5567),
(490, 'after update', 9, 76, 'Auto insert from item existance check', 'aktif', 5, 1, '2020-07-06 04:58:47', '2020-07-06 06:04:10', 1, 1, 5569),
(491, 'after update', 3, 65, '-', 'AKTIF', 6, 1, '2020-07-06 10:02:29', '2020-07-06 06:04:57', 1, 1, 5570),
(492, 'after update', 8, 65, '-', 'AKTIF', 7, 1, '2020-07-06 04:58:47', '2020-07-06 04:59:55', 1, 1, 5571),
(493, 'after update', 9, 76, 'Auto insert from item existance check', 'aktif', 5, 1, '2020-07-06 04:58:47', '2020-07-06 06:04:10', 1, 1, 5572),
(494, 'after update', 3, 65, '-', 'AKTIF', 6, 1, '2020-07-06 10:02:29', '2020-07-06 06:04:57', 1, 1, 5573),
(495, 'after update', 8, 65, '-', 'AKTIF', 7, 1, '2020-07-06 04:58:47', '2020-07-06 04:59:55', 1, 1, 5574),
(496, 'after update', 8, 75, '-', 'AKTIF', 7, 1, '2020-07-06 04:58:47', '2020-07-06 04:59:55', 1, 1, 5577),
(497, 'after update', 2, 400, '-', 'AKTIF', 2, 1, '2020-07-06 10:02:23', '2020-07-06 06:04:17', 1, 1, 5578),
(498, 'after update', 4, 300, 'Auto insert from item existance check', 'nonaktif', 4, 1, '2020-07-06 02:00:16', '2020-07-06 02:00:58', 1, 1, 5579),
(499, 'after update', 5, 310, 'Auto insert from item existance check', 'nonaktif', 3, 1, '2020-07-06 02:00:16', '2020-07-06 02:00:55', 1, 1, 5580),
(500, 'after update', 6, 310, 'Auto insert from item existance check', 'aktif', 3, 1, '2020-07-06 02:00:55', '2020-07-06 06:03:58', 1, 1, 5581),
(501, 'after update', 7, 300, 'Auto insert from item existance check', 'aktif', 4, 1, '2020-07-06 02:00:58', '2020-07-06 06:04:04', 1, 1, 5582),
(502, 'after update', 9, 80, 'Auto insert from item existance check', 'aktif', 5, 1, '2020-07-06 04:58:47', '2020-07-06 06:04:10', 1, 1, 5584),
(503, 'after update', 3, 75, '-', 'AKTIF', 6, 1, '2020-07-06 10:02:29', '2020-07-06 06:04:57', 1, 1, 5585),
(504, 'after update', 8, 75, '-', 'AKTIF', 7, 1, '2020-07-06 04:58:47', '2020-07-06 04:59:55', 1, 1, 5586),
(505, 'after update', 9, 80, 'Auto insert from item existance check', 'aktif', 5, 1, '2020-07-06 04:58:47', '2020-07-06 06:04:10', 1, 1, 5587),
(506, 'after update', 3, 75, '-', 'AKTIF', 6, 1, '2020-07-06 10:02:29', '2020-07-06 06:04:57', 1, 1, 5588),
(507, 'after update', 8, 75, '-', 'AKTIF', 7, 1, '2020-07-06 04:58:47', '2020-07-06 04:59:55', 1, 1, 5589),
(508, 'after update', 9, 80, 'Auto insert from item existance check', 'aktif', 5, 1, '2020-07-06 04:58:47', '2020-07-06 06:04:10', 1, 1, 6047),
(509, 'after update', 3, 75, '-', 'AKTIF', 6, 1, '2020-07-06 10:02:29', '2020-07-06 06:04:57', 1, 1, 6048),
(510, 'after update', 8, 75, '-', 'AKTIF', 7, 1, '2020-07-06 04:58:47', '2020-07-06 04:59:55', 1, 1, 6049),
(511, 'after update', 9, 80, 'Auto insert from item existance check', 'aktif', 5, 1, '2020-07-06 04:58:47', '2020-07-06 06:04:10', 1, 1, 6050),
(512, 'after update', 3, 75, '-', 'AKTIF', 6, 1, '2020-07-06 10:02:29', '2020-07-06 06:04:57', 1, 1, 6051),
(513, 'after update', 8, 75, '-', 'AKTIF', 7, 1, '2020-07-06 04:58:47', '2020-07-06 04:59:55', 1, 1, 6052),
(514, 'after update', 9, 80, 'Auto insert from item existance check', 'aktif', 5, 1, '2020-07-06 04:58:47', '2020-07-06 06:04:10', 1, 1, 489),
(515, 'after update', 3, 75, '-', 'AKTIF', 6, 1, '2020-07-06 10:02:29', '2020-07-06 06:04:57', 1, 1, 490),
(516, 'after update', 8, 75, '-', 'AKTIF', 7, 1, '2020-07-06 04:58:47', '2020-07-06 04:59:55', 1, 1, 491),
(517, 'after update', 9, 80, 'Auto insert from item existance check', 'aktif', 5, 1, '2020-07-06 04:58:47', '2020-07-06 06:04:10', 1, 1, 492),
(518, 'after update', 3, 75, '-', 'AKTIF', 6, 1, '2020-07-06 10:02:29', '2020-07-06 06:04:57', 1, 1, 493),
(519, 'after update', 8, 75, '-', 'AKTIF', 7, 1, '2020-07-06 04:58:47', '2020-07-06 04:59:55', 1, 1, 494),
(520, 'after update', 9, 80, 'Auto insert from item existance check', 'aktif', 5, 1, '2020-07-06 04:58:47', '2020-07-06 06:04:10', 1, 1, 537),
(521, 'after update', 3, 75, '-', 'AKTIF', 6, 1, '2020-07-06 10:02:29', '2020-07-06 06:04:57', 1, 1, 538),
(522, 'after update', 8, 75, '-', 'AKTIF', 7, 1, '2020-07-06 04:58:47', '2020-07-06 04:59:55', 1, 1, 539),
(523, 'after update', 9, 80, 'Auto insert from item existance check', 'aktif', 5, 1, '2020-07-06 04:58:47', '2020-07-06 06:04:10', 1, 1, 540),
(524, 'after update', 3, 75, '-', 'AKTIF', 6, 1, '2020-07-06 10:02:29', '2020-07-06 06:04:57', 1, 1, 541),
(525, 'after update', 8, 75, '-', 'AKTIF', 7, 1, '2020-07-06 04:58:47', '2020-07-06 04:59:55', 1, 1, 542),
(526, 'after update', 9, 80, 'Auto insert from item existance check', 'aktif', 5, 1, '2020-07-06 04:58:47', '2020-07-06 06:04:10', 1, 1, 543),
(527, 'after update', 3, 75, '-', 'AKTIF', 6, 1, '2020-07-06 10:02:29', '2020-07-06 06:04:57', 1, 1, 544),
(528, 'after update', 8, 75, '-', 'AKTIF', 7, 1, '2020-07-06 04:58:47', '2020-07-06 04:59:55', 1, 1, 545),
(529, 'after update', 9, 80, 'Auto insert from item existance check', 'aktif', 5, 1, '2020-07-06 04:58:47', '2020-07-06 06:04:10', 1, 1, 546),
(530, 'after update', 3, 75, '-', 'AKTIF', 6, 1, '2020-07-06 10:02:29', '2020-07-06 06:04:57', 1, 1, 547),
(531, 'after update', 8, 75, '-', 'AKTIF', 7, 1, '2020-07-06 04:58:47', '2020-07-06 04:59:55', 1, 1, 548);

-- --------------------------------------------------------

--
-- Table structure for table `tbl_cabang_admin`
--

CREATE TABLE `tbl_cabang_admin` (
  `id_pk_cabang_admin` int(11) NOT NULL,
  `id_fk_cabang` int(11) DEFAULT NULL,
  `id_fk_user` int(11) DEFAULT NULL,
  `cabang_admin_status` varchar(15) DEFAULT NULL,
  `cabang_admin_create_date` datetime DEFAULT NULL,
  `cabang_admin_last_modified` datetime DEFAULT NULL,
  `id_create_data` int(11) DEFAULT NULL,
  `id_last_modified` int(11) DEFAULT NULL
) ENGINE=MyISAM DEFAULT CHARSET=latin1;

--
-- Dumping data for table `tbl_cabang_admin`
--

INSERT INTO `tbl_cabang_admin` (`id_pk_cabang_admin`, `id_fk_cabang`, `id_fk_user`, `cabang_admin_status`, `cabang_admin_create_date`, `cabang_admin_last_modified`, `id_create_data`, `id_last_modified`) VALUES
(1, 1, 1, 'nonaktif', '2020-06-21 11:45:03', '2020-07-06 09:31:47', 1, 1),
(2, 2, 1, 'AKTIF', '2020-06-22 11:59:26', '2020-06-22 11:59:26', 1, 1),
(3, 1, 2, 'AKTIF', '2020-06-22 05:21:26', '2020-06-22 05:21:26', 1, 1),
(4, 1, 3, 'AKTIF', '2020-06-22 05:21:26', '2020-06-22 05:21:26', 1, 1),
(5, 2, 2, 'AKTIF', '2020-06-22 06:48:17', '2020-06-22 06:48:17', 1, 1),
(6, 2, 3, 'AKTIF', '2020-06-22 06:48:17', '2020-06-22 06:48:17', 1, 1),
(7, 1, 1, 'AKTIF', '2020-07-07 10:46:18', '2020-07-07 10:46:18', 1, 1);

--
-- Triggers `tbl_cabang_admin`
--
DELIMITER $$
CREATE TRIGGER `trg_after_insert_cabang_admin` AFTER INSERT ON `tbl_cabang_admin` FOR EACH ROW begin
            set @id_user = new.id_last_modified;
            set @tgl_action = new.cabang_admin_last_modified;
            set @log_text = concat(new.id_last_modified,' ','insert data at' , new.cabang_admin_last_modified);
            call insert_log_all(@id_user,@tgl_action,@log_text,@id_log_all);
            
            insert into tbl_cabang_admin_log(executed_function,id_pk_cabang_admin,id_fk_cabang,id_fk_user,cabang_admin_status,cabang_admin_create_date,cabang_admin_last_modified,id_create_data,id_last_modified,id_log_all) values ('after insert',new.id_pk_cabang_admin,new.id_fk_cabang,new.id_fk_user,new.cabang_admin_status,new.cabang_admin_create_date,new.cabang_admin_last_modified,new.id_create_data,new.id_last_modified,@id_log_all);
        end
$$
DELIMITER ;
DELIMITER $$
CREATE TRIGGER `trg_after_update_cabang_admin` AFTER UPDATE ON `tbl_cabang_admin` FOR EACH ROW begin
            set @id_user = new.id_last_modified;
            set @tgl_action = new.cabang_admin_last_modified;
            set @log_text = concat(new.id_last_modified,' ','update data at' , new.cabang_admin_last_modified);
            call insert_log_all(@id_user,@tgl_action,@log_text,@id_log_all);
            
            insert into tbl_cabang_admin_log(executed_function,id_pk_cabang_admin,id_fk_cabang,id_fk_user,cabang_admin_status,cabang_admin_create_date,cabang_admin_last_modified,id_create_data,id_last_modified,id_log_all) values ('after update',new.id_pk_cabang_admin,new.id_fk_cabang,new.id_fk_user,new.cabang_admin_status,new.cabang_admin_create_date,new.cabang_admin_last_modified,new.id_create_data,new.id_last_modified,@id_log_all);
        end
$$
DELIMITER ;

-- --------------------------------------------------------

--
-- Table structure for table `tbl_cabang_admin_log`
--

CREATE TABLE `tbl_cabang_admin_log` (
  `id_pk_cabang_admin_log` int(11) NOT NULL,
  `executed_function` varchar(30) DEFAULT NULL,
  `id_pk_cabang_admin` int(11) DEFAULT NULL,
  `id_fk_cabang` int(11) DEFAULT NULL,
  `id_fk_user` int(11) DEFAULT NULL,
  `cabang_admin_status` varchar(15) DEFAULT NULL,
  `cabang_admin_create_date` datetime DEFAULT NULL,
  `cabang_admin_last_modified` datetime DEFAULT NULL,
  `id_create_data` int(11) DEFAULT NULL,
  `id_last_modified` int(11) DEFAULT NULL,
  `id_log_all` int(11) DEFAULT NULL
) ENGINE=MyISAM DEFAULT CHARSET=latin1;

--
-- Dumping data for table `tbl_cabang_admin_log`
--

INSERT INTO `tbl_cabang_admin_log` (`id_pk_cabang_admin_log`, `executed_function`, `id_pk_cabang_admin`, `id_fk_cabang`, `id_fk_user`, `cabang_admin_status`, `cabang_admin_create_date`, `cabang_admin_last_modified`, `id_create_data`, `id_last_modified`, `id_log_all`) VALUES
(1, 'after insert', 1, 1, 1, 'AKTIF', '2020-06-21 11:45:03', '2020-06-21 11:45:03', 1, 1, 91),
(2, 'after insert', 2, 2, 1, 'AKTIF', '2020-06-22 11:59:26', '2020-06-22 11:59:26', 1, 1, 442),
(3, 'after insert', 3, 1, 2, 'AKTIF', '2020-06-22 05:21:26', '2020-06-22 05:21:26', 1, 1, 611),
(4, 'after insert', 4, 1, 3, 'AKTIF', '2020-06-22 05:21:26', '2020-06-22 05:21:26', 1, 1, 612),
(5, 'after insert', 5, 2, 2, 'AKTIF', '2020-06-22 06:48:17', '2020-06-22 06:48:17', 1, 1, 835),
(6, 'after insert', 6, 2, 3, 'AKTIF', '2020-06-22 06:48:17', '2020-06-22 06:48:17', 1, 1, 836),
(7, 'after update', 1, 1, 1, 'nonaktif', '2020-06-21 11:45:03', '2020-07-06 09:31:47', 1, 1, 3515),
(8, 'after insert', 7, 1, 1, 'AKTIF', '2020-07-07 10:46:18', '2020-07-07 10:46:18', 1, 1, 5013);

-- --------------------------------------------------------

--
-- Table structure for table `tbl_hak_akses`
--

CREATE TABLE `tbl_hak_akses` (
  `id_pk_hak_akses` int(11) NOT NULL,
  `id_fk_jabatan` int(11) DEFAULT NULL,
  `id_fk_menu` int(11) DEFAULT NULL,
  `hak_akses_status` varchar(15) DEFAULT NULL,
  `hak_akses_create_date` datetime DEFAULT NULL,
  `hak_akses_last_modified` datetime DEFAULT NULL,
  `id_create_data` int(11) DEFAULT NULL,
  `id_last_modified` int(11) DEFAULT NULL
) ENGINE=MyISAM DEFAULT CHARSET=latin1;

--
-- Dumping data for table `tbl_hak_akses`
--

INSERT INTO `tbl_hak_akses` (`id_pk_hak_akses`, `id_fk_jabatan`, `id_fk_menu`, `hak_akses_status`, `hak_akses_create_date`, `hak_akses_last_modified`, `id_create_data`, `id_last_modified`) VALUES
(1, 1, 1, 'aktif', '2020-06-21 11:28:57', '2020-06-21 11:28:57', 1, 1),
(2, 1, 2, 'aktif', '2020-06-21 11:28:57', '2020-06-21 11:28:57', 1, 1),
(3, 1, 3, 'aktif', '2020-06-21 11:38:11', '2020-06-21 11:38:11', 1, 1),
(4, 1, 4, 'aktif', '2020-06-21 11:38:23', '2020-06-21 11:38:23', 1, 1),
(5, 1, 5, 'aktif', '2020-06-21 11:38:35', '2020-06-21 11:38:35', 1, 1),
(6, 1, 6, 'aktif', '2020-06-21 11:38:44', '2020-06-21 11:38:44', 1, 1),
(7, 1, 7, 'aktif', '2020-06-21 11:38:54', '2020-06-21 11:38:54', 1, 1),
(8, 1, 8, 'aktif', '2020-06-21 11:39:36', '2020-06-21 11:39:36', 1, 1),
(9, 1, 9, 'aktif', '2020-06-21 11:40:07', '2020-06-21 11:40:07', 1, 1),
(10, 1, 10, 'aktif', '2020-06-21 11:40:52', '2020-06-21 11:40:52', 1, 1),
(11, 1, 11, 'aktif', '2020-06-21 11:41:04', '2020-06-21 11:41:04', 1, 1),
(12, 1, 12, 'aktif', '2020-06-21 11:41:23', '2020-06-21 11:41:23', 1, 1),
(13, 1, 13, 'aktif', '2020-06-21 11:41:33', '2020-06-21 11:41:33', 1, 1),
(14, 1, 14, 'aktif', '2020-06-21 11:41:42', '2020-06-21 11:41:42', 1, 1),
(15, 1, 15, 'aktif', '2020-06-21 11:41:58', '2020-06-21 11:41:58', 1, 1),
(16, 1, 16, 'aktif', '2020-06-21 11:42:07', '2020-06-21 11:42:07', 1, 1),
(17, 1, 17, 'aktif', '2020-06-21 11:42:16', '2020-06-21 11:42:16', 1, 1),
(18, 1, 18, 'aktif', '2020-06-21 11:42:28', '2020-06-21 11:42:28', 1, 1),
(19, 1, 19, 'aktif', '2020-06-21 11:42:37', '2020-06-21 11:42:37', 1, 1),
(20, 1, 20, 'nonaktif', '2020-06-22 12:12:04', '2020-06-22 12:12:04', 1, 1),
(21, 1, 21, 'aktif', '2020-06-22 07:50:23', '2020-06-22 07:50:23', 1, 1),
(22, 2, 1, 'aktif', '2020-06-22 07:51:13', '2020-06-22 07:51:13', 1, 1),
(23, 2, 2, 'nonaktif', '2020-06-22 07:51:13', '2020-06-22 07:51:13', 1, 1),
(24, 2, 3, 'aktif', '2020-06-22 07:51:13', '2020-06-22 07:51:13', 1, 1),
(25, 2, 4, 'nonaktif', '2020-06-22 07:51:13', '2020-06-22 07:51:13', 1, 1),
(26, 2, 5, 'nonaktif', '2020-06-22 07:51:13', '2020-06-22 07:51:13', 1, 1),
(27, 2, 6, 'nonaktif', '2020-06-22 07:51:13', '2020-06-22 07:51:13', 1, 1),
(28, 2, 7, 'nonaktif', '2020-06-22 07:51:13', '2020-06-22 07:51:13', 1, 1),
(29, 2, 8, 'nonaktif', '2020-06-22 07:51:13', '2020-06-22 07:51:13', 1, 1),
(30, 2, 9, 'nonaktif', '2020-06-22 07:51:13', '2020-06-22 07:51:13', 1, 1),
(31, 2, 10, 'nonaktif', '2020-06-22 07:51:13', '2020-06-22 07:51:13', 1, 1),
(32, 2, 11, 'nonaktif', '2020-06-22 07:51:13', '2020-06-22 07:51:13', 1, 1),
(33, 2, 12, 'nonaktif', '2020-06-22 07:51:13', '2020-06-22 07:51:13', 1, 1),
(34, 2, 13, 'nonaktif', '2020-06-22 07:51:13', '2020-06-22 07:51:13', 1, 1),
(35, 2, 14, 'nonaktif', '2020-06-22 07:51:13', '2020-06-22 07:51:13', 1, 1),
(36, 2, 15, 'nonaktif', '2020-06-22 07:51:13', '2020-06-22 07:51:13', 1, 1),
(37, 2, 16, 'nonaktif', '2020-06-22 07:51:13', '2020-06-22 07:51:13', 1, 1),
(38, 2, 17, 'nonaktif', '2020-06-22 07:51:13', '2020-06-22 07:51:13', 1, 1),
(39, 2, 18, 'nonaktif', '2020-06-22 07:51:13', '2020-06-22 07:51:13', 1, 1),
(40, 2, 19, 'nonaktif', '2020-06-22 07:51:13', '2020-06-22 07:51:13', 1, 1),
(41, 2, 20, 'nonaktif', '2020-06-22 07:51:13', '2020-06-22 07:51:13', 1, 1),
(42, 2, 21, 'aktif', '2020-06-22 07:51:13', '2020-06-22 07:51:13', 1, 1),
(43, 3, 1, 'nonaktif', '2020-06-22 07:53:15', '2020-06-22 07:53:15', 1, 1),
(44, 3, 2, 'nonaktif', '2020-06-22 07:53:15', '2020-06-22 07:53:15', 1, 1),
(45, 3, 3, 'nonaktif', '2020-06-22 07:53:15', '2020-06-22 07:53:15', 1, 1),
(46, 3, 4, 'nonaktif', '2020-06-22 07:53:15', '2020-06-22 07:53:15', 1, 1),
(47, 3, 5, 'nonaktif', '2020-06-22 07:53:15', '2020-06-22 07:53:15', 1, 1),
(48, 3, 6, 'nonaktif', '2020-06-22 07:53:15', '2020-06-22 07:53:15', 1, 1),
(49, 3, 7, 'nonaktif', '2020-06-22 07:53:15', '2020-06-22 07:53:15', 1, 1),
(50, 3, 8, 'nonaktif', '2020-06-22 07:53:15', '2020-06-22 07:53:15', 1, 1),
(51, 3, 9, 'nonaktif', '2020-06-22 07:53:15', '2020-06-22 07:53:15', 1, 1),
(52, 3, 10, 'nonaktif', '2020-06-22 07:53:15', '2020-06-22 07:53:15', 1, 1),
(53, 3, 11, 'nonaktif', '2020-06-22 07:53:15', '2020-06-22 07:53:15', 1, 1),
(54, 3, 12, 'nonaktif', '2020-06-22 07:53:15', '2020-06-22 07:53:15', 1, 1),
(55, 3, 13, 'nonaktif', '2020-06-22 07:53:15', '2020-06-22 07:53:15', 1, 1),
(56, 3, 14, 'nonaktif', '2020-06-22 07:53:15', '2020-06-22 07:53:15', 1, 1),
(57, 3, 15, 'nonaktif', '2020-06-22 07:53:15', '2020-06-22 07:53:15', 1, 1),
(58, 3, 16, 'nonaktif', '2020-06-22 07:53:15', '2020-06-22 07:53:15', 1, 1),
(59, 3, 17, 'nonaktif', '2020-06-22 07:53:15', '2020-06-22 07:53:15', 1, 1),
(60, 3, 18, 'nonaktif', '2020-06-22 07:53:15', '2020-06-22 07:53:15', 1, 1),
(61, 3, 19, 'nonaktif', '2020-06-22 07:53:15', '2020-06-22 07:53:15', 1, 1),
(62, 3, 20, 'nonaktif', '2020-06-22 07:53:15', '2020-06-22 07:53:15', 1, 1),
(63, 3, 21, 'nonaktif', '2020-06-22 07:53:15', '2020-06-22 07:53:15', 1, 1),
(64, 4, 1, 'aktif', '2020-06-22 08:02:21', '2020-06-22 08:02:21', 1, 1),
(65, 4, 2, 'aktif', '2020-06-22 08:02:21', '2020-06-22 08:02:21', 1, 1),
(66, 4, 3, 'nonaktif', '2020-06-22 08:02:21', '2020-06-22 08:02:21', 1, 1),
(67, 4, 4, 'nonaktif', '2020-06-22 08:02:21', '2020-06-22 08:02:21', 1, 1),
(68, 4, 5, 'nonaktif', '2020-06-22 08:02:21', '2020-06-22 08:02:21', 1, 1),
(69, 4, 6, 'nonaktif', '2020-06-22 08:02:21', '2020-06-22 08:02:21', 1, 1),
(70, 4, 7, 'nonaktif', '2020-06-22 08:02:21', '2020-06-22 08:02:21', 1, 1),
(71, 4, 8, 'nonaktif', '2020-06-22 08:02:21', '2020-06-22 08:02:21', 1, 1),
(72, 4, 9, 'nonaktif', '2020-06-22 08:02:21', '2020-06-22 08:02:21', 1, 1),
(73, 4, 10, 'nonaktif', '2020-06-22 08:02:21', '2020-06-22 08:02:21', 1, 1),
(74, 4, 11, 'nonaktif', '2020-06-22 08:02:21', '2020-06-22 08:02:21', 1, 1),
(75, 4, 12, 'nonaktif', '2020-06-22 08:02:21', '2020-06-22 08:02:21', 1, 1),
(76, 4, 13, 'nonaktif', '2020-06-22 08:02:21', '2020-06-22 08:02:21', 1, 1),
(77, 4, 14, 'nonaktif', '2020-06-22 08:02:21', '2020-06-22 08:02:21', 1, 1),
(78, 4, 15, 'nonaktif', '2020-06-22 08:02:21', '2020-06-22 08:02:21', 1, 1),
(79, 4, 16, 'nonaktif', '2020-06-22 08:02:21', '2020-06-22 08:02:21', 1, 1),
(80, 4, 17, 'nonaktif', '2020-06-22 08:02:21', '2020-06-22 08:02:21', 1, 1),
(81, 4, 18, 'nonaktif', '2020-06-22 08:02:21', '2020-06-22 08:02:21', 1, 1),
(82, 4, 19, 'nonaktif', '2020-06-22 08:02:21', '2020-06-22 08:02:21', 1, 1),
(83, 4, 20, 'nonaktif', '2020-06-22 08:02:21', '2020-06-22 08:02:21', 1, 1),
(84, 4, 21, 'nonaktif', '2020-06-22 08:02:21', '2020-06-22 08:02:21', 1, 1),
(85, 1, 22, 'nonaktif', '2020-06-22 12:32:52', '2020-06-22 12:32:52', 1, 1),
(86, 2, 22, 'nonaktif', '2020-06-22 12:32:52', '2020-06-22 12:32:52', 1, 1),
(87, 3, 22, 'nonaktif', '2020-06-22 12:32:52', '2020-06-22 12:32:52', 1, 1),
(88, 4, 22, 'nonaktif', '2020-06-22 12:32:52', '2020-06-22 12:32:52', 1, 1),
(89, 1, 23, 'aktif', '2020-06-22 06:10:33', '2020-06-22 06:10:33', 1, 1),
(90, 2, 23, 'nonaktif', '2020-06-22 06:10:33', '2020-06-22 06:10:33', 1, 1),
(91, 3, 23, 'nonaktif', '2020-06-22 06:10:33', '2020-06-22 06:10:33', 1, 1),
(92, 4, 23, 'nonaktif', '2020-06-22 06:10:33', '2020-06-22 06:10:33', 1, 1),
(93, 1, 24, 'aktif', '2020-06-26 10:07:22', '2020-06-26 10:07:22', 1, 1),
(94, 2, 24, 'nonaktif', '2020-06-26 10:07:22', '2020-06-26 10:07:22', 1, 1),
(95, 3, 24, 'nonaktif', '2020-06-26 10:07:22', '2020-06-26 10:07:22', 1, 1),
(96, 4, 24, 'nonaktif', '2020-06-26 10:07:22', '2020-06-26 10:07:22', 1, 1),
(97, 1, 25, 'aktif', '2020-06-27 07:36:59', '2020-06-27 07:36:59', 1, 1),
(98, 2, 25, 'nonaktif', '2020-06-27 07:36:59', '2020-06-27 07:36:59', 1, 1),
(99, 3, 25, 'nonaktif', '2020-06-27 07:36:59', '2020-06-27 07:36:59', 1, 1),
(100, 4, 25, 'nonaktif', '2020-06-27 07:36:59', '2020-06-27 07:36:59', 1, 1),
(101, 1, 26, 'aktif', '2020-06-30 09:26:26', '2020-06-30 09:26:26', 1, 1),
(102, 2, 26, 'nonaktif', '2020-06-30 09:26:26', '2020-06-30 09:26:26', 1, 1),
(103, 3, 26, 'nonaktif', '2020-06-30 09:26:26', '2020-06-30 09:26:26', 1, 1),
(104, 4, 26, 'nonaktif', '2020-06-30 09:26:26', '2020-06-30 09:26:26', 1, 1),
(105, 1, 27, 'aktif', '2020-07-02 11:03:30', '2020-07-02 11:03:30', 1, 1),
(106, 2, 27, 'nonaktif', '2020-07-02 11:03:30', '2020-07-02 11:03:30', 1, 1),
(107, 3, 27, 'nonaktif', '2020-07-02 11:03:30', '2020-07-02 11:03:30', 1, 1),
(108, 4, 27, 'nonaktif', '2020-07-02 11:03:30', '2020-07-02 11:03:30', 1, 1),
(109, 1, 28, 'aktif', '2020-07-06 08:49:56', '2020-07-06 08:49:56', 1, 1),
(110, 2, 28, 'nonaktif', '2020-07-06 08:49:56', '2020-07-06 08:49:56', 1, 1),
(111, 3, 28, 'nonaktif', '2020-07-06 08:49:56', '2020-07-06 08:49:56', 1, 1),
(112, 4, 28, 'nonaktif', '2020-07-06 08:49:56', '2020-07-06 08:49:56', 1, 1),
(113, 1, 29, 'aktif', '2020-07-06 09:13:00', '2020-07-06 09:13:00', 1, 1),
(114, 2, 29, 'nonaktif', '2020-07-06 09:13:00', '2020-07-06 09:13:00', 1, 1),
(115, 3, 29, 'nonaktif', '2020-07-06 09:13:00', '2020-07-06 09:13:00', 1, 1),
(116, 4, 29, 'nonaktif', '2020-07-06 09:13:00', '2020-07-06 09:13:00', 1, 1),
(117, 1, 30, 'aktif', '2020-07-06 09:15:25', '2020-07-06 09:15:25', 1, 1),
(118, 2, 30, 'nonaktif', '2020-07-06 09:15:25', '2020-07-06 09:15:25', 1, 1),
(119, 3, 30, 'nonaktif', '2020-07-06 09:15:25', '2020-07-06 09:15:25', 1, 1),
(120, 4, 30, 'nonaktif', '2020-07-06 09:15:25', '2020-07-06 09:15:25', 1, 1),
(121, 1, 31, 'aktif', '2020-07-06 09:43:54', '2020-07-06 09:43:54', 1, 1),
(122, 2, 31, 'nonaktif', '2020-07-06 09:43:54', '2020-07-06 09:43:54', 1, 1),
(123, 3, 31, 'nonaktif', '2020-07-06 09:43:54', '2020-07-06 09:43:54', 1, 1),
(124, 4, 31, 'nonaktif', '2020-07-06 09:43:54', '2020-07-06 09:43:54', 1, 1),
(125, 1, 32, 'aktif', '2020-07-06 09:59:33', '2020-07-06 09:59:33', 1, 1),
(126, 2, 32, 'nonaktif', '2020-07-06 09:59:33', '2020-07-06 09:59:33', 1, 1),
(127, 3, 32, 'nonaktif', '2020-07-06 09:59:33', '2020-07-06 09:59:33', 1, 1),
(128, 4, 32, 'nonaktif', '2020-07-06 09:59:33', '2020-07-06 09:59:33', 1, 1),
(129, 1, 33, 'aktif', '2020-07-07 10:38:41', '2020-07-07 10:38:41', 1, 1),
(130, 2, 33, 'nonaktif', '2020-07-07 10:38:41', '2020-07-07 10:38:41', 1, 1),
(131, 3, 33, 'nonaktif', '2020-07-07 10:38:41', '2020-07-07 10:38:41', 1, 1),
(132, 4, 33, 'nonaktif', '2020-07-07 10:38:41', '2020-07-07 10:38:41', 1, 1),
(133, 1, 34, 'aktif', '2020-07-10 09:45:16', '2020-07-10 09:45:16', 1, 1),
(134, 2, 34, 'nonaktif', '2020-07-10 09:45:16', '2020-07-10 09:45:16', 1, 1),
(135, 3, 34, 'nonaktif', '2020-07-10 09:45:16', '2020-07-10 09:45:16', 1, 1),
(136, 4, 34, 'nonaktif', '2020-07-10 09:45:16', '2020-07-10 09:45:16', 1, 1),
(137, 1, 35, 'aktif', '2020-07-14 11:28:08', '2020-07-14 11:28:08', 1, 1),
(138, 2, 35, 'nonaktif', '2020-07-14 11:28:08', '2020-07-14 11:28:08', 1, 1),
(139, 3, 35, 'nonaktif', '2020-07-14 11:28:08', '2020-07-14 11:28:08', 1, 1),
(140, 4, 35, 'nonaktif', '2020-07-14 11:28:08', '2020-07-14 11:28:08', 1, 1),
(141, 1, 36, 'aktif', '2020-07-14 11:29:16', '2020-07-14 11:29:16', 1, 1),
(142, 2, 36, 'nonaktif', '2020-07-14 11:29:16', '2020-07-14 11:29:16', 1, 1),
(143, 3, 36, 'nonaktif', '2020-07-14 11:29:16', '2020-07-14 11:29:16', 1, 1),
(144, 4, 36, 'nonaktif', '2020-07-14 11:29:16', '2020-07-14 11:29:16', 1, 1),
(145, 1, 37, 'aktif', '2020-07-14 11:29:41', '2020-07-14 11:29:41', 1, 1),
(146, 2, 37, 'nonaktif', '2020-07-14 11:29:41', '2020-07-14 11:29:41', 1, 1),
(147, 3, 37, 'nonaktif', '2020-07-14 11:29:41', '2020-07-14 11:29:41', 1, 1),
(148, 4, 37, 'nonaktif', '2020-07-14 11:29:41', '2020-07-14 11:29:41', 1, 1),
(149, 1, 38, 'aktif', '2020-07-15 08:20:40', '2020-07-15 08:20:40', 2, 2),
(150, 2, 38, 'nonaktif', '2020-07-15 08:20:40', '2020-07-15 08:20:40', 2, 2),
(151, 3, 38, 'nonaktif', '2020-07-15 08:20:40', '2020-07-15 08:20:40', 2, 2),
(152, 4, 38, 'nonaktif', '2020-07-15 08:20:40', '2020-07-15 08:20:40', 2, 2),
(153, 1, 39, 'aktif', '2020-07-15 08:20:56', '2020-07-15 08:20:56', 2, 2),
(154, 2, 39, 'nonaktif', '2020-07-15 08:20:56', '2020-07-15 08:20:56', 2, 2),
(155, 3, 39, 'nonaktif', '2020-07-15 08:20:56', '2020-07-15 08:20:56', 2, 2),
(156, 4, 39, 'nonaktif', '2020-07-15 08:20:56', '2020-07-15 08:20:56', 2, 2),
(157, 1, 40, 'aktif', '2020-07-17 02:06:25', '2020-07-17 02:06:25', 2, 2),
(158, 2, 40, 'nonaktif', '2020-07-17 02:06:25', '2020-07-17 02:06:25', 2, 2),
(159, 3, 40, 'nonaktif', '2020-07-17 02:06:25', '2020-07-17 02:06:25', 2, 2),
(160, 4, 40, 'nonaktif', '2020-07-17 02:06:25', '2020-07-17 02:06:25', 2, 2);

--
-- Triggers `tbl_hak_akses`
--
DELIMITER $$
CREATE TRIGGER `trg_after_insert_hak_akses` AFTER INSERT ON `tbl_hak_akses` FOR EACH ROW begin
            set @id_user = new.id_last_modified;
            set @tgl_action = new.hak_akses_last_modified;
            set @log_text = concat(new.id_last_modified,' ','insert data at' , new.hak_akses_last_modified);
            call insert_log_all(@id_user,@tgl_action,@log_text,@id_log_all);
            
            insert into tbl_hak_akses_log(executed_function,id_pk_hak_akses,id_fk_jabatan,id_fk_menu,hak_akses_status,hak_akses_create_date,hak_akses_last_modified,id_create_data,id_last_modified,id_log_all) values ('after insert',new.id_pk_hak_akses,new.id_fk_jabatan,new.id_fk_menu,new.hak_akses_status,new.hak_akses_create_date,new.hak_akses_last_modified,new.id_create_data,new.id_last_modified,@id_log_all);
        end
$$
DELIMITER ;
DELIMITER $$
CREATE TRIGGER `trg_after_update_hak_akses` AFTER UPDATE ON `tbl_hak_akses` FOR EACH ROW begin
            set @id_user = new.id_last_modified;
            set @tgl_action = new.hak_akses_last_modified;
            set @log_text = concat(new.id_last_modified,' ','update data at' , new.hak_akses_last_modified);
            call insert_log_all(@id_user,@tgl_action,@log_text,@id_log_all);
            
            insert into tbl_hak_akses_log(executed_function,id_pk_hak_akses,id_fk_jabatan,id_fk_menu,hak_akses_status,hak_akses_create_date,hak_akses_last_modified,id_create_data,id_last_modified,id_log_all) values ('after update',new.id_pk_hak_akses,new.id_fk_jabatan,new.id_fk_menu,new.hak_akses_status,new.hak_akses_create_date,new.hak_akses_last_modified,new.id_create_data,new.id_last_modified,@id_log_all);
        end
$$
DELIMITER ;

-- --------------------------------------------------------

--
-- Table structure for table `tbl_hak_akses_log`
--

CREATE TABLE `tbl_hak_akses_log` (
  `id_pk_hak_akses_log` int(11) NOT NULL,
  `executed_function` varchar(30) DEFAULT NULL,
  `id_pk_hak_akses` int(11) DEFAULT NULL,
  `id_fk_jabatan` int(11) DEFAULT NULL,
  `id_fk_menu` int(11) DEFAULT NULL,
  `hak_akses_status` varchar(15) DEFAULT NULL,
  `hak_akses_create_date` datetime DEFAULT NULL,
  `hak_akses_last_modified` datetime DEFAULT NULL,
  `id_create_data` int(11) DEFAULT NULL,
  `id_last_modified` int(11) DEFAULT NULL,
  `id_log_all` int(11) DEFAULT NULL
) ENGINE=MyISAM DEFAULT CHARSET=latin1;

--
-- Dumping data for table `tbl_hak_akses_log`
--

INSERT INTO `tbl_hak_akses_log` (`id_pk_hak_akses_log`, `executed_function`, `id_pk_hak_akses`, `id_fk_jabatan`, `id_fk_menu`, `hak_akses_status`, `hak_akses_create_date`, `hak_akses_last_modified`, `id_create_data`, `id_last_modified`, `id_log_all`) VALUES
(1, 'after insert', 1, 1, 1, 'nonaktif', '2020-06-21 11:28:57', '2020-06-21 11:28:57', 1, 1, 6),
(2, 'after insert', 2, 1, 2, 'nonaktif', '2020-06-21 11:28:57', '2020-06-21 11:28:57', 1, 1, 7),
(3, 'after update', 1, 1, 1, 'nonaktif', '2020-06-21 11:28:57', '2020-06-21 11:28:57', 1, 1, 9),
(4, 'after update', 2, 1, 2, 'nonaktif', '2020-06-21 11:28:57', '2020-06-21 11:28:57', 1, 1, 10),
(5, 'after update', 1, 1, 1, 'aktif', '2020-06-21 11:28:57', '2020-06-21 11:28:57', 1, 1, 11),
(6, 'after update', 2, 1, 2, 'aktif', '2020-06-21 11:28:57', '2020-06-21 11:28:57', 1, 1, 12),
(7, 'after insert', 3, 1, 3, 'nonaktif', '2020-06-21 11:38:11', '2020-06-21 11:38:11', 1, 1, 14),
(8, 'after insert', 4, 1, 4, 'nonaktif', '2020-06-21 11:38:23', '2020-06-21 11:38:23', 1, 1, 16),
(9, 'after insert', 5, 1, 5, 'nonaktif', '2020-06-21 11:38:35', '2020-06-21 11:38:35', 1, 1, 18),
(10, 'after insert', 6, 1, 6, 'nonaktif', '2020-06-21 11:38:44', '2020-06-21 11:38:44', 1, 1, 20),
(11, 'after insert', 7, 1, 7, 'nonaktif', '2020-06-21 11:38:54', '2020-06-21 11:38:54', 1, 1, 22),
(12, 'after insert', 8, 1, 8, 'nonaktif', '2020-06-21 11:39:36', '2020-06-21 11:39:36', 1, 1, 24),
(13, 'after insert', 9, 1, 9, 'nonaktif', '2020-06-21 11:40:07', '2020-06-21 11:40:07', 1, 1, 26),
(14, 'after insert', 10, 1, 10, 'nonaktif', '2020-06-21 11:40:52', '2020-06-21 11:40:52', 1, 1, 29),
(15, 'after insert', 11, 1, 11, 'nonaktif', '2020-06-21 11:41:04', '2020-06-21 11:41:04', 1, 1, 31),
(16, 'after insert', 12, 1, 12, 'nonaktif', '2020-06-21 11:41:23', '2020-06-21 11:41:23', 1, 1, 33),
(17, 'after insert', 13, 1, 13, 'nonaktif', '2020-06-21 11:41:33', '2020-06-21 11:41:33', 1, 1, 35),
(18, 'after insert', 14, 1, 14, 'nonaktif', '2020-06-21 11:41:42', '2020-06-21 11:41:42', 1, 1, 37),
(19, 'after insert', 15, 1, 15, 'nonaktif', '2020-06-21 11:41:58', '2020-06-21 11:41:58', 1, 1, 39),
(20, 'after insert', 16, 1, 16, 'nonaktif', '2020-06-21 11:42:07', '2020-06-21 11:42:07', 1, 1, 41),
(21, 'after insert', 17, 1, 17, 'nonaktif', '2020-06-21 11:42:16', '2020-06-21 11:42:16', 1, 1, 43),
(22, 'after insert', 18, 1, 18, 'nonaktif', '2020-06-21 11:42:28', '2020-06-21 11:42:28', 1, 1, 45),
(23, 'after insert', 19, 1, 19, 'nonaktif', '2020-06-21 11:42:37', '2020-06-21 11:42:37', 1, 1, 47),
(24, 'after update', 1, 1, 1, 'nonaktif', '2020-06-21 11:28:57', '2020-06-21 11:28:57', 1, 1, 49),
(25, 'after update', 2, 1, 2, 'nonaktif', '2020-06-21 11:28:57', '2020-06-21 11:28:57', 1, 1, 50),
(26, 'after update', 3, 1, 3, 'nonaktif', '2020-06-21 11:38:11', '2020-06-21 11:38:11', 1, 1, 51),
(27, 'after update', 4, 1, 4, 'nonaktif', '2020-06-21 11:38:23', '2020-06-21 11:38:23', 1, 1, 52),
(28, 'after update', 5, 1, 5, 'nonaktif', '2020-06-21 11:38:35', '2020-06-21 11:38:35', 1, 1, 53),
(29, 'after update', 6, 1, 6, 'nonaktif', '2020-06-21 11:38:44', '2020-06-21 11:38:44', 1, 1, 54),
(30, 'after update', 7, 1, 7, 'nonaktif', '2020-06-21 11:38:54', '2020-06-21 11:38:54', 1, 1, 55),
(31, 'after update', 8, 1, 8, 'nonaktif', '2020-06-21 11:39:36', '2020-06-21 11:39:36', 1, 1, 56),
(32, 'after update', 9, 1, 9, 'nonaktif', '2020-06-21 11:40:07', '2020-06-21 11:40:07', 1, 1, 57),
(33, 'after update', 10, 1, 10, 'nonaktif', '2020-06-21 11:40:52', '2020-06-21 11:40:52', 1, 1, 58),
(34, 'after update', 11, 1, 11, 'nonaktif', '2020-06-21 11:41:04', '2020-06-21 11:41:04', 1, 1, 59),
(35, 'after update', 12, 1, 12, 'nonaktif', '2020-06-21 11:41:23', '2020-06-21 11:41:23', 1, 1, 60),
(36, 'after update', 13, 1, 13, 'nonaktif', '2020-06-21 11:41:33', '2020-06-21 11:41:33', 1, 1, 61),
(37, 'after update', 14, 1, 14, 'nonaktif', '2020-06-21 11:41:42', '2020-06-21 11:41:42', 1, 1, 62),
(38, 'after update', 15, 1, 15, 'nonaktif', '2020-06-21 11:41:58', '2020-06-21 11:41:58', 1, 1, 63),
(39, 'after update', 16, 1, 16, 'nonaktif', '2020-06-21 11:42:07', '2020-06-21 11:42:07', 1, 1, 64),
(40, 'after update', 17, 1, 17, 'nonaktif', '2020-06-21 11:42:16', '2020-06-21 11:42:16', 1, 1, 65),
(41, 'after update', 18, 1, 18, 'nonaktif', '2020-06-21 11:42:28', '2020-06-21 11:42:28', 1, 1, 66),
(42, 'after update', 19, 1, 19, 'nonaktif', '2020-06-21 11:42:37', '2020-06-21 11:42:37', 1, 1, 67),
(43, 'after update', 1, 1, 1, 'aktif', '2020-06-21 11:28:57', '2020-06-21 11:28:57', 1, 1, 68),
(44, 'after update', 2, 1, 2, 'aktif', '2020-06-21 11:28:57', '2020-06-21 11:28:57', 1, 1, 69),
(45, 'after update', 3, 1, 3, 'aktif', '2020-06-21 11:38:11', '2020-06-21 11:38:11', 1, 1, 70),
(46, 'after update', 4, 1, 4, 'aktif', '2020-06-21 11:38:23', '2020-06-21 11:38:23', 1, 1, 71),
(47, 'after update', 5, 1, 5, 'aktif', '2020-06-21 11:38:35', '2020-06-21 11:38:35', 1, 1, 72),
(48, 'after update', 6, 1, 6, 'aktif', '2020-06-21 11:38:44', '2020-06-21 11:38:44', 1, 1, 73),
(49, 'after update', 7, 1, 7, 'aktif', '2020-06-21 11:38:54', '2020-06-21 11:38:54', 1, 1, 74),
(50, 'after update', 8, 1, 8, 'aktif', '2020-06-21 11:39:36', '2020-06-21 11:39:36', 1, 1, 75),
(51, 'after update', 9, 1, 9, 'aktif', '2020-06-21 11:40:07', '2020-06-21 11:40:07', 1, 1, 76),
(52, 'after update', 10, 1, 10, 'aktif', '2020-06-21 11:40:52', '2020-06-21 11:40:52', 1, 1, 77),
(53, 'after update', 11, 1, 11, 'aktif', '2020-06-21 11:41:04', '2020-06-21 11:41:04', 1, 1, 78),
(54, 'after update', 12, 1, 12, 'aktif', '2020-06-21 11:41:23', '2020-06-21 11:41:23', 1, 1, 79),
(55, 'after update', 13, 1, 13, 'aktif', '2020-06-21 11:41:33', '2020-06-21 11:41:33', 1, 1, 80),
(56, 'after update', 14, 1, 14, 'aktif', '2020-06-21 11:41:42', '2020-06-21 11:41:42', 1, 1, 81),
(57, 'after update', 15, 1, 15, 'aktif', '2020-06-21 11:41:58', '2020-06-21 11:41:58', 1, 1, 82),
(58, 'after update', 16, 1, 16, 'aktif', '2020-06-21 11:42:07', '2020-06-21 11:42:07', 1, 1, 83),
(59, 'after update', 17, 1, 17, 'aktif', '2020-06-21 11:42:16', '2020-06-21 11:42:16', 1, 1, 84),
(60, 'after update', 18, 1, 18, 'aktif', '2020-06-21 11:42:28', '2020-06-21 11:42:28', 1, 1, 85),
(61, 'after update', 19, 1, 19, 'aktif', '2020-06-21 11:42:37', '2020-06-21 11:42:37', 1, 1, 86),
(62, 'after insert', 20, 1, 20, 'nonaktif', '2020-06-22 12:12:04', '2020-06-22 12:12:04', 1, 1, 95),
(63, 'after insert', 21, 1, 21, 'nonaktif', '2020-06-22 07:50:23', '2020-06-22 07:50:23', 1, 1, 97),
(64, 'after update', 1, 1, 1, 'nonaktif', '2020-06-21 11:28:57', '2020-06-21 11:28:57', 1, 1, 99),
(65, 'after update', 2, 1, 2, 'nonaktif', '2020-06-21 11:28:57', '2020-06-21 11:28:57', 1, 1, 100),
(66, 'after update', 3, 1, 3, 'nonaktif', '2020-06-21 11:38:11', '2020-06-21 11:38:11', 1, 1, 101),
(67, 'after update', 4, 1, 4, 'nonaktif', '2020-06-21 11:38:23', '2020-06-21 11:38:23', 1, 1, 102),
(68, 'after update', 5, 1, 5, 'nonaktif', '2020-06-21 11:38:35', '2020-06-21 11:38:35', 1, 1, 103),
(69, 'after update', 6, 1, 6, 'nonaktif', '2020-06-21 11:38:44', '2020-06-21 11:38:44', 1, 1, 104),
(70, 'after update', 7, 1, 7, 'nonaktif', '2020-06-21 11:38:54', '2020-06-21 11:38:54', 1, 1, 105),
(71, 'after update', 8, 1, 8, 'nonaktif', '2020-06-21 11:39:36', '2020-06-21 11:39:36', 1, 1, 106),
(72, 'after update', 9, 1, 9, 'nonaktif', '2020-06-21 11:40:07', '2020-06-21 11:40:07', 1, 1, 107),
(73, 'after update', 10, 1, 10, 'nonaktif', '2020-06-21 11:40:52', '2020-06-21 11:40:52', 1, 1, 108),
(74, 'after update', 11, 1, 11, 'nonaktif', '2020-06-21 11:41:04', '2020-06-21 11:41:04', 1, 1, 109),
(75, 'after update', 12, 1, 12, 'nonaktif', '2020-06-21 11:41:23', '2020-06-21 11:41:23', 1, 1, 110),
(76, 'after update', 13, 1, 13, 'nonaktif', '2020-06-21 11:41:33', '2020-06-21 11:41:33', 1, 1, 111),
(77, 'after update', 14, 1, 14, 'nonaktif', '2020-06-21 11:41:42', '2020-06-21 11:41:42', 1, 1, 112),
(78, 'after update', 15, 1, 15, 'nonaktif', '2020-06-21 11:41:58', '2020-06-21 11:41:58', 1, 1, 113),
(79, 'after update', 16, 1, 16, 'nonaktif', '2020-06-21 11:42:07', '2020-06-21 11:42:07', 1, 1, 114),
(80, 'after update', 17, 1, 17, 'nonaktif', '2020-06-21 11:42:16', '2020-06-21 11:42:16', 1, 1, 115),
(81, 'after update', 18, 1, 18, 'nonaktif', '2020-06-21 11:42:28', '2020-06-21 11:42:28', 1, 1, 116),
(82, 'after update', 19, 1, 19, 'nonaktif', '2020-06-21 11:42:37', '2020-06-21 11:42:37', 1, 1, 117),
(83, 'after update', 20, 1, 20, 'nonaktif', '2020-06-22 12:12:04', '2020-06-22 12:12:04', 1, 1, 118),
(84, 'after update', 21, 1, 21, 'nonaktif', '2020-06-22 07:50:23', '2020-06-22 07:50:23', 1, 1, 119),
(85, 'after update', 1, 1, 1, 'aktif', '2020-06-21 11:28:57', '2020-06-21 11:28:57', 1, 1, 120),
(86, 'after update', 2, 1, 2, 'aktif', '2020-06-21 11:28:57', '2020-06-21 11:28:57', 1, 1, 121),
(87, 'after update', 3, 1, 3, 'aktif', '2020-06-21 11:38:11', '2020-06-21 11:38:11', 1, 1, 122),
(88, 'after update', 4, 1, 4, 'aktif', '2020-06-21 11:38:23', '2020-06-21 11:38:23', 1, 1, 123),
(89, 'after update', 5, 1, 5, 'aktif', '2020-06-21 11:38:35', '2020-06-21 11:38:35', 1, 1, 124),
(90, 'after update', 6, 1, 6, 'aktif', '2020-06-21 11:38:44', '2020-06-21 11:38:44', 1, 1, 125),
(91, 'after update', 7, 1, 7, 'aktif', '2020-06-21 11:38:54', '2020-06-21 11:38:54', 1, 1, 126),
(92, 'after update', 8, 1, 8, 'aktif', '2020-06-21 11:39:36', '2020-06-21 11:39:36', 1, 1, 127),
(93, 'after update', 9, 1, 9, 'aktif', '2020-06-21 11:40:07', '2020-06-21 11:40:07', 1, 1, 128),
(94, 'after update', 10, 1, 10, 'aktif', '2020-06-21 11:40:52', '2020-06-21 11:40:52', 1, 1, 129),
(95, 'after update', 11, 1, 11, 'aktif', '2020-06-21 11:41:04', '2020-06-21 11:41:04', 1, 1, 130),
(96, 'after update', 12, 1, 12, 'aktif', '2020-06-21 11:41:23', '2020-06-21 11:41:23', 1, 1, 131),
(97, 'after update', 13, 1, 13, 'aktif', '2020-06-21 11:41:33', '2020-06-21 11:41:33', 1, 1, 132),
(98, 'after update', 14, 1, 14, 'aktif', '2020-06-21 11:41:42', '2020-06-21 11:41:42', 1, 1, 133),
(99, 'after update', 15, 1, 15, 'aktif', '2020-06-21 11:41:58', '2020-06-21 11:41:58', 1, 1, 134),
(100, 'after update', 16, 1, 16, 'aktif', '2020-06-21 11:42:07', '2020-06-21 11:42:07', 1, 1, 135),
(101, 'after update', 17, 1, 17, 'aktif', '2020-06-21 11:42:16', '2020-06-21 11:42:16', 1, 1, 136),
(102, 'after update', 18, 1, 18, 'aktif', '2020-06-21 11:42:28', '2020-06-21 11:42:28', 1, 1, 137),
(103, 'after update', 19, 1, 19, 'aktif', '2020-06-21 11:42:37', '2020-06-21 11:42:37', 1, 1, 138),
(104, 'after update', 20, 1, 20, 'aktif', '2020-06-22 12:12:04', '2020-06-22 12:12:04', 1, 1, 139),
(105, 'after insert', 22, 2, 1, 'nonaktif', '2020-06-22 07:51:13', '2020-06-22 07:51:13', 1, 1, 141),
(106, 'after insert', 23, 2, 2, 'nonaktif', '2020-06-22 07:51:13', '2020-06-22 07:51:13', 1, 1, 142),
(107, 'after insert', 24, 2, 3, 'nonaktif', '2020-06-22 07:51:13', '2020-06-22 07:51:13', 1, 1, 143),
(108, 'after insert', 25, 2, 4, 'nonaktif', '2020-06-22 07:51:13', '2020-06-22 07:51:13', 1, 1, 144),
(109, 'after insert', 26, 2, 5, 'nonaktif', '2020-06-22 07:51:13', '2020-06-22 07:51:13', 1, 1, 145),
(110, 'after insert', 27, 2, 6, 'nonaktif', '2020-06-22 07:51:13', '2020-06-22 07:51:13', 1, 1, 146),
(111, 'after insert', 28, 2, 7, 'nonaktif', '2020-06-22 07:51:13', '2020-06-22 07:51:13', 1, 1, 147),
(112, 'after insert', 29, 2, 8, 'nonaktif', '2020-06-22 07:51:13', '2020-06-22 07:51:13', 1, 1, 148),
(113, 'after insert', 30, 2, 9, 'nonaktif', '2020-06-22 07:51:13', '2020-06-22 07:51:13', 1, 1, 149),
(114, 'after insert', 31, 2, 10, 'nonaktif', '2020-06-22 07:51:13', '2020-06-22 07:51:13', 1, 1, 150),
(115, 'after insert', 32, 2, 11, 'nonaktif', '2020-06-22 07:51:13', '2020-06-22 07:51:13', 1, 1, 151),
(116, 'after insert', 33, 2, 12, 'nonaktif', '2020-06-22 07:51:13', '2020-06-22 07:51:13', 1, 1, 152),
(117, 'after insert', 34, 2, 13, 'nonaktif', '2020-06-22 07:51:13', '2020-06-22 07:51:13', 1, 1, 153),
(118, 'after insert', 35, 2, 14, 'nonaktif', '2020-06-22 07:51:13', '2020-06-22 07:51:13', 1, 1, 154),
(119, 'after insert', 36, 2, 15, 'nonaktif', '2020-06-22 07:51:13', '2020-06-22 07:51:13', 1, 1, 155),
(120, 'after insert', 37, 2, 16, 'nonaktif', '2020-06-22 07:51:13', '2020-06-22 07:51:13', 1, 1, 156),
(121, 'after insert', 38, 2, 17, 'nonaktif', '2020-06-22 07:51:13', '2020-06-22 07:51:13', 1, 1, 157),
(122, 'after insert', 39, 2, 18, 'nonaktif', '2020-06-22 07:51:13', '2020-06-22 07:51:13', 1, 1, 158),
(123, 'after insert', 40, 2, 19, 'nonaktif', '2020-06-22 07:51:13', '2020-06-22 07:51:13', 1, 1, 159),
(124, 'after insert', 41, 2, 20, 'nonaktif', '2020-06-22 07:51:13', '2020-06-22 07:51:13', 1, 1, 160),
(125, 'after insert', 42, 2, 21, 'nonaktif', '2020-06-22 07:51:13', '2020-06-22 07:51:13', 1, 1, 161),
(126, 'after insert', 43, 3, 1, 'nonaktif', '2020-06-22 07:53:15', '2020-06-22 07:53:15', 1, 1, 164),
(127, 'after insert', 44, 3, 2, 'nonaktif', '2020-06-22 07:53:15', '2020-06-22 07:53:15', 1, 1, 165),
(128, 'after insert', 45, 3, 3, 'nonaktif', '2020-06-22 07:53:15', '2020-06-22 07:53:15', 1, 1, 166),
(129, 'after insert', 46, 3, 4, 'nonaktif', '2020-06-22 07:53:15', '2020-06-22 07:53:15', 1, 1, 167),
(130, 'after insert', 47, 3, 5, 'nonaktif', '2020-06-22 07:53:15', '2020-06-22 07:53:15', 1, 1, 168),
(131, 'after insert', 48, 3, 6, 'nonaktif', '2020-06-22 07:53:15', '2020-06-22 07:53:15', 1, 1, 169),
(132, 'after insert', 49, 3, 7, 'nonaktif', '2020-06-22 07:53:15', '2020-06-22 07:53:15', 1, 1, 170),
(133, 'after insert', 50, 3, 8, 'nonaktif', '2020-06-22 07:53:15', '2020-06-22 07:53:15', 1, 1, 171),
(134, 'after insert', 51, 3, 9, 'nonaktif', '2020-06-22 07:53:15', '2020-06-22 07:53:15', 1, 1, 172),
(135, 'after insert', 52, 3, 10, 'nonaktif', '2020-06-22 07:53:15', '2020-06-22 07:53:15', 1, 1, 173),
(136, 'after insert', 53, 3, 11, 'nonaktif', '2020-06-22 07:53:15', '2020-06-22 07:53:15', 1, 1, 174),
(137, 'after insert', 54, 3, 12, 'nonaktif', '2020-06-22 07:53:15', '2020-06-22 07:53:15', 1, 1, 175),
(138, 'after insert', 55, 3, 13, 'nonaktif', '2020-06-22 07:53:15', '2020-06-22 07:53:15', 1, 1, 176),
(139, 'after insert', 56, 3, 14, 'nonaktif', '2020-06-22 07:53:15', '2020-06-22 07:53:15', 1, 1, 177),
(140, 'after insert', 57, 3, 15, 'nonaktif', '2020-06-22 07:53:15', '2020-06-22 07:53:15', 1, 1, 178),
(141, 'after insert', 58, 3, 16, 'nonaktif', '2020-06-22 07:53:15', '2020-06-22 07:53:15', 1, 1, 179),
(142, 'after insert', 59, 3, 17, 'nonaktif', '2020-06-22 07:53:15', '2020-06-22 07:53:15', 1, 1, 180),
(143, 'after insert', 60, 3, 18, 'nonaktif', '2020-06-22 07:53:15', '2020-06-22 07:53:15', 1, 1, 181),
(144, 'after insert', 61, 3, 19, 'nonaktif', '2020-06-22 07:53:15', '2020-06-22 07:53:15', 1, 1, 182),
(145, 'after insert', 62, 3, 20, 'nonaktif', '2020-06-22 07:53:15', '2020-06-22 07:53:15', 1, 1, 183),
(146, 'after insert', 63, 3, 21, 'nonaktif', '2020-06-22 07:53:15', '2020-06-22 07:53:15', 1, 1, 184),
(147, 'after insert', 64, 4, 1, 'nonaktif', '2020-06-22 08:02:21', '2020-06-22 08:02:21', 1, 1, 186),
(148, 'after insert', 65, 4, 2, 'nonaktif', '2020-06-22 08:02:21', '2020-06-22 08:02:21', 1, 1, 187),
(149, 'after insert', 66, 4, 3, 'nonaktif', '2020-06-22 08:02:21', '2020-06-22 08:02:21', 1, 1, 188),
(150, 'after insert', 67, 4, 4, 'nonaktif', '2020-06-22 08:02:21', '2020-06-22 08:02:21', 1, 1, 189),
(151, 'after insert', 68, 4, 5, 'nonaktif', '2020-06-22 08:02:21', '2020-06-22 08:02:21', 1, 1, 190),
(152, 'after insert', 69, 4, 6, 'nonaktif', '2020-06-22 08:02:21', '2020-06-22 08:02:21', 1, 1, 191),
(153, 'after insert', 70, 4, 7, 'nonaktif', '2020-06-22 08:02:21', '2020-06-22 08:02:21', 1, 1, 192),
(154, 'after insert', 71, 4, 8, 'nonaktif', '2020-06-22 08:02:21', '2020-06-22 08:02:21', 1, 1, 193),
(155, 'after insert', 72, 4, 9, 'nonaktif', '2020-06-22 08:02:21', '2020-06-22 08:02:21', 1, 1, 194),
(156, 'after insert', 73, 4, 10, 'nonaktif', '2020-06-22 08:02:21', '2020-06-22 08:02:21', 1, 1, 195),
(157, 'after insert', 74, 4, 11, 'nonaktif', '2020-06-22 08:02:21', '2020-06-22 08:02:21', 1, 1, 196),
(158, 'after insert', 75, 4, 12, 'nonaktif', '2020-06-22 08:02:21', '2020-06-22 08:02:21', 1, 1, 197),
(159, 'after insert', 76, 4, 13, 'nonaktif', '2020-06-22 08:02:21', '2020-06-22 08:02:21', 1, 1, 198),
(160, 'after insert', 77, 4, 14, 'nonaktif', '2020-06-22 08:02:21', '2020-06-22 08:02:21', 1, 1, 199),
(161, 'after insert', 78, 4, 15, 'nonaktif', '2020-06-22 08:02:21', '2020-06-22 08:02:21', 1, 1, 200),
(162, 'after insert', 79, 4, 16, 'nonaktif', '2020-06-22 08:02:21', '2020-06-22 08:02:21', 1, 1, 201),
(163, 'after insert', 80, 4, 17, 'nonaktif', '2020-06-22 08:02:21', '2020-06-22 08:02:21', 1, 1, 202),
(164, 'after insert', 81, 4, 18, 'nonaktif', '2020-06-22 08:02:21', '2020-06-22 08:02:21', 1, 1, 203),
(165, 'after insert', 82, 4, 19, 'nonaktif', '2020-06-22 08:02:21', '2020-06-22 08:02:21', 1, 1, 204),
(166, 'after insert', 83, 4, 20, 'nonaktif', '2020-06-22 08:02:21', '2020-06-22 08:02:21', 1, 1, 205),
(167, 'after insert', 84, 4, 21, 'nonaktif', '2020-06-22 08:02:21', '2020-06-22 08:02:21', 1, 1, 206),
(168, 'after update', 64, 4, 1, 'aktif', '2020-06-22 08:02:21', '2020-06-22 08:02:21', 1, 1, 207),
(169, 'after update', 65, 4, 2, 'aktif', '2020-06-22 08:02:21', '2020-06-22 08:02:21', 1, 1, 208),
(170, 'after insert', 85, 1, 22, 'nonaktif', '2020-06-22 12:32:52', '2020-06-22 12:32:52', 1, 1, 444),
(171, 'after insert', 86, 2, 22, 'nonaktif', '2020-06-22 12:32:52', '2020-06-22 12:32:52', 1, 1, 445),
(172, 'after insert', 87, 3, 22, 'nonaktif', '2020-06-22 12:32:52', '2020-06-22 12:32:52', 1, 1, 446),
(173, 'after insert', 88, 4, 22, 'nonaktif', '2020-06-22 12:32:52', '2020-06-22 12:32:52', 1, 1, 447),
(174, 'after update', 1, 1, 1, 'nonaktif', '2020-06-21 11:28:57', '2020-06-21 11:28:57', 1, 1, 449),
(175, 'after update', 2, 1, 2, 'nonaktif', '2020-06-21 11:28:57', '2020-06-21 11:28:57', 1, 1, 450),
(176, 'after update', 3, 1, 3, 'nonaktif', '2020-06-21 11:38:11', '2020-06-21 11:38:11', 1, 1, 451),
(177, 'after update', 4, 1, 4, 'nonaktif', '2020-06-21 11:38:23', '2020-06-21 11:38:23', 1, 1, 452),
(178, 'after update', 5, 1, 5, 'nonaktif', '2020-06-21 11:38:35', '2020-06-21 11:38:35', 1, 1, 453),
(179, 'after update', 6, 1, 6, 'nonaktif', '2020-06-21 11:38:44', '2020-06-21 11:38:44', 1, 1, 454),
(180, 'after update', 7, 1, 7, 'nonaktif', '2020-06-21 11:38:54', '2020-06-21 11:38:54', 1, 1, 455),
(181, 'after update', 8, 1, 8, 'nonaktif', '2020-06-21 11:39:36', '2020-06-21 11:39:36', 1, 1, 456),
(182, 'after update', 9, 1, 9, 'nonaktif', '2020-06-21 11:40:07', '2020-06-21 11:40:07', 1, 1, 457),
(183, 'after update', 10, 1, 10, 'nonaktif', '2020-06-21 11:40:52', '2020-06-21 11:40:52', 1, 1, 458),
(184, 'after update', 11, 1, 11, 'nonaktif', '2020-06-21 11:41:04', '2020-06-21 11:41:04', 1, 1, 459),
(185, 'after update', 12, 1, 12, 'nonaktif', '2020-06-21 11:41:23', '2020-06-21 11:41:23', 1, 1, 460),
(186, 'after update', 13, 1, 13, 'nonaktif', '2020-06-21 11:41:33', '2020-06-21 11:41:33', 1, 1, 461),
(187, 'after update', 14, 1, 14, 'nonaktif', '2020-06-21 11:41:42', '2020-06-21 11:41:42', 1, 1, 462),
(188, 'after update', 15, 1, 15, 'nonaktif', '2020-06-21 11:41:58', '2020-06-21 11:41:58', 1, 1, 463),
(189, 'after update', 16, 1, 16, 'nonaktif', '2020-06-21 11:42:07', '2020-06-21 11:42:07', 1, 1, 464),
(190, 'after update', 17, 1, 17, 'nonaktif', '2020-06-21 11:42:16', '2020-06-21 11:42:16', 1, 1, 465),
(191, 'after update', 18, 1, 18, 'nonaktif', '2020-06-21 11:42:28', '2020-06-21 11:42:28', 1, 1, 466),
(192, 'after update', 19, 1, 19, 'nonaktif', '2020-06-21 11:42:37', '2020-06-21 11:42:37', 1, 1, 467),
(193, 'after update', 20, 1, 20, 'nonaktif', '2020-06-22 12:12:04', '2020-06-22 12:12:04', 1, 1, 468),
(194, 'after update', 21, 1, 21, 'nonaktif', '2020-06-22 07:50:23', '2020-06-22 07:50:23', 1, 1, 469),
(195, 'after update', 85, 1, 22, 'nonaktif', '2020-06-22 12:32:52', '2020-06-22 12:32:52', 1, 1, 470),
(196, 'after update', 1, 1, 1, 'aktif', '2020-06-21 11:28:57', '2020-06-21 11:28:57', 1, 1, 471),
(197, 'after update', 2, 1, 2, 'aktif', '2020-06-21 11:28:57', '2020-06-21 11:28:57', 1, 1, 472),
(198, 'after update', 3, 1, 3, 'aktif', '2020-06-21 11:38:11', '2020-06-21 11:38:11', 1, 1, 473),
(199, 'after update', 4, 1, 4, 'aktif', '2020-06-21 11:38:23', '2020-06-21 11:38:23', 1, 1, 474),
(200, 'after update', 5, 1, 5, 'aktif', '2020-06-21 11:38:35', '2020-06-21 11:38:35', 1, 1, 475),
(201, 'after update', 6, 1, 6, 'aktif', '2020-06-21 11:38:44', '2020-06-21 11:38:44', 1, 1, 476),
(202, 'after update', 7, 1, 7, 'aktif', '2020-06-21 11:38:54', '2020-06-21 11:38:54', 1, 1, 477),
(203, 'after update', 8, 1, 8, 'aktif', '2020-06-21 11:39:36', '2020-06-21 11:39:36', 1, 1, 478),
(204, 'after update', 9, 1, 9, 'aktif', '2020-06-21 11:40:07', '2020-06-21 11:40:07', 1, 1, 479),
(205, 'after update', 10, 1, 10, 'aktif', '2020-06-21 11:40:52', '2020-06-21 11:40:52', 1, 1, 480),
(206, 'after update', 11, 1, 11, 'aktif', '2020-06-21 11:41:04', '2020-06-21 11:41:04', 1, 1, 481),
(207, 'after update', 12, 1, 12, 'aktif', '2020-06-21 11:41:23', '2020-06-21 11:41:23', 1, 1, 482),
(208, 'after update', 13, 1, 13, 'aktif', '2020-06-21 11:41:33', '2020-06-21 11:41:33', 1, 1, 483),
(209, 'after update', 14, 1, 14, 'aktif', '2020-06-21 11:41:42', '2020-06-21 11:41:42', 1, 1, 484),
(210, 'after update', 15, 1, 15, 'aktif', '2020-06-21 11:41:58', '2020-06-21 11:41:58', 1, 1, 485),
(211, 'after update', 16, 1, 16, 'aktif', '2020-06-21 11:42:07', '2020-06-21 11:42:07', 1, 1, 486),
(212, 'after update', 17, 1, 17, 'aktif', '2020-06-21 11:42:16', '2020-06-21 11:42:16', 1, 1, 487),
(213, 'after update', 18, 1, 18, 'aktif', '2020-06-21 11:42:28', '2020-06-21 11:42:28', 1, 1, 488),
(214, 'after update', 19, 1, 19, 'aktif', '2020-06-21 11:42:37', '2020-06-21 11:42:37', 1, 1, 489),
(215, 'after update', 20, 1, 20, 'aktif', '2020-06-22 12:12:04', '2020-06-22 12:12:04', 1, 1, 490),
(216, 'after update', 85, 1, 22, 'aktif', '2020-06-22 12:32:52', '2020-06-22 12:32:52', 1, 1, 491),
(217, 'after update', 1, 1, 1, 'nonaktif', '2020-06-21 11:28:57', '2020-06-21 11:28:57', 1, 1, 513),
(218, 'after update', 2, 1, 2, 'nonaktif', '2020-06-21 11:28:57', '2020-06-21 11:28:57', 1, 1, 514),
(219, 'after update', 3, 1, 3, 'nonaktif', '2020-06-21 11:38:11', '2020-06-21 11:38:11', 1, 1, 515),
(220, 'after update', 4, 1, 4, 'nonaktif', '2020-06-21 11:38:23', '2020-06-21 11:38:23', 1, 1, 516),
(221, 'after update', 5, 1, 5, 'nonaktif', '2020-06-21 11:38:35', '2020-06-21 11:38:35', 1, 1, 517),
(222, 'after update', 6, 1, 6, 'nonaktif', '2020-06-21 11:38:44', '2020-06-21 11:38:44', 1, 1, 518),
(223, 'after update', 7, 1, 7, 'nonaktif', '2020-06-21 11:38:54', '2020-06-21 11:38:54', 1, 1, 519),
(224, 'after update', 8, 1, 8, 'nonaktif', '2020-06-21 11:39:36', '2020-06-21 11:39:36', 1, 1, 520),
(225, 'after update', 9, 1, 9, 'nonaktif', '2020-06-21 11:40:07', '2020-06-21 11:40:07', 1, 1, 521),
(226, 'after update', 10, 1, 10, 'nonaktif', '2020-06-21 11:40:52', '2020-06-21 11:40:52', 1, 1, 522),
(227, 'after update', 11, 1, 11, 'nonaktif', '2020-06-21 11:41:04', '2020-06-21 11:41:04', 1, 1, 523),
(228, 'after update', 12, 1, 12, 'nonaktif', '2020-06-21 11:41:23', '2020-06-21 11:41:23', 1, 1, 524),
(229, 'after update', 13, 1, 13, 'nonaktif', '2020-06-21 11:41:33', '2020-06-21 11:41:33', 1, 1, 525),
(230, 'after update', 14, 1, 14, 'nonaktif', '2020-06-21 11:41:42', '2020-06-21 11:41:42', 1, 1, 526),
(231, 'after update', 15, 1, 15, 'nonaktif', '2020-06-21 11:41:58', '2020-06-21 11:41:58', 1, 1, 527),
(232, 'after update', 16, 1, 16, 'nonaktif', '2020-06-21 11:42:07', '2020-06-21 11:42:07', 1, 1, 528),
(233, 'after update', 17, 1, 17, 'nonaktif', '2020-06-21 11:42:16', '2020-06-21 11:42:16', 1, 1, 529),
(234, 'after update', 18, 1, 18, 'nonaktif', '2020-06-21 11:42:28', '2020-06-21 11:42:28', 1, 1, 530),
(235, 'after update', 19, 1, 19, 'nonaktif', '2020-06-21 11:42:37', '2020-06-21 11:42:37', 1, 1, 531),
(236, 'after update', 20, 1, 20, 'nonaktif', '2020-06-22 12:12:04', '2020-06-22 12:12:04', 1, 1, 532),
(237, 'after update', 21, 1, 21, 'nonaktif', '2020-06-22 07:50:23', '2020-06-22 07:50:23', 1, 1, 533),
(238, 'after update', 85, 1, 22, 'nonaktif', '2020-06-22 12:32:52', '2020-06-22 12:32:52', 1, 1, 534),
(239, 'after update', 1, 1, 1, 'aktif', '2020-06-21 11:28:57', '2020-06-21 11:28:57', 1, 1, 535),
(240, 'after update', 2, 1, 2, 'aktif', '2020-06-21 11:28:57', '2020-06-21 11:28:57', 1, 1, 536),
(241, 'after update', 3, 1, 3, 'aktif', '2020-06-21 11:38:11', '2020-06-21 11:38:11', 1, 1, 537),
(242, 'after update', 4, 1, 4, 'aktif', '2020-06-21 11:38:23', '2020-06-21 11:38:23', 1, 1, 538),
(243, 'after update', 5, 1, 5, 'aktif', '2020-06-21 11:38:35', '2020-06-21 11:38:35', 1, 1, 539),
(244, 'after update', 6, 1, 6, 'aktif', '2020-06-21 11:38:44', '2020-06-21 11:38:44', 1, 1, 540),
(245, 'after update', 7, 1, 7, 'aktif', '2020-06-21 11:38:54', '2020-06-21 11:38:54', 1, 1, 541),
(246, 'after update', 8, 1, 8, 'aktif', '2020-06-21 11:39:36', '2020-06-21 11:39:36', 1, 1, 542),
(247, 'after update', 9, 1, 9, 'aktif', '2020-06-21 11:40:07', '2020-06-21 11:40:07', 1, 1, 543),
(248, 'after update', 10, 1, 10, 'aktif', '2020-06-21 11:40:52', '2020-06-21 11:40:52', 1, 1, 544),
(249, 'after update', 11, 1, 11, 'aktif', '2020-06-21 11:41:04', '2020-06-21 11:41:04', 1, 1, 545),
(250, 'after update', 12, 1, 12, 'aktif', '2020-06-21 11:41:23', '2020-06-21 11:41:23', 1, 1, 546),
(251, 'after update', 13, 1, 13, 'aktif', '2020-06-21 11:41:33', '2020-06-21 11:41:33', 1, 1, 547),
(252, 'after update', 14, 1, 14, 'aktif', '2020-06-21 11:41:42', '2020-06-21 11:41:42', 1, 1, 548),
(253, 'after update', 15, 1, 15, 'aktif', '2020-06-21 11:41:58', '2020-06-21 11:41:58', 1, 1, 549),
(254, 'after update', 16, 1, 16, 'aktif', '2020-06-21 11:42:07', '2020-06-21 11:42:07', 1, 1, 550),
(255, 'after update', 17, 1, 17, 'aktif', '2020-06-21 11:42:16', '2020-06-21 11:42:16', 1, 1, 551),
(256, 'after update', 18, 1, 18, 'aktif', '2020-06-21 11:42:28', '2020-06-21 11:42:28', 1, 1, 552),
(257, 'after update', 19, 1, 19, 'aktif', '2020-06-21 11:42:37', '2020-06-21 11:42:37', 1, 1, 553),
(258, 'after update', 21, 1, 21, 'aktif', '2020-06-22 07:50:23', '2020-06-22 07:50:23', 1, 1, 554),
(259, 'after update', 22, 2, 1, 'nonaktif', '2020-06-22 07:51:13', '2020-06-22 07:51:13', 1, 1, 572),
(260, 'after update', 23, 2, 2, 'nonaktif', '2020-06-22 07:51:13', '2020-06-22 07:51:13', 1, 1, 573),
(261, 'after update', 24, 2, 3, 'nonaktif', '2020-06-22 07:51:13', '2020-06-22 07:51:13', 1, 1, 574),
(262, 'after update', 25, 2, 4, 'nonaktif', '2020-06-22 07:51:13', '2020-06-22 07:51:13', 1, 1, 575),
(263, 'after update', 26, 2, 5, 'nonaktif', '2020-06-22 07:51:13', '2020-06-22 07:51:13', 1, 1, 576),
(264, 'after update', 27, 2, 6, 'nonaktif', '2020-06-22 07:51:13', '2020-06-22 07:51:13', 1, 1, 577),
(265, 'after update', 28, 2, 7, 'nonaktif', '2020-06-22 07:51:13', '2020-06-22 07:51:13', 1, 1, 578),
(266, 'after update', 29, 2, 8, 'nonaktif', '2020-06-22 07:51:13', '2020-06-22 07:51:13', 1, 1, 579),
(267, 'after update', 30, 2, 9, 'nonaktif', '2020-06-22 07:51:13', '2020-06-22 07:51:13', 1, 1, 580),
(268, 'after update', 31, 2, 10, 'nonaktif', '2020-06-22 07:51:13', '2020-06-22 07:51:13', 1, 1, 581),
(269, 'after update', 32, 2, 11, 'nonaktif', '2020-06-22 07:51:13', '2020-06-22 07:51:13', 1, 1, 582),
(270, 'after update', 33, 2, 12, 'nonaktif', '2020-06-22 07:51:13', '2020-06-22 07:51:13', 1, 1, 583),
(271, 'after update', 34, 2, 13, 'nonaktif', '2020-06-22 07:51:13', '2020-06-22 07:51:13', 1, 1, 584),
(272, 'after update', 35, 2, 14, 'nonaktif', '2020-06-22 07:51:13', '2020-06-22 07:51:13', 1, 1, 585),
(273, 'after update', 36, 2, 15, 'nonaktif', '2020-06-22 07:51:13', '2020-06-22 07:51:13', 1, 1, 586),
(274, 'after update', 37, 2, 16, 'nonaktif', '2020-06-22 07:51:13', '2020-06-22 07:51:13', 1, 1, 587),
(275, 'after update', 38, 2, 17, 'nonaktif', '2020-06-22 07:51:13', '2020-06-22 07:51:13', 1, 1, 588),
(276, 'after update', 39, 2, 18, 'nonaktif', '2020-06-22 07:51:13', '2020-06-22 07:51:13', 1, 1, 589),
(277, 'after update', 40, 2, 19, 'nonaktif', '2020-06-22 07:51:13', '2020-06-22 07:51:13', 1, 1, 590),
(278, 'after update', 41, 2, 20, 'nonaktif', '2020-06-22 07:51:13', '2020-06-22 07:51:13', 1, 1, 591),
(279, 'after update', 42, 2, 21, 'nonaktif', '2020-06-22 07:51:13', '2020-06-22 07:51:13', 1, 1, 592),
(280, 'after update', 86, 2, 22, 'nonaktif', '2020-06-22 12:32:52', '2020-06-22 12:32:52', 1, 1, 593),
(281, 'after update', 22, 2, 1, 'aktif', '2020-06-22 07:51:13', '2020-06-22 07:51:13', 1, 1, 594),
(282, 'after update', 24, 2, 3, 'aktif', '2020-06-22 07:51:13', '2020-06-22 07:51:13', 1, 1, 595),
(283, 'after update', 22, 2, 1, 'nonaktif', '2020-06-22 07:51:13', '2020-06-22 07:51:13', 1, 1, 614),
(284, 'after update', 23, 2, 2, 'nonaktif', '2020-06-22 07:51:13', '2020-06-22 07:51:13', 1, 1, 615),
(285, 'after update', 24, 2, 3, 'nonaktif', '2020-06-22 07:51:13', '2020-06-22 07:51:13', 1, 1, 616),
(286, 'after update', 25, 2, 4, 'nonaktif', '2020-06-22 07:51:13', '2020-06-22 07:51:13', 1, 1, 617),
(287, 'after update', 26, 2, 5, 'nonaktif', '2020-06-22 07:51:13', '2020-06-22 07:51:13', 1, 1, 618),
(288, 'after update', 27, 2, 6, 'nonaktif', '2020-06-22 07:51:13', '2020-06-22 07:51:13', 1, 1, 619),
(289, 'after update', 28, 2, 7, 'nonaktif', '2020-06-22 07:51:13', '2020-06-22 07:51:13', 1, 1, 620),
(290, 'after update', 29, 2, 8, 'nonaktif', '2020-06-22 07:51:13', '2020-06-22 07:51:13', 1, 1, 621),
(291, 'after update', 30, 2, 9, 'nonaktif', '2020-06-22 07:51:13', '2020-06-22 07:51:13', 1, 1, 622),
(292, 'after update', 31, 2, 10, 'nonaktif', '2020-06-22 07:51:13', '2020-06-22 07:51:13', 1, 1, 623),
(293, 'after update', 32, 2, 11, 'nonaktif', '2020-06-22 07:51:13', '2020-06-22 07:51:13', 1, 1, 624),
(294, 'after update', 33, 2, 12, 'nonaktif', '2020-06-22 07:51:13', '2020-06-22 07:51:13', 1, 1, 625),
(295, 'after update', 34, 2, 13, 'nonaktif', '2020-06-22 07:51:13', '2020-06-22 07:51:13', 1, 1, 626),
(296, 'after update', 35, 2, 14, 'nonaktif', '2020-06-22 07:51:13', '2020-06-22 07:51:13', 1, 1, 627),
(297, 'after update', 36, 2, 15, 'nonaktif', '2020-06-22 07:51:13', '2020-06-22 07:51:13', 1, 1, 628),
(298, 'after update', 37, 2, 16, 'nonaktif', '2020-06-22 07:51:13', '2020-06-22 07:51:13', 1, 1, 629),
(299, 'after update', 38, 2, 17, 'nonaktif', '2020-06-22 07:51:13', '2020-06-22 07:51:13', 1, 1, 630),
(300, 'after update', 39, 2, 18, 'nonaktif', '2020-06-22 07:51:13', '2020-06-22 07:51:13', 1, 1, 631),
(301, 'after update', 40, 2, 19, 'nonaktif', '2020-06-22 07:51:13', '2020-06-22 07:51:13', 1, 1, 632),
(302, 'after update', 41, 2, 20, 'nonaktif', '2020-06-22 07:51:13', '2020-06-22 07:51:13', 1, 1, 633),
(303, 'after update', 42, 2, 21, 'nonaktif', '2020-06-22 07:51:13', '2020-06-22 07:51:13', 1, 1, 634),
(304, 'after update', 86, 2, 22, 'nonaktif', '2020-06-22 12:32:52', '2020-06-22 12:32:52', 1, 1, 635),
(305, 'after update', 22, 2, 1, 'aktif', '2020-06-22 07:51:13', '2020-06-22 07:51:13', 1, 1, 636),
(306, 'after update', 24, 2, 3, 'aktif', '2020-06-22 07:51:13', '2020-06-22 07:51:13', 1, 1, 637),
(307, 'after update', 42, 2, 21, 'aktif', '2020-06-22 07:51:13', '2020-06-22 07:51:13', 1, 1, 638),
(308, 'after insert', 89, 1, 23, 'nonaktif', '2020-06-22 06:10:33', '2020-06-22 06:10:33', 1, 1, 767),
(309, 'after insert', 90, 2, 23, 'nonaktif', '2020-06-22 06:10:33', '2020-06-22 06:10:33', 1, 1, 768),
(310, 'after insert', 91, 3, 23, 'nonaktif', '2020-06-22 06:10:33', '2020-06-22 06:10:33', 1, 1, 769),
(311, 'after insert', 92, 4, 23, 'nonaktif', '2020-06-22 06:10:33', '2020-06-22 06:10:33', 1, 1, 770),
(312, 'after update', 1, 1, 1, 'nonaktif', '2020-06-21 11:28:57', '2020-06-21 11:28:57', 1, 1, 772),
(313, 'after update', 2, 1, 2, 'nonaktif', '2020-06-21 11:28:57', '2020-06-21 11:28:57', 1, 1, 773),
(314, 'after update', 3, 1, 3, 'nonaktif', '2020-06-21 11:38:11', '2020-06-21 11:38:11', 1, 1, 774),
(315, 'after update', 4, 1, 4, 'nonaktif', '2020-06-21 11:38:23', '2020-06-21 11:38:23', 1, 1, 775),
(316, 'after update', 5, 1, 5, 'nonaktif', '2020-06-21 11:38:35', '2020-06-21 11:38:35', 1, 1, 776),
(317, 'after update', 6, 1, 6, 'nonaktif', '2020-06-21 11:38:44', '2020-06-21 11:38:44', 1, 1, 777),
(318, 'after update', 7, 1, 7, 'nonaktif', '2020-06-21 11:38:54', '2020-06-21 11:38:54', 1, 1, 778),
(319, 'after update', 8, 1, 8, 'nonaktif', '2020-06-21 11:39:36', '2020-06-21 11:39:36', 1, 1, 779),
(320, 'after update', 9, 1, 9, 'nonaktif', '2020-06-21 11:40:07', '2020-06-21 11:40:07', 1, 1, 780),
(321, 'after update', 10, 1, 10, 'nonaktif', '2020-06-21 11:40:52', '2020-06-21 11:40:52', 1, 1, 781),
(322, 'after update', 11, 1, 11, 'nonaktif', '2020-06-21 11:41:04', '2020-06-21 11:41:04', 1, 1, 782),
(323, 'after update', 12, 1, 12, 'nonaktif', '2020-06-21 11:41:23', '2020-06-21 11:41:23', 1, 1, 783),
(324, 'after update', 13, 1, 13, 'nonaktif', '2020-06-21 11:41:33', '2020-06-21 11:41:33', 1, 1, 784),
(325, 'after update', 14, 1, 14, 'nonaktif', '2020-06-21 11:41:42', '2020-06-21 11:41:42', 1, 1, 785),
(326, 'after update', 15, 1, 15, 'nonaktif', '2020-06-21 11:41:58', '2020-06-21 11:41:58', 1, 1, 786),
(327, 'after update', 16, 1, 16, 'nonaktif', '2020-06-21 11:42:07', '2020-06-21 11:42:07', 1, 1, 787),
(328, 'after update', 17, 1, 17, 'nonaktif', '2020-06-21 11:42:16', '2020-06-21 11:42:16', 1, 1, 788),
(329, 'after update', 18, 1, 18, 'nonaktif', '2020-06-21 11:42:28', '2020-06-21 11:42:28', 1, 1, 789),
(330, 'after update', 19, 1, 19, 'nonaktif', '2020-06-21 11:42:37', '2020-06-21 11:42:37', 1, 1, 790),
(331, 'after update', 20, 1, 20, 'nonaktif', '2020-06-22 12:12:04', '2020-06-22 12:12:04', 1, 1, 791),
(332, 'after update', 21, 1, 21, 'nonaktif', '2020-06-22 07:50:23', '2020-06-22 07:50:23', 1, 1, 792),
(333, 'after update', 85, 1, 22, 'nonaktif', '2020-06-22 12:32:52', '2020-06-22 12:32:52', 1, 1, 793),
(334, 'after update', 89, 1, 23, 'nonaktif', '2020-06-22 06:10:33', '2020-06-22 06:10:33', 1, 1, 794),
(335, 'after update', 1, 1, 1, 'aktif', '2020-06-21 11:28:57', '2020-06-21 11:28:57', 1, 1, 795),
(336, 'after update', 2, 1, 2, 'aktif', '2020-06-21 11:28:57', '2020-06-21 11:28:57', 1, 1, 796),
(337, 'after update', 3, 1, 3, 'aktif', '2020-06-21 11:38:11', '2020-06-21 11:38:11', 1, 1, 797),
(338, 'after update', 4, 1, 4, 'aktif', '2020-06-21 11:38:23', '2020-06-21 11:38:23', 1, 1, 798),
(339, 'after update', 5, 1, 5, 'aktif', '2020-06-21 11:38:35', '2020-06-21 11:38:35', 1, 1, 799),
(340, 'after update', 6, 1, 6, 'aktif', '2020-06-21 11:38:44', '2020-06-21 11:38:44', 1, 1, 800),
(341, 'after update', 7, 1, 7, 'aktif', '2020-06-21 11:38:54', '2020-06-21 11:38:54', 1, 1, 801),
(342, 'after update', 8, 1, 8, 'aktif', '2020-06-21 11:39:36', '2020-06-21 11:39:36', 1, 1, 802),
(343, 'after update', 9, 1, 9, 'aktif', '2020-06-21 11:40:07', '2020-06-21 11:40:07', 1, 1, 803),
(344, 'after update', 10, 1, 10, 'aktif', '2020-06-21 11:40:52', '2020-06-21 11:40:52', 1, 1, 804),
(345, 'after update', 11, 1, 11, 'aktif', '2020-06-21 11:41:04', '2020-06-21 11:41:04', 1, 1, 805),
(346, 'after update', 12, 1, 12, 'aktif', '2020-06-21 11:41:23', '2020-06-21 11:41:23', 1, 1, 806),
(347, 'after update', 13, 1, 13, 'aktif', '2020-06-21 11:41:33', '2020-06-21 11:41:33', 1, 1, 807),
(348, 'after update', 14, 1, 14, 'aktif', '2020-06-21 11:41:42', '2020-06-21 11:41:42', 1, 1, 808),
(349, 'after update', 15, 1, 15, 'aktif', '2020-06-21 11:41:58', '2020-06-21 11:41:58', 1, 1, 809),
(350, 'after update', 16, 1, 16, 'aktif', '2020-06-21 11:42:07', '2020-06-21 11:42:07', 1, 1, 810),
(351, 'after update', 17, 1, 17, 'aktif', '2020-06-21 11:42:16', '2020-06-21 11:42:16', 1, 1, 811),
(352, 'after update', 18, 1, 18, 'aktif', '2020-06-21 11:42:28', '2020-06-21 11:42:28', 1, 1, 812),
(353, 'after update', 19, 1, 19, 'aktif', '2020-06-21 11:42:37', '2020-06-21 11:42:37', 1, 1, 813),
(354, 'after update', 21, 1, 21, 'aktif', '2020-06-22 07:50:23', '2020-06-22 07:50:23', 1, 1, 814),
(355, 'after update', 89, 1, 23, 'aktif', '2020-06-22 06:10:33', '2020-06-22 06:10:33', 1, 1, 815),
(356, 'after insert', 93, 1, 24, 'nonaktif', '2020-06-26 10:07:22', '2020-06-26 10:07:22', 1, 1, 1104),
(357, 'after insert', 94, 2, 24, 'nonaktif', '2020-06-26 10:07:22', '2020-06-26 10:07:22', 1, 1, 1105),
(358, 'after insert', 95, 3, 24, 'nonaktif', '2020-06-26 10:07:22', '2020-06-26 10:07:22', 1, 1, 1106),
(359, 'after insert', 96, 4, 24, 'nonaktif', '2020-06-26 10:07:22', '2020-06-26 10:07:22', 1, 1, 1107),
(360, 'after update', 1, 1, 1, 'nonaktif', '2020-06-21 11:28:57', '2020-06-21 11:28:57', 1, 1, 1109),
(361, 'after update', 2, 1, 2, 'nonaktif', '2020-06-21 11:28:57', '2020-06-21 11:28:57', 1, 1, 1110),
(362, 'after update', 3, 1, 3, 'nonaktif', '2020-06-21 11:38:11', '2020-06-21 11:38:11', 1, 1, 1111),
(363, 'after update', 4, 1, 4, 'nonaktif', '2020-06-21 11:38:23', '2020-06-21 11:38:23', 1, 1, 1112),
(364, 'after update', 5, 1, 5, 'nonaktif', '2020-06-21 11:38:35', '2020-06-21 11:38:35', 1, 1, 1113),
(365, 'after update', 6, 1, 6, 'nonaktif', '2020-06-21 11:38:44', '2020-06-21 11:38:44', 1, 1, 1114),
(366, 'after update', 7, 1, 7, 'nonaktif', '2020-06-21 11:38:54', '2020-06-21 11:38:54', 1, 1, 1115),
(367, 'after update', 8, 1, 8, 'nonaktif', '2020-06-21 11:39:36', '2020-06-21 11:39:36', 1, 1, 1116),
(368, 'after update', 9, 1, 9, 'nonaktif', '2020-06-21 11:40:07', '2020-06-21 11:40:07', 1, 1, 1117),
(369, 'after update', 10, 1, 10, 'nonaktif', '2020-06-21 11:40:52', '2020-06-21 11:40:52', 1, 1, 1118),
(370, 'after update', 11, 1, 11, 'nonaktif', '2020-06-21 11:41:04', '2020-06-21 11:41:04', 1, 1, 1119),
(371, 'after update', 12, 1, 12, 'nonaktif', '2020-06-21 11:41:23', '2020-06-21 11:41:23', 1, 1, 1120),
(372, 'after update', 13, 1, 13, 'nonaktif', '2020-06-21 11:41:33', '2020-06-21 11:41:33', 1, 1, 1121),
(373, 'after update', 14, 1, 14, 'nonaktif', '2020-06-21 11:41:42', '2020-06-21 11:41:42', 1, 1, 1122),
(374, 'after update', 15, 1, 15, 'nonaktif', '2020-06-21 11:41:58', '2020-06-21 11:41:58', 1, 1, 1123),
(375, 'after update', 16, 1, 16, 'nonaktif', '2020-06-21 11:42:07', '2020-06-21 11:42:07', 1, 1, 1124),
(376, 'after update', 17, 1, 17, 'nonaktif', '2020-06-21 11:42:16', '2020-06-21 11:42:16', 1, 1, 1125),
(377, 'after update', 18, 1, 18, 'nonaktif', '2020-06-21 11:42:28', '2020-06-21 11:42:28', 1, 1, 1126),
(378, 'after update', 19, 1, 19, 'nonaktif', '2020-06-21 11:42:37', '2020-06-21 11:42:37', 1, 1, 1127),
(379, 'after update', 20, 1, 20, 'nonaktif', '2020-06-22 12:12:04', '2020-06-22 12:12:04', 1, 1, 1128),
(380, 'after update', 21, 1, 21, 'nonaktif', '2020-06-22 07:50:23', '2020-06-22 07:50:23', 1, 1, 1129),
(381, 'after update', 85, 1, 22, 'nonaktif', '2020-06-22 12:32:52', '2020-06-22 12:32:52', 1, 1, 1130),
(382, 'after update', 89, 1, 23, 'nonaktif', '2020-06-22 06:10:33', '2020-06-22 06:10:33', 1, 1, 1131),
(383, 'after update', 93, 1, 24, 'nonaktif', '2020-06-26 10:07:22', '2020-06-26 10:07:22', 1, 1, 1132),
(384, 'after update', 1, 1, 1, 'aktif', '2020-06-21 11:28:57', '2020-06-21 11:28:57', 1, 1, 1133),
(385, 'after update', 2, 1, 2, 'aktif', '2020-06-21 11:28:57', '2020-06-21 11:28:57', 1, 1, 1134),
(386, 'after update', 3, 1, 3, 'aktif', '2020-06-21 11:38:11', '2020-06-21 11:38:11', 1, 1, 1135),
(387, 'after update', 4, 1, 4, 'aktif', '2020-06-21 11:38:23', '2020-06-21 11:38:23', 1, 1, 1136),
(388, 'after update', 5, 1, 5, 'aktif', '2020-06-21 11:38:35', '2020-06-21 11:38:35', 1, 1, 1137),
(389, 'after update', 6, 1, 6, 'aktif', '2020-06-21 11:38:44', '2020-06-21 11:38:44', 1, 1, 1138),
(390, 'after update', 7, 1, 7, 'aktif', '2020-06-21 11:38:54', '2020-06-21 11:38:54', 1, 1, 1139),
(391, 'after update', 8, 1, 8, 'aktif', '2020-06-21 11:39:36', '2020-06-21 11:39:36', 1, 1, 1140),
(392, 'after update', 9, 1, 9, 'aktif', '2020-06-21 11:40:07', '2020-06-21 11:40:07', 1, 1, 1141),
(393, 'after update', 10, 1, 10, 'aktif', '2020-06-21 11:40:52', '2020-06-21 11:40:52', 1, 1, 1142),
(394, 'after update', 11, 1, 11, 'aktif', '2020-06-21 11:41:04', '2020-06-21 11:41:04', 1, 1, 1143),
(395, 'after update', 12, 1, 12, 'aktif', '2020-06-21 11:41:23', '2020-06-21 11:41:23', 1, 1, 1144),
(396, 'after update', 13, 1, 13, 'aktif', '2020-06-21 11:41:33', '2020-06-21 11:41:33', 1, 1, 1145),
(397, 'after update', 14, 1, 14, 'aktif', '2020-06-21 11:41:42', '2020-06-21 11:41:42', 1, 1, 1146),
(398, 'after update', 15, 1, 15, 'aktif', '2020-06-21 11:41:58', '2020-06-21 11:41:58', 1, 1, 1147),
(399, 'after update', 16, 1, 16, 'aktif', '2020-06-21 11:42:07', '2020-06-21 11:42:07', 1, 1, 1148),
(400, 'after update', 17, 1, 17, 'aktif', '2020-06-21 11:42:16', '2020-06-21 11:42:16', 1, 1, 1149),
(401, 'after update', 18, 1, 18, 'aktif', '2020-06-21 11:42:28', '2020-06-21 11:42:28', 1, 1, 1150),
(402, 'after update', 19, 1, 19, 'aktif', '2020-06-21 11:42:37', '2020-06-21 11:42:37', 1, 1, 1151),
(403, 'after update', 21, 1, 21, 'aktif', '2020-06-22 07:50:23', '2020-06-22 07:50:23', 1, 1, 1152),
(404, 'after update', 89, 1, 23, 'aktif', '2020-06-22 06:10:33', '2020-06-22 06:10:33', 1, 1, 1153),
(405, 'after update', 93, 1, 24, 'aktif', '2020-06-26 10:07:22', '2020-06-26 10:07:22', 1, 1, 1154),
(406, 'after insert', 97, 1, 25, 'nonaktif', '2020-06-27 07:36:59', '2020-06-27 07:36:59', 1, 1, 1156),
(407, 'after insert', 98, 2, 25, 'nonaktif', '2020-06-27 07:36:59', '2020-06-27 07:36:59', 1, 1, 1157),
(408, 'after insert', 99, 3, 25, 'nonaktif', '2020-06-27 07:36:59', '2020-06-27 07:36:59', 1, 1, 1158),
(409, 'after insert', 100, 4, 25, 'nonaktif', '2020-06-27 07:36:59', '2020-06-27 07:36:59', 1, 1, 1159),
(410, 'after update', 1, 1, 1, 'nonaktif', '2020-06-21 11:28:57', '2020-06-21 11:28:57', 1, 1, 1161),
(411, 'after update', 2, 1, 2, 'nonaktif', '2020-06-21 11:28:57', '2020-06-21 11:28:57', 1, 1, 1162),
(412, 'after update', 3, 1, 3, 'nonaktif', '2020-06-21 11:38:11', '2020-06-21 11:38:11', 1, 1, 1163),
(413, 'after update', 4, 1, 4, 'nonaktif', '2020-06-21 11:38:23', '2020-06-21 11:38:23', 1, 1, 1164),
(414, 'after update', 5, 1, 5, 'nonaktif', '2020-06-21 11:38:35', '2020-06-21 11:38:35', 1, 1, 1165),
(415, 'after update', 6, 1, 6, 'nonaktif', '2020-06-21 11:38:44', '2020-06-21 11:38:44', 1, 1, 1166),
(416, 'after update', 7, 1, 7, 'nonaktif', '2020-06-21 11:38:54', '2020-06-21 11:38:54', 1, 1, 1167),
(417, 'after update', 8, 1, 8, 'nonaktif', '2020-06-21 11:39:36', '2020-06-21 11:39:36', 1, 1, 1168),
(418, 'after update', 9, 1, 9, 'nonaktif', '2020-06-21 11:40:07', '2020-06-21 11:40:07', 1, 1, 1169),
(419, 'after update', 10, 1, 10, 'nonaktif', '2020-06-21 11:40:52', '2020-06-21 11:40:52', 1, 1, 1170),
(420, 'after update', 11, 1, 11, 'nonaktif', '2020-06-21 11:41:04', '2020-06-21 11:41:04', 1, 1, 1171),
(421, 'after update', 12, 1, 12, 'nonaktif', '2020-06-21 11:41:23', '2020-06-21 11:41:23', 1, 1, 1172),
(422, 'after update', 13, 1, 13, 'nonaktif', '2020-06-21 11:41:33', '2020-06-21 11:41:33', 1, 1, 1173),
(423, 'after update', 14, 1, 14, 'nonaktif', '2020-06-21 11:41:42', '2020-06-21 11:41:42', 1, 1, 1174),
(424, 'after update', 15, 1, 15, 'nonaktif', '2020-06-21 11:41:58', '2020-06-21 11:41:58', 1, 1, 1175),
(425, 'after update', 16, 1, 16, 'nonaktif', '2020-06-21 11:42:07', '2020-06-21 11:42:07', 1, 1, 1176),
(426, 'after update', 17, 1, 17, 'nonaktif', '2020-06-21 11:42:16', '2020-06-21 11:42:16', 1, 1, 1177),
(427, 'after update', 18, 1, 18, 'nonaktif', '2020-06-21 11:42:28', '2020-06-21 11:42:28', 1, 1, 1178),
(428, 'after update', 19, 1, 19, 'nonaktif', '2020-06-21 11:42:37', '2020-06-21 11:42:37', 1, 1, 1179),
(429, 'after update', 20, 1, 20, 'nonaktif', '2020-06-22 12:12:04', '2020-06-22 12:12:04', 1, 1, 1180),
(430, 'after update', 21, 1, 21, 'nonaktif', '2020-06-22 07:50:23', '2020-06-22 07:50:23', 1, 1, 1181),
(431, 'after update', 85, 1, 22, 'nonaktif', '2020-06-22 12:32:52', '2020-06-22 12:32:52', 1, 1, 1182),
(432, 'after update', 89, 1, 23, 'nonaktif', '2020-06-22 06:10:33', '2020-06-22 06:10:33', 1, 1, 1183),
(433, 'after update', 93, 1, 24, 'nonaktif', '2020-06-26 10:07:22', '2020-06-26 10:07:22', 1, 1, 1184),
(434, 'after update', 97, 1, 25, 'nonaktif', '2020-06-27 07:36:59', '2020-06-27 07:36:59', 1, 1, 1185),
(435, 'after update', 1, 1, 1, 'aktif', '2020-06-21 11:28:57', '2020-06-21 11:28:57', 1, 1, 1186),
(436, 'after update', 2, 1, 2, 'aktif', '2020-06-21 11:28:57', '2020-06-21 11:28:57', 1, 1, 1187),
(437, 'after update', 3, 1, 3, 'aktif', '2020-06-21 11:38:11', '2020-06-21 11:38:11', 1, 1, 1188),
(438, 'after update', 4, 1, 4, 'aktif', '2020-06-21 11:38:23', '2020-06-21 11:38:23', 1, 1, 1189),
(439, 'after update', 5, 1, 5, 'aktif', '2020-06-21 11:38:35', '2020-06-21 11:38:35', 1, 1, 1190),
(440, 'after update', 6, 1, 6, 'aktif', '2020-06-21 11:38:44', '2020-06-21 11:38:44', 1, 1, 1191),
(441, 'after update', 7, 1, 7, 'aktif', '2020-06-21 11:38:54', '2020-06-21 11:38:54', 1, 1, 1192),
(442, 'after update', 8, 1, 8, 'aktif', '2020-06-21 11:39:36', '2020-06-21 11:39:36', 1, 1, 1193),
(443, 'after update', 9, 1, 9, 'aktif', '2020-06-21 11:40:07', '2020-06-21 11:40:07', 1, 1, 1194),
(444, 'after update', 10, 1, 10, 'aktif', '2020-06-21 11:40:52', '2020-06-21 11:40:52', 1, 1, 1195),
(445, 'after update', 11, 1, 11, 'aktif', '2020-06-21 11:41:04', '2020-06-21 11:41:04', 1, 1, 1196),
(446, 'after update', 12, 1, 12, 'aktif', '2020-06-21 11:41:23', '2020-06-21 11:41:23', 1, 1, 1197),
(447, 'after update', 13, 1, 13, 'aktif', '2020-06-21 11:41:33', '2020-06-21 11:41:33', 1, 1, 1198),
(448, 'after update', 14, 1, 14, 'aktif', '2020-06-21 11:41:42', '2020-06-21 11:41:42', 1, 1, 1199),
(449, 'after update', 15, 1, 15, 'aktif', '2020-06-21 11:41:58', '2020-06-21 11:41:58', 1, 1, 1200),
(450, 'after update', 16, 1, 16, 'aktif', '2020-06-21 11:42:07', '2020-06-21 11:42:07', 1, 1, 1201),
(451, 'after update', 17, 1, 17, 'aktif', '2020-06-21 11:42:16', '2020-06-21 11:42:16', 1, 1, 1202),
(452, 'after update', 18, 1, 18, 'aktif', '2020-06-21 11:42:28', '2020-06-21 11:42:28', 1, 1, 1203),
(453, 'after update', 19, 1, 19, 'aktif', '2020-06-21 11:42:37', '2020-06-21 11:42:37', 1, 1, 1204),
(454, 'after update', 21, 1, 21, 'aktif', '2020-06-22 07:50:23', '2020-06-22 07:50:23', 1, 1, 1205),
(455, 'after update', 89, 1, 23, 'aktif', '2020-06-22 06:10:33', '2020-06-22 06:10:33', 1, 1, 1206),
(456, 'after update', 93, 1, 24, 'aktif', '2020-06-26 10:07:22', '2020-06-26 10:07:22', 1, 1, 1207),
(457, 'after update', 97, 1, 25, 'aktif', '2020-06-27 07:36:59', '2020-06-27 07:36:59', 1, 1, 1208),
(458, 'after insert', 101, 1, 26, 'nonaktif', '2020-06-30 09:26:26', '2020-06-30 09:26:26', 1, 1, 1416),
(459, 'after insert', 102, 2, 26, 'nonaktif', '2020-06-30 09:26:26', '2020-06-30 09:26:26', 1, 1, 1417),
(460, 'after insert', 103, 3, 26, 'nonaktif', '2020-06-30 09:26:26', '2020-06-30 09:26:26', 1, 1, 1418),
(461, 'after insert', 104, 4, 26, 'nonaktif', '2020-06-30 09:26:26', '2020-06-30 09:26:26', 1, 1, 1419),
(462, 'after update', 1, 1, 1, 'nonaktif', '2020-06-21 11:28:57', '2020-06-21 11:28:57', 1, 1, 1421),
(463, 'after update', 2, 1, 2, 'nonaktif', '2020-06-21 11:28:57', '2020-06-21 11:28:57', 1, 1, 1422),
(464, 'after update', 3, 1, 3, 'nonaktif', '2020-06-21 11:38:11', '2020-06-21 11:38:11', 1, 1, 1423),
(465, 'after update', 4, 1, 4, 'nonaktif', '2020-06-21 11:38:23', '2020-06-21 11:38:23', 1, 1, 1424),
(466, 'after update', 5, 1, 5, 'nonaktif', '2020-06-21 11:38:35', '2020-06-21 11:38:35', 1, 1, 1425),
(467, 'after update', 6, 1, 6, 'nonaktif', '2020-06-21 11:38:44', '2020-06-21 11:38:44', 1, 1, 1426),
(468, 'after update', 7, 1, 7, 'nonaktif', '2020-06-21 11:38:54', '2020-06-21 11:38:54', 1, 1, 1427),
(469, 'after update', 8, 1, 8, 'nonaktif', '2020-06-21 11:39:36', '2020-06-21 11:39:36', 1, 1, 1428),
(470, 'after update', 9, 1, 9, 'nonaktif', '2020-06-21 11:40:07', '2020-06-21 11:40:07', 1, 1, 1429),
(471, 'after update', 10, 1, 10, 'nonaktif', '2020-06-21 11:40:52', '2020-06-21 11:40:52', 1, 1, 1430),
(472, 'after update', 11, 1, 11, 'nonaktif', '2020-06-21 11:41:04', '2020-06-21 11:41:04', 1, 1, 1431),
(473, 'after update', 12, 1, 12, 'nonaktif', '2020-06-21 11:41:23', '2020-06-21 11:41:23', 1, 1, 1432),
(474, 'after update', 13, 1, 13, 'nonaktif', '2020-06-21 11:41:33', '2020-06-21 11:41:33', 1, 1, 1433),
(475, 'after update', 14, 1, 14, 'nonaktif', '2020-06-21 11:41:42', '2020-06-21 11:41:42', 1, 1, 1434),
(476, 'after update', 15, 1, 15, 'nonaktif', '2020-06-21 11:41:58', '2020-06-21 11:41:58', 1, 1, 1435),
(477, 'after update', 16, 1, 16, 'nonaktif', '2020-06-21 11:42:07', '2020-06-21 11:42:07', 1, 1, 1436),
(478, 'after update', 17, 1, 17, 'nonaktif', '2020-06-21 11:42:16', '2020-06-21 11:42:16', 1, 1, 1437),
(479, 'after update', 18, 1, 18, 'nonaktif', '2020-06-21 11:42:28', '2020-06-21 11:42:28', 1, 1, 1438),
(480, 'after update', 19, 1, 19, 'nonaktif', '2020-06-21 11:42:37', '2020-06-21 11:42:37', 1, 1, 1439),
(481, 'after update', 20, 1, 20, 'nonaktif', '2020-06-22 12:12:04', '2020-06-22 12:12:04', 1, 1, 1440),
(482, 'after update', 21, 1, 21, 'nonaktif', '2020-06-22 07:50:23', '2020-06-22 07:50:23', 1, 1, 1441),
(483, 'after update', 85, 1, 22, 'nonaktif', '2020-06-22 12:32:52', '2020-06-22 12:32:52', 1, 1, 1442),
(484, 'after update', 89, 1, 23, 'nonaktif', '2020-06-22 06:10:33', '2020-06-22 06:10:33', 1, 1, 1443),
(485, 'after update', 93, 1, 24, 'nonaktif', '2020-06-26 10:07:22', '2020-06-26 10:07:22', 1, 1, 1444),
(486, 'after update', 97, 1, 25, 'nonaktif', '2020-06-27 07:36:59', '2020-06-27 07:36:59', 1, 1, 1445),
(487, 'after update', 101, 1, 26, 'nonaktif', '2020-06-30 09:26:26', '2020-06-30 09:26:26', 1, 1, 1446),
(488, 'after update', 1, 1, 1, 'aktif', '2020-06-21 11:28:57', '2020-06-21 11:28:57', 1, 1, 1447),
(489, 'after update', 2, 1, 2, 'aktif', '2020-06-21 11:28:57', '2020-06-21 11:28:57', 1, 1, 1448),
(490, 'after update', 3, 1, 3, 'aktif', '2020-06-21 11:38:11', '2020-06-21 11:38:11', 1, 1, 1449),
(491, 'after update', 4, 1, 4, 'aktif', '2020-06-21 11:38:23', '2020-06-21 11:38:23', 1, 1, 1450),
(492, 'after update', 5, 1, 5, 'aktif', '2020-06-21 11:38:35', '2020-06-21 11:38:35', 1, 1, 1451),
(493, 'after update', 6, 1, 6, 'aktif', '2020-06-21 11:38:44', '2020-06-21 11:38:44', 1, 1, 1452),
(494, 'after update', 7, 1, 7, 'aktif', '2020-06-21 11:38:54', '2020-06-21 11:38:54', 1, 1, 1453),
(495, 'after update', 8, 1, 8, 'aktif', '2020-06-21 11:39:36', '2020-06-21 11:39:36', 1, 1, 1454),
(496, 'after update', 9, 1, 9, 'aktif', '2020-06-21 11:40:07', '2020-06-21 11:40:07', 1, 1, 1455),
(497, 'after update', 10, 1, 10, 'aktif', '2020-06-21 11:40:52', '2020-06-21 11:40:52', 1, 1, 1456),
(498, 'after update', 11, 1, 11, 'aktif', '2020-06-21 11:41:04', '2020-06-21 11:41:04', 1, 1, 1457),
(499, 'after update', 12, 1, 12, 'aktif', '2020-06-21 11:41:23', '2020-06-21 11:41:23', 1, 1, 1458),
(500, 'after update', 13, 1, 13, 'aktif', '2020-06-21 11:41:33', '2020-06-21 11:41:33', 1, 1, 1459),
(501, 'after update', 14, 1, 14, 'aktif', '2020-06-21 11:41:42', '2020-06-21 11:41:42', 1, 1, 1460);
INSERT INTO `tbl_hak_akses_log` (`id_pk_hak_akses_log`, `executed_function`, `id_pk_hak_akses`, `id_fk_jabatan`, `id_fk_menu`, `hak_akses_status`, `hak_akses_create_date`, `hak_akses_last_modified`, `id_create_data`, `id_last_modified`, `id_log_all`) VALUES
(502, 'after update', 15, 1, 15, 'aktif', '2020-06-21 11:41:58', '2020-06-21 11:41:58', 1, 1, 1461),
(503, 'after update', 16, 1, 16, 'aktif', '2020-06-21 11:42:07', '2020-06-21 11:42:07', 1, 1, 1462),
(504, 'after update', 17, 1, 17, 'aktif', '2020-06-21 11:42:16', '2020-06-21 11:42:16', 1, 1, 1463),
(505, 'after update', 18, 1, 18, 'aktif', '2020-06-21 11:42:28', '2020-06-21 11:42:28', 1, 1, 1464),
(506, 'after update', 19, 1, 19, 'aktif', '2020-06-21 11:42:37', '2020-06-21 11:42:37', 1, 1, 1465),
(507, 'after update', 21, 1, 21, 'aktif', '2020-06-22 07:50:23', '2020-06-22 07:50:23', 1, 1, 1466),
(508, 'after update', 89, 1, 23, 'aktif', '2020-06-22 06:10:33', '2020-06-22 06:10:33', 1, 1, 1467),
(509, 'after update', 93, 1, 24, 'aktif', '2020-06-26 10:07:22', '2020-06-26 10:07:22', 1, 1, 1468),
(510, 'after update', 97, 1, 25, 'aktif', '2020-06-27 07:36:59', '2020-06-27 07:36:59', 1, 1, 1469),
(511, 'after update', 101, 1, 26, 'aktif', '2020-06-30 09:26:26', '2020-06-30 09:26:26', 1, 1, 1470),
(512, 'after insert', 105, 1, 27, 'nonaktif', '2020-07-02 11:03:30', '2020-07-02 11:03:30', 1, 1, 1638),
(513, 'after insert', 106, 2, 27, 'nonaktif', '2020-07-02 11:03:30', '2020-07-02 11:03:30', 1, 1, 1639),
(514, 'after insert', 107, 3, 27, 'nonaktif', '2020-07-02 11:03:30', '2020-07-02 11:03:30', 1, 1, 1640),
(515, 'after insert', 108, 4, 27, 'nonaktif', '2020-07-02 11:03:30', '2020-07-02 11:03:30', 1, 1, 1641),
(516, 'after update', 1, 1, 1, 'nonaktif', '2020-06-21 11:28:57', '2020-06-21 11:28:57', 1, 1, 1643),
(517, 'after update', 2, 1, 2, 'nonaktif', '2020-06-21 11:28:57', '2020-06-21 11:28:57', 1, 1, 1644),
(518, 'after update', 3, 1, 3, 'nonaktif', '2020-06-21 11:38:11', '2020-06-21 11:38:11', 1, 1, 1645),
(519, 'after update', 4, 1, 4, 'nonaktif', '2020-06-21 11:38:23', '2020-06-21 11:38:23', 1, 1, 1646),
(520, 'after update', 5, 1, 5, 'nonaktif', '2020-06-21 11:38:35', '2020-06-21 11:38:35', 1, 1, 1647),
(521, 'after update', 6, 1, 6, 'nonaktif', '2020-06-21 11:38:44', '2020-06-21 11:38:44', 1, 1, 1648),
(522, 'after update', 7, 1, 7, 'nonaktif', '2020-06-21 11:38:54', '2020-06-21 11:38:54', 1, 1, 1649),
(523, 'after update', 8, 1, 8, 'nonaktif', '2020-06-21 11:39:36', '2020-06-21 11:39:36', 1, 1, 1650),
(524, 'after update', 9, 1, 9, 'nonaktif', '2020-06-21 11:40:07', '2020-06-21 11:40:07', 1, 1, 1651),
(525, 'after update', 10, 1, 10, 'nonaktif', '2020-06-21 11:40:52', '2020-06-21 11:40:52', 1, 1, 1652),
(526, 'after update', 11, 1, 11, 'nonaktif', '2020-06-21 11:41:04', '2020-06-21 11:41:04', 1, 1, 1653),
(527, 'after update', 12, 1, 12, 'nonaktif', '2020-06-21 11:41:23', '2020-06-21 11:41:23', 1, 1, 1654),
(528, 'after update', 13, 1, 13, 'nonaktif', '2020-06-21 11:41:33', '2020-06-21 11:41:33', 1, 1, 1655),
(529, 'after update', 14, 1, 14, 'nonaktif', '2020-06-21 11:41:42', '2020-06-21 11:41:42', 1, 1, 1656),
(530, 'after update', 15, 1, 15, 'nonaktif', '2020-06-21 11:41:58', '2020-06-21 11:41:58', 1, 1, 1657),
(531, 'after update', 16, 1, 16, 'nonaktif', '2020-06-21 11:42:07', '2020-06-21 11:42:07', 1, 1, 1658),
(532, 'after update', 17, 1, 17, 'nonaktif', '2020-06-21 11:42:16', '2020-06-21 11:42:16', 1, 1, 1659),
(533, 'after update', 18, 1, 18, 'nonaktif', '2020-06-21 11:42:28', '2020-06-21 11:42:28', 1, 1, 1660),
(534, 'after update', 19, 1, 19, 'nonaktif', '2020-06-21 11:42:37', '2020-06-21 11:42:37', 1, 1, 1661),
(535, 'after update', 20, 1, 20, 'nonaktif', '2020-06-22 12:12:04', '2020-06-22 12:12:04', 1, 1, 1662),
(536, 'after update', 21, 1, 21, 'nonaktif', '2020-06-22 07:50:23', '2020-06-22 07:50:23', 1, 1, 1663),
(537, 'after update', 85, 1, 22, 'nonaktif', '2020-06-22 12:32:52', '2020-06-22 12:32:52', 1, 1, 1664),
(538, 'after update', 89, 1, 23, 'nonaktif', '2020-06-22 06:10:33', '2020-06-22 06:10:33', 1, 1, 1665),
(539, 'after update', 93, 1, 24, 'nonaktif', '2020-06-26 10:07:22', '2020-06-26 10:07:22', 1, 1, 1666),
(540, 'after update', 97, 1, 25, 'nonaktif', '2020-06-27 07:36:59', '2020-06-27 07:36:59', 1, 1, 1667),
(541, 'after update', 101, 1, 26, 'nonaktif', '2020-06-30 09:26:26', '2020-06-30 09:26:26', 1, 1, 1668),
(542, 'after update', 105, 1, 27, 'nonaktif', '2020-07-02 11:03:30', '2020-07-02 11:03:30', 1, 1, 1669),
(543, 'after update', 1, 1, 1, 'aktif', '2020-06-21 11:28:57', '2020-06-21 11:28:57', 1, 1, 1670),
(544, 'after update', 2, 1, 2, 'aktif', '2020-06-21 11:28:57', '2020-06-21 11:28:57', 1, 1, 1671),
(545, 'after update', 3, 1, 3, 'aktif', '2020-06-21 11:38:11', '2020-06-21 11:38:11', 1, 1, 1672),
(546, 'after update', 4, 1, 4, 'aktif', '2020-06-21 11:38:23', '2020-06-21 11:38:23', 1, 1, 1673),
(547, 'after update', 5, 1, 5, 'aktif', '2020-06-21 11:38:35', '2020-06-21 11:38:35', 1, 1, 1674),
(548, 'after update', 6, 1, 6, 'aktif', '2020-06-21 11:38:44', '2020-06-21 11:38:44', 1, 1, 1675),
(549, 'after update', 7, 1, 7, 'aktif', '2020-06-21 11:38:54', '2020-06-21 11:38:54', 1, 1, 1676),
(550, 'after update', 8, 1, 8, 'aktif', '2020-06-21 11:39:36', '2020-06-21 11:39:36', 1, 1, 1677),
(551, 'after update', 9, 1, 9, 'aktif', '2020-06-21 11:40:07', '2020-06-21 11:40:07', 1, 1, 1678),
(552, 'after update', 10, 1, 10, 'aktif', '2020-06-21 11:40:52', '2020-06-21 11:40:52', 1, 1, 1679),
(553, 'after update', 11, 1, 11, 'aktif', '2020-06-21 11:41:04', '2020-06-21 11:41:04', 1, 1, 1680),
(554, 'after update', 12, 1, 12, 'aktif', '2020-06-21 11:41:23', '2020-06-21 11:41:23', 1, 1, 1681),
(555, 'after update', 13, 1, 13, 'aktif', '2020-06-21 11:41:33', '2020-06-21 11:41:33', 1, 1, 1682),
(556, 'after update', 14, 1, 14, 'aktif', '2020-06-21 11:41:42', '2020-06-21 11:41:42', 1, 1, 1683),
(557, 'after update', 15, 1, 15, 'aktif', '2020-06-21 11:41:58', '2020-06-21 11:41:58', 1, 1, 1684),
(558, 'after update', 16, 1, 16, 'aktif', '2020-06-21 11:42:07', '2020-06-21 11:42:07', 1, 1, 1685),
(559, 'after update', 17, 1, 17, 'aktif', '2020-06-21 11:42:16', '2020-06-21 11:42:16', 1, 1, 1686),
(560, 'after update', 18, 1, 18, 'aktif', '2020-06-21 11:42:28', '2020-06-21 11:42:28', 1, 1, 1687),
(561, 'after update', 19, 1, 19, 'aktif', '2020-06-21 11:42:37', '2020-06-21 11:42:37', 1, 1, 1688),
(562, 'after update', 21, 1, 21, 'aktif', '2020-06-22 07:50:23', '2020-06-22 07:50:23', 1, 1, 1689),
(563, 'after update', 89, 1, 23, 'aktif', '2020-06-22 06:10:33', '2020-06-22 06:10:33', 1, 1, 1690),
(564, 'after update', 93, 1, 24, 'aktif', '2020-06-26 10:07:22', '2020-06-26 10:07:22', 1, 1, 1691),
(565, 'after update', 97, 1, 25, 'aktif', '2020-06-27 07:36:59', '2020-06-27 07:36:59', 1, 1, 1692),
(566, 'after update', 101, 1, 26, 'aktif', '2020-06-30 09:26:26', '2020-06-30 09:26:26', 1, 1, 1693),
(567, 'after update', 105, 1, 27, 'aktif', '2020-07-02 11:03:30', '2020-07-02 11:03:30', 1, 1, 1694),
(568, 'after insert', 109, 1, 28, 'nonaktif', '2020-07-06 08:49:56', '2020-07-06 08:49:56', 1, 1, 2060),
(569, 'after insert', 110, 2, 28, 'nonaktif', '2020-07-06 08:49:56', '2020-07-06 08:49:56', 1, 1, 2061),
(570, 'after insert', 111, 3, 28, 'nonaktif', '2020-07-06 08:49:56', '2020-07-06 08:49:56', 1, 1, 2062),
(571, 'after insert', 112, 4, 28, 'nonaktif', '2020-07-06 08:49:56', '2020-07-06 08:49:56', 1, 1, 2063),
(572, 'after update', 1, 1, 1, 'nonaktif', '2020-06-21 11:28:57', '2020-06-21 11:28:57', 1, 1, 2066),
(573, 'after update', 2, 1, 2, 'nonaktif', '2020-06-21 11:28:57', '2020-06-21 11:28:57', 1, 1, 2067),
(574, 'after update', 3, 1, 3, 'nonaktif', '2020-06-21 11:38:11', '2020-06-21 11:38:11', 1, 1, 2068),
(575, 'after update', 4, 1, 4, 'nonaktif', '2020-06-21 11:38:23', '2020-06-21 11:38:23', 1, 1, 2069),
(576, 'after update', 5, 1, 5, 'nonaktif', '2020-06-21 11:38:35', '2020-06-21 11:38:35', 1, 1, 2070),
(577, 'after update', 6, 1, 6, 'nonaktif', '2020-06-21 11:38:44', '2020-06-21 11:38:44', 1, 1, 2071),
(578, 'after update', 7, 1, 7, 'nonaktif', '2020-06-21 11:38:54', '2020-06-21 11:38:54', 1, 1, 2072),
(579, 'after update', 8, 1, 8, 'nonaktif', '2020-06-21 11:39:36', '2020-06-21 11:39:36', 1, 1, 2073),
(580, 'after update', 9, 1, 9, 'nonaktif', '2020-06-21 11:40:07', '2020-06-21 11:40:07', 1, 1, 2074),
(581, 'after update', 10, 1, 10, 'nonaktif', '2020-06-21 11:40:52', '2020-06-21 11:40:52', 1, 1, 2075),
(582, 'after update', 11, 1, 11, 'nonaktif', '2020-06-21 11:41:04', '2020-06-21 11:41:04', 1, 1, 2076),
(583, 'after update', 12, 1, 12, 'nonaktif', '2020-06-21 11:41:23', '2020-06-21 11:41:23', 1, 1, 2077),
(584, 'after update', 13, 1, 13, 'nonaktif', '2020-06-21 11:41:33', '2020-06-21 11:41:33', 1, 1, 2078),
(585, 'after update', 14, 1, 14, 'nonaktif', '2020-06-21 11:41:42', '2020-06-21 11:41:42', 1, 1, 2079),
(586, 'after update', 15, 1, 15, 'nonaktif', '2020-06-21 11:41:58', '2020-06-21 11:41:58', 1, 1, 2080),
(587, 'after update', 16, 1, 16, 'nonaktif', '2020-06-21 11:42:07', '2020-06-21 11:42:07', 1, 1, 2081),
(588, 'after update', 17, 1, 17, 'nonaktif', '2020-06-21 11:42:16', '2020-06-21 11:42:16', 1, 1, 2082),
(589, 'after update', 18, 1, 18, 'nonaktif', '2020-06-21 11:42:28', '2020-06-21 11:42:28', 1, 1, 2083),
(590, 'after update', 19, 1, 19, 'nonaktif', '2020-06-21 11:42:37', '2020-06-21 11:42:37', 1, 1, 2084),
(591, 'after update', 20, 1, 20, 'nonaktif', '2020-06-22 12:12:04', '2020-06-22 12:12:04', 1, 1, 2085),
(592, 'after update', 21, 1, 21, 'nonaktif', '2020-06-22 07:50:23', '2020-06-22 07:50:23', 1, 1, 2086),
(593, 'after update', 85, 1, 22, 'nonaktif', '2020-06-22 12:32:52', '2020-06-22 12:32:52', 1, 1, 2087),
(594, 'after update', 89, 1, 23, 'nonaktif', '2020-06-22 06:10:33', '2020-06-22 06:10:33', 1, 1, 2088),
(595, 'after update', 93, 1, 24, 'nonaktif', '2020-06-26 10:07:22', '2020-06-26 10:07:22', 1, 1, 2089),
(596, 'after update', 97, 1, 25, 'nonaktif', '2020-06-27 07:36:59', '2020-06-27 07:36:59', 1, 1, 2090),
(597, 'after update', 101, 1, 26, 'nonaktif', '2020-06-30 09:26:26', '2020-06-30 09:26:26', 1, 1, 2091),
(598, 'after update', 105, 1, 27, 'nonaktif', '2020-07-02 11:03:30', '2020-07-02 11:03:30', 1, 1, 2092),
(599, 'after update', 109, 1, 28, 'nonaktif', '2020-07-06 08:49:56', '2020-07-06 08:49:56', 1, 1, 2093),
(600, 'after update', 1, 1, 1, 'aktif', '2020-06-21 11:28:57', '2020-06-21 11:28:57', 1, 1, 2094),
(601, 'after update', 2, 1, 2, 'aktif', '2020-06-21 11:28:57', '2020-06-21 11:28:57', 1, 1, 2095),
(602, 'after update', 3, 1, 3, 'aktif', '2020-06-21 11:38:11', '2020-06-21 11:38:11', 1, 1, 2096),
(603, 'after update', 4, 1, 4, 'aktif', '2020-06-21 11:38:23', '2020-06-21 11:38:23', 1, 1, 2097),
(604, 'after update', 5, 1, 5, 'aktif', '2020-06-21 11:38:35', '2020-06-21 11:38:35', 1, 1, 2098),
(605, 'after update', 6, 1, 6, 'aktif', '2020-06-21 11:38:44', '2020-06-21 11:38:44', 1, 1, 2099),
(606, 'after update', 7, 1, 7, 'aktif', '2020-06-21 11:38:54', '2020-06-21 11:38:54', 1, 1, 2100),
(607, 'after update', 8, 1, 8, 'aktif', '2020-06-21 11:39:36', '2020-06-21 11:39:36', 1, 1, 2101),
(608, 'after update', 9, 1, 9, 'aktif', '2020-06-21 11:40:07', '2020-06-21 11:40:07', 1, 1, 2102),
(609, 'after update', 10, 1, 10, 'aktif', '2020-06-21 11:40:52', '2020-06-21 11:40:52', 1, 1, 2103),
(610, 'after update', 11, 1, 11, 'aktif', '2020-06-21 11:41:04', '2020-06-21 11:41:04', 1, 1, 2104),
(611, 'after update', 12, 1, 12, 'aktif', '2020-06-21 11:41:23', '2020-06-21 11:41:23', 1, 1, 2105),
(612, 'after update', 13, 1, 13, 'aktif', '2020-06-21 11:41:33', '2020-06-21 11:41:33', 1, 1, 2106),
(613, 'after update', 14, 1, 14, 'aktif', '2020-06-21 11:41:42', '2020-06-21 11:41:42', 1, 1, 2107),
(614, 'after update', 15, 1, 15, 'aktif', '2020-06-21 11:41:58', '2020-06-21 11:41:58', 1, 1, 2108),
(615, 'after update', 16, 1, 16, 'aktif', '2020-06-21 11:42:07', '2020-06-21 11:42:07', 1, 1, 2109),
(616, 'after update', 17, 1, 17, 'aktif', '2020-06-21 11:42:16', '2020-06-21 11:42:16', 1, 1, 2110),
(617, 'after update', 18, 1, 18, 'aktif', '2020-06-21 11:42:28', '2020-06-21 11:42:28', 1, 1, 2111),
(618, 'after update', 19, 1, 19, 'aktif', '2020-06-21 11:42:37', '2020-06-21 11:42:37', 1, 1, 2112),
(619, 'after update', 21, 1, 21, 'aktif', '2020-06-22 07:50:23', '2020-06-22 07:50:23', 1, 1, 2113),
(620, 'after update', 89, 1, 23, 'aktif', '2020-06-22 06:10:33', '2020-06-22 06:10:33', 1, 1, 2114),
(621, 'after update', 93, 1, 24, 'aktif', '2020-06-26 10:07:22', '2020-06-26 10:07:22', 1, 1, 2115),
(622, 'after update', 97, 1, 25, 'aktif', '2020-06-27 07:36:59', '2020-06-27 07:36:59', 1, 1, 2116),
(623, 'after update', 101, 1, 26, 'aktif', '2020-06-30 09:26:26', '2020-06-30 09:26:26', 1, 1, 2117),
(624, 'after update', 105, 1, 27, 'aktif', '2020-07-02 11:03:30', '2020-07-02 11:03:30', 1, 1, 2118),
(625, 'after update', 109, 1, 28, 'aktif', '2020-07-06 08:49:56', '2020-07-06 08:49:56', 1, 1, 2119),
(626, 'after update', 1, 1, 1, 'nonaktif', '2020-06-21 11:28:57', '2020-06-21 11:28:57', 1, 1, 2121),
(627, 'after update', 2, 1, 2, 'nonaktif', '2020-06-21 11:28:57', '2020-06-21 11:28:57', 1, 1, 2122),
(628, 'after update', 3, 1, 3, 'nonaktif', '2020-06-21 11:38:11', '2020-06-21 11:38:11', 1, 1, 2123),
(629, 'after update', 4, 1, 4, 'nonaktif', '2020-06-21 11:38:23', '2020-06-21 11:38:23', 1, 1, 2124),
(630, 'after update', 5, 1, 5, 'nonaktif', '2020-06-21 11:38:35', '2020-06-21 11:38:35', 1, 1, 2125),
(631, 'after update', 6, 1, 6, 'nonaktif', '2020-06-21 11:38:44', '2020-06-21 11:38:44', 1, 1, 2126),
(632, 'after update', 7, 1, 7, 'nonaktif', '2020-06-21 11:38:54', '2020-06-21 11:38:54', 1, 1, 2127),
(633, 'after update', 8, 1, 8, 'nonaktif', '2020-06-21 11:39:36', '2020-06-21 11:39:36', 1, 1, 2128),
(634, 'after update', 9, 1, 9, 'nonaktif', '2020-06-21 11:40:07', '2020-06-21 11:40:07', 1, 1, 2129),
(635, 'after update', 10, 1, 10, 'nonaktif', '2020-06-21 11:40:52', '2020-06-21 11:40:52', 1, 1, 2130),
(636, 'after update', 11, 1, 11, 'nonaktif', '2020-06-21 11:41:04', '2020-06-21 11:41:04', 1, 1, 2131),
(637, 'after update', 12, 1, 12, 'nonaktif', '2020-06-21 11:41:23', '2020-06-21 11:41:23', 1, 1, 2132),
(638, 'after update', 13, 1, 13, 'nonaktif', '2020-06-21 11:41:33', '2020-06-21 11:41:33', 1, 1, 2133),
(639, 'after update', 14, 1, 14, 'nonaktif', '2020-06-21 11:41:42', '2020-06-21 11:41:42', 1, 1, 2134),
(640, 'after update', 15, 1, 15, 'nonaktif', '2020-06-21 11:41:58', '2020-06-21 11:41:58', 1, 1, 2135),
(641, 'after update', 16, 1, 16, 'nonaktif', '2020-06-21 11:42:07', '2020-06-21 11:42:07', 1, 1, 2136),
(642, 'after update', 17, 1, 17, 'nonaktif', '2020-06-21 11:42:16', '2020-06-21 11:42:16', 1, 1, 2137),
(643, 'after update', 18, 1, 18, 'nonaktif', '2020-06-21 11:42:28', '2020-06-21 11:42:28', 1, 1, 2138),
(644, 'after update', 19, 1, 19, 'nonaktif', '2020-06-21 11:42:37', '2020-06-21 11:42:37', 1, 1, 2139),
(645, 'after update', 20, 1, 20, 'nonaktif', '2020-06-22 12:12:04', '2020-06-22 12:12:04', 1, 1, 2140),
(646, 'after update', 21, 1, 21, 'nonaktif', '2020-06-22 07:50:23', '2020-06-22 07:50:23', 1, 1, 2141),
(647, 'after update', 85, 1, 22, 'nonaktif', '2020-06-22 12:32:52', '2020-06-22 12:32:52', 1, 1, 2142),
(648, 'after update', 89, 1, 23, 'nonaktif', '2020-06-22 06:10:33', '2020-06-22 06:10:33', 1, 1, 2143),
(649, 'after update', 93, 1, 24, 'nonaktif', '2020-06-26 10:07:22', '2020-06-26 10:07:22', 1, 1, 2144),
(650, 'after update', 97, 1, 25, 'nonaktif', '2020-06-27 07:36:59', '2020-06-27 07:36:59', 1, 1, 2145),
(651, 'after update', 101, 1, 26, 'nonaktif', '2020-06-30 09:26:26', '2020-06-30 09:26:26', 1, 1, 2146),
(652, 'after update', 105, 1, 27, 'nonaktif', '2020-07-02 11:03:30', '2020-07-02 11:03:30', 1, 1, 2147),
(653, 'after update', 109, 1, 28, 'nonaktif', '2020-07-06 08:49:56', '2020-07-06 08:49:56', 1, 1, 2148),
(654, 'after update', 1, 1, 1, 'aktif', '2020-06-21 11:28:57', '2020-06-21 11:28:57', 1, 1, 2149),
(655, 'after update', 2, 1, 2, 'aktif', '2020-06-21 11:28:57', '2020-06-21 11:28:57', 1, 1, 2150),
(656, 'after update', 3, 1, 3, 'aktif', '2020-06-21 11:38:11', '2020-06-21 11:38:11', 1, 1, 2151),
(657, 'after update', 4, 1, 4, 'aktif', '2020-06-21 11:38:23', '2020-06-21 11:38:23', 1, 1, 2152),
(658, 'after update', 5, 1, 5, 'aktif', '2020-06-21 11:38:35', '2020-06-21 11:38:35', 1, 1, 2153),
(659, 'after update', 6, 1, 6, 'aktif', '2020-06-21 11:38:44', '2020-06-21 11:38:44', 1, 1, 2154),
(660, 'after update', 7, 1, 7, 'aktif', '2020-06-21 11:38:54', '2020-06-21 11:38:54', 1, 1, 2155),
(661, 'after update', 8, 1, 8, 'aktif', '2020-06-21 11:39:36', '2020-06-21 11:39:36', 1, 1, 2156),
(662, 'after update', 9, 1, 9, 'aktif', '2020-06-21 11:40:07', '2020-06-21 11:40:07', 1, 1, 2157),
(663, 'after update', 10, 1, 10, 'aktif', '2020-06-21 11:40:52', '2020-06-21 11:40:52', 1, 1, 2158),
(664, 'after update', 11, 1, 11, 'aktif', '2020-06-21 11:41:04', '2020-06-21 11:41:04', 1, 1, 2159),
(665, 'after update', 12, 1, 12, 'aktif', '2020-06-21 11:41:23', '2020-06-21 11:41:23', 1, 1, 2160),
(666, 'after update', 13, 1, 13, 'aktif', '2020-06-21 11:41:33', '2020-06-21 11:41:33', 1, 1, 2161),
(667, 'after update', 14, 1, 14, 'aktif', '2020-06-21 11:41:42', '2020-06-21 11:41:42', 1, 1, 2162),
(668, 'after update', 15, 1, 15, 'aktif', '2020-06-21 11:41:58', '2020-06-21 11:41:58', 1, 1, 2163),
(669, 'after update', 16, 1, 16, 'aktif', '2020-06-21 11:42:07', '2020-06-21 11:42:07', 1, 1, 2164),
(670, 'after update', 17, 1, 17, 'aktif', '2020-06-21 11:42:16', '2020-06-21 11:42:16', 1, 1, 2165),
(671, 'after update', 18, 1, 18, 'aktif', '2020-06-21 11:42:28', '2020-06-21 11:42:28', 1, 1, 2166),
(672, 'after update', 19, 1, 19, 'aktif', '2020-06-21 11:42:37', '2020-06-21 11:42:37', 1, 1, 2167),
(673, 'after update', 21, 1, 21, 'aktif', '2020-06-22 07:50:23', '2020-06-22 07:50:23', 1, 1, 2168),
(674, 'after update', 89, 1, 23, 'aktif', '2020-06-22 06:10:33', '2020-06-22 06:10:33', 1, 1, 2169),
(675, 'after update', 93, 1, 24, 'aktif', '2020-06-26 10:07:22', '2020-06-26 10:07:22', 1, 1, 2170),
(676, 'after update', 97, 1, 25, 'aktif', '2020-06-27 07:36:59', '2020-06-27 07:36:59', 1, 1, 2171),
(677, 'after update', 101, 1, 26, 'aktif', '2020-06-30 09:26:26', '2020-06-30 09:26:26', 1, 1, 2172),
(678, 'after update', 105, 1, 27, 'aktif', '2020-07-02 11:03:30', '2020-07-02 11:03:30', 1, 1, 2173),
(679, 'after update', 1, 1, 1, 'nonaktif', '2020-06-21 11:28:57', '2020-06-21 11:28:57', 1, 1, 2175),
(680, 'after update', 2, 1, 2, 'nonaktif', '2020-06-21 11:28:57', '2020-06-21 11:28:57', 1, 1, 2176),
(681, 'after update', 3, 1, 3, 'nonaktif', '2020-06-21 11:38:11', '2020-06-21 11:38:11', 1, 1, 2177),
(682, 'after update', 4, 1, 4, 'nonaktif', '2020-06-21 11:38:23', '2020-06-21 11:38:23', 1, 1, 2178),
(683, 'after update', 5, 1, 5, 'nonaktif', '2020-06-21 11:38:35', '2020-06-21 11:38:35', 1, 1, 2179),
(684, 'after update', 6, 1, 6, 'nonaktif', '2020-06-21 11:38:44', '2020-06-21 11:38:44', 1, 1, 2180),
(685, 'after update', 7, 1, 7, 'nonaktif', '2020-06-21 11:38:54', '2020-06-21 11:38:54', 1, 1, 2181),
(686, 'after update', 8, 1, 8, 'nonaktif', '2020-06-21 11:39:36', '2020-06-21 11:39:36', 1, 1, 2182),
(687, 'after update', 9, 1, 9, 'nonaktif', '2020-06-21 11:40:07', '2020-06-21 11:40:07', 1, 1, 2183),
(688, 'after update', 10, 1, 10, 'nonaktif', '2020-06-21 11:40:52', '2020-06-21 11:40:52', 1, 1, 2184),
(689, 'after update', 11, 1, 11, 'nonaktif', '2020-06-21 11:41:04', '2020-06-21 11:41:04', 1, 1, 2185),
(690, 'after update', 12, 1, 12, 'nonaktif', '2020-06-21 11:41:23', '2020-06-21 11:41:23', 1, 1, 2186),
(691, 'after update', 13, 1, 13, 'nonaktif', '2020-06-21 11:41:33', '2020-06-21 11:41:33', 1, 1, 2187),
(692, 'after update', 14, 1, 14, 'nonaktif', '2020-06-21 11:41:42', '2020-06-21 11:41:42', 1, 1, 2188),
(693, 'after update', 15, 1, 15, 'nonaktif', '2020-06-21 11:41:58', '2020-06-21 11:41:58', 1, 1, 2189),
(694, 'after update', 16, 1, 16, 'nonaktif', '2020-06-21 11:42:07', '2020-06-21 11:42:07', 1, 1, 2190),
(695, 'after update', 17, 1, 17, 'nonaktif', '2020-06-21 11:42:16', '2020-06-21 11:42:16', 1, 1, 2191),
(696, 'after update', 18, 1, 18, 'nonaktif', '2020-06-21 11:42:28', '2020-06-21 11:42:28', 1, 1, 2192),
(697, 'after update', 19, 1, 19, 'nonaktif', '2020-06-21 11:42:37', '2020-06-21 11:42:37', 1, 1, 2193),
(698, 'after update', 20, 1, 20, 'nonaktif', '2020-06-22 12:12:04', '2020-06-22 12:12:04', 1, 1, 2194),
(699, 'after update', 21, 1, 21, 'nonaktif', '2020-06-22 07:50:23', '2020-06-22 07:50:23', 1, 1, 2195),
(700, 'after update', 85, 1, 22, 'nonaktif', '2020-06-22 12:32:52', '2020-06-22 12:32:52', 1, 1, 2196),
(701, 'after update', 89, 1, 23, 'nonaktif', '2020-06-22 06:10:33', '2020-06-22 06:10:33', 1, 1, 2197),
(702, 'after update', 93, 1, 24, 'nonaktif', '2020-06-26 10:07:22', '2020-06-26 10:07:22', 1, 1, 2198),
(703, 'after update', 97, 1, 25, 'nonaktif', '2020-06-27 07:36:59', '2020-06-27 07:36:59', 1, 1, 2199),
(704, 'after update', 101, 1, 26, 'nonaktif', '2020-06-30 09:26:26', '2020-06-30 09:26:26', 1, 1, 2200),
(705, 'after update', 105, 1, 27, 'nonaktif', '2020-07-02 11:03:30', '2020-07-02 11:03:30', 1, 1, 2201),
(706, 'after update', 109, 1, 28, 'nonaktif', '2020-07-06 08:49:56', '2020-07-06 08:49:56', 1, 1, 2202),
(707, 'after update', 1, 1, 1, 'aktif', '2020-06-21 11:28:57', '2020-06-21 11:28:57', 1, 1, 2203),
(708, 'after update', 2, 1, 2, 'aktif', '2020-06-21 11:28:57', '2020-06-21 11:28:57', 1, 1, 2204),
(709, 'after update', 3, 1, 3, 'aktif', '2020-06-21 11:38:11', '2020-06-21 11:38:11', 1, 1, 2205),
(710, 'after update', 4, 1, 4, 'aktif', '2020-06-21 11:38:23', '2020-06-21 11:38:23', 1, 1, 2206),
(711, 'after update', 5, 1, 5, 'aktif', '2020-06-21 11:38:35', '2020-06-21 11:38:35', 1, 1, 2207),
(712, 'after update', 6, 1, 6, 'aktif', '2020-06-21 11:38:44', '2020-06-21 11:38:44', 1, 1, 2208),
(713, 'after update', 7, 1, 7, 'aktif', '2020-06-21 11:38:54', '2020-06-21 11:38:54', 1, 1, 2209),
(714, 'after update', 8, 1, 8, 'aktif', '2020-06-21 11:39:36', '2020-06-21 11:39:36', 1, 1, 2210),
(715, 'after update', 9, 1, 9, 'aktif', '2020-06-21 11:40:07', '2020-06-21 11:40:07', 1, 1, 2211),
(716, 'after update', 10, 1, 10, 'aktif', '2020-06-21 11:40:52', '2020-06-21 11:40:52', 1, 1, 2212),
(717, 'after update', 11, 1, 11, 'aktif', '2020-06-21 11:41:04', '2020-06-21 11:41:04', 1, 1, 2213),
(718, 'after update', 12, 1, 12, 'aktif', '2020-06-21 11:41:23', '2020-06-21 11:41:23', 1, 1, 2214),
(719, 'after update', 13, 1, 13, 'aktif', '2020-06-21 11:41:33', '2020-06-21 11:41:33', 1, 1, 2215),
(720, 'after update', 14, 1, 14, 'aktif', '2020-06-21 11:41:42', '2020-06-21 11:41:42', 1, 1, 2216),
(721, 'after update', 15, 1, 15, 'aktif', '2020-06-21 11:41:58', '2020-06-21 11:41:58', 1, 1, 2217),
(722, 'after update', 16, 1, 16, 'aktif', '2020-06-21 11:42:07', '2020-06-21 11:42:07', 1, 1, 2218),
(723, 'after update', 17, 1, 17, 'aktif', '2020-06-21 11:42:16', '2020-06-21 11:42:16', 1, 1, 2219),
(724, 'after update', 18, 1, 18, 'aktif', '2020-06-21 11:42:28', '2020-06-21 11:42:28', 1, 1, 2220),
(725, 'after update', 19, 1, 19, 'aktif', '2020-06-21 11:42:37', '2020-06-21 11:42:37', 1, 1, 2221),
(726, 'after update', 21, 1, 21, 'aktif', '2020-06-22 07:50:23', '2020-06-22 07:50:23', 1, 1, 2222),
(727, 'after update', 89, 1, 23, 'aktif', '2020-06-22 06:10:33', '2020-06-22 06:10:33', 1, 1, 2223),
(728, 'after update', 93, 1, 24, 'aktif', '2020-06-26 10:07:22', '2020-06-26 10:07:22', 1, 1, 2224),
(729, 'after update', 97, 1, 25, 'aktif', '2020-06-27 07:36:59', '2020-06-27 07:36:59', 1, 1, 2225),
(730, 'after update', 101, 1, 26, 'aktif', '2020-06-30 09:26:26', '2020-06-30 09:26:26', 1, 1, 2226),
(731, 'after update', 105, 1, 27, 'aktif', '2020-07-02 11:03:30', '2020-07-02 11:03:30', 1, 1, 2227),
(732, 'after update', 109, 1, 28, 'aktif', '2020-07-06 08:49:56', '2020-07-06 08:49:56', 1, 1, 2228),
(733, 'after update', 1, 1, 1, 'nonaktif', '2020-06-21 11:28:57', '2020-06-21 11:28:57', 1, 1, 2230),
(734, 'after update', 2, 1, 2, 'nonaktif', '2020-06-21 11:28:57', '2020-06-21 11:28:57', 1, 1, 2231),
(735, 'after update', 3, 1, 3, 'nonaktif', '2020-06-21 11:38:11', '2020-06-21 11:38:11', 1, 1, 2232),
(736, 'after update', 4, 1, 4, 'nonaktif', '2020-06-21 11:38:23', '2020-06-21 11:38:23', 1, 1, 2233),
(737, 'after update', 5, 1, 5, 'nonaktif', '2020-06-21 11:38:35', '2020-06-21 11:38:35', 1, 1, 2234),
(738, 'after update', 6, 1, 6, 'nonaktif', '2020-06-21 11:38:44', '2020-06-21 11:38:44', 1, 1, 2235),
(739, 'after update', 7, 1, 7, 'nonaktif', '2020-06-21 11:38:54', '2020-06-21 11:38:54', 1, 1, 2236),
(740, 'after update', 8, 1, 8, 'nonaktif', '2020-06-21 11:39:36', '2020-06-21 11:39:36', 1, 1, 2237),
(741, 'after update', 9, 1, 9, 'nonaktif', '2020-06-21 11:40:07', '2020-06-21 11:40:07', 1, 1, 2238),
(742, 'after update', 10, 1, 10, 'nonaktif', '2020-06-21 11:40:52', '2020-06-21 11:40:52', 1, 1, 2239),
(743, 'after update', 11, 1, 11, 'nonaktif', '2020-06-21 11:41:04', '2020-06-21 11:41:04', 1, 1, 2240),
(744, 'after update', 12, 1, 12, 'nonaktif', '2020-06-21 11:41:23', '2020-06-21 11:41:23', 1, 1, 2241),
(745, 'after update', 13, 1, 13, 'nonaktif', '2020-06-21 11:41:33', '2020-06-21 11:41:33', 1, 1, 2242),
(746, 'after update', 14, 1, 14, 'nonaktif', '2020-06-21 11:41:42', '2020-06-21 11:41:42', 1, 1, 2243),
(747, 'after update', 15, 1, 15, 'nonaktif', '2020-06-21 11:41:58', '2020-06-21 11:41:58', 1, 1, 2244),
(748, 'after update', 16, 1, 16, 'nonaktif', '2020-06-21 11:42:07', '2020-06-21 11:42:07', 1, 1, 2245),
(749, 'after update', 17, 1, 17, 'nonaktif', '2020-06-21 11:42:16', '2020-06-21 11:42:16', 1, 1, 2246),
(750, 'after update', 18, 1, 18, 'nonaktif', '2020-06-21 11:42:28', '2020-06-21 11:42:28', 1, 1, 2247),
(751, 'after update', 19, 1, 19, 'nonaktif', '2020-06-21 11:42:37', '2020-06-21 11:42:37', 1, 1, 2248),
(752, 'after update', 20, 1, 20, 'nonaktif', '2020-06-22 12:12:04', '2020-06-22 12:12:04', 1, 1, 2249),
(753, 'after update', 21, 1, 21, 'nonaktif', '2020-06-22 07:50:23', '2020-06-22 07:50:23', 1, 1, 2250),
(754, 'after update', 85, 1, 22, 'nonaktif', '2020-06-22 12:32:52', '2020-06-22 12:32:52', 1, 1, 2251),
(755, 'after update', 89, 1, 23, 'nonaktif', '2020-06-22 06:10:33', '2020-06-22 06:10:33', 1, 1, 2252),
(756, 'after update', 93, 1, 24, 'nonaktif', '2020-06-26 10:07:22', '2020-06-26 10:07:22', 1, 1, 2253),
(757, 'after update', 97, 1, 25, 'nonaktif', '2020-06-27 07:36:59', '2020-06-27 07:36:59', 1, 1, 2254),
(758, 'after update', 101, 1, 26, 'nonaktif', '2020-06-30 09:26:26', '2020-06-30 09:26:26', 1, 1, 2255),
(759, 'after update', 105, 1, 27, 'nonaktif', '2020-07-02 11:03:30', '2020-07-02 11:03:30', 1, 1, 2256),
(760, 'after update', 109, 1, 28, 'nonaktif', '2020-07-06 08:49:56', '2020-07-06 08:49:56', 1, 1, 2257),
(761, 'after update', 1, 1, 1, 'aktif', '2020-06-21 11:28:57', '2020-06-21 11:28:57', 1, 1, 2258),
(762, 'after update', 2, 1, 2, 'aktif', '2020-06-21 11:28:57', '2020-06-21 11:28:57', 1, 1, 2259),
(763, 'after update', 3, 1, 3, 'aktif', '2020-06-21 11:38:11', '2020-06-21 11:38:11', 1, 1, 2260),
(764, 'after update', 4, 1, 4, 'aktif', '2020-06-21 11:38:23', '2020-06-21 11:38:23', 1, 1, 2261),
(765, 'after update', 5, 1, 5, 'aktif', '2020-06-21 11:38:35', '2020-06-21 11:38:35', 1, 1, 2262),
(766, 'after update', 6, 1, 6, 'aktif', '2020-06-21 11:38:44', '2020-06-21 11:38:44', 1, 1, 2263),
(767, 'after update', 7, 1, 7, 'aktif', '2020-06-21 11:38:54', '2020-06-21 11:38:54', 1, 1, 2264),
(768, 'after update', 8, 1, 8, 'aktif', '2020-06-21 11:39:36', '2020-06-21 11:39:36', 1, 1, 2265),
(769, 'after update', 9, 1, 9, 'aktif', '2020-06-21 11:40:07', '2020-06-21 11:40:07', 1, 1, 2266),
(770, 'after update', 10, 1, 10, 'aktif', '2020-06-21 11:40:52', '2020-06-21 11:40:52', 1, 1, 2267),
(771, 'after update', 11, 1, 11, 'aktif', '2020-06-21 11:41:04', '2020-06-21 11:41:04', 1, 1, 2268),
(772, 'after update', 12, 1, 12, 'aktif', '2020-06-21 11:41:23', '2020-06-21 11:41:23', 1, 1, 2269),
(773, 'after update', 13, 1, 13, 'aktif', '2020-06-21 11:41:33', '2020-06-21 11:41:33', 1, 1, 2270),
(774, 'after update', 14, 1, 14, 'aktif', '2020-06-21 11:41:42', '2020-06-21 11:41:42', 1, 1, 2271),
(775, 'after update', 15, 1, 15, 'aktif', '2020-06-21 11:41:58', '2020-06-21 11:41:58', 1, 1, 2272),
(776, 'after update', 16, 1, 16, 'aktif', '2020-06-21 11:42:07', '2020-06-21 11:42:07', 1, 1, 2273),
(777, 'after update', 17, 1, 17, 'aktif', '2020-06-21 11:42:16', '2020-06-21 11:42:16', 1, 1, 2274),
(778, 'after update', 18, 1, 18, 'aktif', '2020-06-21 11:42:28', '2020-06-21 11:42:28', 1, 1, 2275),
(779, 'after update', 19, 1, 19, 'aktif', '2020-06-21 11:42:37', '2020-06-21 11:42:37', 1, 1, 2276),
(780, 'after update', 21, 1, 21, 'aktif', '2020-06-22 07:50:23', '2020-06-22 07:50:23', 1, 1, 2277),
(781, 'after update', 89, 1, 23, 'aktif', '2020-06-22 06:10:33', '2020-06-22 06:10:33', 1, 1, 2278),
(782, 'after update', 93, 1, 24, 'aktif', '2020-06-26 10:07:22', '2020-06-26 10:07:22', 1, 1, 2279),
(783, 'after update', 97, 1, 25, 'aktif', '2020-06-27 07:36:59', '2020-06-27 07:36:59', 1, 1, 2280),
(784, 'after update', 101, 1, 26, 'aktif', '2020-06-30 09:26:26', '2020-06-30 09:26:26', 1, 1, 2281),
(785, 'after update', 105, 1, 27, 'aktif', '2020-07-02 11:03:30', '2020-07-02 11:03:30', 1, 1, 2282),
(786, 'after update', 1, 1, 1, 'nonaktif', '2020-06-21 11:28:57', '2020-06-21 11:28:57', 1, 1, 2284),
(787, 'after update', 2, 1, 2, 'nonaktif', '2020-06-21 11:28:57', '2020-06-21 11:28:57', 1, 1, 2285),
(788, 'after update', 3, 1, 3, 'nonaktif', '2020-06-21 11:38:11', '2020-06-21 11:38:11', 1, 1, 2286),
(789, 'after update', 4, 1, 4, 'nonaktif', '2020-06-21 11:38:23', '2020-06-21 11:38:23', 1, 1, 2287),
(790, 'after update', 5, 1, 5, 'nonaktif', '2020-06-21 11:38:35', '2020-06-21 11:38:35', 1, 1, 2288),
(791, 'after update', 6, 1, 6, 'nonaktif', '2020-06-21 11:38:44', '2020-06-21 11:38:44', 1, 1, 2289),
(792, 'after update', 7, 1, 7, 'nonaktif', '2020-06-21 11:38:54', '2020-06-21 11:38:54', 1, 1, 2290),
(793, 'after update', 8, 1, 8, 'nonaktif', '2020-06-21 11:39:36', '2020-06-21 11:39:36', 1, 1, 2291),
(794, 'after update', 9, 1, 9, 'nonaktif', '2020-06-21 11:40:07', '2020-06-21 11:40:07', 1, 1, 2292),
(795, 'after update', 10, 1, 10, 'nonaktif', '2020-06-21 11:40:52', '2020-06-21 11:40:52', 1, 1, 2293),
(796, 'after update', 11, 1, 11, 'nonaktif', '2020-06-21 11:41:04', '2020-06-21 11:41:04', 1, 1, 2294),
(797, 'after update', 12, 1, 12, 'nonaktif', '2020-06-21 11:41:23', '2020-06-21 11:41:23', 1, 1, 2295),
(798, 'after update', 13, 1, 13, 'nonaktif', '2020-06-21 11:41:33', '2020-06-21 11:41:33', 1, 1, 2296),
(799, 'after update', 14, 1, 14, 'nonaktif', '2020-06-21 11:41:42', '2020-06-21 11:41:42', 1, 1, 2297),
(800, 'after update', 15, 1, 15, 'nonaktif', '2020-06-21 11:41:58', '2020-06-21 11:41:58', 1, 1, 2298),
(801, 'after update', 16, 1, 16, 'nonaktif', '2020-06-21 11:42:07', '2020-06-21 11:42:07', 1, 1, 2299),
(802, 'after update', 17, 1, 17, 'nonaktif', '2020-06-21 11:42:16', '2020-06-21 11:42:16', 1, 1, 2300),
(803, 'after update', 18, 1, 18, 'nonaktif', '2020-06-21 11:42:28', '2020-06-21 11:42:28', 1, 1, 2301),
(804, 'after update', 19, 1, 19, 'nonaktif', '2020-06-21 11:42:37', '2020-06-21 11:42:37', 1, 1, 2302),
(805, 'after update', 20, 1, 20, 'nonaktif', '2020-06-22 12:12:04', '2020-06-22 12:12:04', 1, 1, 2303),
(806, 'after update', 21, 1, 21, 'nonaktif', '2020-06-22 07:50:23', '2020-06-22 07:50:23', 1, 1, 2304),
(807, 'after update', 85, 1, 22, 'nonaktif', '2020-06-22 12:32:52', '2020-06-22 12:32:52', 1, 1, 2305),
(808, 'after update', 89, 1, 23, 'nonaktif', '2020-06-22 06:10:33', '2020-06-22 06:10:33', 1, 1, 2306),
(809, 'after update', 93, 1, 24, 'nonaktif', '2020-06-26 10:07:22', '2020-06-26 10:07:22', 1, 1, 2307),
(810, 'after update', 97, 1, 25, 'nonaktif', '2020-06-27 07:36:59', '2020-06-27 07:36:59', 1, 1, 2308),
(811, 'after update', 101, 1, 26, 'nonaktif', '2020-06-30 09:26:26', '2020-06-30 09:26:26', 1, 1, 2309),
(812, 'after update', 105, 1, 27, 'nonaktif', '2020-07-02 11:03:30', '2020-07-02 11:03:30', 1, 1, 2310),
(813, 'after update', 109, 1, 28, 'nonaktif', '2020-07-06 08:49:56', '2020-07-06 08:49:56', 1, 1, 2311),
(814, 'after update', 1, 1, 1, 'aktif', '2020-06-21 11:28:57', '2020-06-21 11:28:57', 1, 1, 2312),
(815, 'after update', 2, 1, 2, 'aktif', '2020-06-21 11:28:57', '2020-06-21 11:28:57', 1, 1, 2313),
(816, 'after update', 3, 1, 3, 'aktif', '2020-06-21 11:38:11', '2020-06-21 11:38:11', 1, 1, 2314),
(817, 'after update', 4, 1, 4, 'aktif', '2020-06-21 11:38:23', '2020-06-21 11:38:23', 1, 1, 2315),
(818, 'after update', 5, 1, 5, 'aktif', '2020-06-21 11:38:35', '2020-06-21 11:38:35', 1, 1, 2316),
(819, 'after update', 6, 1, 6, 'aktif', '2020-06-21 11:38:44', '2020-06-21 11:38:44', 1, 1, 2317),
(820, 'after update', 7, 1, 7, 'aktif', '2020-06-21 11:38:54', '2020-06-21 11:38:54', 1, 1, 2318),
(821, 'after update', 8, 1, 8, 'aktif', '2020-06-21 11:39:36', '2020-06-21 11:39:36', 1, 1, 2319),
(822, 'after update', 9, 1, 9, 'aktif', '2020-06-21 11:40:07', '2020-06-21 11:40:07', 1, 1, 2320),
(823, 'after update', 10, 1, 10, 'aktif', '2020-06-21 11:40:52', '2020-06-21 11:40:52', 1, 1, 2321),
(824, 'after update', 11, 1, 11, 'aktif', '2020-06-21 11:41:04', '2020-06-21 11:41:04', 1, 1, 2322),
(825, 'after update', 12, 1, 12, 'aktif', '2020-06-21 11:41:23', '2020-06-21 11:41:23', 1, 1, 2323),
(826, 'after update', 13, 1, 13, 'aktif', '2020-06-21 11:41:33', '2020-06-21 11:41:33', 1, 1, 2324),
(827, 'after update', 14, 1, 14, 'aktif', '2020-06-21 11:41:42', '2020-06-21 11:41:42', 1, 1, 2325),
(828, 'after update', 15, 1, 15, 'aktif', '2020-06-21 11:41:58', '2020-06-21 11:41:58', 1, 1, 2326),
(829, 'after update', 16, 1, 16, 'aktif', '2020-06-21 11:42:07', '2020-06-21 11:42:07', 1, 1, 2327),
(830, 'after update', 17, 1, 17, 'aktif', '2020-06-21 11:42:16', '2020-06-21 11:42:16', 1, 1, 2328),
(831, 'after update', 18, 1, 18, 'aktif', '2020-06-21 11:42:28', '2020-06-21 11:42:28', 1, 1, 2329),
(832, 'after update', 19, 1, 19, 'aktif', '2020-06-21 11:42:37', '2020-06-21 11:42:37', 1, 1, 2330),
(833, 'after update', 21, 1, 21, 'aktif', '2020-06-22 07:50:23', '2020-06-22 07:50:23', 1, 1, 2331),
(834, 'after update', 89, 1, 23, 'aktif', '2020-06-22 06:10:33', '2020-06-22 06:10:33', 1, 1, 2332),
(835, 'after update', 93, 1, 24, 'aktif', '2020-06-26 10:07:22', '2020-06-26 10:07:22', 1, 1, 2333),
(836, 'after update', 97, 1, 25, 'aktif', '2020-06-27 07:36:59', '2020-06-27 07:36:59', 1, 1, 2334),
(837, 'after update', 101, 1, 26, 'aktif', '2020-06-30 09:26:26', '2020-06-30 09:26:26', 1, 1, 2335),
(838, 'after update', 105, 1, 27, 'aktif', '2020-07-02 11:03:30', '2020-07-02 11:03:30', 1, 1, 2336),
(839, 'after update', 109, 1, 28, 'aktif', '2020-07-06 08:49:56', '2020-07-06 08:49:56', 1, 1, 2337),
(840, 'after update', 1, 1, 1, 'nonaktif', '2020-06-21 11:28:57', '2020-06-21 11:28:57', 1, 1, 2342),
(841, 'after update', 2, 1, 2, 'nonaktif', '2020-06-21 11:28:57', '2020-06-21 11:28:57', 1, 1, 2343),
(842, 'after update', 3, 1, 3, 'nonaktif', '2020-06-21 11:38:11', '2020-06-21 11:38:11', 1, 1, 2344),
(843, 'after update', 4, 1, 4, 'nonaktif', '2020-06-21 11:38:23', '2020-06-21 11:38:23', 1, 1, 2345),
(844, 'after update', 5, 1, 5, 'nonaktif', '2020-06-21 11:38:35', '2020-06-21 11:38:35', 1, 1, 2346),
(845, 'after update', 6, 1, 6, 'nonaktif', '2020-06-21 11:38:44', '2020-06-21 11:38:44', 1, 1, 2347),
(846, 'after update', 7, 1, 7, 'nonaktif', '2020-06-21 11:38:54', '2020-06-21 11:38:54', 1, 1, 2348),
(847, 'after update', 8, 1, 8, 'nonaktif', '2020-06-21 11:39:36', '2020-06-21 11:39:36', 1, 1, 2349),
(848, 'after update', 9, 1, 9, 'nonaktif', '2020-06-21 11:40:07', '2020-06-21 11:40:07', 1, 1, 2350),
(849, 'after update', 10, 1, 10, 'nonaktif', '2020-06-21 11:40:52', '2020-06-21 11:40:52', 1, 1, 2351),
(850, 'after update', 11, 1, 11, 'nonaktif', '2020-06-21 11:41:04', '2020-06-21 11:41:04', 1, 1, 2352),
(851, 'after update', 12, 1, 12, 'nonaktif', '2020-06-21 11:41:23', '2020-06-21 11:41:23', 1, 1, 2353),
(852, 'after update', 13, 1, 13, 'nonaktif', '2020-06-21 11:41:33', '2020-06-21 11:41:33', 1, 1, 2354),
(853, 'after update', 14, 1, 14, 'nonaktif', '2020-06-21 11:41:42', '2020-06-21 11:41:42', 1, 1, 2355),
(854, 'after update', 15, 1, 15, 'nonaktif', '2020-06-21 11:41:58', '2020-06-21 11:41:58', 1, 1, 2356),
(855, 'after update', 16, 1, 16, 'nonaktif', '2020-06-21 11:42:07', '2020-06-21 11:42:07', 1, 1, 2357),
(856, 'after update', 17, 1, 17, 'nonaktif', '2020-06-21 11:42:16', '2020-06-21 11:42:16', 1, 1, 2358),
(857, 'after update', 18, 1, 18, 'nonaktif', '2020-06-21 11:42:28', '2020-06-21 11:42:28', 1, 1, 2359),
(858, 'after update', 19, 1, 19, 'nonaktif', '2020-06-21 11:42:37', '2020-06-21 11:42:37', 1, 1, 2360),
(859, 'after update', 20, 1, 20, 'nonaktif', '2020-06-22 12:12:04', '2020-06-22 12:12:04', 1, 1, 2361),
(860, 'after update', 21, 1, 21, 'nonaktif', '2020-06-22 07:50:23', '2020-06-22 07:50:23', 1, 1, 2362),
(861, 'after update', 85, 1, 22, 'nonaktif', '2020-06-22 12:32:52', '2020-06-22 12:32:52', 1, 1, 2363),
(862, 'after update', 89, 1, 23, 'nonaktif', '2020-06-22 06:10:33', '2020-06-22 06:10:33', 1, 1, 2364),
(863, 'after update', 93, 1, 24, 'nonaktif', '2020-06-26 10:07:22', '2020-06-26 10:07:22', 1, 1, 2365),
(864, 'after update', 97, 1, 25, 'nonaktif', '2020-06-27 07:36:59', '2020-06-27 07:36:59', 1, 1, 2366),
(865, 'after update', 101, 1, 26, 'nonaktif', '2020-06-30 09:26:26', '2020-06-30 09:26:26', 1, 1, 2367),
(866, 'after update', 105, 1, 27, 'nonaktif', '2020-07-02 11:03:30', '2020-07-02 11:03:30', 1, 1, 2368),
(867, 'after update', 109, 1, 28, 'nonaktif', '2020-07-06 08:49:56', '2020-07-06 08:49:56', 1, 1, 2369),
(868, 'after update', 1, 1, 1, 'aktif', '2020-06-21 11:28:57', '2020-06-21 11:28:57', 1, 1, 2370),
(869, 'after update', 2, 1, 2, 'aktif', '2020-06-21 11:28:57', '2020-06-21 11:28:57', 1, 1, 2371),
(870, 'after update', 3, 1, 3, 'aktif', '2020-06-21 11:38:11', '2020-06-21 11:38:11', 1, 1, 2372),
(871, 'after update', 4, 1, 4, 'aktif', '2020-06-21 11:38:23', '2020-06-21 11:38:23', 1, 1, 2373),
(872, 'after update', 5, 1, 5, 'aktif', '2020-06-21 11:38:35', '2020-06-21 11:38:35', 1, 1, 2374),
(873, 'after update', 6, 1, 6, 'aktif', '2020-06-21 11:38:44', '2020-06-21 11:38:44', 1, 1, 2375),
(874, 'after update', 7, 1, 7, 'aktif', '2020-06-21 11:38:54', '2020-06-21 11:38:54', 1, 1, 2376),
(875, 'after update', 8, 1, 8, 'aktif', '2020-06-21 11:39:36', '2020-06-21 11:39:36', 1, 1, 2377),
(876, 'after update', 9, 1, 9, 'aktif', '2020-06-21 11:40:07', '2020-06-21 11:40:07', 1, 1, 2378),
(877, 'after update', 10, 1, 10, 'aktif', '2020-06-21 11:40:52', '2020-06-21 11:40:52', 1, 1, 2379),
(878, 'after update', 11, 1, 11, 'aktif', '2020-06-21 11:41:04', '2020-06-21 11:41:04', 1, 1, 2380),
(879, 'after update', 12, 1, 12, 'aktif', '2020-06-21 11:41:23', '2020-06-21 11:41:23', 1, 1, 2381),
(880, 'after update', 13, 1, 13, 'aktif', '2020-06-21 11:41:33', '2020-06-21 11:41:33', 1, 1, 2382),
(881, 'after update', 14, 1, 14, 'aktif', '2020-06-21 11:41:42', '2020-06-21 11:41:42', 1, 1, 2383),
(882, 'after update', 15, 1, 15, 'aktif', '2020-06-21 11:41:58', '2020-06-21 11:41:58', 1, 1, 2384),
(883, 'after update', 16, 1, 16, 'aktif', '2020-06-21 11:42:07', '2020-06-21 11:42:07', 1, 1, 2385),
(884, 'after update', 17, 1, 17, 'aktif', '2020-06-21 11:42:16', '2020-06-21 11:42:16', 1, 1, 2386),
(885, 'after update', 18, 1, 18, 'aktif', '2020-06-21 11:42:28', '2020-06-21 11:42:28', 1, 1, 2387),
(886, 'after update', 19, 1, 19, 'aktif', '2020-06-21 11:42:37', '2020-06-21 11:42:37', 1, 1, 2388),
(887, 'after update', 21, 1, 21, 'aktif', '2020-06-22 07:50:23', '2020-06-22 07:50:23', 1, 1, 2389),
(888, 'after update', 89, 1, 23, 'aktif', '2020-06-22 06:10:33', '2020-06-22 06:10:33', 1, 1, 2390),
(889, 'after update', 93, 1, 24, 'aktif', '2020-06-26 10:07:22', '2020-06-26 10:07:22', 1, 1, 2391),
(890, 'after update', 97, 1, 25, 'aktif', '2020-06-27 07:36:59', '2020-06-27 07:36:59', 1, 1, 2392),
(891, 'after update', 101, 1, 26, 'aktif', '2020-06-30 09:26:26', '2020-06-30 09:26:26', 1, 1, 2393),
(892, 'after update', 105, 1, 27, 'aktif', '2020-07-02 11:03:30', '2020-07-02 11:03:30', 1, 1, 2394),
(893, 'after update', 1, 1, 1, 'nonaktif', '2020-06-21 11:28:57', '2020-06-21 11:28:57', 1, 1, 2396),
(894, 'after update', 2, 1, 2, 'nonaktif', '2020-06-21 11:28:57', '2020-06-21 11:28:57', 1, 1, 2397),
(895, 'after update', 3, 1, 3, 'nonaktif', '2020-06-21 11:38:11', '2020-06-21 11:38:11', 1, 1, 2398),
(896, 'after update', 4, 1, 4, 'nonaktif', '2020-06-21 11:38:23', '2020-06-21 11:38:23', 1, 1, 2399),
(897, 'after update', 5, 1, 5, 'nonaktif', '2020-06-21 11:38:35', '2020-06-21 11:38:35', 1, 1, 2400),
(898, 'after update', 6, 1, 6, 'nonaktif', '2020-06-21 11:38:44', '2020-06-21 11:38:44', 1, 1, 2401),
(899, 'after update', 7, 1, 7, 'nonaktif', '2020-06-21 11:38:54', '2020-06-21 11:38:54', 1, 1, 2402),
(900, 'after update', 8, 1, 8, 'nonaktif', '2020-06-21 11:39:36', '2020-06-21 11:39:36', 1, 1, 2403),
(901, 'after update', 9, 1, 9, 'nonaktif', '2020-06-21 11:40:07', '2020-06-21 11:40:07', 1, 1, 2404),
(902, 'after update', 10, 1, 10, 'nonaktif', '2020-06-21 11:40:52', '2020-06-21 11:40:52', 1, 1, 2405),
(903, 'after update', 11, 1, 11, 'nonaktif', '2020-06-21 11:41:04', '2020-06-21 11:41:04', 1, 1, 2406),
(904, 'after update', 12, 1, 12, 'nonaktif', '2020-06-21 11:41:23', '2020-06-21 11:41:23', 1, 1, 2407),
(905, 'after update', 13, 1, 13, 'nonaktif', '2020-06-21 11:41:33', '2020-06-21 11:41:33', 1, 1, 2408),
(906, 'after update', 14, 1, 14, 'nonaktif', '2020-06-21 11:41:42', '2020-06-21 11:41:42', 1, 1, 2409),
(907, 'after update', 15, 1, 15, 'nonaktif', '2020-06-21 11:41:58', '2020-06-21 11:41:58', 1, 1, 2410),
(908, 'after update', 16, 1, 16, 'nonaktif', '2020-06-21 11:42:07', '2020-06-21 11:42:07', 1, 1, 2411),
(909, 'after update', 17, 1, 17, 'nonaktif', '2020-06-21 11:42:16', '2020-06-21 11:42:16', 1, 1, 2412),
(910, 'after update', 18, 1, 18, 'nonaktif', '2020-06-21 11:42:28', '2020-06-21 11:42:28', 1, 1, 2413),
(911, 'after update', 19, 1, 19, 'nonaktif', '2020-06-21 11:42:37', '2020-06-21 11:42:37', 1, 1, 2414),
(912, 'after update', 20, 1, 20, 'nonaktif', '2020-06-22 12:12:04', '2020-06-22 12:12:04', 1, 1, 2415),
(913, 'after update', 21, 1, 21, 'nonaktif', '2020-06-22 07:50:23', '2020-06-22 07:50:23', 1, 1, 2416),
(914, 'after update', 85, 1, 22, 'nonaktif', '2020-06-22 12:32:52', '2020-06-22 12:32:52', 1, 1, 2417),
(915, 'after update', 89, 1, 23, 'nonaktif', '2020-06-22 06:10:33', '2020-06-22 06:10:33', 1, 1, 2418),
(916, 'after update', 93, 1, 24, 'nonaktif', '2020-06-26 10:07:22', '2020-06-26 10:07:22', 1, 1, 2419),
(917, 'after update', 97, 1, 25, 'nonaktif', '2020-06-27 07:36:59', '2020-06-27 07:36:59', 1, 1, 2420),
(918, 'after update', 101, 1, 26, 'nonaktif', '2020-06-30 09:26:26', '2020-06-30 09:26:26', 1, 1, 2421),
(919, 'after update', 105, 1, 27, 'nonaktif', '2020-07-02 11:03:30', '2020-07-02 11:03:30', 1, 1, 2422),
(920, 'after update', 109, 1, 28, 'nonaktif', '2020-07-06 08:49:56', '2020-07-06 08:49:56', 1, 1, 2423),
(921, 'after update', 1, 1, 1, 'aktif', '2020-06-21 11:28:57', '2020-06-21 11:28:57', 1, 1, 2424),
(922, 'after update', 2, 1, 2, 'aktif', '2020-06-21 11:28:57', '2020-06-21 11:28:57', 1, 1, 2425),
(923, 'after update', 3, 1, 3, 'aktif', '2020-06-21 11:38:11', '2020-06-21 11:38:11', 1, 1, 2426),
(924, 'after update', 4, 1, 4, 'aktif', '2020-06-21 11:38:23', '2020-06-21 11:38:23', 1, 1, 2427),
(925, 'after update', 5, 1, 5, 'aktif', '2020-06-21 11:38:35', '2020-06-21 11:38:35', 1, 1, 2428),
(926, 'after update', 6, 1, 6, 'aktif', '2020-06-21 11:38:44', '2020-06-21 11:38:44', 1, 1, 2429),
(927, 'after update', 7, 1, 7, 'aktif', '2020-06-21 11:38:54', '2020-06-21 11:38:54', 1, 1, 2430),
(928, 'after update', 8, 1, 8, 'aktif', '2020-06-21 11:39:36', '2020-06-21 11:39:36', 1, 1, 2431),
(929, 'after update', 9, 1, 9, 'aktif', '2020-06-21 11:40:07', '2020-06-21 11:40:07', 1, 1, 2432),
(930, 'after update', 10, 1, 10, 'aktif', '2020-06-21 11:40:52', '2020-06-21 11:40:52', 1, 1, 2433),
(931, 'after update', 11, 1, 11, 'aktif', '2020-06-21 11:41:04', '2020-06-21 11:41:04', 1, 1, 2434),
(932, 'after update', 12, 1, 12, 'aktif', '2020-06-21 11:41:23', '2020-06-21 11:41:23', 1, 1, 2435),
(933, 'after update', 13, 1, 13, 'aktif', '2020-06-21 11:41:33', '2020-06-21 11:41:33', 1, 1, 2436),
(934, 'after update', 14, 1, 14, 'aktif', '2020-06-21 11:41:42', '2020-06-21 11:41:42', 1, 1, 2437),
(935, 'after update', 15, 1, 15, 'aktif', '2020-06-21 11:41:58', '2020-06-21 11:41:58', 1, 1, 2438),
(936, 'after update', 16, 1, 16, 'aktif', '2020-06-21 11:42:07', '2020-06-21 11:42:07', 1, 1, 2439),
(937, 'after update', 17, 1, 17, 'aktif', '2020-06-21 11:42:16', '2020-06-21 11:42:16', 1, 1, 2440),
(938, 'after update', 18, 1, 18, 'aktif', '2020-06-21 11:42:28', '2020-06-21 11:42:28', 1, 1, 2441),
(939, 'after update', 19, 1, 19, 'aktif', '2020-06-21 11:42:37', '2020-06-21 11:42:37', 1, 1, 2442),
(940, 'after update', 21, 1, 21, 'aktif', '2020-06-22 07:50:23', '2020-06-22 07:50:23', 1, 1, 2443),
(941, 'after update', 89, 1, 23, 'aktif', '2020-06-22 06:10:33', '2020-06-22 06:10:33', 1, 1, 2444),
(942, 'after update', 93, 1, 24, 'aktif', '2020-06-26 10:07:22', '2020-06-26 10:07:22', 1, 1, 2445),
(943, 'after update', 97, 1, 25, 'aktif', '2020-06-27 07:36:59', '2020-06-27 07:36:59', 1, 1, 2446),
(944, 'after update', 101, 1, 26, 'aktif', '2020-06-30 09:26:26', '2020-06-30 09:26:26', 1, 1, 2447),
(945, 'after update', 105, 1, 27, 'aktif', '2020-07-02 11:03:30', '2020-07-02 11:03:30', 1, 1, 2448),
(946, 'after update', 109, 1, 28, 'aktif', '2020-07-06 08:49:56', '2020-07-06 08:49:56', 1, 1, 2449),
(947, 'after update', 1, 1, 1, 'nonaktif', '2020-06-21 11:28:57', '2020-06-21 11:28:57', 1, 1, 2451),
(948, 'after update', 2, 1, 2, 'nonaktif', '2020-06-21 11:28:57', '2020-06-21 11:28:57', 1, 1, 2452),
(949, 'after update', 3, 1, 3, 'nonaktif', '2020-06-21 11:38:11', '2020-06-21 11:38:11', 1, 1, 2453),
(950, 'after update', 4, 1, 4, 'nonaktif', '2020-06-21 11:38:23', '2020-06-21 11:38:23', 1, 1, 2454),
(951, 'after update', 5, 1, 5, 'nonaktif', '2020-06-21 11:38:35', '2020-06-21 11:38:35', 1, 1, 2455),
(952, 'after update', 6, 1, 6, 'nonaktif', '2020-06-21 11:38:44', '2020-06-21 11:38:44', 1, 1, 2456),
(953, 'after update', 7, 1, 7, 'nonaktif', '2020-06-21 11:38:54', '2020-06-21 11:38:54', 1, 1, 2457),
(954, 'after update', 8, 1, 8, 'nonaktif', '2020-06-21 11:39:36', '2020-06-21 11:39:36', 1, 1, 2458),
(955, 'after update', 9, 1, 9, 'nonaktif', '2020-06-21 11:40:07', '2020-06-21 11:40:07', 1, 1, 2459),
(956, 'after update', 10, 1, 10, 'nonaktif', '2020-06-21 11:40:52', '2020-06-21 11:40:52', 1, 1, 2460),
(957, 'after update', 11, 1, 11, 'nonaktif', '2020-06-21 11:41:04', '2020-06-21 11:41:04', 1, 1, 2461),
(958, 'after update', 12, 1, 12, 'nonaktif', '2020-06-21 11:41:23', '2020-06-21 11:41:23', 1, 1, 2462),
(959, 'after update', 13, 1, 13, 'nonaktif', '2020-06-21 11:41:33', '2020-06-21 11:41:33', 1, 1, 2463),
(960, 'after update', 14, 1, 14, 'nonaktif', '2020-06-21 11:41:42', '2020-06-21 11:41:42', 1, 1, 2464),
(961, 'after update', 15, 1, 15, 'nonaktif', '2020-06-21 11:41:58', '2020-06-21 11:41:58', 1, 1, 2465),
(962, 'after update', 16, 1, 16, 'nonaktif', '2020-06-21 11:42:07', '2020-06-21 11:42:07', 1, 1, 2466),
(963, 'after update', 17, 1, 17, 'nonaktif', '2020-06-21 11:42:16', '2020-06-21 11:42:16', 1, 1, 2467),
(964, 'after update', 18, 1, 18, 'nonaktif', '2020-06-21 11:42:28', '2020-06-21 11:42:28', 1, 1, 2468),
(965, 'after update', 19, 1, 19, 'nonaktif', '2020-06-21 11:42:37', '2020-06-21 11:42:37', 1, 1, 2469),
(966, 'after update', 20, 1, 20, 'nonaktif', '2020-06-22 12:12:04', '2020-06-22 12:12:04', 1, 1, 2470),
(967, 'after update', 21, 1, 21, 'nonaktif', '2020-06-22 07:50:23', '2020-06-22 07:50:23', 1, 1, 2471),
(968, 'after update', 85, 1, 22, 'nonaktif', '2020-06-22 12:32:52', '2020-06-22 12:32:52', 1, 1, 2472),
(969, 'after update', 89, 1, 23, 'nonaktif', '2020-06-22 06:10:33', '2020-06-22 06:10:33', 1, 1, 2473),
(970, 'after update', 93, 1, 24, 'nonaktif', '2020-06-26 10:07:22', '2020-06-26 10:07:22', 1, 1, 2474),
(971, 'after update', 97, 1, 25, 'nonaktif', '2020-06-27 07:36:59', '2020-06-27 07:36:59', 1, 1, 2475),
(972, 'after update', 101, 1, 26, 'nonaktif', '2020-06-30 09:26:26', '2020-06-30 09:26:26', 1, 1, 2476),
(973, 'after update', 105, 1, 27, 'nonaktif', '2020-07-02 11:03:30', '2020-07-02 11:03:30', 1, 1, 2477),
(974, 'after update', 109, 1, 28, 'nonaktif', '2020-07-06 08:49:56', '2020-07-06 08:49:56', 1, 1, 2478),
(975, 'after update', 1, 1, 1, 'aktif', '2020-06-21 11:28:57', '2020-06-21 11:28:57', 1, 1, 2479),
(976, 'after update', 2, 1, 2, 'aktif', '2020-06-21 11:28:57', '2020-06-21 11:28:57', 1, 1, 2480),
(977, 'after update', 3, 1, 3, 'aktif', '2020-06-21 11:38:11', '2020-06-21 11:38:11', 1, 1, 2481),
(978, 'after update', 4, 1, 4, 'aktif', '2020-06-21 11:38:23', '2020-06-21 11:38:23', 1, 1, 2482),
(979, 'after update', 5, 1, 5, 'aktif', '2020-06-21 11:38:35', '2020-06-21 11:38:35', 1, 1, 2483),
(980, 'after update', 6, 1, 6, 'aktif', '2020-06-21 11:38:44', '2020-06-21 11:38:44', 1, 1, 2484),
(981, 'after update', 7, 1, 7, 'aktif', '2020-06-21 11:38:54', '2020-06-21 11:38:54', 1, 1, 2485),
(982, 'after update', 8, 1, 8, 'aktif', '2020-06-21 11:39:36', '2020-06-21 11:39:36', 1, 1, 2486),
(983, 'after update', 9, 1, 9, 'aktif', '2020-06-21 11:40:07', '2020-06-21 11:40:07', 1, 1, 2487),
(984, 'after update', 10, 1, 10, 'aktif', '2020-06-21 11:40:52', '2020-06-21 11:40:52', 1, 1, 2488),
(985, 'after update', 11, 1, 11, 'aktif', '2020-06-21 11:41:04', '2020-06-21 11:41:04', 1, 1, 2489),
(986, 'after update', 12, 1, 12, 'aktif', '2020-06-21 11:41:23', '2020-06-21 11:41:23', 1, 1, 2490),
(987, 'after update', 13, 1, 13, 'aktif', '2020-06-21 11:41:33', '2020-06-21 11:41:33', 1, 1, 2491),
(988, 'after update', 14, 1, 14, 'aktif', '2020-06-21 11:41:42', '2020-06-21 11:41:42', 1, 1, 2492),
(989, 'after update', 15, 1, 15, 'aktif', '2020-06-21 11:41:58', '2020-06-21 11:41:58', 1, 1, 2493),
(990, 'after update', 16, 1, 16, 'aktif', '2020-06-21 11:42:07', '2020-06-21 11:42:07', 1, 1, 2494),
(991, 'after update', 17, 1, 17, 'aktif', '2020-06-21 11:42:16', '2020-06-21 11:42:16', 1, 1, 2495),
(992, 'after update', 18, 1, 18, 'aktif', '2020-06-21 11:42:28', '2020-06-21 11:42:28', 1, 1, 2496),
(993, 'after update', 19, 1, 19, 'aktif', '2020-06-21 11:42:37', '2020-06-21 11:42:37', 1, 1, 2497),
(994, 'after update', 21, 1, 21, 'aktif', '2020-06-22 07:50:23', '2020-06-22 07:50:23', 1, 1, 2498),
(995, 'after update', 89, 1, 23, 'aktif', '2020-06-22 06:10:33', '2020-06-22 06:10:33', 1, 1, 2499),
(996, 'after update', 93, 1, 24, 'aktif', '2020-06-26 10:07:22', '2020-06-26 10:07:22', 1, 1, 2500),
(997, 'after update', 97, 1, 25, 'aktif', '2020-06-27 07:36:59', '2020-06-27 07:36:59', 1, 1, 2501),
(998, 'after update', 101, 1, 26, 'aktif', '2020-06-30 09:26:26', '2020-06-30 09:26:26', 1, 1, 2502);
INSERT INTO `tbl_hak_akses_log` (`id_pk_hak_akses_log`, `executed_function`, `id_pk_hak_akses`, `id_fk_jabatan`, `id_fk_menu`, `hak_akses_status`, `hak_akses_create_date`, `hak_akses_last_modified`, `id_create_data`, `id_last_modified`, `id_log_all`) VALUES
(999, 'after update', 105, 1, 27, 'aktif', '2020-07-02 11:03:30', '2020-07-02 11:03:30', 1, 1, 2503),
(1000, 'after update', 1, 1, 1, 'nonaktif', '2020-06-21 11:28:57', '2020-06-21 11:28:57', 1, 1, 2505),
(1001, 'after update', 2, 1, 2, 'nonaktif', '2020-06-21 11:28:57', '2020-06-21 11:28:57', 1, 1, 2506),
(1002, 'after update', 3, 1, 3, 'nonaktif', '2020-06-21 11:38:11', '2020-06-21 11:38:11', 1, 1, 2507),
(1003, 'after update', 4, 1, 4, 'nonaktif', '2020-06-21 11:38:23', '2020-06-21 11:38:23', 1, 1, 2508),
(1004, 'after update', 5, 1, 5, 'nonaktif', '2020-06-21 11:38:35', '2020-06-21 11:38:35', 1, 1, 2509),
(1005, 'after update', 6, 1, 6, 'nonaktif', '2020-06-21 11:38:44', '2020-06-21 11:38:44', 1, 1, 2510),
(1006, 'after update', 7, 1, 7, 'nonaktif', '2020-06-21 11:38:54', '2020-06-21 11:38:54', 1, 1, 2511),
(1007, 'after update', 8, 1, 8, 'nonaktif', '2020-06-21 11:39:36', '2020-06-21 11:39:36', 1, 1, 2512),
(1008, 'after update', 9, 1, 9, 'nonaktif', '2020-06-21 11:40:07', '2020-06-21 11:40:07', 1, 1, 2513),
(1009, 'after update', 10, 1, 10, 'nonaktif', '2020-06-21 11:40:52', '2020-06-21 11:40:52', 1, 1, 2514),
(1010, 'after update', 11, 1, 11, 'nonaktif', '2020-06-21 11:41:04', '2020-06-21 11:41:04', 1, 1, 2515),
(1011, 'after update', 12, 1, 12, 'nonaktif', '2020-06-21 11:41:23', '2020-06-21 11:41:23', 1, 1, 2516),
(1012, 'after update', 13, 1, 13, 'nonaktif', '2020-06-21 11:41:33', '2020-06-21 11:41:33', 1, 1, 2517),
(1013, 'after update', 14, 1, 14, 'nonaktif', '2020-06-21 11:41:42', '2020-06-21 11:41:42', 1, 1, 2518),
(1014, 'after update', 15, 1, 15, 'nonaktif', '2020-06-21 11:41:58', '2020-06-21 11:41:58', 1, 1, 2519),
(1015, 'after update', 16, 1, 16, 'nonaktif', '2020-06-21 11:42:07', '2020-06-21 11:42:07', 1, 1, 2520),
(1016, 'after update', 17, 1, 17, 'nonaktif', '2020-06-21 11:42:16', '2020-06-21 11:42:16', 1, 1, 2521),
(1017, 'after update', 18, 1, 18, 'nonaktif', '2020-06-21 11:42:28', '2020-06-21 11:42:28', 1, 1, 2522),
(1018, 'after update', 19, 1, 19, 'nonaktif', '2020-06-21 11:42:37', '2020-06-21 11:42:37', 1, 1, 2523),
(1019, 'after update', 20, 1, 20, 'nonaktif', '2020-06-22 12:12:04', '2020-06-22 12:12:04', 1, 1, 2524),
(1020, 'after update', 21, 1, 21, 'nonaktif', '2020-06-22 07:50:23', '2020-06-22 07:50:23', 1, 1, 2525),
(1021, 'after update', 85, 1, 22, 'nonaktif', '2020-06-22 12:32:52', '2020-06-22 12:32:52', 1, 1, 2526),
(1022, 'after update', 89, 1, 23, 'nonaktif', '2020-06-22 06:10:33', '2020-06-22 06:10:33', 1, 1, 2527),
(1023, 'after update', 93, 1, 24, 'nonaktif', '2020-06-26 10:07:22', '2020-06-26 10:07:22', 1, 1, 2528),
(1024, 'after update', 97, 1, 25, 'nonaktif', '2020-06-27 07:36:59', '2020-06-27 07:36:59', 1, 1, 2529),
(1025, 'after update', 101, 1, 26, 'nonaktif', '2020-06-30 09:26:26', '2020-06-30 09:26:26', 1, 1, 2530),
(1026, 'after update', 105, 1, 27, 'nonaktif', '2020-07-02 11:03:30', '2020-07-02 11:03:30', 1, 1, 2531),
(1027, 'after update', 109, 1, 28, 'nonaktif', '2020-07-06 08:49:56', '2020-07-06 08:49:56', 1, 1, 2532),
(1028, 'after update', 1, 1, 1, 'aktif', '2020-06-21 11:28:57', '2020-06-21 11:28:57', 1, 1, 2533),
(1029, 'after update', 2, 1, 2, 'aktif', '2020-06-21 11:28:57', '2020-06-21 11:28:57', 1, 1, 2534),
(1030, 'after update', 3, 1, 3, 'aktif', '2020-06-21 11:38:11', '2020-06-21 11:38:11', 1, 1, 2535),
(1031, 'after update', 4, 1, 4, 'aktif', '2020-06-21 11:38:23', '2020-06-21 11:38:23', 1, 1, 2536),
(1032, 'after update', 5, 1, 5, 'aktif', '2020-06-21 11:38:35', '2020-06-21 11:38:35', 1, 1, 2537),
(1033, 'after update', 6, 1, 6, 'aktif', '2020-06-21 11:38:44', '2020-06-21 11:38:44', 1, 1, 2538),
(1034, 'after update', 7, 1, 7, 'aktif', '2020-06-21 11:38:54', '2020-06-21 11:38:54', 1, 1, 2539),
(1035, 'after update', 8, 1, 8, 'aktif', '2020-06-21 11:39:36', '2020-06-21 11:39:36', 1, 1, 2540),
(1036, 'after update', 9, 1, 9, 'aktif', '2020-06-21 11:40:07', '2020-06-21 11:40:07', 1, 1, 2541),
(1037, 'after update', 10, 1, 10, 'aktif', '2020-06-21 11:40:52', '2020-06-21 11:40:52', 1, 1, 2542),
(1038, 'after update', 11, 1, 11, 'aktif', '2020-06-21 11:41:04', '2020-06-21 11:41:04', 1, 1, 2543),
(1039, 'after update', 12, 1, 12, 'aktif', '2020-06-21 11:41:23', '2020-06-21 11:41:23', 1, 1, 2544),
(1040, 'after update', 13, 1, 13, 'aktif', '2020-06-21 11:41:33', '2020-06-21 11:41:33', 1, 1, 2545),
(1041, 'after update', 14, 1, 14, 'aktif', '2020-06-21 11:41:42', '2020-06-21 11:41:42', 1, 1, 2546),
(1042, 'after update', 15, 1, 15, 'aktif', '2020-06-21 11:41:58', '2020-06-21 11:41:58', 1, 1, 2547),
(1043, 'after update', 16, 1, 16, 'aktif', '2020-06-21 11:42:07', '2020-06-21 11:42:07', 1, 1, 2548),
(1044, 'after update', 17, 1, 17, 'aktif', '2020-06-21 11:42:16', '2020-06-21 11:42:16', 1, 1, 2549),
(1045, 'after update', 18, 1, 18, 'aktif', '2020-06-21 11:42:28', '2020-06-21 11:42:28', 1, 1, 2550),
(1046, 'after update', 19, 1, 19, 'aktif', '2020-06-21 11:42:37', '2020-06-21 11:42:37', 1, 1, 2551),
(1047, 'after update', 21, 1, 21, 'aktif', '2020-06-22 07:50:23', '2020-06-22 07:50:23', 1, 1, 2552),
(1048, 'after update', 89, 1, 23, 'aktif', '2020-06-22 06:10:33', '2020-06-22 06:10:33', 1, 1, 2553),
(1049, 'after update', 93, 1, 24, 'aktif', '2020-06-26 10:07:22', '2020-06-26 10:07:22', 1, 1, 2554),
(1050, 'after update', 97, 1, 25, 'aktif', '2020-06-27 07:36:59', '2020-06-27 07:36:59', 1, 1, 2555),
(1051, 'after update', 101, 1, 26, 'aktif', '2020-06-30 09:26:26', '2020-06-30 09:26:26', 1, 1, 2556),
(1052, 'after update', 105, 1, 27, 'aktif', '2020-07-02 11:03:30', '2020-07-02 11:03:30', 1, 1, 2557),
(1053, 'after update', 109, 1, 28, 'aktif', '2020-07-06 08:49:56', '2020-07-06 08:49:56', 1, 1, 2558),
(1054, 'after update', 1, 1, 1, 'nonaktif', '2020-06-21 11:28:57', '2020-06-21 11:28:57', 1, 1, 2560),
(1055, 'after update', 2, 1, 2, 'nonaktif', '2020-06-21 11:28:57', '2020-06-21 11:28:57', 1, 1, 2561),
(1056, 'after update', 3, 1, 3, 'nonaktif', '2020-06-21 11:38:11', '2020-06-21 11:38:11', 1, 1, 2562),
(1057, 'after update', 4, 1, 4, 'nonaktif', '2020-06-21 11:38:23', '2020-06-21 11:38:23', 1, 1, 2563),
(1058, 'after update', 5, 1, 5, 'nonaktif', '2020-06-21 11:38:35', '2020-06-21 11:38:35', 1, 1, 2564),
(1059, 'after update', 6, 1, 6, 'nonaktif', '2020-06-21 11:38:44', '2020-06-21 11:38:44', 1, 1, 2565),
(1060, 'after update', 7, 1, 7, 'nonaktif', '2020-06-21 11:38:54', '2020-06-21 11:38:54', 1, 1, 2566),
(1061, 'after update', 8, 1, 8, 'nonaktif', '2020-06-21 11:39:36', '2020-06-21 11:39:36', 1, 1, 2567),
(1062, 'after update', 9, 1, 9, 'nonaktif', '2020-06-21 11:40:07', '2020-06-21 11:40:07', 1, 1, 2568),
(1063, 'after update', 10, 1, 10, 'nonaktif', '2020-06-21 11:40:52', '2020-06-21 11:40:52', 1, 1, 2569),
(1064, 'after update', 11, 1, 11, 'nonaktif', '2020-06-21 11:41:04', '2020-06-21 11:41:04', 1, 1, 2570),
(1065, 'after update', 12, 1, 12, 'nonaktif', '2020-06-21 11:41:23', '2020-06-21 11:41:23', 1, 1, 2571),
(1066, 'after update', 13, 1, 13, 'nonaktif', '2020-06-21 11:41:33', '2020-06-21 11:41:33', 1, 1, 2572),
(1067, 'after update', 14, 1, 14, 'nonaktif', '2020-06-21 11:41:42', '2020-06-21 11:41:42', 1, 1, 2573),
(1068, 'after update', 15, 1, 15, 'nonaktif', '2020-06-21 11:41:58', '2020-06-21 11:41:58', 1, 1, 2574),
(1069, 'after update', 16, 1, 16, 'nonaktif', '2020-06-21 11:42:07', '2020-06-21 11:42:07', 1, 1, 2575),
(1070, 'after update', 17, 1, 17, 'nonaktif', '2020-06-21 11:42:16', '2020-06-21 11:42:16', 1, 1, 2576),
(1071, 'after update', 18, 1, 18, 'nonaktif', '2020-06-21 11:42:28', '2020-06-21 11:42:28', 1, 1, 2577),
(1072, 'after update', 19, 1, 19, 'nonaktif', '2020-06-21 11:42:37', '2020-06-21 11:42:37', 1, 1, 2578),
(1073, 'after update', 20, 1, 20, 'nonaktif', '2020-06-22 12:12:04', '2020-06-22 12:12:04', 1, 1, 2579),
(1074, 'after update', 21, 1, 21, 'nonaktif', '2020-06-22 07:50:23', '2020-06-22 07:50:23', 1, 1, 2580),
(1075, 'after update', 85, 1, 22, 'nonaktif', '2020-06-22 12:32:52', '2020-06-22 12:32:52', 1, 1, 2581),
(1076, 'after update', 89, 1, 23, 'nonaktif', '2020-06-22 06:10:33', '2020-06-22 06:10:33', 1, 1, 2582),
(1077, 'after update', 93, 1, 24, 'nonaktif', '2020-06-26 10:07:22', '2020-06-26 10:07:22', 1, 1, 2583),
(1078, 'after update', 97, 1, 25, 'nonaktif', '2020-06-27 07:36:59', '2020-06-27 07:36:59', 1, 1, 2584),
(1079, 'after update', 101, 1, 26, 'nonaktif', '2020-06-30 09:26:26', '2020-06-30 09:26:26', 1, 1, 2585),
(1080, 'after update', 105, 1, 27, 'nonaktif', '2020-07-02 11:03:30', '2020-07-02 11:03:30', 1, 1, 2586),
(1081, 'after update', 109, 1, 28, 'nonaktif', '2020-07-06 08:49:56', '2020-07-06 08:49:56', 1, 1, 2587),
(1082, 'after update', 1, 1, 1, 'aktif', '2020-06-21 11:28:57', '2020-06-21 11:28:57', 1, 1, 2588),
(1083, 'after update', 2, 1, 2, 'aktif', '2020-06-21 11:28:57', '2020-06-21 11:28:57', 1, 1, 2589),
(1084, 'after update', 3, 1, 3, 'aktif', '2020-06-21 11:38:11', '2020-06-21 11:38:11', 1, 1, 2590),
(1085, 'after update', 4, 1, 4, 'aktif', '2020-06-21 11:38:23', '2020-06-21 11:38:23', 1, 1, 2591),
(1086, 'after update', 5, 1, 5, 'aktif', '2020-06-21 11:38:35', '2020-06-21 11:38:35', 1, 1, 2592),
(1087, 'after update', 6, 1, 6, 'aktif', '2020-06-21 11:38:44', '2020-06-21 11:38:44', 1, 1, 2593),
(1088, 'after update', 7, 1, 7, 'aktif', '2020-06-21 11:38:54', '2020-06-21 11:38:54', 1, 1, 2594),
(1089, 'after update', 8, 1, 8, 'aktif', '2020-06-21 11:39:36', '2020-06-21 11:39:36', 1, 1, 2595),
(1090, 'after update', 9, 1, 9, 'aktif', '2020-06-21 11:40:07', '2020-06-21 11:40:07', 1, 1, 2596),
(1091, 'after update', 10, 1, 10, 'aktif', '2020-06-21 11:40:52', '2020-06-21 11:40:52', 1, 1, 2597),
(1092, 'after update', 11, 1, 11, 'aktif', '2020-06-21 11:41:04', '2020-06-21 11:41:04', 1, 1, 2598),
(1093, 'after update', 12, 1, 12, 'aktif', '2020-06-21 11:41:23', '2020-06-21 11:41:23', 1, 1, 2599),
(1094, 'after update', 13, 1, 13, 'aktif', '2020-06-21 11:41:33', '2020-06-21 11:41:33', 1, 1, 2600),
(1095, 'after update', 14, 1, 14, 'aktif', '2020-06-21 11:41:42', '2020-06-21 11:41:42', 1, 1, 2601),
(1096, 'after update', 15, 1, 15, 'aktif', '2020-06-21 11:41:58', '2020-06-21 11:41:58', 1, 1, 2602),
(1097, 'after update', 16, 1, 16, 'aktif', '2020-06-21 11:42:07', '2020-06-21 11:42:07', 1, 1, 2603),
(1098, 'after update', 17, 1, 17, 'aktif', '2020-06-21 11:42:16', '2020-06-21 11:42:16', 1, 1, 2604),
(1099, 'after update', 18, 1, 18, 'aktif', '2020-06-21 11:42:28', '2020-06-21 11:42:28', 1, 1, 2605),
(1100, 'after update', 19, 1, 19, 'aktif', '2020-06-21 11:42:37', '2020-06-21 11:42:37', 1, 1, 2606),
(1101, 'after update', 21, 1, 21, 'aktif', '2020-06-22 07:50:23', '2020-06-22 07:50:23', 1, 1, 2607),
(1102, 'after update', 89, 1, 23, 'aktif', '2020-06-22 06:10:33', '2020-06-22 06:10:33', 1, 1, 2608),
(1103, 'after update', 93, 1, 24, 'aktif', '2020-06-26 10:07:22', '2020-06-26 10:07:22', 1, 1, 2609),
(1104, 'after update', 97, 1, 25, 'aktif', '2020-06-27 07:36:59', '2020-06-27 07:36:59', 1, 1, 2610),
(1105, 'after update', 101, 1, 26, 'aktif', '2020-06-30 09:26:26', '2020-06-30 09:26:26', 1, 1, 2611),
(1106, 'after update', 105, 1, 27, 'aktif', '2020-07-02 11:03:30', '2020-07-02 11:03:30', 1, 1, 2612),
(1107, 'after update', 1, 1, 1, 'nonaktif', '2020-06-21 11:28:57', '2020-06-21 11:28:57', 1, 1, 2614),
(1108, 'after update', 2, 1, 2, 'nonaktif', '2020-06-21 11:28:57', '2020-06-21 11:28:57', 1, 1, 2615),
(1109, 'after update', 3, 1, 3, 'nonaktif', '2020-06-21 11:38:11', '2020-06-21 11:38:11', 1, 1, 2616),
(1110, 'after update', 4, 1, 4, 'nonaktif', '2020-06-21 11:38:23', '2020-06-21 11:38:23', 1, 1, 2617),
(1111, 'after update', 5, 1, 5, 'nonaktif', '2020-06-21 11:38:35', '2020-06-21 11:38:35', 1, 1, 2618),
(1112, 'after update', 6, 1, 6, 'nonaktif', '2020-06-21 11:38:44', '2020-06-21 11:38:44', 1, 1, 2619),
(1113, 'after update', 7, 1, 7, 'nonaktif', '2020-06-21 11:38:54', '2020-06-21 11:38:54', 1, 1, 2620),
(1114, 'after update', 8, 1, 8, 'nonaktif', '2020-06-21 11:39:36', '2020-06-21 11:39:36', 1, 1, 2621),
(1115, 'after update', 9, 1, 9, 'nonaktif', '2020-06-21 11:40:07', '2020-06-21 11:40:07', 1, 1, 2622),
(1116, 'after update', 10, 1, 10, 'nonaktif', '2020-06-21 11:40:52', '2020-06-21 11:40:52', 1, 1, 2623),
(1117, 'after update', 11, 1, 11, 'nonaktif', '2020-06-21 11:41:04', '2020-06-21 11:41:04', 1, 1, 2624),
(1118, 'after update', 12, 1, 12, 'nonaktif', '2020-06-21 11:41:23', '2020-06-21 11:41:23', 1, 1, 2625),
(1119, 'after update', 13, 1, 13, 'nonaktif', '2020-06-21 11:41:33', '2020-06-21 11:41:33', 1, 1, 2626),
(1120, 'after update', 14, 1, 14, 'nonaktif', '2020-06-21 11:41:42', '2020-06-21 11:41:42', 1, 1, 2627),
(1121, 'after update', 15, 1, 15, 'nonaktif', '2020-06-21 11:41:58', '2020-06-21 11:41:58', 1, 1, 2628),
(1122, 'after update', 16, 1, 16, 'nonaktif', '2020-06-21 11:42:07', '2020-06-21 11:42:07', 1, 1, 2629),
(1123, 'after update', 17, 1, 17, 'nonaktif', '2020-06-21 11:42:16', '2020-06-21 11:42:16', 1, 1, 2630),
(1124, 'after update', 18, 1, 18, 'nonaktif', '2020-06-21 11:42:28', '2020-06-21 11:42:28', 1, 1, 2631),
(1125, 'after update', 19, 1, 19, 'nonaktif', '2020-06-21 11:42:37', '2020-06-21 11:42:37', 1, 1, 2632),
(1126, 'after update', 20, 1, 20, 'nonaktif', '2020-06-22 12:12:04', '2020-06-22 12:12:04', 1, 1, 2633),
(1127, 'after update', 21, 1, 21, 'nonaktif', '2020-06-22 07:50:23', '2020-06-22 07:50:23', 1, 1, 2634),
(1128, 'after update', 85, 1, 22, 'nonaktif', '2020-06-22 12:32:52', '2020-06-22 12:32:52', 1, 1, 2635),
(1129, 'after update', 89, 1, 23, 'nonaktif', '2020-06-22 06:10:33', '2020-06-22 06:10:33', 1, 1, 2636),
(1130, 'after update', 93, 1, 24, 'nonaktif', '2020-06-26 10:07:22', '2020-06-26 10:07:22', 1, 1, 2637),
(1131, 'after update', 97, 1, 25, 'nonaktif', '2020-06-27 07:36:59', '2020-06-27 07:36:59', 1, 1, 2638),
(1132, 'after update', 101, 1, 26, 'nonaktif', '2020-06-30 09:26:26', '2020-06-30 09:26:26', 1, 1, 2639),
(1133, 'after update', 105, 1, 27, 'nonaktif', '2020-07-02 11:03:30', '2020-07-02 11:03:30', 1, 1, 2640),
(1134, 'after update', 109, 1, 28, 'nonaktif', '2020-07-06 08:49:56', '2020-07-06 08:49:56', 1, 1, 2641),
(1135, 'after update', 1, 1, 1, 'aktif', '2020-06-21 11:28:57', '2020-06-21 11:28:57', 1, 1, 2642),
(1136, 'after update', 2, 1, 2, 'aktif', '2020-06-21 11:28:57', '2020-06-21 11:28:57', 1, 1, 2643),
(1137, 'after update', 3, 1, 3, 'aktif', '2020-06-21 11:38:11', '2020-06-21 11:38:11', 1, 1, 2644),
(1138, 'after update', 4, 1, 4, 'aktif', '2020-06-21 11:38:23', '2020-06-21 11:38:23', 1, 1, 2645),
(1139, 'after update', 5, 1, 5, 'aktif', '2020-06-21 11:38:35', '2020-06-21 11:38:35', 1, 1, 2646),
(1140, 'after update', 6, 1, 6, 'aktif', '2020-06-21 11:38:44', '2020-06-21 11:38:44', 1, 1, 2647),
(1141, 'after update', 7, 1, 7, 'aktif', '2020-06-21 11:38:54', '2020-06-21 11:38:54', 1, 1, 2648),
(1142, 'after update', 8, 1, 8, 'aktif', '2020-06-21 11:39:36', '2020-06-21 11:39:36', 1, 1, 2649),
(1143, 'after update', 9, 1, 9, 'aktif', '2020-06-21 11:40:07', '2020-06-21 11:40:07', 1, 1, 2650),
(1144, 'after update', 10, 1, 10, 'aktif', '2020-06-21 11:40:52', '2020-06-21 11:40:52', 1, 1, 2651),
(1145, 'after update', 11, 1, 11, 'aktif', '2020-06-21 11:41:04', '2020-06-21 11:41:04', 1, 1, 2652),
(1146, 'after update', 12, 1, 12, 'aktif', '2020-06-21 11:41:23', '2020-06-21 11:41:23', 1, 1, 2653),
(1147, 'after update', 13, 1, 13, 'aktif', '2020-06-21 11:41:33', '2020-06-21 11:41:33', 1, 1, 2654),
(1148, 'after update', 14, 1, 14, 'aktif', '2020-06-21 11:41:42', '2020-06-21 11:41:42', 1, 1, 2655),
(1149, 'after update', 15, 1, 15, 'aktif', '2020-06-21 11:41:58', '2020-06-21 11:41:58', 1, 1, 2656),
(1150, 'after update', 16, 1, 16, 'aktif', '2020-06-21 11:42:07', '2020-06-21 11:42:07', 1, 1, 2657),
(1151, 'after update', 17, 1, 17, 'aktif', '2020-06-21 11:42:16', '2020-06-21 11:42:16', 1, 1, 2658),
(1152, 'after update', 18, 1, 18, 'aktif', '2020-06-21 11:42:28', '2020-06-21 11:42:28', 1, 1, 2659),
(1153, 'after update', 19, 1, 19, 'aktif', '2020-06-21 11:42:37', '2020-06-21 11:42:37', 1, 1, 2660),
(1154, 'after update', 21, 1, 21, 'aktif', '2020-06-22 07:50:23', '2020-06-22 07:50:23', 1, 1, 2661),
(1155, 'after update', 89, 1, 23, 'aktif', '2020-06-22 06:10:33', '2020-06-22 06:10:33', 1, 1, 2662),
(1156, 'after update', 93, 1, 24, 'aktif', '2020-06-26 10:07:22', '2020-06-26 10:07:22', 1, 1, 2663),
(1157, 'after update', 97, 1, 25, 'aktif', '2020-06-27 07:36:59', '2020-06-27 07:36:59', 1, 1, 2664),
(1158, 'after update', 101, 1, 26, 'aktif', '2020-06-30 09:26:26', '2020-06-30 09:26:26', 1, 1, 2665),
(1159, 'after update', 105, 1, 27, 'aktif', '2020-07-02 11:03:30', '2020-07-02 11:03:30', 1, 1, 2666),
(1160, 'after update', 109, 1, 28, 'aktif', '2020-07-06 08:49:56', '2020-07-06 08:49:56', 1, 1, 2667),
(1161, 'after update', 1, 1, 1, 'nonaktif', '2020-06-21 11:28:57', '2020-06-21 11:28:57', 1, 1, 2669),
(1162, 'after update', 2, 1, 2, 'nonaktif', '2020-06-21 11:28:57', '2020-06-21 11:28:57', 1, 1, 2670),
(1163, 'after update', 3, 1, 3, 'nonaktif', '2020-06-21 11:38:11', '2020-06-21 11:38:11', 1, 1, 2671),
(1164, 'after update', 4, 1, 4, 'nonaktif', '2020-06-21 11:38:23', '2020-06-21 11:38:23', 1, 1, 2672),
(1165, 'after update', 5, 1, 5, 'nonaktif', '2020-06-21 11:38:35', '2020-06-21 11:38:35', 1, 1, 2673),
(1166, 'after update', 6, 1, 6, 'nonaktif', '2020-06-21 11:38:44', '2020-06-21 11:38:44', 1, 1, 2674),
(1167, 'after update', 7, 1, 7, 'nonaktif', '2020-06-21 11:38:54', '2020-06-21 11:38:54', 1, 1, 2675),
(1168, 'after update', 8, 1, 8, 'nonaktif', '2020-06-21 11:39:36', '2020-06-21 11:39:36', 1, 1, 2676),
(1169, 'after update', 9, 1, 9, 'nonaktif', '2020-06-21 11:40:07', '2020-06-21 11:40:07', 1, 1, 2677),
(1170, 'after update', 10, 1, 10, 'nonaktif', '2020-06-21 11:40:52', '2020-06-21 11:40:52', 1, 1, 2678),
(1171, 'after update', 11, 1, 11, 'nonaktif', '2020-06-21 11:41:04', '2020-06-21 11:41:04', 1, 1, 2679),
(1172, 'after update', 12, 1, 12, 'nonaktif', '2020-06-21 11:41:23', '2020-06-21 11:41:23', 1, 1, 2680),
(1173, 'after update', 13, 1, 13, 'nonaktif', '2020-06-21 11:41:33', '2020-06-21 11:41:33', 1, 1, 2681),
(1174, 'after update', 14, 1, 14, 'nonaktif', '2020-06-21 11:41:42', '2020-06-21 11:41:42', 1, 1, 2682),
(1175, 'after update', 15, 1, 15, 'nonaktif', '2020-06-21 11:41:58', '2020-06-21 11:41:58', 1, 1, 2683),
(1176, 'after update', 16, 1, 16, 'nonaktif', '2020-06-21 11:42:07', '2020-06-21 11:42:07', 1, 1, 2684),
(1177, 'after update', 17, 1, 17, 'nonaktif', '2020-06-21 11:42:16', '2020-06-21 11:42:16', 1, 1, 2685),
(1178, 'after update', 18, 1, 18, 'nonaktif', '2020-06-21 11:42:28', '2020-06-21 11:42:28', 1, 1, 2686),
(1179, 'after update', 19, 1, 19, 'nonaktif', '2020-06-21 11:42:37', '2020-06-21 11:42:37', 1, 1, 2687),
(1180, 'after update', 20, 1, 20, 'nonaktif', '2020-06-22 12:12:04', '2020-06-22 12:12:04', 1, 1, 2688),
(1181, 'after update', 21, 1, 21, 'nonaktif', '2020-06-22 07:50:23', '2020-06-22 07:50:23', 1, 1, 2689),
(1182, 'after update', 85, 1, 22, 'nonaktif', '2020-06-22 12:32:52', '2020-06-22 12:32:52', 1, 1, 2690),
(1183, 'after update', 89, 1, 23, 'nonaktif', '2020-06-22 06:10:33', '2020-06-22 06:10:33', 1, 1, 2691),
(1184, 'after update', 93, 1, 24, 'nonaktif', '2020-06-26 10:07:22', '2020-06-26 10:07:22', 1, 1, 2692),
(1185, 'after update', 97, 1, 25, 'nonaktif', '2020-06-27 07:36:59', '2020-06-27 07:36:59', 1, 1, 2693),
(1186, 'after update', 101, 1, 26, 'nonaktif', '2020-06-30 09:26:26', '2020-06-30 09:26:26', 1, 1, 2694),
(1187, 'after update', 105, 1, 27, 'nonaktif', '2020-07-02 11:03:30', '2020-07-02 11:03:30', 1, 1, 2695),
(1188, 'after update', 109, 1, 28, 'nonaktif', '2020-07-06 08:49:56', '2020-07-06 08:49:56', 1, 1, 2696),
(1189, 'after update', 1, 1, 1, 'aktif', '2020-06-21 11:28:57', '2020-06-21 11:28:57', 1, 1, 2697),
(1190, 'after update', 2, 1, 2, 'aktif', '2020-06-21 11:28:57', '2020-06-21 11:28:57', 1, 1, 2698),
(1191, 'after update', 3, 1, 3, 'aktif', '2020-06-21 11:38:11', '2020-06-21 11:38:11', 1, 1, 2699),
(1192, 'after update', 4, 1, 4, 'aktif', '2020-06-21 11:38:23', '2020-06-21 11:38:23', 1, 1, 2700),
(1193, 'after update', 5, 1, 5, 'aktif', '2020-06-21 11:38:35', '2020-06-21 11:38:35', 1, 1, 2701),
(1194, 'after update', 6, 1, 6, 'aktif', '2020-06-21 11:38:44', '2020-06-21 11:38:44', 1, 1, 2702),
(1195, 'after update', 7, 1, 7, 'aktif', '2020-06-21 11:38:54', '2020-06-21 11:38:54', 1, 1, 2703),
(1196, 'after update', 8, 1, 8, 'aktif', '2020-06-21 11:39:36', '2020-06-21 11:39:36', 1, 1, 2704),
(1197, 'after update', 9, 1, 9, 'aktif', '2020-06-21 11:40:07', '2020-06-21 11:40:07', 1, 1, 2705),
(1198, 'after update', 10, 1, 10, 'aktif', '2020-06-21 11:40:52', '2020-06-21 11:40:52', 1, 1, 2706),
(1199, 'after update', 11, 1, 11, 'aktif', '2020-06-21 11:41:04', '2020-06-21 11:41:04', 1, 1, 2707),
(1200, 'after update', 12, 1, 12, 'aktif', '2020-06-21 11:41:23', '2020-06-21 11:41:23', 1, 1, 2708),
(1201, 'after update', 13, 1, 13, 'aktif', '2020-06-21 11:41:33', '2020-06-21 11:41:33', 1, 1, 2709),
(1202, 'after update', 14, 1, 14, 'aktif', '2020-06-21 11:41:42', '2020-06-21 11:41:42', 1, 1, 2710),
(1203, 'after update', 15, 1, 15, 'aktif', '2020-06-21 11:41:58', '2020-06-21 11:41:58', 1, 1, 2711),
(1204, 'after update', 16, 1, 16, 'aktif', '2020-06-21 11:42:07', '2020-06-21 11:42:07', 1, 1, 2712),
(1205, 'after update', 17, 1, 17, 'aktif', '2020-06-21 11:42:16', '2020-06-21 11:42:16', 1, 1, 2713),
(1206, 'after update', 18, 1, 18, 'aktif', '2020-06-21 11:42:28', '2020-06-21 11:42:28', 1, 1, 2714),
(1207, 'after update', 19, 1, 19, 'aktif', '2020-06-21 11:42:37', '2020-06-21 11:42:37', 1, 1, 2715),
(1208, 'after update', 21, 1, 21, 'aktif', '2020-06-22 07:50:23', '2020-06-22 07:50:23', 1, 1, 2716),
(1209, 'after update', 89, 1, 23, 'aktif', '2020-06-22 06:10:33', '2020-06-22 06:10:33', 1, 1, 2717),
(1210, 'after update', 93, 1, 24, 'aktif', '2020-06-26 10:07:22', '2020-06-26 10:07:22', 1, 1, 2718),
(1211, 'after update', 97, 1, 25, 'aktif', '2020-06-27 07:36:59', '2020-06-27 07:36:59', 1, 1, 2719),
(1212, 'after update', 101, 1, 26, 'aktif', '2020-06-30 09:26:26', '2020-06-30 09:26:26', 1, 1, 2720),
(1213, 'after update', 105, 1, 27, 'aktif', '2020-07-02 11:03:30', '2020-07-02 11:03:30', 1, 1, 2721),
(1214, 'after update', 1, 1, 1, 'nonaktif', '2020-06-21 11:28:57', '2020-06-21 11:28:57', 1, 1, 2723),
(1215, 'after update', 2, 1, 2, 'nonaktif', '2020-06-21 11:28:57', '2020-06-21 11:28:57', 1, 1, 2724),
(1216, 'after update', 3, 1, 3, 'nonaktif', '2020-06-21 11:38:11', '2020-06-21 11:38:11', 1, 1, 2725),
(1217, 'after update', 4, 1, 4, 'nonaktif', '2020-06-21 11:38:23', '2020-06-21 11:38:23', 1, 1, 2726),
(1218, 'after update', 5, 1, 5, 'nonaktif', '2020-06-21 11:38:35', '2020-06-21 11:38:35', 1, 1, 2727),
(1219, 'after update', 6, 1, 6, 'nonaktif', '2020-06-21 11:38:44', '2020-06-21 11:38:44', 1, 1, 2728),
(1220, 'after update', 7, 1, 7, 'nonaktif', '2020-06-21 11:38:54', '2020-06-21 11:38:54', 1, 1, 2729),
(1221, 'after update', 8, 1, 8, 'nonaktif', '2020-06-21 11:39:36', '2020-06-21 11:39:36', 1, 1, 2730),
(1222, 'after update', 9, 1, 9, 'nonaktif', '2020-06-21 11:40:07', '2020-06-21 11:40:07', 1, 1, 2731),
(1223, 'after update', 10, 1, 10, 'nonaktif', '2020-06-21 11:40:52', '2020-06-21 11:40:52', 1, 1, 2732),
(1224, 'after update', 11, 1, 11, 'nonaktif', '2020-06-21 11:41:04', '2020-06-21 11:41:04', 1, 1, 2733),
(1225, 'after update', 12, 1, 12, 'nonaktif', '2020-06-21 11:41:23', '2020-06-21 11:41:23', 1, 1, 2734),
(1226, 'after update', 13, 1, 13, 'nonaktif', '2020-06-21 11:41:33', '2020-06-21 11:41:33', 1, 1, 2735),
(1227, 'after update', 14, 1, 14, 'nonaktif', '2020-06-21 11:41:42', '2020-06-21 11:41:42', 1, 1, 2736),
(1228, 'after update', 15, 1, 15, 'nonaktif', '2020-06-21 11:41:58', '2020-06-21 11:41:58', 1, 1, 2737),
(1229, 'after update', 16, 1, 16, 'nonaktif', '2020-06-21 11:42:07', '2020-06-21 11:42:07', 1, 1, 2738),
(1230, 'after update', 17, 1, 17, 'nonaktif', '2020-06-21 11:42:16', '2020-06-21 11:42:16', 1, 1, 2739),
(1231, 'after update', 18, 1, 18, 'nonaktif', '2020-06-21 11:42:28', '2020-06-21 11:42:28', 1, 1, 2740),
(1232, 'after update', 19, 1, 19, 'nonaktif', '2020-06-21 11:42:37', '2020-06-21 11:42:37', 1, 1, 2741),
(1233, 'after update', 20, 1, 20, 'nonaktif', '2020-06-22 12:12:04', '2020-06-22 12:12:04', 1, 1, 2742),
(1234, 'after update', 21, 1, 21, 'nonaktif', '2020-06-22 07:50:23', '2020-06-22 07:50:23', 1, 1, 2743),
(1235, 'after update', 85, 1, 22, 'nonaktif', '2020-06-22 12:32:52', '2020-06-22 12:32:52', 1, 1, 2744),
(1236, 'after update', 89, 1, 23, 'nonaktif', '2020-06-22 06:10:33', '2020-06-22 06:10:33', 1, 1, 2745),
(1237, 'after update', 93, 1, 24, 'nonaktif', '2020-06-26 10:07:22', '2020-06-26 10:07:22', 1, 1, 2746),
(1238, 'after update', 97, 1, 25, 'nonaktif', '2020-06-27 07:36:59', '2020-06-27 07:36:59', 1, 1, 2747),
(1239, 'after update', 101, 1, 26, 'nonaktif', '2020-06-30 09:26:26', '2020-06-30 09:26:26', 1, 1, 2748),
(1240, 'after update', 105, 1, 27, 'nonaktif', '2020-07-02 11:03:30', '2020-07-02 11:03:30', 1, 1, 2749),
(1241, 'after update', 109, 1, 28, 'nonaktif', '2020-07-06 08:49:56', '2020-07-06 08:49:56', 1, 1, 2750),
(1242, 'after update', 1, 1, 1, 'aktif', '2020-06-21 11:28:57', '2020-06-21 11:28:57', 1, 1, 2751),
(1243, 'after update', 2, 1, 2, 'aktif', '2020-06-21 11:28:57', '2020-06-21 11:28:57', 1, 1, 2752),
(1244, 'after update', 3, 1, 3, 'aktif', '2020-06-21 11:38:11', '2020-06-21 11:38:11', 1, 1, 2753),
(1245, 'after update', 4, 1, 4, 'aktif', '2020-06-21 11:38:23', '2020-06-21 11:38:23', 1, 1, 2754),
(1246, 'after update', 5, 1, 5, 'aktif', '2020-06-21 11:38:35', '2020-06-21 11:38:35', 1, 1, 2755),
(1247, 'after update', 6, 1, 6, 'aktif', '2020-06-21 11:38:44', '2020-06-21 11:38:44', 1, 1, 2756),
(1248, 'after update', 7, 1, 7, 'aktif', '2020-06-21 11:38:54', '2020-06-21 11:38:54', 1, 1, 2757),
(1249, 'after update', 8, 1, 8, 'aktif', '2020-06-21 11:39:36', '2020-06-21 11:39:36', 1, 1, 2758),
(1250, 'after update', 9, 1, 9, 'aktif', '2020-06-21 11:40:07', '2020-06-21 11:40:07', 1, 1, 2759),
(1251, 'after update', 10, 1, 10, 'aktif', '2020-06-21 11:40:52', '2020-06-21 11:40:52', 1, 1, 2760),
(1252, 'after update', 11, 1, 11, 'aktif', '2020-06-21 11:41:04', '2020-06-21 11:41:04', 1, 1, 2761),
(1253, 'after update', 12, 1, 12, 'aktif', '2020-06-21 11:41:23', '2020-06-21 11:41:23', 1, 1, 2762),
(1254, 'after update', 13, 1, 13, 'aktif', '2020-06-21 11:41:33', '2020-06-21 11:41:33', 1, 1, 2763),
(1255, 'after update', 14, 1, 14, 'aktif', '2020-06-21 11:41:42', '2020-06-21 11:41:42', 1, 1, 2764),
(1256, 'after update', 15, 1, 15, 'aktif', '2020-06-21 11:41:58', '2020-06-21 11:41:58', 1, 1, 2765),
(1257, 'after update', 16, 1, 16, 'aktif', '2020-06-21 11:42:07', '2020-06-21 11:42:07', 1, 1, 2766),
(1258, 'after update', 17, 1, 17, 'aktif', '2020-06-21 11:42:16', '2020-06-21 11:42:16', 1, 1, 2767),
(1259, 'after update', 18, 1, 18, 'aktif', '2020-06-21 11:42:28', '2020-06-21 11:42:28', 1, 1, 2768),
(1260, 'after update', 19, 1, 19, 'aktif', '2020-06-21 11:42:37', '2020-06-21 11:42:37', 1, 1, 2769),
(1261, 'after update', 21, 1, 21, 'aktif', '2020-06-22 07:50:23', '2020-06-22 07:50:23', 1, 1, 2770),
(1262, 'after update', 89, 1, 23, 'aktif', '2020-06-22 06:10:33', '2020-06-22 06:10:33', 1, 1, 2771),
(1263, 'after update', 93, 1, 24, 'aktif', '2020-06-26 10:07:22', '2020-06-26 10:07:22', 1, 1, 2772),
(1264, 'after update', 97, 1, 25, 'aktif', '2020-06-27 07:36:59', '2020-06-27 07:36:59', 1, 1, 2773),
(1265, 'after update', 101, 1, 26, 'aktif', '2020-06-30 09:26:26', '2020-06-30 09:26:26', 1, 1, 2774),
(1266, 'after update', 105, 1, 27, 'aktif', '2020-07-02 11:03:30', '2020-07-02 11:03:30', 1, 1, 2775),
(1267, 'after update', 109, 1, 28, 'aktif', '2020-07-06 08:49:56', '2020-07-06 08:49:56', 1, 1, 2776),
(1268, 'after update', 1, 1, 1, 'nonaktif', '2020-06-21 11:28:57', '2020-06-21 11:28:57', 1, 1, 2778),
(1269, 'after update', 2, 1, 2, 'nonaktif', '2020-06-21 11:28:57', '2020-06-21 11:28:57', 1, 1, 2779),
(1270, 'after update', 3, 1, 3, 'nonaktif', '2020-06-21 11:38:11', '2020-06-21 11:38:11', 1, 1, 2780),
(1271, 'after update', 4, 1, 4, 'nonaktif', '2020-06-21 11:38:23', '2020-06-21 11:38:23', 1, 1, 2781),
(1272, 'after update', 5, 1, 5, 'nonaktif', '2020-06-21 11:38:35', '2020-06-21 11:38:35', 1, 1, 2782),
(1273, 'after update', 6, 1, 6, 'nonaktif', '2020-06-21 11:38:44', '2020-06-21 11:38:44', 1, 1, 2783),
(1274, 'after update', 7, 1, 7, 'nonaktif', '2020-06-21 11:38:54', '2020-06-21 11:38:54', 1, 1, 2784),
(1275, 'after update', 8, 1, 8, 'nonaktif', '2020-06-21 11:39:36', '2020-06-21 11:39:36', 1, 1, 2785),
(1276, 'after update', 9, 1, 9, 'nonaktif', '2020-06-21 11:40:07', '2020-06-21 11:40:07', 1, 1, 2786),
(1277, 'after update', 10, 1, 10, 'nonaktif', '2020-06-21 11:40:52', '2020-06-21 11:40:52', 1, 1, 2787),
(1278, 'after update', 11, 1, 11, 'nonaktif', '2020-06-21 11:41:04', '2020-06-21 11:41:04', 1, 1, 2788),
(1279, 'after update', 12, 1, 12, 'nonaktif', '2020-06-21 11:41:23', '2020-06-21 11:41:23', 1, 1, 2789),
(1280, 'after update', 13, 1, 13, 'nonaktif', '2020-06-21 11:41:33', '2020-06-21 11:41:33', 1, 1, 2790),
(1281, 'after update', 14, 1, 14, 'nonaktif', '2020-06-21 11:41:42', '2020-06-21 11:41:42', 1, 1, 2791),
(1282, 'after update', 15, 1, 15, 'nonaktif', '2020-06-21 11:41:58', '2020-06-21 11:41:58', 1, 1, 2792),
(1283, 'after update', 16, 1, 16, 'nonaktif', '2020-06-21 11:42:07', '2020-06-21 11:42:07', 1, 1, 2793),
(1284, 'after update', 17, 1, 17, 'nonaktif', '2020-06-21 11:42:16', '2020-06-21 11:42:16', 1, 1, 2794),
(1285, 'after update', 18, 1, 18, 'nonaktif', '2020-06-21 11:42:28', '2020-06-21 11:42:28', 1, 1, 2795),
(1286, 'after update', 19, 1, 19, 'nonaktif', '2020-06-21 11:42:37', '2020-06-21 11:42:37', 1, 1, 2796),
(1287, 'after update', 20, 1, 20, 'nonaktif', '2020-06-22 12:12:04', '2020-06-22 12:12:04', 1, 1, 2797),
(1288, 'after update', 21, 1, 21, 'nonaktif', '2020-06-22 07:50:23', '2020-06-22 07:50:23', 1, 1, 2798),
(1289, 'after update', 85, 1, 22, 'nonaktif', '2020-06-22 12:32:52', '2020-06-22 12:32:52', 1, 1, 2799),
(1290, 'after update', 89, 1, 23, 'nonaktif', '2020-06-22 06:10:33', '2020-06-22 06:10:33', 1, 1, 2800),
(1291, 'after update', 93, 1, 24, 'nonaktif', '2020-06-26 10:07:22', '2020-06-26 10:07:22', 1, 1, 2801),
(1292, 'after update', 97, 1, 25, 'nonaktif', '2020-06-27 07:36:59', '2020-06-27 07:36:59', 1, 1, 2802),
(1293, 'after update', 101, 1, 26, 'nonaktif', '2020-06-30 09:26:26', '2020-06-30 09:26:26', 1, 1, 2803),
(1294, 'after update', 105, 1, 27, 'nonaktif', '2020-07-02 11:03:30', '2020-07-02 11:03:30', 1, 1, 2804),
(1295, 'after update', 109, 1, 28, 'nonaktif', '2020-07-06 08:49:56', '2020-07-06 08:49:56', 1, 1, 2805),
(1296, 'after update', 1, 1, 1, 'aktif', '2020-06-21 11:28:57', '2020-06-21 11:28:57', 1, 1, 2806),
(1297, 'after update', 2, 1, 2, 'aktif', '2020-06-21 11:28:57', '2020-06-21 11:28:57', 1, 1, 2807),
(1298, 'after update', 3, 1, 3, 'aktif', '2020-06-21 11:38:11', '2020-06-21 11:38:11', 1, 1, 2808),
(1299, 'after update', 4, 1, 4, 'aktif', '2020-06-21 11:38:23', '2020-06-21 11:38:23', 1, 1, 2809),
(1300, 'after update', 5, 1, 5, 'aktif', '2020-06-21 11:38:35', '2020-06-21 11:38:35', 1, 1, 2810),
(1301, 'after update', 6, 1, 6, 'aktif', '2020-06-21 11:38:44', '2020-06-21 11:38:44', 1, 1, 2811),
(1302, 'after update', 7, 1, 7, 'aktif', '2020-06-21 11:38:54', '2020-06-21 11:38:54', 1, 1, 2812),
(1303, 'after update', 8, 1, 8, 'aktif', '2020-06-21 11:39:36', '2020-06-21 11:39:36', 1, 1, 2813),
(1304, 'after update', 9, 1, 9, 'aktif', '2020-06-21 11:40:07', '2020-06-21 11:40:07', 1, 1, 2814),
(1305, 'after update', 10, 1, 10, 'aktif', '2020-06-21 11:40:52', '2020-06-21 11:40:52', 1, 1, 2815),
(1306, 'after update', 11, 1, 11, 'aktif', '2020-06-21 11:41:04', '2020-06-21 11:41:04', 1, 1, 2816),
(1307, 'after update', 12, 1, 12, 'aktif', '2020-06-21 11:41:23', '2020-06-21 11:41:23', 1, 1, 2817),
(1308, 'after update', 13, 1, 13, 'aktif', '2020-06-21 11:41:33', '2020-06-21 11:41:33', 1, 1, 2818),
(1309, 'after update', 14, 1, 14, 'aktif', '2020-06-21 11:41:42', '2020-06-21 11:41:42', 1, 1, 2819),
(1310, 'after update', 15, 1, 15, 'aktif', '2020-06-21 11:41:58', '2020-06-21 11:41:58', 1, 1, 2820),
(1311, 'after update', 16, 1, 16, 'aktif', '2020-06-21 11:42:07', '2020-06-21 11:42:07', 1, 1, 2821),
(1312, 'after update', 17, 1, 17, 'aktif', '2020-06-21 11:42:16', '2020-06-21 11:42:16', 1, 1, 2822),
(1313, 'after update', 18, 1, 18, 'aktif', '2020-06-21 11:42:28', '2020-06-21 11:42:28', 1, 1, 2823),
(1314, 'after update', 19, 1, 19, 'aktif', '2020-06-21 11:42:37', '2020-06-21 11:42:37', 1, 1, 2824),
(1315, 'after update', 21, 1, 21, 'aktif', '2020-06-22 07:50:23', '2020-06-22 07:50:23', 1, 1, 2825),
(1316, 'after update', 89, 1, 23, 'aktif', '2020-06-22 06:10:33', '2020-06-22 06:10:33', 1, 1, 2826),
(1317, 'after update', 93, 1, 24, 'aktif', '2020-06-26 10:07:22', '2020-06-26 10:07:22', 1, 1, 2827),
(1318, 'after update', 97, 1, 25, 'aktif', '2020-06-27 07:36:59', '2020-06-27 07:36:59', 1, 1, 2828),
(1319, 'after update', 101, 1, 26, 'aktif', '2020-06-30 09:26:26', '2020-06-30 09:26:26', 1, 1, 2829),
(1320, 'after update', 105, 1, 27, 'aktif', '2020-07-02 11:03:30', '2020-07-02 11:03:30', 1, 1, 2830),
(1321, 'after update', 1, 1, 1, 'nonaktif', '2020-06-21 11:28:57', '2020-06-21 11:28:57', 1, 1, 2832),
(1322, 'after update', 2, 1, 2, 'nonaktif', '2020-06-21 11:28:57', '2020-06-21 11:28:57', 1, 1, 2833),
(1323, 'after update', 3, 1, 3, 'nonaktif', '2020-06-21 11:38:11', '2020-06-21 11:38:11', 1, 1, 2834),
(1324, 'after update', 4, 1, 4, 'nonaktif', '2020-06-21 11:38:23', '2020-06-21 11:38:23', 1, 1, 2835),
(1325, 'after update', 5, 1, 5, 'nonaktif', '2020-06-21 11:38:35', '2020-06-21 11:38:35', 1, 1, 2836),
(1326, 'after update', 6, 1, 6, 'nonaktif', '2020-06-21 11:38:44', '2020-06-21 11:38:44', 1, 1, 2837),
(1327, 'after update', 7, 1, 7, 'nonaktif', '2020-06-21 11:38:54', '2020-06-21 11:38:54', 1, 1, 2838),
(1328, 'after update', 8, 1, 8, 'nonaktif', '2020-06-21 11:39:36', '2020-06-21 11:39:36', 1, 1, 2839),
(1329, 'after update', 9, 1, 9, 'nonaktif', '2020-06-21 11:40:07', '2020-06-21 11:40:07', 1, 1, 2840),
(1330, 'after update', 10, 1, 10, 'nonaktif', '2020-06-21 11:40:52', '2020-06-21 11:40:52', 1, 1, 2841),
(1331, 'after update', 11, 1, 11, 'nonaktif', '2020-06-21 11:41:04', '2020-06-21 11:41:04', 1, 1, 2842),
(1332, 'after update', 12, 1, 12, 'nonaktif', '2020-06-21 11:41:23', '2020-06-21 11:41:23', 1, 1, 2843),
(1333, 'after update', 13, 1, 13, 'nonaktif', '2020-06-21 11:41:33', '2020-06-21 11:41:33', 1, 1, 2844),
(1334, 'after update', 14, 1, 14, 'nonaktif', '2020-06-21 11:41:42', '2020-06-21 11:41:42', 1, 1, 2845),
(1335, 'after update', 15, 1, 15, 'nonaktif', '2020-06-21 11:41:58', '2020-06-21 11:41:58', 1, 1, 2846),
(1336, 'after update', 16, 1, 16, 'nonaktif', '2020-06-21 11:42:07', '2020-06-21 11:42:07', 1, 1, 2847),
(1337, 'after update', 17, 1, 17, 'nonaktif', '2020-06-21 11:42:16', '2020-06-21 11:42:16', 1, 1, 2848),
(1338, 'after update', 18, 1, 18, 'nonaktif', '2020-06-21 11:42:28', '2020-06-21 11:42:28', 1, 1, 2849),
(1339, 'after update', 19, 1, 19, 'nonaktif', '2020-06-21 11:42:37', '2020-06-21 11:42:37', 1, 1, 2850),
(1340, 'after update', 20, 1, 20, 'nonaktif', '2020-06-22 12:12:04', '2020-06-22 12:12:04', 1, 1, 2851),
(1341, 'after update', 21, 1, 21, 'nonaktif', '2020-06-22 07:50:23', '2020-06-22 07:50:23', 1, 1, 2852),
(1342, 'after update', 85, 1, 22, 'nonaktif', '2020-06-22 12:32:52', '2020-06-22 12:32:52', 1, 1, 2853),
(1343, 'after update', 89, 1, 23, 'nonaktif', '2020-06-22 06:10:33', '2020-06-22 06:10:33', 1, 1, 2854),
(1344, 'after update', 93, 1, 24, 'nonaktif', '2020-06-26 10:07:22', '2020-06-26 10:07:22', 1, 1, 2855),
(1345, 'after update', 97, 1, 25, 'nonaktif', '2020-06-27 07:36:59', '2020-06-27 07:36:59', 1, 1, 2856),
(1346, 'after update', 101, 1, 26, 'nonaktif', '2020-06-30 09:26:26', '2020-06-30 09:26:26', 1, 1, 2857),
(1347, 'after update', 105, 1, 27, 'nonaktif', '2020-07-02 11:03:30', '2020-07-02 11:03:30', 1, 1, 2858),
(1348, 'after update', 109, 1, 28, 'nonaktif', '2020-07-06 08:49:56', '2020-07-06 08:49:56', 1, 1, 2859),
(1349, 'after update', 1, 1, 1, 'aktif', '2020-06-21 11:28:57', '2020-06-21 11:28:57', 1, 1, 2860),
(1350, 'after update', 2, 1, 2, 'aktif', '2020-06-21 11:28:57', '2020-06-21 11:28:57', 1, 1, 2861),
(1351, 'after update', 3, 1, 3, 'aktif', '2020-06-21 11:38:11', '2020-06-21 11:38:11', 1, 1, 2862),
(1352, 'after update', 4, 1, 4, 'aktif', '2020-06-21 11:38:23', '2020-06-21 11:38:23', 1, 1, 2863),
(1353, 'after update', 5, 1, 5, 'aktif', '2020-06-21 11:38:35', '2020-06-21 11:38:35', 1, 1, 2864),
(1354, 'after update', 6, 1, 6, 'aktif', '2020-06-21 11:38:44', '2020-06-21 11:38:44', 1, 1, 2865),
(1355, 'after update', 7, 1, 7, 'aktif', '2020-06-21 11:38:54', '2020-06-21 11:38:54', 1, 1, 2866),
(1356, 'after update', 8, 1, 8, 'aktif', '2020-06-21 11:39:36', '2020-06-21 11:39:36', 1, 1, 2867),
(1357, 'after update', 9, 1, 9, 'aktif', '2020-06-21 11:40:07', '2020-06-21 11:40:07', 1, 1, 2868),
(1358, 'after update', 10, 1, 10, 'aktif', '2020-06-21 11:40:52', '2020-06-21 11:40:52', 1, 1, 2869),
(1359, 'after update', 11, 1, 11, 'aktif', '2020-06-21 11:41:04', '2020-06-21 11:41:04', 1, 1, 2870),
(1360, 'after update', 12, 1, 12, 'aktif', '2020-06-21 11:41:23', '2020-06-21 11:41:23', 1, 1, 2871),
(1361, 'after update', 13, 1, 13, 'aktif', '2020-06-21 11:41:33', '2020-06-21 11:41:33', 1, 1, 2872),
(1362, 'after update', 14, 1, 14, 'aktif', '2020-06-21 11:41:42', '2020-06-21 11:41:42', 1, 1, 2873),
(1363, 'after update', 15, 1, 15, 'aktif', '2020-06-21 11:41:58', '2020-06-21 11:41:58', 1, 1, 2874),
(1364, 'after update', 16, 1, 16, 'aktif', '2020-06-21 11:42:07', '2020-06-21 11:42:07', 1, 1, 2875),
(1365, 'after update', 17, 1, 17, 'aktif', '2020-06-21 11:42:16', '2020-06-21 11:42:16', 1, 1, 2876),
(1366, 'after update', 18, 1, 18, 'aktif', '2020-06-21 11:42:28', '2020-06-21 11:42:28', 1, 1, 2877),
(1367, 'after update', 19, 1, 19, 'aktif', '2020-06-21 11:42:37', '2020-06-21 11:42:37', 1, 1, 2878),
(1368, 'after update', 21, 1, 21, 'aktif', '2020-06-22 07:50:23', '2020-06-22 07:50:23', 1, 1, 2879),
(1369, 'after update', 89, 1, 23, 'aktif', '2020-06-22 06:10:33', '2020-06-22 06:10:33', 1, 1, 2880),
(1370, 'after update', 93, 1, 24, 'aktif', '2020-06-26 10:07:22', '2020-06-26 10:07:22', 1, 1, 2881),
(1371, 'after update', 97, 1, 25, 'aktif', '2020-06-27 07:36:59', '2020-06-27 07:36:59', 1, 1, 2882),
(1372, 'after update', 101, 1, 26, 'aktif', '2020-06-30 09:26:26', '2020-06-30 09:26:26', 1, 1, 2883),
(1373, 'after update', 105, 1, 27, 'aktif', '2020-07-02 11:03:30', '2020-07-02 11:03:30', 1, 1, 2884),
(1374, 'after update', 109, 1, 28, 'aktif', '2020-07-06 08:49:56', '2020-07-06 08:49:56', 1, 1, 2885),
(1375, 'after update', 1, 1, 1, 'nonaktif', '2020-06-21 11:28:57', '2020-06-21 11:28:57', 1, 1, 2887),
(1376, 'after update', 2, 1, 2, 'nonaktif', '2020-06-21 11:28:57', '2020-06-21 11:28:57', 1, 1, 2888),
(1377, 'after update', 3, 1, 3, 'nonaktif', '2020-06-21 11:38:11', '2020-06-21 11:38:11', 1, 1, 2889),
(1378, 'after update', 4, 1, 4, 'nonaktif', '2020-06-21 11:38:23', '2020-06-21 11:38:23', 1, 1, 2890),
(1379, 'after update', 5, 1, 5, 'nonaktif', '2020-06-21 11:38:35', '2020-06-21 11:38:35', 1, 1, 2891),
(1380, 'after update', 6, 1, 6, 'nonaktif', '2020-06-21 11:38:44', '2020-06-21 11:38:44', 1, 1, 2892),
(1381, 'after update', 7, 1, 7, 'nonaktif', '2020-06-21 11:38:54', '2020-06-21 11:38:54', 1, 1, 2893),
(1382, 'after update', 8, 1, 8, 'nonaktif', '2020-06-21 11:39:36', '2020-06-21 11:39:36', 1, 1, 2894),
(1383, 'after update', 9, 1, 9, 'nonaktif', '2020-06-21 11:40:07', '2020-06-21 11:40:07', 1, 1, 2895),
(1384, 'after update', 10, 1, 10, 'nonaktif', '2020-06-21 11:40:52', '2020-06-21 11:40:52', 1, 1, 2896),
(1385, 'after update', 11, 1, 11, 'nonaktif', '2020-06-21 11:41:04', '2020-06-21 11:41:04', 1, 1, 2897),
(1386, 'after update', 12, 1, 12, 'nonaktif', '2020-06-21 11:41:23', '2020-06-21 11:41:23', 1, 1, 2898),
(1387, 'after update', 13, 1, 13, 'nonaktif', '2020-06-21 11:41:33', '2020-06-21 11:41:33', 1, 1, 2899),
(1388, 'after update', 14, 1, 14, 'nonaktif', '2020-06-21 11:41:42', '2020-06-21 11:41:42', 1, 1, 2900),
(1389, 'after update', 15, 1, 15, 'nonaktif', '2020-06-21 11:41:58', '2020-06-21 11:41:58', 1, 1, 2901),
(1390, 'after update', 16, 1, 16, 'nonaktif', '2020-06-21 11:42:07', '2020-06-21 11:42:07', 1, 1, 2902),
(1391, 'after update', 17, 1, 17, 'nonaktif', '2020-06-21 11:42:16', '2020-06-21 11:42:16', 1, 1, 2903),
(1392, 'after update', 18, 1, 18, 'nonaktif', '2020-06-21 11:42:28', '2020-06-21 11:42:28', 1, 1, 2904),
(1393, 'after update', 19, 1, 19, 'nonaktif', '2020-06-21 11:42:37', '2020-06-21 11:42:37', 1, 1, 2905),
(1394, 'after update', 20, 1, 20, 'nonaktif', '2020-06-22 12:12:04', '2020-06-22 12:12:04', 1, 1, 2906),
(1395, 'after update', 21, 1, 21, 'nonaktif', '2020-06-22 07:50:23', '2020-06-22 07:50:23', 1, 1, 2907),
(1396, 'after update', 85, 1, 22, 'nonaktif', '2020-06-22 12:32:52', '2020-06-22 12:32:52', 1, 1, 2908),
(1397, 'after update', 89, 1, 23, 'nonaktif', '2020-06-22 06:10:33', '2020-06-22 06:10:33', 1, 1, 2909),
(1398, 'after update', 93, 1, 24, 'nonaktif', '2020-06-26 10:07:22', '2020-06-26 10:07:22', 1, 1, 2910),
(1399, 'after update', 97, 1, 25, 'nonaktif', '2020-06-27 07:36:59', '2020-06-27 07:36:59', 1, 1, 2911),
(1400, 'after update', 101, 1, 26, 'nonaktif', '2020-06-30 09:26:26', '2020-06-30 09:26:26', 1, 1, 2912),
(1401, 'after update', 105, 1, 27, 'nonaktif', '2020-07-02 11:03:30', '2020-07-02 11:03:30', 1, 1, 2913),
(1402, 'after update', 109, 1, 28, 'nonaktif', '2020-07-06 08:49:56', '2020-07-06 08:49:56', 1, 1, 2914),
(1403, 'after update', 1, 1, 1, 'aktif', '2020-06-21 11:28:57', '2020-06-21 11:28:57', 1, 1, 2915),
(1404, 'after update', 2, 1, 2, 'aktif', '2020-06-21 11:28:57', '2020-06-21 11:28:57', 1, 1, 2916),
(1405, 'after update', 3, 1, 3, 'aktif', '2020-06-21 11:38:11', '2020-06-21 11:38:11', 1, 1, 2917),
(1406, 'after update', 4, 1, 4, 'aktif', '2020-06-21 11:38:23', '2020-06-21 11:38:23', 1, 1, 2918),
(1407, 'after update', 5, 1, 5, 'aktif', '2020-06-21 11:38:35', '2020-06-21 11:38:35', 1, 1, 2919),
(1408, 'after update', 6, 1, 6, 'aktif', '2020-06-21 11:38:44', '2020-06-21 11:38:44', 1, 1, 2920),
(1409, 'after update', 7, 1, 7, 'aktif', '2020-06-21 11:38:54', '2020-06-21 11:38:54', 1, 1, 2921),
(1410, 'after update', 8, 1, 8, 'aktif', '2020-06-21 11:39:36', '2020-06-21 11:39:36', 1, 1, 2922),
(1411, 'after update', 9, 1, 9, 'aktif', '2020-06-21 11:40:07', '2020-06-21 11:40:07', 1, 1, 2923),
(1412, 'after update', 10, 1, 10, 'aktif', '2020-06-21 11:40:52', '2020-06-21 11:40:52', 1, 1, 2924),
(1413, 'after update', 11, 1, 11, 'aktif', '2020-06-21 11:41:04', '2020-06-21 11:41:04', 1, 1, 2925),
(1414, 'after update', 12, 1, 12, 'aktif', '2020-06-21 11:41:23', '2020-06-21 11:41:23', 1, 1, 2926),
(1415, 'after update', 13, 1, 13, 'aktif', '2020-06-21 11:41:33', '2020-06-21 11:41:33', 1, 1, 2927),
(1416, 'after update', 14, 1, 14, 'aktif', '2020-06-21 11:41:42', '2020-06-21 11:41:42', 1, 1, 2928),
(1417, 'after update', 15, 1, 15, 'aktif', '2020-06-21 11:41:58', '2020-06-21 11:41:58', 1, 1, 2929),
(1418, 'after update', 16, 1, 16, 'aktif', '2020-06-21 11:42:07', '2020-06-21 11:42:07', 1, 1, 2930),
(1419, 'after update', 17, 1, 17, 'aktif', '2020-06-21 11:42:16', '2020-06-21 11:42:16', 1, 1, 2931),
(1420, 'after update', 18, 1, 18, 'aktif', '2020-06-21 11:42:28', '2020-06-21 11:42:28', 1, 1, 2932),
(1421, 'after update', 19, 1, 19, 'aktif', '2020-06-21 11:42:37', '2020-06-21 11:42:37', 1, 1, 2933),
(1422, 'after update', 21, 1, 21, 'aktif', '2020-06-22 07:50:23', '2020-06-22 07:50:23', 1, 1, 2934),
(1423, 'after update', 89, 1, 23, 'aktif', '2020-06-22 06:10:33', '2020-06-22 06:10:33', 1, 1, 2935),
(1424, 'after update', 93, 1, 24, 'aktif', '2020-06-26 10:07:22', '2020-06-26 10:07:22', 1, 1, 2936),
(1425, 'after update', 97, 1, 25, 'aktif', '2020-06-27 07:36:59', '2020-06-27 07:36:59', 1, 1, 2937),
(1426, 'after update', 101, 1, 26, 'aktif', '2020-06-30 09:26:26', '2020-06-30 09:26:26', 1, 1, 2938),
(1427, 'after update', 105, 1, 27, 'aktif', '2020-07-02 11:03:30', '2020-07-02 11:03:30', 1, 1, 2939),
(1428, 'after update', 1, 1, 1, 'nonaktif', '2020-06-21 11:28:57', '2020-06-21 11:28:57', 1, 1, 2941),
(1429, 'after update', 2, 1, 2, 'nonaktif', '2020-06-21 11:28:57', '2020-06-21 11:28:57', 1, 1, 2942),
(1430, 'after update', 3, 1, 3, 'nonaktif', '2020-06-21 11:38:11', '2020-06-21 11:38:11', 1, 1, 2943),
(1431, 'after update', 4, 1, 4, 'nonaktif', '2020-06-21 11:38:23', '2020-06-21 11:38:23', 1, 1, 2944),
(1432, 'after update', 5, 1, 5, 'nonaktif', '2020-06-21 11:38:35', '2020-06-21 11:38:35', 1, 1, 2945),
(1433, 'after update', 6, 1, 6, 'nonaktif', '2020-06-21 11:38:44', '2020-06-21 11:38:44', 1, 1, 2946),
(1434, 'after update', 7, 1, 7, 'nonaktif', '2020-06-21 11:38:54', '2020-06-21 11:38:54', 1, 1, 2947),
(1435, 'after update', 8, 1, 8, 'nonaktif', '2020-06-21 11:39:36', '2020-06-21 11:39:36', 1, 1, 2948),
(1436, 'after update', 9, 1, 9, 'nonaktif', '2020-06-21 11:40:07', '2020-06-21 11:40:07', 1, 1, 2949),
(1437, 'after update', 10, 1, 10, 'nonaktif', '2020-06-21 11:40:52', '2020-06-21 11:40:52', 1, 1, 2950),
(1438, 'after update', 11, 1, 11, 'nonaktif', '2020-06-21 11:41:04', '2020-06-21 11:41:04', 1, 1, 2951),
(1439, 'after update', 12, 1, 12, 'nonaktif', '2020-06-21 11:41:23', '2020-06-21 11:41:23', 1, 1, 2952),
(1440, 'after update', 13, 1, 13, 'nonaktif', '2020-06-21 11:41:33', '2020-06-21 11:41:33', 1, 1, 2953),
(1441, 'after update', 14, 1, 14, 'nonaktif', '2020-06-21 11:41:42', '2020-06-21 11:41:42', 1, 1, 2954),
(1442, 'after update', 15, 1, 15, 'nonaktif', '2020-06-21 11:41:58', '2020-06-21 11:41:58', 1, 1, 2955),
(1443, 'after update', 16, 1, 16, 'nonaktif', '2020-06-21 11:42:07', '2020-06-21 11:42:07', 1, 1, 2956),
(1444, 'after update', 17, 1, 17, 'nonaktif', '2020-06-21 11:42:16', '2020-06-21 11:42:16', 1, 1, 2957),
(1445, 'after update', 18, 1, 18, 'nonaktif', '2020-06-21 11:42:28', '2020-06-21 11:42:28', 1, 1, 2958),
(1446, 'after update', 19, 1, 19, 'nonaktif', '2020-06-21 11:42:37', '2020-06-21 11:42:37', 1, 1, 2959),
(1447, 'after update', 20, 1, 20, 'nonaktif', '2020-06-22 12:12:04', '2020-06-22 12:12:04', 1, 1, 2960),
(1448, 'after update', 21, 1, 21, 'nonaktif', '2020-06-22 07:50:23', '2020-06-22 07:50:23', 1, 1, 2961),
(1449, 'after update', 85, 1, 22, 'nonaktif', '2020-06-22 12:32:52', '2020-06-22 12:32:52', 1, 1, 2962),
(1450, 'after update', 89, 1, 23, 'nonaktif', '2020-06-22 06:10:33', '2020-06-22 06:10:33', 1, 1, 2963),
(1451, 'after update', 93, 1, 24, 'nonaktif', '2020-06-26 10:07:22', '2020-06-26 10:07:22', 1, 1, 2964),
(1452, 'after update', 97, 1, 25, 'nonaktif', '2020-06-27 07:36:59', '2020-06-27 07:36:59', 1, 1, 2965),
(1453, 'after update', 101, 1, 26, 'nonaktif', '2020-06-30 09:26:26', '2020-06-30 09:26:26', 1, 1, 2966),
(1454, 'after update', 105, 1, 27, 'nonaktif', '2020-07-02 11:03:30', '2020-07-02 11:03:30', 1, 1, 2967),
(1455, 'after update', 109, 1, 28, 'nonaktif', '2020-07-06 08:49:56', '2020-07-06 08:49:56', 1, 1, 2968),
(1456, 'after update', 1, 1, 1, 'aktif', '2020-06-21 11:28:57', '2020-06-21 11:28:57', 1, 1, 2969),
(1457, 'after update', 2, 1, 2, 'aktif', '2020-06-21 11:28:57', '2020-06-21 11:28:57', 1, 1, 2970),
(1458, 'after update', 3, 1, 3, 'aktif', '2020-06-21 11:38:11', '2020-06-21 11:38:11', 1, 1, 2971),
(1459, 'after update', 4, 1, 4, 'aktif', '2020-06-21 11:38:23', '2020-06-21 11:38:23', 1, 1, 2972),
(1460, 'after update', 5, 1, 5, 'aktif', '2020-06-21 11:38:35', '2020-06-21 11:38:35', 1, 1, 2973),
(1461, 'after update', 6, 1, 6, 'aktif', '2020-06-21 11:38:44', '2020-06-21 11:38:44', 1, 1, 2974),
(1462, 'after update', 7, 1, 7, 'aktif', '2020-06-21 11:38:54', '2020-06-21 11:38:54', 1, 1, 2975),
(1463, 'after update', 8, 1, 8, 'aktif', '2020-06-21 11:39:36', '2020-06-21 11:39:36', 1, 1, 2976),
(1464, 'after update', 9, 1, 9, 'aktif', '2020-06-21 11:40:07', '2020-06-21 11:40:07', 1, 1, 2977),
(1465, 'after update', 10, 1, 10, 'aktif', '2020-06-21 11:40:52', '2020-06-21 11:40:52', 1, 1, 2978),
(1466, 'after update', 11, 1, 11, 'aktif', '2020-06-21 11:41:04', '2020-06-21 11:41:04', 1, 1, 2979),
(1467, 'after update', 12, 1, 12, 'aktif', '2020-06-21 11:41:23', '2020-06-21 11:41:23', 1, 1, 2980),
(1468, 'after update', 13, 1, 13, 'aktif', '2020-06-21 11:41:33', '2020-06-21 11:41:33', 1, 1, 2981),
(1469, 'after update', 14, 1, 14, 'aktif', '2020-06-21 11:41:42', '2020-06-21 11:41:42', 1, 1, 2982),
(1470, 'after update', 15, 1, 15, 'aktif', '2020-06-21 11:41:58', '2020-06-21 11:41:58', 1, 1, 2983),
(1471, 'after update', 16, 1, 16, 'aktif', '2020-06-21 11:42:07', '2020-06-21 11:42:07', 1, 1, 2984),
(1472, 'after update', 17, 1, 17, 'aktif', '2020-06-21 11:42:16', '2020-06-21 11:42:16', 1, 1, 2985),
(1473, 'after update', 18, 1, 18, 'aktif', '2020-06-21 11:42:28', '2020-06-21 11:42:28', 1, 1, 2986),
(1474, 'after update', 19, 1, 19, 'aktif', '2020-06-21 11:42:37', '2020-06-21 11:42:37', 1, 1, 2987),
(1475, 'after update', 21, 1, 21, 'aktif', '2020-06-22 07:50:23', '2020-06-22 07:50:23', 1, 1, 2988),
(1476, 'after update', 89, 1, 23, 'aktif', '2020-06-22 06:10:33', '2020-06-22 06:10:33', 1, 1, 2989),
(1477, 'after update', 93, 1, 24, 'aktif', '2020-06-26 10:07:22', '2020-06-26 10:07:22', 1, 1, 2990),
(1478, 'after update', 97, 1, 25, 'aktif', '2020-06-27 07:36:59', '2020-06-27 07:36:59', 1, 1, 2991),
(1479, 'after update', 101, 1, 26, 'aktif', '2020-06-30 09:26:26', '2020-06-30 09:26:26', 1, 1, 2992),
(1480, 'after update', 105, 1, 27, 'aktif', '2020-07-02 11:03:30', '2020-07-02 11:03:30', 1, 1, 2993),
(1481, 'after update', 109, 1, 28, 'aktif', '2020-07-06 08:49:56', '2020-07-06 08:49:56', 1, 1, 2994),
(1482, 'after update', 1, 1, 1, 'nonaktif', '2020-06-21 11:28:57', '2020-06-21 11:28:57', 1, 1, 2996),
(1483, 'after update', 2, 1, 2, 'nonaktif', '2020-06-21 11:28:57', '2020-06-21 11:28:57', 1, 1, 2997),
(1484, 'after update', 3, 1, 3, 'nonaktif', '2020-06-21 11:38:11', '2020-06-21 11:38:11', 1, 1, 2998),
(1485, 'after update', 4, 1, 4, 'nonaktif', '2020-06-21 11:38:23', '2020-06-21 11:38:23', 1, 1, 2999),
(1486, 'after update', 5, 1, 5, 'nonaktif', '2020-06-21 11:38:35', '2020-06-21 11:38:35', 1, 1, 3000),
(1487, 'after update', 6, 1, 6, 'nonaktif', '2020-06-21 11:38:44', '2020-06-21 11:38:44', 1, 1, 3001),
(1488, 'after update', 7, 1, 7, 'nonaktif', '2020-06-21 11:38:54', '2020-06-21 11:38:54', 1, 1, 3002),
(1489, 'after update', 8, 1, 8, 'nonaktif', '2020-06-21 11:39:36', '2020-06-21 11:39:36', 1, 1, 3003),
(1490, 'after update', 9, 1, 9, 'nonaktif', '2020-06-21 11:40:07', '2020-06-21 11:40:07', 1, 1, 3004);
INSERT INTO `tbl_hak_akses_log` (`id_pk_hak_akses_log`, `executed_function`, `id_pk_hak_akses`, `id_fk_jabatan`, `id_fk_menu`, `hak_akses_status`, `hak_akses_create_date`, `hak_akses_last_modified`, `id_create_data`, `id_last_modified`, `id_log_all`) VALUES
(1491, 'after update', 10, 1, 10, 'nonaktif', '2020-06-21 11:40:52', '2020-06-21 11:40:52', 1, 1, 3005),
(1492, 'after update', 11, 1, 11, 'nonaktif', '2020-06-21 11:41:04', '2020-06-21 11:41:04', 1, 1, 3006),
(1493, 'after update', 12, 1, 12, 'nonaktif', '2020-06-21 11:41:23', '2020-06-21 11:41:23', 1, 1, 3007),
(1494, 'after update', 13, 1, 13, 'nonaktif', '2020-06-21 11:41:33', '2020-06-21 11:41:33', 1, 1, 3008),
(1495, 'after update', 14, 1, 14, 'nonaktif', '2020-06-21 11:41:42', '2020-06-21 11:41:42', 1, 1, 3009),
(1496, 'after update', 15, 1, 15, 'nonaktif', '2020-06-21 11:41:58', '2020-06-21 11:41:58', 1, 1, 3010),
(1497, 'after update', 16, 1, 16, 'nonaktif', '2020-06-21 11:42:07', '2020-06-21 11:42:07', 1, 1, 3011),
(1498, 'after update', 17, 1, 17, 'nonaktif', '2020-06-21 11:42:16', '2020-06-21 11:42:16', 1, 1, 3012),
(1499, 'after update', 18, 1, 18, 'nonaktif', '2020-06-21 11:42:28', '2020-06-21 11:42:28', 1, 1, 3013),
(1500, 'after update', 19, 1, 19, 'nonaktif', '2020-06-21 11:42:37', '2020-06-21 11:42:37', 1, 1, 3014),
(1501, 'after update', 20, 1, 20, 'nonaktif', '2020-06-22 12:12:04', '2020-06-22 12:12:04', 1, 1, 3015),
(1502, 'after update', 21, 1, 21, 'nonaktif', '2020-06-22 07:50:23', '2020-06-22 07:50:23', 1, 1, 3016),
(1503, 'after update', 85, 1, 22, 'nonaktif', '2020-06-22 12:32:52', '2020-06-22 12:32:52', 1, 1, 3017),
(1504, 'after update', 89, 1, 23, 'nonaktif', '2020-06-22 06:10:33', '2020-06-22 06:10:33', 1, 1, 3018),
(1505, 'after update', 93, 1, 24, 'nonaktif', '2020-06-26 10:07:22', '2020-06-26 10:07:22', 1, 1, 3019),
(1506, 'after update', 97, 1, 25, 'nonaktif', '2020-06-27 07:36:59', '2020-06-27 07:36:59', 1, 1, 3020),
(1507, 'after update', 101, 1, 26, 'nonaktif', '2020-06-30 09:26:26', '2020-06-30 09:26:26', 1, 1, 3021),
(1508, 'after update', 105, 1, 27, 'nonaktif', '2020-07-02 11:03:30', '2020-07-02 11:03:30', 1, 1, 3022),
(1509, 'after update', 109, 1, 28, 'nonaktif', '2020-07-06 08:49:56', '2020-07-06 08:49:56', 1, 1, 3023),
(1510, 'after update', 1, 1, 1, 'aktif', '2020-06-21 11:28:57', '2020-06-21 11:28:57', 1, 1, 3024),
(1511, 'after update', 2, 1, 2, 'aktif', '2020-06-21 11:28:57', '2020-06-21 11:28:57', 1, 1, 3025),
(1512, 'after update', 3, 1, 3, 'aktif', '2020-06-21 11:38:11', '2020-06-21 11:38:11', 1, 1, 3026),
(1513, 'after update', 4, 1, 4, 'aktif', '2020-06-21 11:38:23', '2020-06-21 11:38:23', 1, 1, 3027),
(1514, 'after update', 5, 1, 5, 'aktif', '2020-06-21 11:38:35', '2020-06-21 11:38:35', 1, 1, 3028),
(1515, 'after update', 6, 1, 6, 'aktif', '2020-06-21 11:38:44', '2020-06-21 11:38:44', 1, 1, 3029),
(1516, 'after update', 7, 1, 7, 'aktif', '2020-06-21 11:38:54', '2020-06-21 11:38:54', 1, 1, 3030),
(1517, 'after update', 8, 1, 8, 'aktif', '2020-06-21 11:39:36', '2020-06-21 11:39:36', 1, 1, 3031),
(1518, 'after update', 9, 1, 9, 'aktif', '2020-06-21 11:40:07', '2020-06-21 11:40:07', 1, 1, 3032),
(1519, 'after update', 10, 1, 10, 'aktif', '2020-06-21 11:40:52', '2020-06-21 11:40:52', 1, 1, 3033),
(1520, 'after update', 11, 1, 11, 'aktif', '2020-06-21 11:41:04', '2020-06-21 11:41:04', 1, 1, 3034),
(1521, 'after update', 12, 1, 12, 'aktif', '2020-06-21 11:41:23', '2020-06-21 11:41:23', 1, 1, 3035),
(1522, 'after update', 13, 1, 13, 'aktif', '2020-06-21 11:41:33', '2020-06-21 11:41:33', 1, 1, 3036),
(1523, 'after update', 14, 1, 14, 'aktif', '2020-06-21 11:41:42', '2020-06-21 11:41:42', 1, 1, 3037),
(1524, 'after update', 15, 1, 15, 'aktif', '2020-06-21 11:41:58', '2020-06-21 11:41:58', 1, 1, 3038),
(1525, 'after update', 16, 1, 16, 'aktif', '2020-06-21 11:42:07', '2020-06-21 11:42:07', 1, 1, 3039),
(1526, 'after update', 17, 1, 17, 'aktif', '2020-06-21 11:42:16', '2020-06-21 11:42:16', 1, 1, 3040),
(1527, 'after update', 18, 1, 18, 'aktif', '2020-06-21 11:42:28', '2020-06-21 11:42:28', 1, 1, 3041),
(1528, 'after update', 19, 1, 19, 'aktif', '2020-06-21 11:42:37', '2020-06-21 11:42:37', 1, 1, 3042),
(1529, 'after update', 21, 1, 21, 'aktif', '2020-06-22 07:50:23', '2020-06-22 07:50:23', 1, 1, 3043),
(1530, 'after update', 89, 1, 23, 'aktif', '2020-06-22 06:10:33', '2020-06-22 06:10:33', 1, 1, 3044),
(1531, 'after update', 93, 1, 24, 'aktif', '2020-06-26 10:07:22', '2020-06-26 10:07:22', 1, 1, 3045),
(1532, 'after update', 97, 1, 25, 'aktif', '2020-06-27 07:36:59', '2020-06-27 07:36:59', 1, 1, 3046),
(1533, 'after update', 101, 1, 26, 'aktif', '2020-06-30 09:26:26', '2020-06-30 09:26:26', 1, 1, 3047),
(1534, 'after update', 105, 1, 27, 'aktif', '2020-07-02 11:03:30', '2020-07-02 11:03:30', 1, 1, 3048),
(1535, 'after update', 1, 1, 1, 'nonaktif', '2020-06-21 11:28:57', '2020-06-21 11:28:57', 1, 1, 3050),
(1536, 'after update', 2, 1, 2, 'nonaktif', '2020-06-21 11:28:57', '2020-06-21 11:28:57', 1, 1, 3051),
(1537, 'after update', 3, 1, 3, 'nonaktif', '2020-06-21 11:38:11', '2020-06-21 11:38:11', 1, 1, 3052),
(1538, 'after update', 4, 1, 4, 'nonaktif', '2020-06-21 11:38:23', '2020-06-21 11:38:23', 1, 1, 3053),
(1539, 'after update', 5, 1, 5, 'nonaktif', '2020-06-21 11:38:35', '2020-06-21 11:38:35', 1, 1, 3054),
(1540, 'after update', 6, 1, 6, 'nonaktif', '2020-06-21 11:38:44', '2020-06-21 11:38:44', 1, 1, 3055),
(1541, 'after update', 7, 1, 7, 'nonaktif', '2020-06-21 11:38:54', '2020-06-21 11:38:54', 1, 1, 3056),
(1542, 'after update', 8, 1, 8, 'nonaktif', '2020-06-21 11:39:36', '2020-06-21 11:39:36', 1, 1, 3057),
(1543, 'after update', 9, 1, 9, 'nonaktif', '2020-06-21 11:40:07', '2020-06-21 11:40:07', 1, 1, 3058),
(1544, 'after update', 10, 1, 10, 'nonaktif', '2020-06-21 11:40:52', '2020-06-21 11:40:52', 1, 1, 3059),
(1545, 'after update', 11, 1, 11, 'nonaktif', '2020-06-21 11:41:04', '2020-06-21 11:41:04', 1, 1, 3060),
(1546, 'after update', 12, 1, 12, 'nonaktif', '2020-06-21 11:41:23', '2020-06-21 11:41:23', 1, 1, 3061),
(1547, 'after update', 13, 1, 13, 'nonaktif', '2020-06-21 11:41:33', '2020-06-21 11:41:33', 1, 1, 3062),
(1548, 'after update', 14, 1, 14, 'nonaktif', '2020-06-21 11:41:42', '2020-06-21 11:41:42', 1, 1, 3063),
(1549, 'after update', 15, 1, 15, 'nonaktif', '2020-06-21 11:41:58', '2020-06-21 11:41:58', 1, 1, 3064),
(1550, 'after update', 16, 1, 16, 'nonaktif', '2020-06-21 11:42:07', '2020-06-21 11:42:07', 1, 1, 3065),
(1551, 'after update', 17, 1, 17, 'nonaktif', '2020-06-21 11:42:16', '2020-06-21 11:42:16', 1, 1, 3066),
(1552, 'after update', 18, 1, 18, 'nonaktif', '2020-06-21 11:42:28', '2020-06-21 11:42:28', 1, 1, 3067),
(1553, 'after update', 19, 1, 19, 'nonaktif', '2020-06-21 11:42:37', '2020-06-21 11:42:37', 1, 1, 3068),
(1554, 'after update', 20, 1, 20, 'nonaktif', '2020-06-22 12:12:04', '2020-06-22 12:12:04', 1, 1, 3069),
(1555, 'after update', 21, 1, 21, 'nonaktif', '2020-06-22 07:50:23', '2020-06-22 07:50:23', 1, 1, 3070),
(1556, 'after update', 85, 1, 22, 'nonaktif', '2020-06-22 12:32:52', '2020-06-22 12:32:52', 1, 1, 3071),
(1557, 'after update', 89, 1, 23, 'nonaktif', '2020-06-22 06:10:33', '2020-06-22 06:10:33', 1, 1, 3072),
(1558, 'after update', 93, 1, 24, 'nonaktif', '2020-06-26 10:07:22', '2020-06-26 10:07:22', 1, 1, 3073),
(1559, 'after update', 97, 1, 25, 'nonaktif', '2020-06-27 07:36:59', '2020-06-27 07:36:59', 1, 1, 3074),
(1560, 'after update', 101, 1, 26, 'nonaktif', '2020-06-30 09:26:26', '2020-06-30 09:26:26', 1, 1, 3075),
(1561, 'after update', 105, 1, 27, 'nonaktif', '2020-07-02 11:03:30', '2020-07-02 11:03:30', 1, 1, 3076),
(1562, 'after update', 109, 1, 28, 'nonaktif', '2020-07-06 08:49:56', '2020-07-06 08:49:56', 1, 1, 3077),
(1563, 'after update', 1, 1, 1, 'aktif', '2020-06-21 11:28:57', '2020-06-21 11:28:57', 1, 1, 3078),
(1564, 'after update', 2, 1, 2, 'aktif', '2020-06-21 11:28:57', '2020-06-21 11:28:57', 1, 1, 3079),
(1565, 'after update', 4, 1, 4, 'aktif', '2020-06-21 11:38:23', '2020-06-21 11:38:23', 1, 1, 3080),
(1566, 'after update', 5, 1, 5, 'aktif', '2020-06-21 11:38:35', '2020-06-21 11:38:35', 1, 1, 3081),
(1567, 'after update', 6, 1, 6, 'aktif', '2020-06-21 11:38:44', '2020-06-21 11:38:44', 1, 1, 3082),
(1568, 'after update', 7, 1, 7, 'aktif', '2020-06-21 11:38:54', '2020-06-21 11:38:54', 1, 1, 3083),
(1569, 'after update', 8, 1, 8, 'aktif', '2020-06-21 11:39:36', '2020-06-21 11:39:36', 1, 1, 3084),
(1570, 'after update', 9, 1, 9, 'aktif', '2020-06-21 11:40:07', '2020-06-21 11:40:07', 1, 1, 3085),
(1571, 'after update', 10, 1, 10, 'aktif', '2020-06-21 11:40:52', '2020-06-21 11:40:52', 1, 1, 3086),
(1572, 'after update', 11, 1, 11, 'aktif', '2020-06-21 11:41:04', '2020-06-21 11:41:04', 1, 1, 3087),
(1573, 'after update', 12, 1, 12, 'aktif', '2020-06-21 11:41:23', '2020-06-21 11:41:23', 1, 1, 3088),
(1574, 'after update', 13, 1, 13, 'aktif', '2020-06-21 11:41:33', '2020-06-21 11:41:33', 1, 1, 3089),
(1575, 'after update', 14, 1, 14, 'aktif', '2020-06-21 11:41:42', '2020-06-21 11:41:42', 1, 1, 3090),
(1576, 'after update', 15, 1, 15, 'aktif', '2020-06-21 11:41:58', '2020-06-21 11:41:58', 1, 1, 3091),
(1577, 'after update', 16, 1, 16, 'aktif', '2020-06-21 11:42:07', '2020-06-21 11:42:07', 1, 1, 3092),
(1578, 'after update', 17, 1, 17, 'aktif', '2020-06-21 11:42:16', '2020-06-21 11:42:16', 1, 1, 3093),
(1579, 'after update', 18, 1, 18, 'aktif', '2020-06-21 11:42:28', '2020-06-21 11:42:28', 1, 1, 3094),
(1580, 'after update', 19, 1, 19, 'aktif', '2020-06-21 11:42:37', '2020-06-21 11:42:37', 1, 1, 3095),
(1581, 'after update', 21, 1, 21, 'aktif', '2020-06-22 07:50:23', '2020-06-22 07:50:23', 1, 1, 3096),
(1582, 'after update', 89, 1, 23, 'aktif', '2020-06-22 06:10:33', '2020-06-22 06:10:33', 1, 1, 3097),
(1583, 'after update', 93, 1, 24, 'aktif', '2020-06-26 10:07:22', '2020-06-26 10:07:22', 1, 1, 3098),
(1584, 'after update', 97, 1, 25, 'aktif', '2020-06-27 07:36:59', '2020-06-27 07:36:59', 1, 1, 3099),
(1585, 'after update', 101, 1, 26, 'aktif', '2020-06-30 09:26:26', '2020-06-30 09:26:26', 1, 1, 3100),
(1586, 'after update', 105, 1, 27, 'aktif', '2020-07-02 11:03:30', '2020-07-02 11:03:30', 1, 1, 3101),
(1587, 'after update', 1, 1, 1, 'nonaktif', '2020-06-21 11:28:57', '2020-06-21 11:28:57', 1, 1, 3103),
(1588, 'after update', 2, 1, 2, 'nonaktif', '2020-06-21 11:28:57', '2020-06-21 11:28:57', 1, 1, 3104),
(1589, 'after update', 3, 1, 3, 'nonaktif', '2020-06-21 11:38:11', '2020-06-21 11:38:11', 1, 1, 3105),
(1590, 'after update', 4, 1, 4, 'nonaktif', '2020-06-21 11:38:23', '2020-06-21 11:38:23', 1, 1, 3106),
(1591, 'after update', 5, 1, 5, 'nonaktif', '2020-06-21 11:38:35', '2020-06-21 11:38:35', 1, 1, 3107),
(1592, 'after update', 6, 1, 6, 'nonaktif', '2020-06-21 11:38:44', '2020-06-21 11:38:44', 1, 1, 3108),
(1593, 'after update', 7, 1, 7, 'nonaktif', '2020-06-21 11:38:54', '2020-06-21 11:38:54', 1, 1, 3109),
(1594, 'after update', 8, 1, 8, 'nonaktif', '2020-06-21 11:39:36', '2020-06-21 11:39:36', 1, 1, 3110),
(1595, 'after update', 9, 1, 9, 'nonaktif', '2020-06-21 11:40:07', '2020-06-21 11:40:07', 1, 1, 3111),
(1596, 'after update', 10, 1, 10, 'nonaktif', '2020-06-21 11:40:52', '2020-06-21 11:40:52', 1, 1, 3112),
(1597, 'after update', 11, 1, 11, 'nonaktif', '2020-06-21 11:41:04', '2020-06-21 11:41:04', 1, 1, 3113),
(1598, 'after update', 12, 1, 12, 'nonaktif', '2020-06-21 11:41:23', '2020-06-21 11:41:23', 1, 1, 3114),
(1599, 'after update', 13, 1, 13, 'nonaktif', '2020-06-21 11:41:33', '2020-06-21 11:41:33', 1, 1, 3115),
(1600, 'after update', 14, 1, 14, 'nonaktif', '2020-06-21 11:41:42', '2020-06-21 11:41:42', 1, 1, 3116),
(1601, 'after update', 15, 1, 15, 'nonaktif', '2020-06-21 11:41:58', '2020-06-21 11:41:58', 1, 1, 3117),
(1602, 'after update', 16, 1, 16, 'nonaktif', '2020-06-21 11:42:07', '2020-06-21 11:42:07', 1, 1, 3118),
(1603, 'after update', 17, 1, 17, 'nonaktif', '2020-06-21 11:42:16', '2020-06-21 11:42:16', 1, 1, 3119),
(1604, 'after update', 18, 1, 18, 'nonaktif', '2020-06-21 11:42:28', '2020-06-21 11:42:28', 1, 1, 3120),
(1605, 'after update', 19, 1, 19, 'nonaktif', '2020-06-21 11:42:37', '2020-06-21 11:42:37', 1, 1, 3121),
(1606, 'after update', 20, 1, 20, 'nonaktif', '2020-06-22 12:12:04', '2020-06-22 12:12:04', 1, 1, 3122),
(1607, 'after update', 21, 1, 21, 'nonaktif', '2020-06-22 07:50:23', '2020-06-22 07:50:23', 1, 1, 3123),
(1608, 'after update', 85, 1, 22, 'nonaktif', '2020-06-22 12:32:52', '2020-06-22 12:32:52', 1, 1, 3124),
(1609, 'after update', 89, 1, 23, 'nonaktif', '2020-06-22 06:10:33', '2020-06-22 06:10:33', 1, 1, 3125),
(1610, 'after update', 93, 1, 24, 'nonaktif', '2020-06-26 10:07:22', '2020-06-26 10:07:22', 1, 1, 3126),
(1611, 'after update', 97, 1, 25, 'nonaktif', '2020-06-27 07:36:59', '2020-06-27 07:36:59', 1, 1, 3127),
(1612, 'after update', 101, 1, 26, 'nonaktif', '2020-06-30 09:26:26', '2020-06-30 09:26:26', 1, 1, 3128),
(1613, 'after update', 105, 1, 27, 'nonaktif', '2020-07-02 11:03:30', '2020-07-02 11:03:30', 1, 1, 3129),
(1614, 'after update', 109, 1, 28, 'nonaktif', '2020-07-06 08:49:56', '2020-07-06 08:49:56', 1, 1, 3130),
(1615, 'after update', 1, 1, 1, 'aktif', '2020-06-21 11:28:57', '2020-06-21 11:28:57', 1, 1, 3131),
(1616, 'after update', 2, 1, 2, 'aktif', '2020-06-21 11:28:57', '2020-06-21 11:28:57', 1, 1, 3132),
(1617, 'after update', 3, 1, 3, 'aktif', '2020-06-21 11:38:11', '2020-06-21 11:38:11', 1, 1, 3133),
(1618, 'after update', 4, 1, 4, 'aktif', '2020-06-21 11:38:23', '2020-06-21 11:38:23', 1, 1, 3134),
(1619, 'after update', 5, 1, 5, 'aktif', '2020-06-21 11:38:35', '2020-06-21 11:38:35', 1, 1, 3135),
(1620, 'after update', 6, 1, 6, 'aktif', '2020-06-21 11:38:44', '2020-06-21 11:38:44', 1, 1, 3136),
(1621, 'after update', 7, 1, 7, 'aktif', '2020-06-21 11:38:54', '2020-06-21 11:38:54', 1, 1, 3137),
(1622, 'after update', 8, 1, 8, 'aktif', '2020-06-21 11:39:36', '2020-06-21 11:39:36', 1, 1, 3138),
(1623, 'after update', 9, 1, 9, 'aktif', '2020-06-21 11:40:07', '2020-06-21 11:40:07', 1, 1, 3139),
(1624, 'after update', 10, 1, 10, 'aktif', '2020-06-21 11:40:52', '2020-06-21 11:40:52', 1, 1, 3140),
(1625, 'after update', 11, 1, 11, 'aktif', '2020-06-21 11:41:04', '2020-06-21 11:41:04', 1, 1, 3141),
(1626, 'after update', 12, 1, 12, 'aktif', '2020-06-21 11:41:23', '2020-06-21 11:41:23', 1, 1, 3142),
(1627, 'after update', 13, 1, 13, 'aktif', '2020-06-21 11:41:33', '2020-06-21 11:41:33', 1, 1, 3143),
(1628, 'after update', 14, 1, 14, 'aktif', '2020-06-21 11:41:42', '2020-06-21 11:41:42', 1, 1, 3144),
(1629, 'after update', 15, 1, 15, 'aktif', '2020-06-21 11:41:58', '2020-06-21 11:41:58', 1, 1, 3145),
(1630, 'after update', 16, 1, 16, 'aktif', '2020-06-21 11:42:07', '2020-06-21 11:42:07', 1, 1, 3146),
(1631, 'after update', 17, 1, 17, 'aktif', '2020-06-21 11:42:16', '2020-06-21 11:42:16', 1, 1, 3147),
(1632, 'after update', 18, 1, 18, 'aktif', '2020-06-21 11:42:28', '2020-06-21 11:42:28', 1, 1, 3148),
(1633, 'after update', 19, 1, 19, 'aktif', '2020-06-21 11:42:37', '2020-06-21 11:42:37', 1, 1, 3149),
(1634, 'after update', 21, 1, 21, 'aktif', '2020-06-22 07:50:23', '2020-06-22 07:50:23', 1, 1, 3150),
(1635, 'after update', 89, 1, 23, 'aktif', '2020-06-22 06:10:33', '2020-06-22 06:10:33', 1, 1, 3151),
(1636, 'after update', 93, 1, 24, 'aktif', '2020-06-26 10:07:22', '2020-06-26 10:07:22', 1, 1, 3152),
(1637, 'after update', 97, 1, 25, 'aktif', '2020-06-27 07:36:59', '2020-06-27 07:36:59', 1, 1, 3153),
(1638, 'after update', 101, 1, 26, 'aktif', '2020-06-30 09:26:26', '2020-06-30 09:26:26', 1, 1, 3154),
(1639, 'after update', 105, 1, 27, 'aktif', '2020-07-02 11:03:30', '2020-07-02 11:03:30', 1, 1, 3155),
(1640, 'after update', 1, 1, 1, 'nonaktif', '2020-06-21 11:28:57', '2020-06-21 11:28:57', 1, 1, 3157),
(1641, 'after update', 2, 1, 2, 'nonaktif', '2020-06-21 11:28:57', '2020-06-21 11:28:57', 1, 1, 3158),
(1642, 'after update', 3, 1, 3, 'nonaktif', '2020-06-21 11:38:11', '2020-06-21 11:38:11', 1, 1, 3159),
(1643, 'after update', 4, 1, 4, 'nonaktif', '2020-06-21 11:38:23', '2020-06-21 11:38:23', 1, 1, 3160),
(1644, 'after update', 5, 1, 5, 'nonaktif', '2020-06-21 11:38:35', '2020-06-21 11:38:35', 1, 1, 3161),
(1645, 'after update', 6, 1, 6, 'nonaktif', '2020-06-21 11:38:44', '2020-06-21 11:38:44', 1, 1, 3162),
(1646, 'after update', 7, 1, 7, 'nonaktif', '2020-06-21 11:38:54', '2020-06-21 11:38:54', 1, 1, 3163),
(1647, 'after update', 8, 1, 8, 'nonaktif', '2020-06-21 11:39:36', '2020-06-21 11:39:36', 1, 1, 3164),
(1648, 'after update', 9, 1, 9, 'nonaktif', '2020-06-21 11:40:07', '2020-06-21 11:40:07', 1, 1, 3165),
(1649, 'after update', 10, 1, 10, 'nonaktif', '2020-06-21 11:40:52', '2020-06-21 11:40:52', 1, 1, 3166),
(1650, 'after update', 11, 1, 11, 'nonaktif', '2020-06-21 11:41:04', '2020-06-21 11:41:04', 1, 1, 3167),
(1651, 'after update', 12, 1, 12, 'nonaktif', '2020-06-21 11:41:23', '2020-06-21 11:41:23', 1, 1, 3168),
(1652, 'after update', 13, 1, 13, 'nonaktif', '2020-06-21 11:41:33', '2020-06-21 11:41:33', 1, 1, 3169),
(1653, 'after update', 14, 1, 14, 'nonaktif', '2020-06-21 11:41:42', '2020-06-21 11:41:42', 1, 1, 3170),
(1654, 'after update', 15, 1, 15, 'nonaktif', '2020-06-21 11:41:58', '2020-06-21 11:41:58', 1, 1, 3171),
(1655, 'after update', 16, 1, 16, 'nonaktif', '2020-06-21 11:42:07', '2020-06-21 11:42:07', 1, 1, 3172),
(1656, 'after update', 17, 1, 17, 'nonaktif', '2020-06-21 11:42:16', '2020-06-21 11:42:16', 1, 1, 3173),
(1657, 'after update', 18, 1, 18, 'nonaktif', '2020-06-21 11:42:28', '2020-06-21 11:42:28', 1, 1, 3174),
(1658, 'after update', 19, 1, 19, 'nonaktif', '2020-06-21 11:42:37', '2020-06-21 11:42:37', 1, 1, 3175),
(1659, 'after update', 20, 1, 20, 'nonaktif', '2020-06-22 12:12:04', '2020-06-22 12:12:04', 1, 1, 3176),
(1660, 'after update', 21, 1, 21, 'nonaktif', '2020-06-22 07:50:23', '2020-06-22 07:50:23', 1, 1, 3177),
(1661, 'after update', 85, 1, 22, 'nonaktif', '2020-06-22 12:32:52', '2020-06-22 12:32:52', 1, 1, 3178),
(1662, 'after update', 89, 1, 23, 'nonaktif', '2020-06-22 06:10:33', '2020-06-22 06:10:33', 1, 1, 3179),
(1663, 'after update', 93, 1, 24, 'nonaktif', '2020-06-26 10:07:22', '2020-06-26 10:07:22', 1, 1, 3180),
(1664, 'after update', 97, 1, 25, 'nonaktif', '2020-06-27 07:36:59', '2020-06-27 07:36:59', 1, 1, 3181),
(1665, 'after update', 101, 1, 26, 'nonaktif', '2020-06-30 09:26:26', '2020-06-30 09:26:26', 1, 1, 3182),
(1666, 'after update', 105, 1, 27, 'nonaktif', '2020-07-02 11:03:30', '2020-07-02 11:03:30', 1, 1, 3183),
(1667, 'after update', 109, 1, 28, 'nonaktif', '2020-07-06 08:49:56', '2020-07-06 08:49:56', 1, 1, 3184),
(1668, 'after update', 1, 1, 1, 'aktif', '2020-06-21 11:28:57', '2020-06-21 11:28:57', 1, 1, 3185),
(1669, 'after update', 2, 1, 2, 'aktif', '2020-06-21 11:28:57', '2020-06-21 11:28:57', 1, 1, 3186),
(1670, 'after update', 3, 1, 3, 'aktif', '2020-06-21 11:38:11', '2020-06-21 11:38:11', 1, 1, 3187),
(1671, 'after update', 4, 1, 4, 'aktif', '2020-06-21 11:38:23', '2020-06-21 11:38:23', 1, 1, 3188),
(1672, 'after update', 5, 1, 5, 'aktif', '2020-06-21 11:38:35', '2020-06-21 11:38:35', 1, 1, 3189),
(1673, 'after update', 6, 1, 6, 'aktif', '2020-06-21 11:38:44', '2020-06-21 11:38:44', 1, 1, 3190),
(1674, 'after update', 7, 1, 7, 'aktif', '2020-06-21 11:38:54', '2020-06-21 11:38:54', 1, 1, 3191),
(1675, 'after update', 8, 1, 8, 'aktif', '2020-06-21 11:39:36', '2020-06-21 11:39:36', 1, 1, 3192),
(1676, 'after update', 9, 1, 9, 'aktif', '2020-06-21 11:40:07', '2020-06-21 11:40:07', 1, 1, 3193),
(1677, 'after update', 10, 1, 10, 'aktif', '2020-06-21 11:40:52', '2020-06-21 11:40:52', 1, 1, 3194),
(1678, 'after update', 11, 1, 11, 'aktif', '2020-06-21 11:41:04', '2020-06-21 11:41:04', 1, 1, 3195),
(1679, 'after update', 12, 1, 12, 'aktif', '2020-06-21 11:41:23', '2020-06-21 11:41:23', 1, 1, 3196),
(1680, 'after update', 13, 1, 13, 'aktif', '2020-06-21 11:41:33', '2020-06-21 11:41:33', 1, 1, 3197),
(1681, 'after update', 14, 1, 14, 'aktif', '2020-06-21 11:41:42', '2020-06-21 11:41:42', 1, 1, 3198),
(1682, 'after update', 15, 1, 15, 'aktif', '2020-06-21 11:41:58', '2020-06-21 11:41:58', 1, 1, 3199),
(1683, 'after update', 16, 1, 16, 'aktif', '2020-06-21 11:42:07', '2020-06-21 11:42:07', 1, 1, 3200),
(1684, 'after update', 17, 1, 17, 'aktif', '2020-06-21 11:42:16', '2020-06-21 11:42:16', 1, 1, 3201),
(1685, 'after update', 18, 1, 18, 'aktif', '2020-06-21 11:42:28', '2020-06-21 11:42:28', 1, 1, 3202),
(1686, 'after update', 19, 1, 19, 'aktif', '2020-06-21 11:42:37', '2020-06-21 11:42:37', 1, 1, 3203),
(1687, 'after update', 21, 1, 21, 'aktif', '2020-06-22 07:50:23', '2020-06-22 07:50:23', 1, 1, 3204),
(1688, 'after update', 89, 1, 23, 'aktif', '2020-06-22 06:10:33', '2020-06-22 06:10:33', 1, 1, 3205),
(1689, 'after update', 93, 1, 24, 'aktif', '2020-06-26 10:07:22', '2020-06-26 10:07:22', 1, 1, 3206),
(1690, 'after update', 97, 1, 25, 'aktif', '2020-06-27 07:36:59', '2020-06-27 07:36:59', 1, 1, 3207),
(1691, 'after update', 101, 1, 26, 'aktif', '2020-06-30 09:26:26', '2020-06-30 09:26:26', 1, 1, 3208),
(1692, 'after update', 105, 1, 27, 'aktif', '2020-07-02 11:03:30', '2020-07-02 11:03:30', 1, 1, 3209),
(1693, 'after update', 109, 1, 28, 'aktif', '2020-07-06 08:49:56', '2020-07-06 08:49:56', 1, 1, 3210),
(1694, 'after update', 1, 1, 1, 'nonaktif', '2020-06-21 11:28:57', '2020-06-21 11:28:57', 1, 1, 3212),
(1695, 'after update', 2, 1, 2, 'nonaktif', '2020-06-21 11:28:57', '2020-06-21 11:28:57', 1, 1, 3213),
(1696, 'after update', 3, 1, 3, 'nonaktif', '2020-06-21 11:38:11', '2020-06-21 11:38:11', 1, 1, 3214),
(1697, 'after update', 4, 1, 4, 'nonaktif', '2020-06-21 11:38:23', '2020-06-21 11:38:23', 1, 1, 3215),
(1698, 'after update', 5, 1, 5, 'nonaktif', '2020-06-21 11:38:35', '2020-06-21 11:38:35', 1, 1, 3216),
(1699, 'after update', 6, 1, 6, 'nonaktif', '2020-06-21 11:38:44', '2020-06-21 11:38:44', 1, 1, 3217),
(1700, 'after update', 7, 1, 7, 'nonaktif', '2020-06-21 11:38:54', '2020-06-21 11:38:54', 1, 1, 3218),
(1701, 'after update', 8, 1, 8, 'nonaktif', '2020-06-21 11:39:36', '2020-06-21 11:39:36', 1, 1, 3219),
(1702, 'after update', 9, 1, 9, 'nonaktif', '2020-06-21 11:40:07', '2020-06-21 11:40:07', 1, 1, 3220),
(1703, 'after update', 10, 1, 10, 'nonaktif', '2020-06-21 11:40:52', '2020-06-21 11:40:52', 1, 1, 3221),
(1704, 'after update', 11, 1, 11, 'nonaktif', '2020-06-21 11:41:04', '2020-06-21 11:41:04', 1, 1, 3222),
(1705, 'after update', 12, 1, 12, 'nonaktif', '2020-06-21 11:41:23', '2020-06-21 11:41:23', 1, 1, 3223),
(1706, 'after update', 13, 1, 13, 'nonaktif', '2020-06-21 11:41:33', '2020-06-21 11:41:33', 1, 1, 3224),
(1707, 'after update', 14, 1, 14, 'nonaktif', '2020-06-21 11:41:42', '2020-06-21 11:41:42', 1, 1, 3225),
(1708, 'after update', 15, 1, 15, 'nonaktif', '2020-06-21 11:41:58', '2020-06-21 11:41:58', 1, 1, 3226),
(1709, 'after update', 16, 1, 16, 'nonaktif', '2020-06-21 11:42:07', '2020-06-21 11:42:07', 1, 1, 3227),
(1710, 'after update', 17, 1, 17, 'nonaktif', '2020-06-21 11:42:16', '2020-06-21 11:42:16', 1, 1, 3228),
(1711, 'after update', 18, 1, 18, 'nonaktif', '2020-06-21 11:42:28', '2020-06-21 11:42:28', 1, 1, 3229),
(1712, 'after update', 19, 1, 19, 'nonaktif', '2020-06-21 11:42:37', '2020-06-21 11:42:37', 1, 1, 3230),
(1713, 'after update', 20, 1, 20, 'nonaktif', '2020-06-22 12:12:04', '2020-06-22 12:12:04', 1, 1, 3231),
(1714, 'after update', 21, 1, 21, 'nonaktif', '2020-06-22 07:50:23', '2020-06-22 07:50:23', 1, 1, 3232),
(1715, 'after update', 85, 1, 22, 'nonaktif', '2020-06-22 12:32:52', '2020-06-22 12:32:52', 1, 1, 3233),
(1716, 'after update', 89, 1, 23, 'nonaktif', '2020-06-22 06:10:33', '2020-06-22 06:10:33', 1, 1, 3234),
(1717, 'after update', 93, 1, 24, 'nonaktif', '2020-06-26 10:07:22', '2020-06-26 10:07:22', 1, 1, 3235),
(1718, 'after update', 97, 1, 25, 'nonaktif', '2020-06-27 07:36:59', '2020-06-27 07:36:59', 1, 1, 3236),
(1719, 'after update', 101, 1, 26, 'nonaktif', '2020-06-30 09:26:26', '2020-06-30 09:26:26', 1, 1, 3237),
(1720, 'after update', 105, 1, 27, 'nonaktif', '2020-07-02 11:03:30', '2020-07-02 11:03:30', 1, 1, 3238),
(1721, 'after update', 109, 1, 28, 'nonaktif', '2020-07-06 08:49:56', '2020-07-06 08:49:56', 1, 1, 3239),
(1722, 'after update', 1, 1, 1, 'aktif', '2020-06-21 11:28:57', '2020-06-21 11:28:57', 1, 1, 3240),
(1723, 'after update', 2, 1, 2, 'aktif', '2020-06-21 11:28:57', '2020-06-21 11:28:57', 1, 1, 3241),
(1724, 'after update', 3, 1, 3, 'aktif', '2020-06-21 11:38:11', '2020-06-21 11:38:11', 1, 1, 3242),
(1725, 'after update', 4, 1, 4, 'aktif', '2020-06-21 11:38:23', '2020-06-21 11:38:23', 1, 1, 3243),
(1726, 'after update', 5, 1, 5, 'aktif', '2020-06-21 11:38:35', '2020-06-21 11:38:35', 1, 1, 3244),
(1727, 'after update', 6, 1, 6, 'aktif', '2020-06-21 11:38:44', '2020-06-21 11:38:44', 1, 1, 3245),
(1728, 'after update', 7, 1, 7, 'aktif', '2020-06-21 11:38:54', '2020-06-21 11:38:54', 1, 1, 3246),
(1729, 'after update', 8, 1, 8, 'aktif', '2020-06-21 11:39:36', '2020-06-21 11:39:36', 1, 1, 3247),
(1730, 'after update', 9, 1, 9, 'aktif', '2020-06-21 11:40:07', '2020-06-21 11:40:07', 1, 1, 3248),
(1731, 'after update', 10, 1, 10, 'aktif', '2020-06-21 11:40:52', '2020-06-21 11:40:52', 1, 1, 3249),
(1732, 'after update', 11, 1, 11, 'aktif', '2020-06-21 11:41:04', '2020-06-21 11:41:04', 1, 1, 3250),
(1733, 'after update', 12, 1, 12, 'aktif', '2020-06-21 11:41:23', '2020-06-21 11:41:23', 1, 1, 3251),
(1734, 'after update', 13, 1, 13, 'aktif', '2020-06-21 11:41:33', '2020-06-21 11:41:33', 1, 1, 3252),
(1735, 'after update', 14, 1, 14, 'aktif', '2020-06-21 11:41:42', '2020-06-21 11:41:42', 1, 1, 3253),
(1736, 'after update', 15, 1, 15, 'aktif', '2020-06-21 11:41:58', '2020-06-21 11:41:58', 1, 1, 3254),
(1737, 'after update', 16, 1, 16, 'aktif', '2020-06-21 11:42:07', '2020-06-21 11:42:07', 1, 1, 3255),
(1738, 'after update', 17, 1, 17, 'aktif', '2020-06-21 11:42:16', '2020-06-21 11:42:16', 1, 1, 3256),
(1739, 'after update', 18, 1, 18, 'aktif', '2020-06-21 11:42:28', '2020-06-21 11:42:28', 1, 1, 3257),
(1740, 'after update', 19, 1, 19, 'aktif', '2020-06-21 11:42:37', '2020-06-21 11:42:37', 1, 1, 3258),
(1741, 'after update', 21, 1, 21, 'aktif', '2020-06-22 07:50:23', '2020-06-22 07:50:23', 1, 1, 3259),
(1742, 'after update', 89, 1, 23, 'aktif', '2020-06-22 06:10:33', '2020-06-22 06:10:33', 1, 1, 3260),
(1743, 'after update', 93, 1, 24, 'aktif', '2020-06-26 10:07:22', '2020-06-26 10:07:22', 1, 1, 3261),
(1744, 'after update', 97, 1, 25, 'aktif', '2020-06-27 07:36:59', '2020-06-27 07:36:59', 1, 1, 3262),
(1745, 'after update', 101, 1, 26, 'aktif', '2020-06-30 09:26:26', '2020-06-30 09:26:26', 1, 1, 3263),
(1746, 'after update', 105, 1, 27, 'aktif', '2020-07-02 11:03:30', '2020-07-02 11:03:30', 1, 1, 3264),
(1747, 'after insert', 113, 1, 29, 'nonaktif', '2020-07-06 09:13:00', '2020-07-06 09:13:00', 1, 1, 3266),
(1748, 'after insert', 114, 2, 29, 'nonaktif', '2020-07-06 09:13:00', '2020-07-06 09:13:00', 1, 1, 3267),
(1749, 'after insert', 115, 3, 29, 'nonaktif', '2020-07-06 09:13:00', '2020-07-06 09:13:00', 1, 1, 3268),
(1750, 'after insert', 116, 4, 29, 'nonaktif', '2020-07-06 09:13:00', '2020-07-06 09:13:00', 1, 1, 3269),
(1751, 'after update', 1, 1, 1, 'nonaktif', '2020-06-21 11:28:57', '2020-06-21 11:28:57', 1, 1, 3271),
(1752, 'after update', 2, 1, 2, 'nonaktif', '2020-06-21 11:28:57', '2020-06-21 11:28:57', 1, 1, 3272),
(1753, 'after update', 3, 1, 3, 'nonaktif', '2020-06-21 11:38:11', '2020-06-21 11:38:11', 1, 1, 3273),
(1754, 'after update', 4, 1, 4, 'nonaktif', '2020-06-21 11:38:23', '2020-06-21 11:38:23', 1, 1, 3274),
(1755, 'after update', 5, 1, 5, 'nonaktif', '2020-06-21 11:38:35', '2020-06-21 11:38:35', 1, 1, 3275),
(1756, 'after update', 6, 1, 6, 'nonaktif', '2020-06-21 11:38:44', '2020-06-21 11:38:44', 1, 1, 3276),
(1757, 'after update', 7, 1, 7, 'nonaktif', '2020-06-21 11:38:54', '2020-06-21 11:38:54', 1, 1, 3277),
(1758, 'after update', 8, 1, 8, 'nonaktif', '2020-06-21 11:39:36', '2020-06-21 11:39:36', 1, 1, 3278),
(1759, 'after update', 9, 1, 9, 'nonaktif', '2020-06-21 11:40:07', '2020-06-21 11:40:07', 1, 1, 3279),
(1760, 'after update', 10, 1, 10, 'nonaktif', '2020-06-21 11:40:52', '2020-06-21 11:40:52', 1, 1, 3280),
(1761, 'after update', 11, 1, 11, 'nonaktif', '2020-06-21 11:41:04', '2020-06-21 11:41:04', 1, 1, 3281),
(1762, 'after update', 12, 1, 12, 'nonaktif', '2020-06-21 11:41:23', '2020-06-21 11:41:23', 1, 1, 3282),
(1763, 'after update', 13, 1, 13, 'nonaktif', '2020-06-21 11:41:33', '2020-06-21 11:41:33', 1, 1, 3283),
(1764, 'after update', 14, 1, 14, 'nonaktif', '2020-06-21 11:41:42', '2020-06-21 11:41:42', 1, 1, 3284),
(1765, 'after update', 15, 1, 15, 'nonaktif', '2020-06-21 11:41:58', '2020-06-21 11:41:58', 1, 1, 3285),
(1766, 'after update', 16, 1, 16, 'nonaktif', '2020-06-21 11:42:07', '2020-06-21 11:42:07', 1, 1, 3286),
(1767, 'after update', 17, 1, 17, 'nonaktif', '2020-06-21 11:42:16', '2020-06-21 11:42:16', 1, 1, 3287),
(1768, 'after update', 18, 1, 18, 'nonaktif', '2020-06-21 11:42:28', '2020-06-21 11:42:28', 1, 1, 3288),
(1769, 'after update', 19, 1, 19, 'nonaktif', '2020-06-21 11:42:37', '2020-06-21 11:42:37', 1, 1, 3289),
(1770, 'after update', 20, 1, 20, 'nonaktif', '2020-06-22 12:12:04', '2020-06-22 12:12:04', 1, 1, 3290),
(1771, 'after update', 21, 1, 21, 'nonaktif', '2020-06-22 07:50:23', '2020-06-22 07:50:23', 1, 1, 3291),
(1772, 'after update', 85, 1, 22, 'nonaktif', '2020-06-22 12:32:52', '2020-06-22 12:32:52', 1, 1, 3292),
(1773, 'after update', 89, 1, 23, 'nonaktif', '2020-06-22 06:10:33', '2020-06-22 06:10:33', 1, 1, 3293),
(1774, 'after update', 93, 1, 24, 'nonaktif', '2020-06-26 10:07:22', '2020-06-26 10:07:22', 1, 1, 3294),
(1775, 'after update', 97, 1, 25, 'nonaktif', '2020-06-27 07:36:59', '2020-06-27 07:36:59', 1, 1, 3295),
(1776, 'after update', 101, 1, 26, 'nonaktif', '2020-06-30 09:26:26', '2020-06-30 09:26:26', 1, 1, 3296),
(1777, 'after update', 105, 1, 27, 'nonaktif', '2020-07-02 11:03:30', '2020-07-02 11:03:30', 1, 1, 3297),
(1778, 'after update', 109, 1, 28, 'nonaktif', '2020-07-06 08:49:56', '2020-07-06 08:49:56', 1, 1, 3298),
(1779, 'after update', 113, 1, 29, 'nonaktif', '2020-07-06 09:13:00', '2020-07-06 09:13:00', 1, 1, 3299),
(1780, 'after update', 1, 1, 1, 'aktif', '2020-06-21 11:28:57', '2020-06-21 11:28:57', 1, 1, 3300),
(1781, 'after update', 2, 1, 2, 'aktif', '2020-06-21 11:28:57', '2020-06-21 11:28:57', 1, 1, 3301),
(1782, 'after update', 3, 1, 3, 'aktif', '2020-06-21 11:38:11', '2020-06-21 11:38:11', 1, 1, 3302),
(1783, 'after update', 4, 1, 4, 'aktif', '2020-06-21 11:38:23', '2020-06-21 11:38:23', 1, 1, 3303),
(1784, 'after update', 5, 1, 5, 'aktif', '2020-06-21 11:38:35', '2020-06-21 11:38:35', 1, 1, 3304),
(1785, 'after update', 6, 1, 6, 'aktif', '2020-06-21 11:38:44', '2020-06-21 11:38:44', 1, 1, 3305),
(1786, 'after update', 7, 1, 7, 'aktif', '2020-06-21 11:38:54', '2020-06-21 11:38:54', 1, 1, 3306),
(1787, 'after update', 8, 1, 8, 'aktif', '2020-06-21 11:39:36', '2020-06-21 11:39:36', 1, 1, 3307),
(1788, 'after update', 9, 1, 9, 'aktif', '2020-06-21 11:40:07', '2020-06-21 11:40:07', 1, 1, 3308),
(1789, 'after update', 10, 1, 10, 'aktif', '2020-06-21 11:40:52', '2020-06-21 11:40:52', 1, 1, 3309),
(1790, 'after update', 11, 1, 11, 'aktif', '2020-06-21 11:41:04', '2020-06-21 11:41:04', 1, 1, 3310),
(1791, 'after update', 12, 1, 12, 'aktif', '2020-06-21 11:41:23', '2020-06-21 11:41:23', 1, 1, 3311),
(1792, 'after update', 13, 1, 13, 'aktif', '2020-06-21 11:41:33', '2020-06-21 11:41:33', 1, 1, 3312),
(1793, 'after update', 14, 1, 14, 'aktif', '2020-06-21 11:41:42', '2020-06-21 11:41:42', 1, 1, 3313),
(1794, 'after update', 15, 1, 15, 'aktif', '2020-06-21 11:41:58', '2020-06-21 11:41:58', 1, 1, 3314),
(1795, 'after update', 16, 1, 16, 'aktif', '2020-06-21 11:42:07', '2020-06-21 11:42:07', 1, 1, 3315),
(1796, 'after update', 17, 1, 17, 'aktif', '2020-06-21 11:42:16', '2020-06-21 11:42:16', 1, 1, 3316),
(1797, 'after update', 18, 1, 18, 'aktif', '2020-06-21 11:42:28', '2020-06-21 11:42:28', 1, 1, 3317),
(1798, 'after update', 19, 1, 19, 'aktif', '2020-06-21 11:42:37', '2020-06-21 11:42:37', 1, 1, 3318),
(1799, 'after update', 21, 1, 21, 'aktif', '2020-06-22 07:50:23', '2020-06-22 07:50:23', 1, 1, 3319),
(1800, 'after update', 89, 1, 23, 'aktif', '2020-06-22 06:10:33', '2020-06-22 06:10:33', 1, 1, 3320),
(1801, 'after update', 93, 1, 24, 'aktif', '2020-06-26 10:07:22', '2020-06-26 10:07:22', 1, 1, 3321),
(1802, 'after update', 97, 1, 25, 'aktif', '2020-06-27 07:36:59', '2020-06-27 07:36:59', 1, 1, 3322),
(1803, 'after update', 101, 1, 26, 'aktif', '2020-06-30 09:26:26', '2020-06-30 09:26:26', 1, 1, 3323),
(1804, 'after update', 105, 1, 27, 'aktif', '2020-07-02 11:03:30', '2020-07-02 11:03:30', 1, 1, 3324),
(1805, 'after update', 109, 1, 28, 'aktif', '2020-07-06 08:49:56', '2020-07-06 08:49:56', 1, 1, 3325),
(1806, 'after update', 113, 1, 29, 'aktif', '2020-07-06 09:13:00', '2020-07-06 09:13:00', 1, 1, 3326),
(1807, 'after update', 1, 1, 1, 'nonaktif', '2020-06-21 11:28:57', '2020-06-21 11:28:57', 1, 1, 3328),
(1808, 'after update', 2, 1, 2, 'nonaktif', '2020-06-21 11:28:57', '2020-06-21 11:28:57', 1, 1, 3329),
(1809, 'after update', 3, 1, 3, 'nonaktif', '2020-06-21 11:38:11', '2020-06-21 11:38:11', 1, 1, 3330),
(1810, 'after update', 4, 1, 4, 'nonaktif', '2020-06-21 11:38:23', '2020-06-21 11:38:23', 1, 1, 3331),
(1811, 'after update', 5, 1, 5, 'nonaktif', '2020-06-21 11:38:35', '2020-06-21 11:38:35', 1, 1, 3332),
(1812, 'after update', 6, 1, 6, 'nonaktif', '2020-06-21 11:38:44', '2020-06-21 11:38:44', 1, 1, 3333),
(1813, 'after update', 7, 1, 7, 'nonaktif', '2020-06-21 11:38:54', '2020-06-21 11:38:54', 1, 1, 3334),
(1814, 'after update', 8, 1, 8, 'nonaktif', '2020-06-21 11:39:36', '2020-06-21 11:39:36', 1, 1, 3335),
(1815, 'after update', 9, 1, 9, 'nonaktif', '2020-06-21 11:40:07', '2020-06-21 11:40:07', 1, 1, 3336),
(1816, 'after update', 10, 1, 10, 'nonaktif', '2020-06-21 11:40:52', '2020-06-21 11:40:52', 1, 1, 3337),
(1817, 'after update', 11, 1, 11, 'nonaktif', '2020-06-21 11:41:04', '2020-06-21 11:41:04', 1, 1, 3338),
(1818, 'after update', 12, 1, 12, 'nonaktif', '2020-06-21 11:41:23', '2020-06-21 11:41:23', 1, 1, 3339),
(1819, 'after update', 13, 1, 13, 'nonaktif', '2020-06-21 11:41:33', '2020-06-21 11:41:33', 1, 1, 3340),
(1820, 'after update', 14, 1, 14, 'nonaktif', '2020-06-21 11:41:42', '2020-06-21 11:41:42', 1, 1, 3341),
(1821, 'after update', 15, 1, 15, 'nonaktif', '2020-06-21 11:41:58', '2020-06-21 11:41:58', 1, 1, 3342),
(1822, 'after update', 16, 1, 16, 'nonaktif', '2020-06-21 11:42:07', '2020-06-21 11:42:07', 1, 1, 3343),
(1823, 'after update', 17, 1, 17, 'nonaktif', '2020-06-21 11:42:16', '2020-06-21 11:42:16', 1, 1, 3344),
(1824, 'after update', 18, 1, 18, 'nonaktif', '2020-06-21 11:42:28', '2020-06-21 11:42:28', 1, 1, 3345),
(1825, 'after update', 19, 1, 19, 'nonaktif', '2020-06-21 11:42:37', '2020-06-21 11:42:37', 1, 1, 3346),
(1826, 'after update', 20, 1, 20, 'nonaktif', '2020-06-22 12:12:04', '2020-06-22 12:12:04', 1, 1, 3347),
(1827, 'after update', 21, 1, 21, 'nonaktif', '2020-06-22 07:50:23', '2020-06-22 07:50:23', 1, 1, 3348),
(1828, 'after update', 85, 1, 22, 'nonaktif', '2020-06-22 12:32:52', '2020-06-22 12:32:52', 1, 1, 3349),
(1829, 'after update', 89, 1, 23, 'nonaktif', '2020-06-22 06:10:33', '2020-06-22 06:10:33', 1, 1, 3350),
(1830, 'after update', 93, 1, 24, 'nonaktif', '2020-06-26 10:07:22', '2020-06-26 10:07:22', 1, 1, 3351),
(1831, 'after update', 97, 1, 25, 'nonaktif', '2020-06-27 07:36:59', '2020-06-27 07:36:59', 1, 1, 3352),
(1832, 'after update', 101, 1, 26, 'nonaktif', '2020-06-30 09:26:26', '2020-06-30 09:26:26', 1, 1, 3353),
(1833, 'after update', 105, 1, 27, 'nonaktif', '2020-07-02 11:03:30', '2020-07-02 11:03:30', 1, 1, 3354),
(1834, 'after update', 109, 1, 28, 'nonaktif', '2020-07-06 08:49:56', '2020-07-06 08:49:56', 1, 1, 3355),
(1835, 'after update', 113, 1, 29, 'nonaktif', '2020-07-06 09:13:00', '2020-07-06 09:13:00', 1, 1, 3356),
(1836, 'after update', 1, 1, 1, 'aktif', '2020-06-21 11:28:57', '2020-06-21 11:28:57', 1, 1, 3357),
(1837, 'after update', 2, 1, 2, 'aktif', '2020-06-21 11:28:57', '2020-06-21 11:28:57', 1, 1, 3358),
(1838, 'after update', 3, 1, 3, 'aktif', '2020-06-21 11:38:11', '2020-06-21 11:38:11', 1, 1, 3359),
(1839, 'after update', 4, 1, 4, 'aktif', '2020-06-21 11:38:23', '2020-06-21 11:38:23', 1, 1, 3360),
(1840, 'after update', 5, 1, 5, 'aktif', '2020-06-21 11:38:35', '2020-06-21 11:38:35', 1, 1, 3361),
(1841, 'after update', 6, 1, 6, 'aktif', '2020-06-21 11:38:44', '2020-06-21 11:38:44', 1, 1, 3362),
(1842, 'after update', 7, 1, 7, 'aktif', '2020-06-21 11:38:54', '2020-06-21 11:38:54', 1, 1, 3363),
(1843, 'after update', 8, 1, 8, 'aktif', '2020-06-21 11:39:36', '2020-06-21 11:39:36', 1, 1, 3364),
(1844, 'after update', 9, 1, 9, 'aktif', '2020-06-21 11:40:07', '2020-06-21 11:40:07', 1, 1, 3365),
(1845, 'after update', 10, 1, 10, 'aktif', '2020-06-21 11:40:52', '2020-06-21 11:40:52', 1, 1, 3366),
(1846, 'after update', 11, 1, 11, 'aktif', '2020-06-21 11:41:04', '2020-06-21 11:41:04', 1, 1, 3367),
(1847, 'after update', 12, 1, 12, 'aktif', '2020-06-21 11:41:23', '2020-06-21 11:41:23', 1, 1, 3368),
(1848, 'after update', 13, 1, 13, 'aktif', '2020-06-21 11:41:33', '2020-06-21 11:41:33', 1, 1, 3369),
(1849, 'after update', 14, 1, 14, 'aktif', '2020-06-21 11:41:42', '2020-06-21 11:41:42', 1, 1, 3370),
(1850, 'after update', 15, 1, 15, 'aktif', '2020-06-21 11:41:58', '2020-06-21 11:41:58', 1, 1, 3371),
(1851, 'after update', 16, 1, 16, 'aktif', '2020-06-21 11:42:07', '2020-06-21 11:42:07', 1, 1, 3372),
(1852, 'after update', 17, 1, 17, 'aktif', '2020-06-21 11:42:16', '2020-06-21 11:42:16', 1, 1, 3373),
(1853, 'after update', 18, 1, 18, 'aktif', '2020-06-21 11:42:28', '2020-06-21 11:42:28', 1, 1, 3374),
(1854, 'after update', 19, 1, 19, 'aktif', '2020-06-21 11:42:37', '2020-06-21 11:42:37', 1, 1, 3375),
(1855, 'after update', 21, 1, 21, 'aktif', '2020-06-22 07:50:23', '2020-06-22 07:50:23', 1, 1, 3376),
(1856, 'after update', 89, 1, 23, 'aktif', '2020-06-22 06:10:33', '2020-06-22 06:10:33', 1, 1, 3377),
(1857, 'after update', 93, 1, 24, 'aktif', '2020-06-26 10:07:22', '2020-06-26 10:07:22', 1, 1, 3378),
(1858, 'after update', 97, 1, 25, 'aktif', '2020-06-27 07:36:59', '2020-06-27 07:36:59', 1, 1, 3379),
(1859, 'after update', 101, 1, 26, 'aktif', '2020-06-30 09:26:26', '2020-06-30 09:26:26', 1, 1, 3380),
(1860, 'after update', 105, 1, 27, 'aktif', '2020-07-02 11:03:30', '2020-07-02 11:03:30', 1, 1, 3381),
(1861, 'after update', 113, 1, 29, 'aktif', '2020-07-06 09:13:00', '2020-07-06 09:13:00', 1, 1, 3382),
(1862, 'after update', 1, 1, 1, 'nonaktif', '2020-06-21 11:28:57', '2020-06-21 11:28:57', 1, 1, 3384),
(1863, 'after update', 2, 1, 2, 'nonaktif', '2020-06-21 11:28:57', '2020-06-21 11:28:57', 1, 1, 3385),
(1864, 'after update', 3, 1, 3, 'nonaktif', '2020-06-21 11:38:11', '2020-06-21 11:38:11', 1, 1, 3386),
(1865, 'after update', 4, 1, 4, 'nonaktif', '2020-06-21 11:38:23', '2020-06-21 11:38:23', 1, 1, 3387),
(1866, 'after update', 5, 1, 5, 'nonaktif', '2020-06-21 11:38:35', '2020-06-21 11:38:35', 1, 1, 3388),
(1867, 'after update', 6, 1, 6, 'nonaktif', '2020-06-21 11:38:44', '2020-06-21 11:38:44', 1, 1, 3389),
(1868, 'after update', 7, 1, 7, 'nonaktif', '2020-06-21 11:38:54', '2020-06-21 11:38:54', 1, 1, 3390),
(1869, 'after update', 8, 1, 8, 'nonaktif', '2020-06-21 11:39:36', '2020-06-21 11:39:36', 1, 1, 3391),
(1870, 'after update', 9, 1, 9, 'nonaktif', '2020-06-21 11:40:07', '2020-06-21 11:40:07', 1, 1, 3392),
(1871, 'after update', 10, 1, 10, 'nonaktif', '2020-06-21 11:40:52', '2020-06-21 11:40:52', 1, 1, 3393),
(1872, 'after update', 11, 1, 11, 'nonaktif', '2020-06-21 11:41:04', '2020-06-21 11:41:04', 1, 1, 3394),
(1873, 'after update', 12, 1, 12, 'nonaktif', '2020-06-21 11:41:23', '2020-06-21 11:41:23', 1, 1, 3395),
(1874, 'after update', 13, 1, 13, 'nonaktif', '2020-06-21 11:41:33', '2020-06-21 11:41:33', 1, 1, 3396),
(1875, 'after update', 14, 1, 14, 'nonaktif', '2020-06-21 11:41:42', '2020-06-21 11:41:42', 1, 1, 3397),
(1876, 'after update', 15, 1, 15, 'nonaktif', '2020-06-21 11:41:58', '2020-06-21 11:41:58', 1, 1, 3398),
(1877, 'after update', 16, 1, 16, 'nonaktif', '2020-06-21 11:42:07', '2020-06-21 11:42:07', 1, 1, 3399),
(1878, 'after update', 17, 1, 17, 'nonaktif', '2020-06-21 11:42:16', '2020-06-21 11:42:16', 1, 1, 3400),
(1879, 'after update', 18, 1, 18, 'nonaktif', '2020-06-21 11:42:28', '2020-06-21 11:42:28', 1, 1, 3401),
(1880, 'after update', 19, 1, 19, 'nonaktif', '2020-06-21 11:42:37', '2020-06-21 11:42:37', 1, 1, 3402),
(1881, 'after update', 20, 1, 20, 'nonaktif', '2020-06-22 12:12:04', '2020-06-22 12:12:04', 1, 1, 3403),
(1882, 'after update', 21, 1, 21, 'nonaktif', '2020-06-22 07:50:23', '2020-06-22 07:50:23', 1, 1, 3404),
(1883, 'after update', 85, 1, 22, 'nonaktif', '2020-06-22 12:32:52', '2020-06-22 12:32:52', 1, 1, 3405),
(1884, 'after update', 89, 1, 23, 'nonaktif', '2020-06-22 06:10:33', '2020-06-22 06:10:33', 1, 1, 3406),
(1885, 'after update', 93, 1, 24, 'nonaktif', '2020-06-26 10:07:22', '2020-06-26 10:07:22', 1, 1, 3407),
(1886, 'after update', 97, 1, 25, 'nonaktif', '2020-06-27 07:36:59', '2020-06-27 07:36:59', 1, 1, 3408),
(1887, 'after update', 101, 1, 26, 'nonaktif', '2020-06-30 09:26:26', '2020-06-30 09:26:26', 1, 1, 3409),
(1888, 'after update', 105, 1, 27, 'nonaktif', '2020-07-02 11:03:30', '2020-07-02 11:03:30', 1, 1, 3410),
(1889, 'after update', 109, 1, 28, 'nonaktif', '2020-07-06 08:49:56', '2020-07-06 08:49:56', 1, 1, 3411),
(1890, 'after update', 113, 1, 29, 'nonaktif', '2020-07-06 09:13:00', '2020-07-06 09:13:00', 1, 1, 3412),
(1891, 'after update', 1, 1, 1, 'aktif', '2020-06-21 11:28:57', '2020-06-21 11:28:57', 1, 1, 3413),
(1892, 'after update', 2, 1, 2, 'aktif', '2020-06-21 11:28:57', '2020-06-21 11:28:57', 1, 1, 3414),
(1893, 'after update', 3, 1, 3, 'aktif', '2020-06-21 11:38:11', '2020-06-21 11:38:11', 1, 1, 3415),
(1894, 'after update', 4, 1, 4, 'aktif', '2020-06-21 11:38:23', '2020-06-21 11:38:23', 1, 1, 3416),
(1895, 'after update', 5, 1, 5, 'aktif', '2020-06-21 11:38:35', '2020-06-21 11:38:35', 1, 1, 3417),
(1896, 'after update', 6, 1, 6, 'aktif', '2020-06-21 11:38:44', '2020-06-21 11:38:44', 1, 1, 3418),
(1897, 'after update', 7, 1, 7, 'aktif', '2020-06-21 11:38:54', '2020-06-21 11:38:54', 1, 1, 3419),
(1898, 'after update', 8, 1, 8, 'aktif', '2020-06-21 11:39:36', '2020-06-21 11:39:36', 1, 1, 3420),
(1899, 'after update', 9, 1, 9, 'aktif', '2020-06-21 11:40:07', '2020-06-21 11:40:07', 1, 1, 3421),
(1900, 'after update', 10, 1, 10, 'aktif', '2020-06-21 11:40:52', '2020-06-21 11:40:52', 1, 1, 3422),
(1901, 'after update', 11, 1, 11, 'aktif', '2020-06-21 11:41:04', '2020-06-21 11:41:04', 1, 1, 3423),
(1902, 'after update', 12, 1, 12, 'aktif', '2020-06-21 11:41:23', '2020-06-21 11:41:23', 1, 1, 3424),
(1903, 'after update', 13, 1, 13, 'aktif', '2020-06-21 11:41:33', '2020-06-21 11:41:33', 1, 1, 3425),
(1904, 'after update', 14, 1, 14, 'aktif', '2020-06-21 11:41:42', '2020-06-21 11:41:42', 1, 1, 3426),
(1905, 'after update', 15, 1, 15, 'aktif', '2020-06-21 11:41:58', '2020-06-21 11:41:58', 1, 1, 3427),
(1906, 'after update', 16, 1, 16, 'aktif', '2020-06-21 11:42:07', '2020-06-21 11:42:07', 1, 1, 3428),
(1907, 'after update', 17, 1, 17, 'aktif', '2020-06-21 11:42:16', '2020-06-21 11:42:16', 1, 1, 3429),
(1908, 'after update', 18, 1, 18, 'aktif', '2020-06-21 11:42:28', '2020-06-21 11:42:28', 1, 1, 3430),
(1909, 'after update', 19, 1, 19, 'aktif', '2020-06-21 11:42:37', '2020-06-21 11:42:37', 1, 1, 3431),
(1910, 'after update', 21, 1, 21, 'aktif', '2020-06-22 07:50:23', '2020-06-22 07:50:23', 1, 1, 3432),
(1911, 'after update', 89, 1, 23, 'aktif', '2020-06-22 06:10:33', '2020-06-22 06:10:33', 1, 1, 3433),
(1912, 'after update', 93, 1, 24, 'aktif', '2020-06-26 10:07:22', '2020-06-26 10:07:22', 1, 1, 3434),
(1913, 'after update', 97, 1, 25, 'aktif', '2020-06-27 07:36:59', '2020-06-27 07:36:59', 1, 1, 3435),
(1914, 'after update', 101, 1, 26, 'aktif', '2020-06-30 09:26:26', '2020-06-30 09:26:26', 1, 1, 3436),
(1915, 'after update', 105, 1, 27, 'aktif', '2020-07-02 11:03:30', '2020-07-02 11:03:30', 1, 1, 3437),
(1916, 'after update', 109, 1, 28, 'aktif', '2020-07-06 08:49:56', '2020-07-06 08:49:56', 1, 1, 3438),
(1917, 'after update', 113, 1, 29, 'aktif', '2020-07-06 09:13:00', '2020-07-06 09:13:00', 1, 1, 3439),
(1918, 'after insert', 117, 1, 30, 'nonaktif', '2020-07-06 09:15:25', '2020-07-06 09:15:25', 1, 1, 3441),
(1919, 'after insert', 118, 2, 30, 'nonaktif', '2020-07-06 09:15:25', '2020-07-06 09:15:25', 1, 1, 3442),
(1920, 'after insert', 119, 3, 30, 'nonaktif', '2020-07-06 09:15:25', '2020-07-06 09:15:25', 1, 1, 3443),
(1921, 'after insert', 120, 4, 30, 'nonaktif', '2020-07-06 09:15:25', '2020-07-06 09:15:25', 1, 1, 3444),
(1922, 'after update', 1, 1, 1, 'nonaktif', '2020-06-21 11:28:57', '2020-06-21 11:28:57', 1, 1, 3446),
(1923, 'after update', 2, 1, 2, 'nonaktif', '2020-06-21 11:28:57', '2020-06-21 11:28:57', 1, 1, 3447),
(1924, 'after update', 3, 1, 3, 'nonaktif', '2020-06-21 11:38:11', '2020-06-21 11:38:11', 1, 1, 3448),
(1925, 'after update', 4, 1, 4, 'nonaktif', '2020-06-21 11:38:23', '2020-06-21 11:38:23', 1, 1, 3449),
(1926, 'after update', 5, 1, 5, 'nonaktif', '2020-06-21 11:38:35', '2020-06-21 11:38:35', 1, 1, 3450),
(1927, 'after update', 6, 1, 6, 'nonaktif', '2020-06-21 11:38:44', '2020-06-21 11:38:44', 1, 1, 3451),
(1928, 'after update', 7, 1, 7, 'nonaktif', '2020-06-21 11:38:54', '2020-06-21 11:38:54', 1, 1, 3452),
(1929, 'after update', 8, 1, 8, 'nonaktif', '2020-06-21 11:39:36', '2020-06-21 11:39:36', 1, 1, 3453),
(1930, 'after update', 9, 1, 9, 'nonaktif', '2020-06-21 11:40:07', '2020-06-21 11:40:07', 1, 1, 3454),
(1931, 'after update', 10, 1, 10, 'nonaktif', '2020-06-21 11:40:52', '2020-06-21 11:40:52', 1, 1, 3455),
(1932, 'after update', 11, 1, 11, 'nonaktif', '2020-06-21 11:41:04', '2020-06-21 11:41:04', 1, 1, 3456),
(1933, 'after update', 12, 1, 12, 'nonaktif', '2020-06-21 11:41:23', '2020-06-21 11:41:23', 1, 1, 3457),
(1934, 'after update', 13, 1, 13, 'nonaktif', '2020-06-21 11:41:33', '2020-06-21 11:41:33', 1, 1, 3458),
(1935, 'after update', 14, 1, 14, 'nonaktif', '2020-06-21 11:41:42', '2020-06-21 11:41:42', 1, 1, 3459),
(1936, 'after update', 15, 1, 15, 'nonaktif', '2020-06-21 11:41:58', '2020-06-21 11:41:58', 1, 1, 3460),
(1937, 'after update', 16, 1, 16, 'nonaktif', '2020-06-21 11:42:07', '2020-06-21 11:42:07', 1, 1, 3461),
(1938, 'after update', 17, 1, 17, 'nonaktif', '2020-06-21 11:42:16', '2020-06-21 11:42:16', 1, 1, 3462),
(1939, 'after update', 18, 1, 18, 'nonaktif', '2020-06-21 11:42:28', '2020-06-21 11:42:28', 1, 1, 3463),
(1940, 'after update', 19, 1, 19, 'nonaktif', '2020-06-21 11:42:37', '2020-06-21 11:42:37', 1, 1, 3464),
(1941, 'after update', 20, 1, 20, 'nonaktif', '2020-06-22 12:12:04', '2020-06-22 12:12:04', 1, 1, 3465),
(1942, 'after update', 21, 1, 21, 'nonaktif', '2020-06-22 07:50:23', '2020-06-22 07:50:23', 1, 1, 3466),
(1943, 'after update', 85, 1, 22, 'nonaktif', '2020-06-22 12:32:52', '2020-06-22 12:32:52', 1, 1, 3467),
(1944, 'after update', 89, 1, 23, 'nonaktif', '2020-06-22 06:10:33', '2020-06-22 06:10:33', 1, 1, 3468),
(1945, 'after update', 93, 1, 24, 'nonaktif', '2020-06-26 10:07:22', '2020-06-26 10:07:22', 1, 1, 3469),
(1946, 'after update', 97, 1, 25, 'nonaktif', '2020-06-27 07:36:59', '2020-06-27 07:36:59', 1, 1, 3470),
(1947, 'after update', 101, 1, 26, 'nonaktif', '2020-06-30 09:26:26', '2020-06-30 09:26:26', 1, 1, 3471),
(1948, 'after update', 105, 1, 27, 'nonaktif', '2020-07-02 11:03:30', '2020-07-02 11:03:30', 1, 1, 3472),
(1949, 'after update', 109, 1, 28, 'nonaktif', '2020-07-06 08:49:56', '2020-07-06 08:49:56', 1, 1, 3473),
(1950, 'after update', 113, 1, 29, 'nonaktif', '2020-07-06 09:13:00', '2020-07-06 09:13:00', 1, 1, 3474),
(1951, 'after update', 117, 1, 30, 'nonaktif', '2020-07-06 09:15:25', '2020-07-06 09:15:25', 1, 1, 3475),
(1952, 'after update', 1, 1, 1, 'aktif', '2020-06-21 11:28:57', '2020-06-21 11:28:57', 1, 1, 3476),
(1953, 'after update', 2, 1, 2, 'aktif', '2020-06-21 11:28:57', '2020-06-21 11:28:57', 1, 1, 3477),
(1954, 'after update', 3, 1, 3, 'aktif', '2020-06-21 11:38:11', '2020-06-21 11:38:11', 1, 1, 3478),
(1955, 'after update', 4, 1, 4, 'aktif', '2020-06-21 11:38:23', '2020-06-21 11:38:23', 1, 1, 3479),
(1956, 'after update', 5, 1, 5, 'aktif', '2020-06-21 11:38:35', '2020-06-21 11:38:35', 1, 1, 3480),
(1957, 'after update', 6, 1, 6, 'aktif', '2020-06-21 11:38:44', '2020-06-21 11:38:44', 1, 1, 3481),
(1958, 'after update', 7, 1, 7, 'aktif', '2020-06-21 11:38:54', '2020-06-21 11:38:54', 1, 1, 3482),
(1959, 'after update', 8, 1, 8, 'aktif', '2020-06-21 11:39:36', '2020-06-21 11:39:36', 1, 1, 3483),
(1960, 'after update', 9, 1, 9, 'aktif', '2020-06-21 11:40:07', '2020-06-21 11:40:07', 1, 1, 3484),
(1961, 'after update', 10, 1, 10, 'aktif', '2020-06-21 11:40:52', '2020-06-21 11:40:52', 1, 1, 3485),
(1962, 'after update', 11, 1, 11, 'aktif', '2020-06-21 11:41:04', '2020-06-21 11:41:04', 1, 1, 3486),
(1963, 'after update', 12, 1, 12, 'aktif', '2020-06-21 11:41:23', '2020-06-21 11:41:23', 1, 1, 3487),
(1964, 'after update', 13, 1, 13, 'aktif', '2020-06-21 11:41:33', '2020-06-21 11:41:33', 1, 1, 3488),
(1965, 'after update', 14, 1, 14, 'aktif', '2020-06-21 11:41:42', '2020-06-21 11:41:42', 1, 1, 3489),
(1966, 'after update', 15, 1, 15, 'aktif', '2020-06-21 11:41:58', '2020-06-21 11:41:58', 1, 1, 3490),
(1967, 'after update', 16, 1, 16, 'aktif', '2020-06-21 11:42:07', '2020-06-21 11:42:07', 1, 1, 3491),
(1968, 'after update', 17, 1, 17, 'aktif', '2020-06-21 11:42:16', '2020-06-21 11:42:16', 1, 1, 3492),
(1969, 'after update', 18, 1, 18, 'aktif', '2020-06-21 11:42:28', '2020-06-21 11:42:28', 1, 1, 3493),
(1970, 'after update', 19, 1, 19, 'aktif', '2020-06-21 11:42:37', '2020-06-21 11:42:37', 1, 1, 3494),
(1971, 'after update', 21, 1, 21, 'aktif', '2020-06-22 07:50:23', '2020-06-22 07:50:23', 1, 1, 3495),
(1972, 'after update', 89, 1, 23, 'aktif', '2020-06-22 06:10:33', '2020-06-22 06:10:33', 1, 1, 3496),
(1973, 'after update', 93, 1, 24, 'aktif', '2020-06-26 10:07:22', '2020-06-26 10:07:22', 1, 1, 3497),
(1974, 'after update', 97, 1, 25, 'aktif', '2020-06-27 07:36:59', '2020-06-27 07:36:59', 1, 1, 3498),
(1975, 'after update', 101, 1, 26, 'aktif', '2020-06-30 09:26:26', '2020-06-30 09:26:26', 1, 1, 3499),
(1976, 'after update', 105, 1, 27, 'aktif', '2020-07-02 11:03:30', '2020-07-02 11:03:30', 1, 1, 3500),
(1977, 'after update', 109, 1, 28, 'aktif', '2020-07-06 08:49:56', '2020-07-06 08:49:56', 1, 1, 3501),
(1978, 'after update', 113, 1, 29, 'aktif', '2020-07-06 09:13:00', '2020-07-06 09:13:00', 1, 1, 3502),
(1979, 'after update', 117, 1, 30, 'aktif', '2020-07-06 09:15:25', '2020-07-06 09:15:25', 1, 1, 3503),
(1980, 'after insert', 121, 1, 31, 'nonaktif', '2020-07-06 09:43:54', '2020-07-06 09:43:54', 1, 1, 3587),
(1981, 'after insert', 122, 2, 31, 'nonaktif', '2020-07-06 09:43:54', '2020-07-06 09:43:54', 1, 1, 3588);
INSERT INTO `tbl_hak_akses_log` (`id_pk_hak_akses_log`, `executed_function`, `id_pk_hak_akses`, `id_fk_jabatan`, `id_fk_menu`, `hak_akses_status`, `hak_akses_create_date`, `hak_akses_last_modified`, `id_create_data`, `id_last_modified`, `id_log_all`) VALUES
(1982, 'after insert', 123, 3, 31, 'nonaktif', '2020-07-06 09:43:54', '2020-07-06 09:43:54', 1, 1, 3589),
(1983, 'after insert', 124, 4, 31, 'nonaktif', '2020-07-06 09:43:54', '2020-07-06 09:43:54', 1, 1, 3590),
(1984, 'after update', 1, 1, 1, 'nonaktif', '2020-06-21 11:28:57', '2020-06-21 11:28:57', 1, 1, 3592),
(1985, 'after update', 2, 1, 2, 'nonaktif', '2020-06-21 11:28:57', '2020-06-21 11:28:57', 1, 1, 3593),
(1986, 'after update', 3, 1, 3, 'nonaktif', '2020-06-21 11:38:11', '2020-06-21 11:38:11', 1, 1, 3594),
(1987, 'after update', 4, 1, 4, 'nonaktif', '2020-06-21 11:38:23', '2020-06-21 11:38:23', 1, 1, 3595),
(1988, 'after update', 5, 1, 5, 'nonaktif', '2020-06-21 11:38:35', '2020-06-21 11:38:35', 1, 1, 3596),
(1989, 'after update', 6, 1, 6, 'nonaktif', '2020-06-21 11:38:44', '2020-06-21 11:38:44', 1, 1, 3597),
(1990, 'after update', 7, 1, 7, 'nonaktif', '2020-06-21 11:38:54', '2020-06-21 11:38:54', 1, 1, 3598),
(1991, 'after update', 8, 1, 8, 'nonaktif', '2020-06-21 11:39:36', '2020-06-21 11:39:36', 1, 1, 3599),
(1992, 'after update', 9, 1, 9, 'nonaktif', '2020-06-21 11:40:07', '2020-06-21 11:40:07', 1, 1, 3600),
(1993, 'after update', 10, 1, 10, 'nonaktif', '2020-06-21 11:40:52', '2020-06-21 11:40:52', 1, 1, 3601),
(1994, 'after update', 11, 1, 11, 'nonaktif', '2020-06-21 11:41:04', '2020-06-21 11:41:04', 1, 1, 3602),
(1995, 'after update', 12, 1, 12, 'nonaktif', '2020-06-21 11:41:23', '2020-06-21 11:41:23', 1, 1, 3603),
(1996, 'after update', 13, 1, 13, 'nonaktif', '2020-06-21 11:41:33', '2020-06-21 11:41:33', 1, 1, 3604),
(1997, 'after update', 14, 1, 14, 'nonaktif', '2020-06-21 11:41:42', '2020-06-21 11:41:42', 1, 1, 3605),
(1998, 'after update', 15, 1, 15, 'nonaktif', '2020-06-21 11:41:58', '2020-06-21 11:41:58', 1, 1, 3606),
(1999, 'after update', 16, 1, 16, 'nonaktif', '2020-06-21 11:42:07', '2020-06-21 11:42:07', 1, 1, 3607),
(2000, 'after update', 17, 1, 17, 'nonaktif', '2020-06-21 11:42:16', '2020-06-21 11:42:16', 1, 1, 3608),
(2001, 'after update', 18, 1, 18, 'nonaktif', '2020-06-21 11:42:28', '2020-06-21 11:42:28', 1, 1, 3609),
(2002, 'after update', 19, 1, 19, 'nonaktif', '2020-06-21 11:42:37', '2020-06-21 11:42:37', 1, 1, 3610),
(2003, 'after update', 20, 1, 20, 'nonaktif', '2020-06-22 12:12:04', '2020-06-22 12:12:04', 1, 1, 3611),
(2004, 'after update', 21, 1, 21, 'nonaktif', '2020-06-22 07:50:23', '2020-06-22 07:50:23', 1, 1, 3612),
(2005, 'after update', 85, 1, 22, 'nonaktif', '2020-06-22 12:32:52', '2020-06-22 12:32:52', 1, 1, 3613),
(2006, 'after update', 89, 1, 23, 'nonaktif', '2020-06-22 06:10:33', '2020-06-22 06:10:33', 1, 1, 3614),
(2007, 'after update', 93, 1, 24, 'nonaktif', '2020-06-26 10:07:22', '2020-06-26 10:07:22', 1, 1, 3615),
(2008, 'after update', 97, 1, 25, 'nonaktif', '2020-06-27 07:36:59', '2020-06-27 07:36:59', 1, 1, 3616),
(2009, 'after update', 101, 1, 26, 'nonaktif', '2020-06-30 09:26:26', '2020-06-30 09:26:26', 1, 1, 3617),
(2010, 'after update', 105, 1, 27, 'nonaktif', '2020-07-02 11:03:30', '2020-07-02 11:03:30', 1, 1, 3618),
(2011, 'after update', 109, 1, 28, 'nonaktif', '2020-07-06 08:49:56', '2020-07-06 08:49:56', 1, 1, 3619),
(2012, 'after update', 113, 1, 29, 'nonaktif', '2020-07-06 09:13:00', '2020-07-06 09:13:00', 1, 1, 3620),
(2013, 'after update', 117, 1, 30, 'nonaktif', '2020-07-06 09:15:25', '2020-07-06 09:15:25', 1, 1, 3621),
(2014, 'after update', 121, 1, 31, 'nonaktif', '2020-07-06 09:43:54', '2020-07-06 09:43:54', 1, 1, 3622),
(2015, 'after update', 1, 1, 1, 'aktif', '2020-06-21 11:28:57', '2020-06-21 11:28:57', 1, 1, 3623),
(2016, 'after update', 2, 1, 2, 'aktif', '2020-06-21 11:28:57', '2020-06-21 11:28:57', 1, 1, 3624),
(2017, 'after update', 3, 1, 3, 'aktif', '2020-06-21 11:38:11', '2020-06-21 11:38:11', 1, 1, 3625),
(2018, 'after update', 4, 1, 4, 'aktif', '2020-06-21 11:38:23', '2020-06-21 11:38:23', 1, 1, 3626),
(2019, 'after update', 5, 1, 5, 'aktif', '2020-06-21 11:38:35', '2020-06-21 11:38:35', 1, 1, 3627),
(2020, 'after update', 6, 1, 6, 'aktif', '2020-06-21 11:38:44', '2020-06-21 11:38:44', 1, 1, 3628),
(2021, 'after update', 7, 1, 7, 'aktif', '2020-06-21 11:38:54', '2020-06-21 11:38:54', 1, 1, 3629),
(2022, 'after update', 8, 1, 8, 'aktif', '2020-06-21 11:39:36', '2020-06-21 11:39:36', 1, 1, 3630),
(2023, 'after update', 9, 1, 9, 'aktif', '2020-06-21 11:40:07', '2020-06-21 11:40:07', 1, 1, 3631),
(2024, 'after update', 10, 1, 10, 'aktif', '2020-06-21 11:40:52', '2020-06-21 11:40:52', 1, 1, 3632),
(2025, 'after update', 11, 1, 11, 'aktif', '2020-06-21 11:41:04', '2020-06-21 11:41:04', 1, 1, 3633),
(2026, 'after update', 12, 1, 12, 'aktif', '2020-06-21 11:41:23', '2020-06-21 11:41:23', 1, 1, 3634),
(2027, 'after update', 13, 1, 13, 'aktif', '2020-06-21 11:41:33', '2020-06-21 11:41:33', 1, 1, 3635),
(2028, 'after update', 14, 1, 14, 'aktif', '2020-06-21 11:41:42', '2020-06-21 11:41:42', 1, 1, 3636),
(2029, 'after update', 15, 1, 15, 'aktif', '2020-06-21 11:41:58', '2020-06-21 11:41:58', 1, 1, 3637),
(2030, 'after update', 16, 1, 16, 'aktif', '2020-06-21 11:42:07', '2020-06-21 11:42:07', 1, 1, 3638),
(2031, 'after update', 17, 1, 17, 'aktif', '2020-06-21 11:42:16', '2020-06-21 11:42:16', 1, 1, 3639),
(2032, 'after update', 18, 1, 18, 'aktif', '2020-06-21 11:42:28', '2020-06-21 11:42:28', 1, 1, 3640),
(2033, 'after update', 19, 1, 19, 'aktif', '2020-06-21 11:42:37', '2020-06-21 11:42:37', 1, 1, 3641),
(2034, 'after update', 21, 1, 21, 'aktif', '2020-06-22 07:50:23', '2020-06-22 07:50:23', 1, 1, 3642),
(2035, 'after update', 89, 1, 23, 'aktif', '2020-06-22 06:10:33', '2020-06-22 06:10:33', 1, 1, 3643),
(2036, 'after update', 93, 1, 24, 'aktif', '2020-06-26 10:07:22', '2020-06-26 10:07:22', 1, 1, 3644),
(2037, 'after update', 97, 1, 25, 'aktif', '2020-06-27 07:36:59', '2020-06-27 07:36:59', 1, 1, 3645),
(2038, 'after update', 101, 1, 26, 'aktif', '2020-06-30 09:26:26', '2020-06-30 09:26:26', 1, 1, 3646),
(2039, 'after update', 105, 1, 27, 'aktif', '2020-07-02 11:03:30', '2020-07-02 11:03:30', 1, 1, 3647),
(2040, 'after update', 109, 1, 28, 'aktif', '2020-07-06 08:49:56', '2020-07-06 08:49:56', 1, 1, 3648),
(2041, 'after update', 113, 1, 29, 'aktif', '2020-07-06 09:13:00', '2020-07-06 09:13:00', 1, 1, 3649),
(2042, 'after update', 117, 1, 30, 'aktif', '2020-07-06 09:15:25', '2020-07-06 09:15:25', 1, 1, 3650),
(2043, 'after update', 121, 1, 31, 'aktif', '2020-07-06 09:43:54', '2020-07-06 09:43:54', 1, 1, 3651),
(2044, 'after insert', 125, 1, 32, 'nonaktif', '2020-07-06 09:59:33', '2020-07-06 09:59:33', 1, 1, 3659),
(2045, 'after insert', 126, 2, 32, 'nonaktif', '2020-07-06 09:59:33', '2020-07-06 09:59:33', 1, 1, 3660),
(2046, 'after insert', 127, 3, 32, 'nonaktif', '2020-07-06 09:59:33', '2020-07-06 09:59:33', 1, 1, 3661),
(2047, 'after insert', 128, 4, 32, 'nonaktif', '2020-07-06 09:59:33', '2020-07-06 09:59:33', 1, 1, 3662),
(2048, 'after update', 1, 1, 1, 'nonaktif', '2020-06-21 11:28:57', '2020-06-21 11:28:57', 1, 1, 3664),
(2049, 'after update', 2, 1, 2, 'nonaktif', '2020-06-21 11:28:57', '2020-06-21 11:28:57', 1, 1, 3665),
(2050, 'after update', 3, 1, 3, 'nonaktif', '2020-06-21 11:38:11', '2020-06-21 11:38:11', 1, 1, 3666),
(2051, 'after update', 4, 1, 4, 'nonaktif', '2020-06-21 11:38:23', '2020-06-21 11:38:23', 1, 1, 3667),
(2052, 'after update', 5, 1, 5, 'nonaktif', '2020-06-21 11:38:35', '2020-06-21 11:38:35', 1, 1, 3668),
(2053, 'after update', 6, 1, 6, 'nonaktif', '2020-06-21 11:38:44', '2020-06-21 11:38:44', 1, 1, 3669),
(2054, 'after update', 7, 1, 7, 'nonaktif', '2020-06-21 11:38:54', '2020-06-21 11:38:54', 1, 1, 3670),
(2055, 'after update', 8, 1, 8, 'nonaktif', '2020-06-21 11:39:36', '2020-06-21 11:39:36', 1, 1, 3671),
(2056, 'after update', 9, 1, 9, 'nonaktif', '2020-06-21 11:40:07', '2020-06-21 11:40:07', 1, 1, 3672),
(2057, 'after update', 10, 1, 10, 'nonaktif', '2020-06-21 11:40:52', '2020-06-21 11:40:52', 1, 1, 3673),
(2058, 'after update', 11, 1, 11, 'nonaktif', '2020-06-21 11:41:04', '2020-06-21 11:41:04', 1, 1, 3674),
(2059, 'after update', 12, 1, 12, 'nonaktif', '2020-06-21 11:41:23', '2020-06-21 11:41:23', 1, 1, 3675),
(2060, 'after update', 13, 1, 13, 'nonaktif', '2020-06-21 11:41:33', '2020-06-21 11:41:33', 1, 1, 3676),
(2061, 'after update', 14, 1, 14, 'nonaktif', '2020-06-21 11:41:42', '2020-06-21 11:41:42', 1, 1, 3677),
(2062, 'after update', 15, 1, 15, 'nonaktif', '2020-06-21 11:41:58', '2020-06-21 11:41:58', 1, 1, 3678),
(2063, 'after update', 16, 1, 16, 'nonaktif', '2020-06-21 11:42:07', '2020-06-21 11:42:07', 1, 1, 3679),
(2064, 'after update', 17, 1, 17, 'nonaktif', '2020-06-21 11:42:16', '2020-06-21 11:42:16', 1, 1, 3680),
(2065, 'after update', 18, 1, 18, 'nonaktif', '2020-06-21 11:42:28', '2020-06-21 11:42:28', 1, 1, 3681),
(2066, 'after update', 19, 1, 19, 'nonaktif', '2020-06-21 11:42:37', '2020-06-21 11:42:37', 1, 1, 3682),
(2067, 'after update', 20, 1, 20, 'nonaktif', '2020-06-22 12:12:04', '2020-06-22 12:12:04', 1, 1, 3683),
(2068, 'after update', 21, 1, 21, 'nonaktif', '2020-06-22 07:50:23', '2020-06-22 07:50:23', 1, 1, 3684),
(2069, 'after update', 85, 1, 22, 'nonaktif', '2020-06-22 12:32:52', '2020-06-22 12:32:52', 1, 1, 3685),
(2070, 'after update', 89, 1, 23, 'nonaktif', '2020-06-22 06:10:33', '2020-06-22 06:10:33', 1, 1, 3686),
(2071, 'after update', 93, 1, 24, 'nonaktif', '2020-06-26 10:07:22', '2020-06-26 10:07:22', 1, 1, 3687),
(2072, 'after update', 97, 1, 25, 'nonaktif', '2020-06-27 07:36:59', '2020-06-27 07:36:59', 1, 1, 3688),
(2073, 'after update', 101, 1, 26, 'nonaktif', '2020-06-30 09:26:26', '2020-06-30 09:26:26', 1, 1, 3689),
(2074, 'after update', 105, 1, 27, 'nonaktif', '2020-07-02 11:03:30', '2020-07-02 11:03:30', 1, 1, 3690),
(2075, 'after update', 109, 1, 28, 'nonaktif', '2020-07-06 08:49:56', '2020-07-06 08:49:56', 1, 1, 3691),
(2076, 'after update', 113, 1, 29, 'nonaktif', '2020-07-06 09:13:00', '2020-07-06 09:13:00', 1, 1, 3692),
(2077, 'after update', 117, 1, 30, 'nonaktif', '2020-07-06 09:15:25', '2020-07-06 09:15:25', 1, 1, 3693),
(2078, 'after update', 121, 1, 31, 'nonaktif', '2020-07-06 09:43:54', '2020-07-06 09:43:54', 1, 1, 3694),
(2079, 'after update', 125, 1, 32, 'nonaktif', '2020-07-06 09:59:33', '2020-07-06 09:59:33', 1, 1, 3695),
(2080, 'after update', 1, 1, 1, 'aktif', '2020-06-21 11:28:57', '2020-06-21 11:28:57', 1, 1, 3696),
(2081, 'after update', 2, 1, 2, 'aktif', '2020-06-21 11:28:57', '2020-06-21 11:28:57', 1, 1, 3697),
(2082, 'after update', 3, 1, 3, 'aktif', '2020-06-21 11:38:11', '2020-06-21 11:38:11', 1, 1, 3698),
(2083, 'after update', 4, 1, 4, 'aktif', '2020-06-21 11:38:23', '2020-06-21 11:38:23', 1, 1, 3699),
(2084, 'after update', 5, 1, 5, 'aktif', '2020-06-21 11:38:35', '2020-06-21 11:38:35', 1, 1, 3700),
(2085, 'after update', 6, 1, 6, 'aktif', '2020-06-21 11:38:44', '2020-06-21 11:38:44', 1, 1, 3701),
(2086, 'after update', 7, 1, 7, 'aktif', '2020-06-21 11:38:54', '2020-06-21 11:38:54', 1, 1, 3702),
(2087, 'after update', 8, 1, 8, 'aktif', '2020-06-21 11:39:36', '2020-06-21 11:39:36', 1, 1, 3703),
(2088, 'after update', 9, 1, 9, 'aktif', '2020-06-21 11:40:07', '2020-06-21 11:40:07', 1, 1, 3704),
(2089, 'after update', 10, 1, 10, 'aktif', '2020-06-21 11:40:52', '2020-06-21 11:40:52', 1, 1, 3705),
(2090, 'after update', 11, 1, 11, 'aktif', '2020-06-21 11:41:04', '2020-06-21 11:41:04', 1, 1, 3706),
(2091, 'after update', 12, 1, 12, 'aktif', '2020-06-21 11:41:23', '2020-06-21 11:41:23', 1, 1, 3707),
(2092, 'after update', 13, 1, 13, 'aktif', '2020-06-21 11:41:33', '2020-06-21 11:41:33', 1, 1, 3708),
(2093, 'after update', 14, 1, 14, 'aktif', '2020-06-21 11:41:42', '2020-06-21 11:41:42', 1, 1, 3709),
(2094, 'after update', 15, 1, 15, 'aktif', '2020-06-21 11:41:58', '2020-06-21 11:41:58', 1, 1, 3710),
(2095, 'after update', 16, 1, 16, 'aktif', '2020-06-21 11:42:07', '2020-06-21 11:42:07', 1, 1, 3711),
(2096, 'after update', 17, 1, 17, 'aktif', '2020-06-21 11:42:16', '2020-06-21 11:42:16', 1, 1, 3712),
(2097, 'after update', 18, 1, 18, 'aktif', '2020-06-21 11:42:28', '2020-06-21 11:42:28', 1, 1, 3713),
(2098, 'after update', 19, 1, 19, 'aktif', '2020-06-21 11:42:37', '2020-06-21 11:42:37', 1, 1, 3714),
(2099, 'after update', 21, 1, 21, 'aktif', '2020-06-22 07:50:23', '2020-06-22 07:50:23', 1, 1, 3715),
(2100, 'after update', 89, 1, 23, 'aktif', '2020-06-22 06:10:33', '2020-06-22 06:10:33', 1, 1, 3716),
(2101, 'after update', 93, 1, 24, 'aktif', '2020-06-26 10:07:22', '2020-06-26 10:07:22', 1, 1, 3717),
(2102, 'after update', 97, 1, 25, 'aktif', '2020-06-27 07:36:59', '2020-06-27 07:36:59', 1, 1, 3718),
(2103, 'after update', 101, 1, 26, 'aktif', '2020-06-30 09:26:26', '2020-06-30 09:26:26', 1, 1, 3719),
(2104, 'after update', 105, 1, 27, 'aktif', '2020-07-02 11:03:30', '2020-07-02 11:03:30', 1, 1, 3720),
(2105, 'after update', 109, 1, 28, 'aktif', '2020-07-06 08:49:56', '2020-07-06 08:49:56', 1, 1, 3721),
(2106, 'after update', 113, 1, 29, 'aktif', '2020-07-06 09:13:00', '2020-07-06 09:13:00', 1, 1, 3722),
(2107, 'after update', 117, 1, 30, 'aktif', '2020-07-06 09:15:25', '2020-07-06 09:15:25', 1, 1, 3723),
(2108, 'after update', 121, 1, 31, 'aktif', '2020-07-06 09:43:54', '2020-07-06 09:43:54', 1, 1, 3724),
(2109, 'after update', 125, 1, 32, 'aktif', '2020-07-06 09:59:33', '2020-07-06 09:59:33', 1, 1, 3725),
(2110, 'after update', 1, 1, 1, 'nonaktif', '2020-06-21 11:28:57', '2020-06-21 11:28:57', 1, 1, 3727),
(2111, 'after update', 2, 1, 2, 'nonaktif', '2020-06-21 11:28:57', '2020-06-21 11:28:57', 1, 1, 3728),
(2112, 'after update', 3, 1, 3, 'nonaktif', '2020-06-21 11:38:11', '2020-06-21 11:38:11', 1, 1, 3729),
(2113, 'after update', 4, 1, 4, 'nonaktif', '2020-06-21 11:38:23', '2020-06-21 11:38:23', 1, 1, 3730),
(2114, 'after update', 5, 1, 5, 'nonaktif', '2020-06-21 11:38:35', '2020-06-21 11:38:35', 1, 1, 3731),
(2115, 'after update', 6, 1, 6, 'nonaktif', '2020-06-21 11:38:44', '2020-06-21 11:38:44', 1, 1, 3732),
(2116, 'after update', 7, 1, 7, 'nonaktif', '2020-06-21 11:38:54', '2020-06-21 11:38:54', 1, 1, 3733),
(2117, 'after update', 8, 1, 8, 'nonaktif', '2020-06-21 11:39:36', '2020-06-21 11:39:36', 1, 1, 3734),
(2118, 'after update', 9, 1, 9, 'nonaktif', '2020-06-21 11:40:07', '2020-06-21 11:40:07', 1, 1, 3735),
(2119, 'after update', 10, 1, 10, 'nonaktif', '2020-06-21 11:40:52', '2020-06-21 11:40:52', 1, 1, 3736),
(2120, 'after update', 11, 1, 11, 'nonaktif', '2020-06-21 11:41:04', '2020-06-21 11:41:04', 1, 1, 3737),
(2121, 'after update', 12, 1, 12, 'nonaktif', '2020-06-21 11:41:23', '2020-06-21 11:41:23', 1, 1, 3738),
(2122, 'after update', 13, 1, 13, 'nonaktif', '2020-06-21 11:41:33', '2020-06-21 11:41:33', 1, 1, 3739),
(2123, 'after update', 14, 1, 14, 'nonaktif', '2020-06-21 11:41:42', '2020-06-21 11:41:42', 1, 1, 3740),
(2124, 'after update', 15, 1, 15, 'nonaktif', '2020-06-21 11:41:58', '2020-06-21 11:41:58', 1, 1, 3741),
(2125, 'after update', 16, 1, 16, 'nonaktif', '2020-06-21 11:42:07', '2020-06-21 11:42:07', 1, 1, 3742),
(2126, 'after update', 17, 1, 17, 'nonaktif', '2020-06-21 11:42:16', '2020-06-21 11:42:16', 1, 1, 3743),
(2127, 'after update', 18, 1, 18, 'nonaktif', '2020-06-21 11:42:28', '2020-06-21 11:42:28', 1, 1, 3744),
(2128, 'after update', 19, 1, 19, 'nonaktif', '2020-06-21 11:42:37', '2020-06-21 11:42:37', 1, 1, 3745),
(2129, 'after update', 20, 1, 20, 'nonaktif', '2020-06-22 12:12:04', '2020-06-22 12:12:04', 1, 1, 3746),
(2130, 'after update', 21, 1, 21, 'nonaktif', '2020-06-22 07:50:23', '2020-06-22 07:50:23', 1, 1, 3747),
(2131, 'after update', 85, 1, 22, 'nonaktif', '2020-06-22 12:32:52', '2020-06-22 12:32:52', 1, 1, 3748),
(2132, 'after update', 89, 1, 23, 'nonaktif', '2020-06-22 06:10:33', '2020-06-22 06:10:33', 1, 1, 3749),
(2133, 'after update', 93, 1, 24, 'nonaktif', '2020-06-26 10:07:22', '2020-06-26 10:07:22', 1, 1, 3750),
(2134, 'after update', 97, 1, 25, 'nonaktif', '2020-06-27 07:36:59', '2020-06-27 07:36:59', 1, 1, 3751),
(2135, 'after update', 101, 1, 26, 'nonaktif', '2020-06-30 09:26:26', '2020-06-30 09:26:26', 1, 1, 3752),
(2136, 'after update', 105, 1, 27, 'nonaktif', '2020-07-02 11:03:30', '2020-07-02 11:03:30', 1, 1, 3753),
(2137, 'after update', 109, 1, 28, 'nonaktif', '2020-07-06 08:49:56', '2020-07-06 08:49:56', 1, 1, 3754),
(2138, 'after update', 113, 1, 29, 'nonaktif', '2020-07-06 09:13:00', '2020-07-06 09:13:00', 1, 1, 3755),
(2139, 'after update', 117, 1, 30, 'nonaktif', '2020-07-06 09:15:25', '2020-07-06 09:15:25', 1, 1, 3756),
(2140, 'after update', 121, 1, 31, 'nonaktif', '2020-07-06 09:43:54', '2020-07-06 09:43:54', 1, 1, 3757),
(2141, 'after update', 125, 1, 32, 'nonaktif', '2020-07-06 09:59:33', '2020-07-06 09:59:33', 1, 1, 3758),
(2142, 'after update', 1, 1, 1, 'aktif', '2020-06-21 11:28:57', '2020-06-21 11:28:57', 1, 1, 3759),
(2143, 'after update', 2, 1, 2, 'aktif', '2020-06-21 11:28:57', '2020-06-21 11:28:57', 1, 1, 3760),
(2144, 'after update', 3, 1, 3, 'aktif', '2020-06-21 11:38:11', '2020-06-21 11:38:11', 1, 1, 3761),
(2145, 'after update', 4, 1, 4, 'aktif', '2020-06-21 11:38:23', '2020-06-21 11:38:23', 1, 1, 3762),
(2146, 'after update', 5, 1, 5, 'aktif', '2020-06-21 11:38:35', '2020-06-21 11:38:35', 1, 1, 3763),
(2147, 'after update', 6, 1, 6, 'aktif', '2020-06-21 11:38:44', '2020-06-21 11:38:44', 1, 1, 3764),
(2148, 'after update', 7, 1, 7, 'aktif', '2020-06-21 11:38:54', '2020-06-21 11:38:54', 1, 1, 3765),
(2149, 'after update', 8, 1, 8, 'aktif', '2020-06-21 11:39:36', '2020-06-21 11:39:36', 1, 1, 3766),
(2150, 'after update', 9, 1, 9, 'aktif', '2020-06-21 11:40:07', '2020-06-21 11:40:07', 1, 1, 3767),
(2151, 'after update', 10, 1, 10, 'aktif', '2020-06-21 11:40:52', '2020-06-21 11:40:52', 1, 1, 3768),
(2152, 'after update', 11, 1, 11, 'aktif', '2020-06-21 11:41:04', '2020-06-21 11:41:04', 1, 1, 3769),
(2153, 'after update', 12, 1, 12, 'aktif', '2020-06-21 11:41:23', '2020-06-21 11:41:23', 1, 1, 3770),
(2154, 'after update', 13, 1, 13, 'aktif', '2020-06-21 11:41:33', '2020-06-21 11:41:33', 1, 1, 3771),
(2155, 'after update', 14, 1, 14, 'aktif', '2020-06-21 11:41:42', '2020-06-21 11:41:42', 1, 1, 3772),
(2156, 'after update', 15, 1, 15, 'aktif', '2020-06-21 11:41:58', '2020-06-21 11:41:58', 1, 1, 3773),
(2157, 'after update', 16, 1, 16, 'aktif', '2020-06-21 11:42:07', '2020-06-21 11:42:07', 1, 1, 3774),
(2158, 'after update', 17, 1, 17, 'aktif', '2020-06-21 11:42:16', '2020-06-21 11:42:16', 1, 1, 3775),
(2159, 'after update', 18, 1, 18, 'aktif', '2020-06-21 11:42:28', '2020-06-21 11:42:28', 1, 1, 3776),
(2160, 'after update', 19, 1, 19, 'aktif', '2020-06-21 11:42:37', '2020-06-21 11:42:37', 1, 1, 3777),
(2161, 'after update', 21, 1, 21, 'aktif', '2020-06-22 07:50:23', '2020-06-22 07:50:23', 1, 1, 3778),
(2162, 'after update', 89, 1, 23, 'aktif', '2020-06-22 06:10:33', '2020-06-22 06:10:33', 1, 1, 3779),
(2163, 'after update', 93, 1, 24, 'aktif', '2020-06-26 10:07:22', '2020-06-26 10:07:22', 1, 1, 3780),
(2164, 'after update', 97, 1, 25, 'aktif', '2020-06-27 07:36:59', '2020-06-27 07:36:59', 1, 1, 3781),
(2165, 'after update', 101, 1, 26, 'aktif', '2020-06-30 09:26:26', '2020-06-30 09:26:26', 1, 1, 3782),
(2166, 'after update', 105, 1, 27, 'aktif', '2020-07-02 11:03:30', '2020-07-02 11:03:30', 1, 1, 3783),
(2167, 'after update', 109, 1, 28, 'aktif', '2020-07-06 08:49:56', '2020-07-06 08:49:56', 1, 1, 3784),
(2168, 'after update', 113, 1, 29, 'aktif', '2020-07-06 09:13:00', '2020-07-06 09:13:00', 1, 1, 3785),
(2169, 'after update', 117, 1, 30, 'aktif', '2020-07-06 09:15:25', '2020-07-06 09:15:25', 1, 1, 3786),
(2170, 'after update', 121, 1, 31, 'aktif', '2020-07-06 09:43:54', '2020-07-06 09:43:54', 1, 1, 3787),
(2171, 'after update', 125, 1, 32, 'aktif', '2020-07-06 09:59:33', '2020-07-06 09:59:33', 1, 1, 3788),
(2172, 'after insert', 129, 1, 33, 'nonaktif', '2020-07-07 10:38:41', '2020-07-07 10:38:41', 1, 1, 4943),
(2173, 'after insert', 130, 2, 33, 'nonaktif', '2020-07-07 10:38:41', '2020-07-07 10:38:41', 1, 1, 4944),
(2174, 'after insert', 131, 3, 33, 'nonaktif', '2020-07-07 10:38:41', '2020-07-07 10:38:41', 1, 1, 4945),
(2175, 'after insert', 132, 4, 33, 'nonaktif', '2020-07-07 10:38:41', '2020-07-07 10:38:41', 1, 1, 4946),
(2176, 'after update', 1, 1, 1, 'nonaktif', '2020-06-21 11:28:57', '2020-06-21 11:28:57', 1, 1, 4948),
(2177, 'after update', 2, 1, 2, 'nonaktif', '2020-06-21 11:28:57', '2020-06-21 11:28:57', 1, 1, 4949),
(2178, 'after update', 3, 1, 3, 'nonaktif', '2020-06-21 11:38:11', '2020-06-21 11:38:11', 1, 1, 4950),
(2179, 'after update', 4, 1, 4, 'nonaktif', '2020-06-21 11:38:23', '2020-06-21 11:38:23', 1, 1, 4951),
(2180, 'after update', 5, 1, 5, 'nonaktif', '2020-06-21 11:38:35', '2020-06-21 11:38:35', 1, 1, 4952),
(2181, 'after update', 6, 1, 6, 'nonaktif', '2020-06-21 11:38:44', '2020-06-21 11:38:44', 1, 1, 4953),
(2182, 'after update', 7, 1, 7, 'nonaktif', '2020-06-21 11:38:54', '2020-06-21 11:38:54', 1, 1, 4954),
(2183, 'after update', 8, 1, 8, 'nonaktif', '2020-06-21 11:39:36', '2020-06-21 11:39:36', 1, 1, 4955),
(2184, 'after update', 9, 1, 9, 'nonaktif', '2020-06-21 11:40:07', '2020-06-21 11:40:07', 1, 1, 4956),
(2185, 'after update', 10, 1, 10, 'nonaktif', '2020-06-21 11:40:52', '2020-06-21 11:40:52', 1, 1, 4957),
(2186, 'after update', 11, 1, 11, 'nonaktif', '2020-06-21 11:41:04', '2020-06-21 11:41:04', 1, 1, 4958),
(2187, 'after update', 12, 1, 12, 'nonaktif', '2020-06-21 11:41:23', '2020-06-21 11:41:23', 1, 1, 4959),
(2188, 'after update', 13, 1, 13, 'nonaktif', '2020-06-21 11:41:33', '2020-06-21 11:41:33', 1, 1, 4960),
(2189, 'after update', 14, 1, 14, 'nonaktif', '2020-06-21 11:41:42', '2020-06-21 11:41:42', 1, 1, 4961),
(2190, 'after update', 15, 1, 15, 'nonaktif', '2020-06-21 11:41:58', '2020-06-21 11:41:58', 1, 1, 4962),
(2191, 'after update', 16, 1, 16, 'nonaktif', '2020-06-21 11:42:07', '2020-06-21 11:42:07', 1, 1, 4963),
(2192, 'after update', 17, 1, 17, 'nonaktif', '2020-06-21 11:42:16', '2020-06-21 11:42:16', 1, 1, 4964),
(2193, 'after update', 18, 1, 18, 'nonaktif', '2020-06-21 11:42:28', '2020-06-21 11:42:28', 1, 1, 4965),
(2194, 'after update', 19, 1, 19, 'nonaktif', '2020-06-21 11:42:37', '2020-06-21 11:42:37', 1, 1, 4966),
(2195, 'after update', 20, 1, 20, 'nonaktif', '2020-06-22 12:12:04', '2020-06-22 12:12:04', 1, 1, 4967),
(2196, 'after update', 21, 1, 21, 'nonaktif', '2020-06-22 07:50:23', '2020-06-22 07:50:23', 1, 1, 4968),
(2197, 'after update', 85, 1, 22, 'nonaktif', '2020-06-22 12:32:52', '2020-06-22 12:32:52', 1, 1, 4969),
(2198, 'after update', 89, 1, 23, 'nonaktif', '2020-06-22 06:10:33', '2020-06-22 06:10:33', 1, 1, 4970),
(2199, 'after update', 93, 1, 24, 'nonaktif', '2020-06-26 10:07:22', '2020-06-26 10:07:22', 1, 1, 4971),
(2200, 'after update', 97, 1, 25, 'nonaktif', '2020-06-27 07:36:59', '2020-06-27 07:36:59', 1, 1, 4972),
(2201, 'after update', 101, 1, 26, 'nonaktif', '2020-06-30 09:26:26', '2020-06-30 09:26:26', 1, 1, 4973),
(2202, 'after update', 105, 1, 27, 'nonaktif', '2020-07-02 11:03:30', '2020-07-02 11:03:30', 1, 1, 4974),
(2203, 'after update', 109, 1, 28, 'nonaktif', '2020-07-06 08:49:56', '2020-07-06 08:49:56', 1, 1, 4975),
(2204, 'after update', 113, 1, 29, 'nonaktif', '2020-07-06 09:13:00', '2020-07-06 09:13:00', 1, 1, 4976),
(2205, 'after update', 117, 1, 30, 'nonaktif', '2020-07-06 09:15:25', '2020-07-06 09:15:25', 1, 1, 4977),
(2206, 'after update', 121, 1, 31, 'nonaktif', '2020-07-06 09:43:54', '2020-07-06 09:43:54', 1, 1, 4978),
(2207, 'after update', 125, 1, 32, 'nonaktif', '2020-07-06 09:59:33', '2020-07-06 09:59:33', 1, 1, 4979),
(2208, 'after update', 129, 1, 33, 'nonaktif', '2020-07-07 10:38:41', '2020-07-07 10:38:41', 1, 1, 4980),
(2209, 'after update', 1, 1, 1, 'aktif', '2020-06-21 11:28:57', '2020-06-21 11:28:57', 1, 1, 4981),
(2210, 'after update', 2, 1, 2, 'aktif', '2020-06-21 11:28:57', '2020-06-21 11:28:57', 1, 1, 4982),
(2211, 'after update', 3, 1, 3, 'aktif', '2020-06-21 11:38:11', '2020-06-21 11:38:11', 1, 1, 4983),
(2212, 'after update', 4, 1, 4, 'aktif', '2020-06-21 11:38:23', '2020-06-21 11:38:23', 1, 1, 4984),
(2213, 'after update', 5, 1, 5, 'aktif', '2020-06-21 11:38:35', '2020-06-21 11:38:35', 1, 1, 4985),
(2214, 'after update', 6, 1, 6, 'aktif', '2020-06-21 11:38:44', '2020-06-21 11:38:44', 1, 1, 4986),
(2215, 'after update', 7, 1, 7, 'aktif', '2020-06-21 11:38:54', '2020-06-21 11:38:54', 1, 1, 4987),
(2216, 'after update', 8, 1, 8, 'aktif', '2020-06-21 11:39:36', '2020-06-21 11:39:36', 1, 1, 4988),
(2217, 'after update', 9, 1, 9, 'aktif', '2020-06-21 11:40:07', '2020-06-21 11:40:07', 1, 1, 4989),
(2218, 'after update', 10, 1, 10, 'aktif', '2020-06-21 11:40:52', '2020-06-21 11:40:52', 1, 1, 4990),
(2219, 'after update', 11, 1, 11, 'aktif', '2020-06-21 11:41:04', '2020-06-21 11:41:04', 1, 1, 4991),
(2220, 'after update', 12, 1, 12, 'aktif', '2020-06-21 11:41:23', '2020-06-21 11:41:23', 1, 1, 4992),
(2221, 'after update', 13, 1, 13, 'aktif', '2020-06-21 11:41:33', '2020-06-21 11:41:33', 1, 1, 4993),
(2222, 'after update', 14, 1, 14, 'aktif', '2020-06-21 11:41:42', '2020-06-21 11:41:42', 1, 1, 4994),
(2223, 'after update', 15, 1, 15, 'aktif', '2020-06-21 11:41:58', '2020-06-21 11:41:58', 1, 1, 4995),
(2224, 'after update', 16, 1, 16, 'aktif', '2020-06-21 11:42:07', '2020-06-21 11:42:07', 1, 1, 4996),
(2225, 'after update', 17, 1, 17, 'aktif', '2020-06-21 11:42:16', '2020-06-21 11:42:16', 1, 1, 4997),
(2226, 'after update', 18, 1, 18, 'aktif', '2020-06-21 11:42:28', '2020-06-21 11:42:28', 1, 1, 4998),
(2227, 'after update', 19, 1, 19, 'aktif', '2020-06-21 11:42:37', '2020-06-21 11:42:37', 1, 1, 4999),
(2228, 'after update', 21, 1, 21, 'aktif', '2020-06-22 07:50:23', '2020-06-22 07:50:23', 1, 1, 5000),
(2229, 'after update', 89, 1, 23, 'aktif', '2020-06-22 06:10:33', '2020-06-22 06:10:33', 1, 1, 5001),
(2230, 'after update', 93, 1, 24, 'aktif', '2020-06-26 10:07:22', '2020-06-26 10:07:22', 1, 1, 5002),
(2231, 'after update', 97, 1, 25, 'aktif', '2020-06-27 07:36:59', '2020-06-27 07:36:59', 1, 1, 5003),
(2232, 'after update', 101, 1, 26, 'aktif', '2020-06-30 09:26:26', '2020-06-30 09:26:26', 1, 1, 5004),
(2233, 'after update', 105, 1, 27, 'aktif', '2020-07-02 11:03:30', '2020-07-02 11:03:30', 1, 1, 5005),
(2234, 'after update', 109, 1, 28, 'aktif', '2020-07-06 08:49:56', '2020-07-06 08:49:56', 1, 1, 5006),
(2235, 'after update', 113, 1, 29, 'aktif', '2020-07-06 09:13:00', '2020-07-06 09:13:00', 1, 1, 5007),
(2236, 'after update', 117, 1, 30, 'aktif', '2020-07-06 09:15:25', '2020-07-06 09:15:25', 1, 1, 5008),
(2237, 'after update', 121, 1, 31, 'aktif', '2020-07-06 09:43:54', '2020-07-06 09:43:54', 1, 1, 5009),
(2238, 'after update', 125, 1, 32, 'aktif', '2020-07-06 09:59:33', '2020-07-06 09:59:33', 1, 1, 5010),
(2239, 'after update', 129, 1, 33, 'aktif', '2020-07-07 10:38:41', '2020-07-07 10:38:41', 1, 1, 5011),
(2240, 'after insert', 133, 1, 34, 'nonaktif', '2020-07-10 09:45:16', '2020-07-10 09:45:16', 1, 1, 5971),
(2241, 'after insert', 134, 2, 34, 'nonaktif', '2020-07-10 09:45:16', '2020-07-10 09:45:16', 1, 1, 5972),
(2242, 'after insert', 135, 3, 34, 'nonaktif', '2020-07-10 09:45:16', '2020-07-10 09:45:16', 1, 1, 5973),
(2243, 'after insert', 136, 4, 34, 'nonaktif', '2020-07-10 09:45:16', '2020-07-10 09:45:16', 1, 1, 5974),
(2244, 'after update', 1, 1, 1, 'nonaktif', '2020-06-21 11:28:57', '2020-06-21 11:28:57', 1, 1, 5977),
(2245, 'after update', 2, 1, 2, 'nonaktif', '2020-06-21 11:28:57', '2020-06-21 11:28:57', 1, 1, 5978),
(2246, 'after update', 3, 1, 3, 'nonaktif', '2020-06-21 11:38:11', '2020-06-21 11:38:11', 1, 1, 5979),
(2247, 'after update', 4, 1, 4, 'nonaktif', '2020-06-21 11:38:23', '2020-06-21 11:38:23', 1, 1, 5980),
(2248, 'after update', 5, 1, 5, 'nonaktif', '2020-06-21 11:38:35', '2020-06-21 11:38:35', 1, 1, 5981),
(2249, 'after update', 6, 1, 6, 'nonaktif', '2020-06-21 11:38:44', '2020-06-21 11:38:44', 1, 1, 5982),
(2250, 'after update', 7, 1, 7, 'nonaktif', '2020-06-21 11:38:54', '2020-06-21 11:38:54', 1, 1, 5983),
(2251, 'after update', 8, 1, 8, 'nonaktif', '2020-06-21 11:39:36', '2020-06-21 11:39:36', 1, 1, 5984),
(2252, 'after update', 9, 1, 9, 'nonaktif', '2020-06-21 11:40:07', '2020-06-21 11:40:07', 1, 1, 5985),
(2253, 'after update', 10, 1, 10, 'nonaktif', '2020-06-21 11:40:52', '2020-06-21 11:40:52', 1, 1, 5986),
(2254, 'after update', 11, 1, 11, 'nonaktif', '2020-06-21 11:41:04', '2020-06-21 11:41:04', 1, 1, 5987),
(2255, 'after update', 12, 1, 12, 'nonaktif', '2020-06-21 11:41:23', '2020-06-21 11:41:23', 1, 1, 5988),
(2256, 'after update', 13, 1, 13, 'nonaktif', '2020-06-21 11:41:33', '2020-06-21 11:41:33', 1, 1, 5989),
(2257, 'after update', 14, 1, 14, 'nonaktif', '2020-06-21 11:41:42', '2020-06-21 11:41:42', 1, 1, 5990),
(2258, 'after update', 15, 1, 15, 'nonaktif', '2020-06-21 11:41:58', '2020-06-21 11:41:58', 1, 1, 5991),
(2259, 'after update', 16, 1, 16, 'nonaktif', '2020-06-21 11:42:07', '2020-06-21 11:42:07', 1, 1, 5992),
(2260, 'after update', 17, 1, 17, 'nonaktif', '2020-06-21 11:42:16', '2020-06-21 11:42:16', 1, 1, 5993),
(2261, 'after update', 18, 1, 18, 'nonaktif', '2020-06-21 11:42:28', '2020-06-21 11:42:28', 1, 1, 5994),
(2262, 'after update', 19, 1, 19, 'nonaktif', '2020-06-21 11:42:37', '2020-06-21 11:42:37', 1, 1, 5995),
(2263, 'after update', 20, 1, 20, 'nonaktif', '2020-06-22 12:12:04', '2020-06-22 12:12:04', 1, 1, 5996),
(2264, 'after update', 21, 1, 21, 'nonaktif', '2020-06-22 07:50:23', '2020-06-22 07:50:23', 1, 1, 5997),
(2265, 'after update', 85, 1, 22, 'nonaktif', '2020-06-22 12:32:52', '2020-06-22 12:32:52', 1, 1, 5998),
(2266, 'after update', 89, 1, 23, 'nonaktif', '2020-06-22 06:10:33', '2020-06-22 06:10:33', 1, 1, 5999),
(2267, 'after update', 93, 1, 24, 'nonaktif', '2020-06-26 10:07:22', '2020-06-26 10:07:22', 1, 1, 6000),
(2268, 'after update', 97, 1, 25, 'nonaktif', '2020-06-27 07:36:59', '2020-06-27 07:36:59', 1, 1, 6001),
(2269, 'after update', 101, 1, 26, 'nonaktif', '2020-06-30 09:26:26', '2020-06-30 09:26:26', 1, 1, 6002),
(2270, 'after update', 105, 1, 27, 'nonaktif', '2020-07-02 11:03:30', '2020-07-02 11:03:30', 1, 1, 6003),
(2271, 'after update', 109, 1, 28, 'nonaktif', '2020-07-06 08:49:56', '2020-07-06 08:49:56', 1, 1, 6004),
(2272, 'after update', 113, 1, 29, 'nonaktif', '2020-07-06 09:13:00', '2020-07-06 09:13:00', 1, 1, 6005),
(2273, 'after update', 117, 1, 30, 'nonaktif', '2020-07-06 09:15:25', '2020-07-06 09:15:25', 1, 1, 6006),
(2274, 'after update', 121, 1, 31, 'nonaktif', '2020-07-06 09:43:54', '2020-07-06 09:43:54', 1, 1, 6007),
(2275, 'after update', 125, 1, 32, 'nonaktif', '2020-07-06 09:59:33', '2020-07-06 09:59:33', 1, 1, 6008),
(2276, 'after update', 129, 1, 33, 'nonaktif', '2020-07-07 10:38:41', '2020-07-07 10:38:41', 1, 1, 6009),
(2277, 'after update', 133, 1, 34, 'nonaktif', '2020-07-10 09:45:16', '2020-07-10 09:45:16', 1, 1, 6010),
(2278, 'after update', 1, 1, 1, 'aktif', '2020-06-21 11:28:57', '2020-06-21 11:28:57', 1, 1, 6011),
(2279, 'after update', 2, 1, 2, 'aktif', '2020-06-21 11:28:57', '2020-06-21 11:28:57', 1, 1, 6012),
(2280, 'after update', 3, 1, 3, 'aktif', '2020-06-21 11:38:11', '2020-06-21 11:38:11', 1, 1, 6013),
(2281, 'after update', 4, 1, 4, 'aktif', '2020-06-21 11:38:23', '2020-06-21 11:38:23', 1, 1, 6014),
(2282, 'after update', 5, 1, 5, 'aktif', '2020-06-21 11:38:35', '2020-06-21 11:38:35', 1, 1, 6015),
(2283, 'after update', 6, 1, 6, 'aktif', '2020-06-21 11:38:44', '2020-06-21 11:38:44', 1, 1, 6016),
(2284, 'after update', 7, 1, 7, 'aktif', '2020-06-21 11:38:54', '2020-06-21 11:38:54', 1, 1, 6017),
(2285, 'after update', 8, 1, 8, 'aktif', '2020-06-21 11:39:36', '2020-06-21 11:39:36', 1, 1, 6018),
(2286, 'after update', 9, 1, 9, 'aktif', '2020-06-21 11:40:07', '2020-06-21 11:40:07', 1, 1, 6019),
(2287, 'after update', 10, 1, 10, 'aktif', '2020-06-21 11:40:52', '2020-06-21 11:40:52', 1, 1, 6020),
(2288, 'after update', 11, 1, 11, 'aktif', '2020-06-21 11:41:04', '2020-06-21 11:41:04', 1, 1, 6021),
(2289, 'after update', 12, 1, 12, 'aktif', '2020-06-21 11:41:23', '2020-06-21 11:41:23', 1, 1, 6022),
(2290, 'after update', 13, 1, 13, 'aktif', '2020-06-21 11:41:33', '2020-06-21 11:41:33', 1, 1, 6023),
(2291, 'after update', 14, 1, 14, 'aktif', '2020-06-21 11:41:42', '2020-06-21 11:41:42', 1, 1, 6024),
(2292, 'after update', 15, 1, 15, 'aktif', '2020-06-21 11:41:58', '2020-06-21 11:41:58', 1, 1, 6025),
(2293, 'after update', 16, 1, 16, 'aktif', '2020-06-21 11:42:07', '2020-06-21 11:42:07', 1, 1, 6026),
(2294, 'after update', 17, 1, 17, 'aktif', '2020-06-21 11:42:16', '2020-06-21 11:42:16', 1, 1, 6027),
(2295, 'after update', 18, 1, 18, 'aktif', '2020-06-21 11:42:28', '2020-06-21 11:42:28', 1, 1, 6028),
(2296, 'after update', 19, 1, 19, 'aktif', '2020-06-21 11:42:37', '2020-06-21 11:42:37', 1, 1, 6029),
(2297, 'after update', 21, 1, 21, 'aktif', '2020-06-22 07:50:23', '2020-06-22 07:50:23', 1, 1, 6030),
(2298, 'after update', 89, 1, 23, 'aktif', '2020-06-22 06:10:33', '2020-06-22 06:10:33', 1, 1, 6031),
(2299, 'after update', 93, 1, 24, 'aktif', '2020-06-26 10:07:22', '2020-06-26 10:07:22', 1, 1, 6032),
(2300, 'after update', 97, 1, 25, 'aktif', '2020-06-27 07:36:59', '2020-06-27 07:36:59', 1, 1, 6033),
(2301, 'after update', 101, 1, 26, 'aktif', '2020-06-30 09:26:26', '2020-06-30 09:26:26', 1, 1, 6034),
(2302, 'after update', 105, 1, 27, 'aktif', '2020-07-02 11:03:30', '2020-07-02 11:03:30', 1, 1, 6035),
(2303, 'after update', 109, 1, 28, 'aktif', '2020-07-06 08:49:56', '2020-07-06 08:49:56', 1, 1, 6036),
(2304, 'after update', 113, 1, 29, 'aktif', '2020-07-06 09:13:00', '2020-07-06 09:13:00', 1, 1, 6037),
(2305, 'after update', 117, 1, 30, 'aktif', '2020-07-06 09:15:25', '2020-07-06 09:15:25', 1, 1, 6038),
(2306, 'after update', 121, 1, 31, 'aktif', '2020-07-06 09:43:54', '2020-07-06 09:43:54', 1, 1, 6039),
(2307, 'after update', 125, 1, 32, 'aktif', '2020-07-06 09:59:33', '2020-07-06 09:59:33', 1, 1, 6040),
(2308, 'after update', 129, 1, 33, 'aktif', '2020-07-07 10:38:41', '2020-07-07 10:38:41', 1, 1, 6041),
(2309, 'after update', 133, 1, 34, 'aktif', '2020-07-10 09:45:16', '2020-07-10 09:45:16', 1, 1, 6042),
(2310, 'after insert', 137, 1, 35, 'nonaktif', '2020-07-14 11:28:08', '2020-07-14 11:28:08', 1, 1, 7042),
(2311, 'after insert', 138, 2, 35, 'nonaktif', '2020-07-14 11:28:08', '2020-07-14 11:28:08', 1, 1, 7043),
(2312, 'after insert', 139, 3, 35, 'nonaktif', '2020-07-14 11:28:08', '2020-07-14 11:28:08', 1, 1, 7044),
(2313, 'after insert', 140, 4, 35, 'nonaktif', '2020-07-14 11:28:08', '2020-07-14 11:28:08', 1, 1, 7045),
(2314, 'after insert', 141, 1, 36, 'nonaktif', '2020-07-14 11:29:16', '2020-07-14 11:29:16', 1, 1, 7047),
(2315, 'after insert', 142, 2, 36, 'nonaktif', '2020-07-14 11:29:16', '2020-07-14 11:29:16', 1, 1, 7048),
(2316, 'after insert', 143, 3, 36, 'nonaktif', '2020-07-14 11:29:16', '2020-07-14 11:29:16', 1, 1, 7049),
(2317, 'after insert', 144, 4, 36, 'nonaktif', '2020-07-14 11:29:16', '2020-07-14 11:29:16', 1, 1, 7050),
(2318, 'after insert', 145, 1, 37, 'nonaktif', '2020-07-14 11:29:41', '2020-07-14 11:29:41', 1, 1, 7052),
(2319, 'after insert', 146, 2, 37, 'nonaktif', '2020-07-14 11:29:41', '2020-07-14 11:29:41', 1, 1, 7053),
(2320, 'after insert', 147, 3, 37, 'nonaktif', '2020-07-14 11:29:41', '2020-07-14 11:29:41', 1, 1, 7054),
(2321, 'after insert', 148, 4, 37, 'nonaktif', '2020-07-14 11:29:41', '2020-07-14 11:29:41', 1, 1, 7055),
(2322, 'after update', 1, 1, 1, 'nonaktif', '2020-06-21 11:28:57', '2020-06-21 11:28:57', 1, 1, 7057),
(2323, 'after update', 2, 1, 2, 'nonaktif', '2020-06-21 11:28:57', '2020-06-21 11:28:57', 1, 1, 7058),
(2324, 'after update', 3, 1, 3, 'nonaktif', '2020-06-21 11:38:11', '2020-06-21 11:38:11', 1, 1, 7059),
(2325, 'after update', 4, 1, 4, 'nonaktif', '2020-06-21 11:38:23', '2020-06-21 11:38:23', 1, 1, 7060),
(2326, 'after update', 5, 1, 5, 'nonaktif', '2020-06-21 11:38:35', '2020-06-21 11:38:35', 1, 1, 7061),
(2327, 'after update', 6, 1, 6, 'nonaktif', '2020-06-21 11:38:44', '2020-06-21 11:38:44', 1, 1, 7062),
(2328, 'after update', 7, 1, 7, 'nonaktif', '2020-06-21 11:38:54', '2020-06-21 11:38:54', 1, 1, 7063),
(2329, 'after update', 8, 1, 8, 'nonaktif', '2020-06-21 11:39:36', '2020-06-21 11:39:36', 1, 1, 7064),
(2330, 'after update', 9, 1, 9, 'nonaktif', '2020-06-21 11:40:07', '2020-06-21 11:40:07', 1, 1, 7065),
(2331, 'after update', 10, 1, 10, 'nonaktif', '2020-06-21 11:40:52', '2020-06-21 11:40:52', 1, 1, 7066),
(2332, 'after update', 11, 1, 11, 'nonaktif', '2020-06-21 11:41:04', '2020-06-21 11:41:04', 1, 1, 7067),
(2333, 'after update', 12, 1, 12, 'nonaktif', '2020-06-21 11:41:23', '2020-06-21 11:41:23', 1, 1, 7068),
(2334, 'after update', 13, 1, 13, 'nonaktif', '2020-06-21 11:41:33', '2020-06-21 11:41:33', 1, 1, 7069),
(2335, 'after update', 14, 1, 14, 'nonaktif', '2020-06-21 11:41:42', '2020-06-21 11:41:42', 1, 1, 7070),
(2336, 'after update', 15, 1, 15, 'nonaktif', '2020-06-21 11:41:58', '2020-06-21 11:41:58', 1, 1, 7071),
(2337, 'after update', 16, 1, 16, 'nonaktif', '2020-06-21 11:42:07', '2020-06-21 11:42:07', 1, 1, 7072),
(2338, 'after update', 17, 1, 17, 'nonaktif', '2020-06-21 11:42:16', '2020-06-21 11:42:16', 1, 1, 7073),
(2339, 'after update', 18, 1, 18, 'nonaktif', '2020-06-21 11:42:28', '2020-06-21 11:42:28', 1, 1, 7074),
(2340, 'after update', 19, 1, 19, 'nonaktif', '2020-06-21 11:42:37', '2020-06-21 11:42:37', 1, 1, 7075),
(2341, 'after update', 20, 1, 20, 'nonaktif', '2020-06-22 12:12:04', '2020-06-22 12:12:04', 1, 1, 7076),
(2342, 'after update', 21, 1, 21, 'nonaktif', '2020-06-22 07:50:23', '2020-06-22 07:50:23', 1, 1, 7077),
(2343, 'after update', 85, 1, 22, 'nonaktif', '2020-06-22 12:32:52', '2020-06-22 12:32:52', 1, 1, 7078),
(2344, 'after update', 89, 1, 23, 'nonaktif', '2020-06-22 06:10:33', '2020-06-22 06:10:33', 1, 1, 7079),
(2345, 'after update', 93, 1, 24, 'nonaktif', '2020-06-26 10:07:22', '2020-06-26 10:07:22', 1, 1, 7080),
(2346, 'after update', 97, 1, 25, 'nonaktif', '2020-06-27 07:36:59', '2020-06-27 07:36:59', 1, 1, 7081),
(2347, 'after update', 101, 1, 26, 'nonaktif', '2020-06-30 09:26:26', '2020-06-30 09:26:26', 1, 1, 7082),
(2348, 'after update', 105, 1, 27, 'nonaktif', '2020-07-02 11:03:30', '2020-07-02 11:03:30', 1, 1, 7083),
(2349, 'after update', 109, 1, 28, 'nonaktif', '2020-07-06 08:49:56', '2020-07-06 08:49:56', 1, 1, 7084),
(2350, 'after update', 113, 1, 29, 'nonaktif', '2020-07-06 09:13:00', '2020-07-06 09:13:00', 1, 1, 7085),
(2351, 'after update', 117, 1, 30, 'nonaktif', '2020-07-06 09:15:25', '2020-07-06 09:15:25', 1, 1, 7086),
(2352, 'after update', 121, 1, 31, 'nonaktif', '2020-07-06 09:43:54', '2020-07-06 09:43:54', 1, 1, 7087),
(2353, 'after update', 125, 1, 32, 'nonaktif', '2020-07-06 09:59:33', '2020-07-06 09:59:33', 1, 1, 7088),
(2354, 'after update', 129, 1, 33, 'nonaktif', '2020-07-07 10:38:41', '2020-07-07 10:38:41', 1, 1, 7089),
(2355, 'after update', 133, 1, 34, 'nonaktif', '2020-07-10 09:45:16', '2020-07-10 09:45:16', 1, 1, 7090),
(2356, 'after update', 137, 1, 35, 'nonaktif', '2020-07-14 11:28:08', '2020-07-14 11:28:08', 1, 1, 7091),
(2357, 'after update', 141, 1, 36, 'nonaktif', '2020-07-14 11:29:16', '2020-07-14 11:29:16', 1, 1, 7092),
(2358, 'after update', 145, 1, 37, 'nonaktif', '2020-07-14 11:29:41', '2020-07-14 11:29:41', 1, 1, 7093),
(2359, 'after update', 1, 1, 1, 'aktif', '2020-06-21 11:28:57', '2020-06-21 11:28:57', 1, 1, 7094),
(2360, 'after update', 2, 1, 2, 'aktif', '2020-06-21 11:28:57', '2020-06-21 11:28:57', 1, 1, 7095),
(2361, 'after update', 3, 1, 3, 'aktif', '2020-06-21 11:38:11', '2020-06-21 11:38:11', 1, 1, 7096),
(2362, 'after update', 4, 1, 4, 'aktif', '2020-06-21 11:38:23', '2020-06-21 11:38:23', 1, 1, 7097),
(2363, 'after update', 5, 1, 5, 'aktif', '2020-06-21 11:38:35', '2020-06-21 11:38:35', 1, 1, 7098),
(2364, 'after update', 6, 1, 6, 'aktif', '2020-06-21 11:38:44', '2020-06-21 11:38:44', 1, 1, 7099),
(2365, 'after update', 7, 1, 7, 'aktif', '2020-06-21 11:38:54', '2020-06-21 11:38:54', 1, 1, 7100),
(2366, 'after update', 8, 1, 8, 'aktif', '2020-06-21 11:39:36', '2020-06-21 11:39:36', 1, 1, 7101),
(2367, 'after update', 9, 1, 9, 'aktif', '2020-06-21 11:40:07', '2020-06-21 11:40:07', 1, 1, 7102),
(2368, 'after update', 10, 1, 10, 'aktif', '2020-06-21 11:40:52', '2020-06-21 11:40:52', 1, 1, 7103),
(2369, 'after update', 11, 1, 11, 'aktif', '2020-06-21 11:41:04', '2020-06-21 11:41:04', 1, 1, 7104),
(2370, 'after update', 12, 1, 12, 'aktif', '2020-06-21 11:41:23', '2020-06-21 11:41:23', 1, 1, 7105),
(2371, 'after update', 13, 1, 13, 'aktif', '2020-06-21 11:41:33', '2020-06-21 11:41:33', 1, 1, 7106),
(2372, 'after update', 14, 1, 14, 'aktif', '2020-06-21 11:41:42', '2020-06-21 11:41:42', 1, 1, 7107),
(2373, 'after update', 15, 1, 15, 'aktif', '2020-06-21 11:41:58', '2020-06-21 11:41:58', 1, 1, 7108),
(2374, 'after update', 16, 1, 16, 'aktif', '2020-06-21 11:42:07', '2020-06-21 11:42:07', 1, 1, 7109),
(2375, 'after update', 17, 1, 17, 'aktif', '2020-06-21 11:42:16', '2020-06-21 11:42:16', 1, 1, 7110),
(2376, 'after update', 18, 1, 18, 'aktif', '2020-06-21 11:42:28', '2020-06-21 11:42:28', 1, 1, 7111),
(2377, 'after update', 19, 1, 19, 'aktif', '2020-06-21 11:42:37', '2020-06-21 11:42:37', 1, 1, 7112),
(2378, 'after update', 21, 1, 21, 'aktif', '2020-06-22 07:50:23', '2020-06-22 07:50:23', 1, 1, 7113),
(2379, 'after update', 89, 1, 23, 'aktif', '2020-06-22 06:10:33', '2020-06-22 06:10:33', 1, 1, 7114),
(2380, 'after update', 93, 1, 24, 'aktif', '2020-06-26 10:07:22', '2020-06-26 10:07:22', 1, 1, 7115),
(2381, 'after update', 97, 1, 25, 'aktif', '2020-06-27 07:36:59', '2020-06-27 07:36:59', 1, 1, 7116),
(2382, 'after update', 101, 1, 26, 'aktif', '2020-06-30 09:26:26', '2020-06-30 09:26:26', 1, 1, 7117),
(2383, 'after update', 105, 1, 27, 'aktif', '2020-07-02 11:03:30', '2020-07-02 11:03:30', 1, 1, 7118),
(2384, 'after update', 109, 1, 28, 'aktif', '2020-07-06 08:49:56', '2020-07-06 08:49:56', 1, 1, 7119),
(2385, 'after update', 113, 1, 29, 'aktif', '2020-07-06 09:13:00', '2020-07-06 09:13:00', 1, 1, 7120),
(2386, 'after update', 117, 1, 30, 'aktif', '2020-07-06 09:15:25', '2020-07-06 09:15:25', 1, 1, 7121),
(2387, 'after update', 121, 1, 31, 'aktif', '2020-07-06 09:43:54', '2020-07-06 09:43:54', 1, 1, 7122),
(2388, 'after update', 125, 1, 32, 'aktif', '2020-07-06 09:59:33', '2020-07-06 09:59:33', 1, 1, 7123),
(2389, 'after update', 129, 1, 33, 'aktif', '2020-07-07 10:38:41', '2020-07-07 10:38:41', 1, 1, 7124),
(2390, 'after update', 133, 1, 34, 'aktif', '2020-07-10 09:45:16', '2020-07-10 09:45:16', 1, 1, 7125),
(2391, 'after update', 137, 1, 35, 'aktif', '2020-07-14 11:28:08', '2020-07-14 11:28:08', 1, 1, 7126),
(2392, 'after update', 141, 1, 36, 'aktif', '2020-07-14 11:29:16', '2020-07-14 11:29:16', 1, 1, 7127),
(2393, 'after update', 145, 1, 37, 'aktif', '2020-07-14 11:29:41', '2020-07-14 11:29:41', 1, 1, 7128),
(2394, 'after insert', 149, 1, 38, 'nonaktif', '2020-07-15 08:20:40', '2020-07-15 08:20:40', 2, 2, 7179),
(2395, 'after insert', 150, 2, 38, 'nonaktif', '2020-07-15 08:20:40', '2020-07-15 08:20:40', 2, 2, 7180),
(2396, 'after insert', 151, 3, 38, 'nonaktif', '2020-07-15 08:20:40', '2020-07-15 08:20:40', 2, 2, 7181),
(2397, 'after insert', 152, 4, 38, 'nonaktif', '2020-07-15 08:20:40', '2020-07-15 08:20:40', 2, 2, 7182),
(2398, 'after insert', 153, 1, 39, 'nonaktif', '2020-07-15 08:20:56', '2020-07-15 08:20:56', 2, 2, 7184),
(2399, 'after insert', 154, 2, 39, 'nonaktif', '2020-07-15 08:20:56', '2020-07-15 08:20:56', 2, 2, 7185),
(2400, 'after insert', 155, 3, 39, 'nonaktif', '2020-07-15 08:20:56', '2020-07-15 08:20:56', 2, 2, 7186),
(2401, 'after insert', 156, 4, 39, 'nonaktif', '2020-07-15 08:20:56', '2020-07-15 08:20:56', 2, 2, 7187),
(2402, 'after update', 1, 1, 1, 'nonaktif', '2020-06-21 11:28:57', '2020-06-21 11:28:57', 1, 1, 7189),
(2403, 'after update', 2, 1, 2, 'nonaktif', '2020-06-21 11:28:57', '2020-06-21 11:28:57', 1, 1, 7190),
(2404, 'after update', 3, 1, 3, 'nonaktif', '2020-06-21 11:38:11', '2020-06-21 11:38:11', 1, 1, 7191),
(2405, 'after update', 4, 1, 4, 'nonaktif', '2020-06-21 11:38:23', '2020-06-21 11:38:23', 1, 1, 7192),
(2406, 'after update', 5, 1, 5, 'nonaktif', '2020-06-21 11:38:35', '2020-06-21 11:38:35', 1, 1, 7193),
(2407, 'after update', 6, 1, 6, 'nonaktif', '2020-06-21 11:38:44', '2020-06-21 11:38:44', 1, 1, 7194),
(2408, 'after update', 7, 1, 7, 'nonaktif', '2020-06-21 11:38:54', '2020-06-21 11:38:54', 1, 1, 7195),
(2409, 'after update', 8, 1, 8, 'nonaktif', '2020-06-21 11:39:36', '2020-06-21 11:39:36', 1, 1, 7196),
(2410, 'after update', 9, 1, 9, 'nonaktif', '2020-06-21 11:40:07', '2020-06-21 11:40:07', 1, 1, 7197),
(2411, 'after update', 10, 1, 10, 'nonaktif', '2020-06-21 11:40:52', '2020-06-21 11:40:52', 1, 1, 7198),
(2412, 'after update', 11, 1, 11, 'nonaktif', '2020-06-21 11:41:04', '2020-06-21 11:41:04', 1, 1, 7199),
(2413, 'after update', 12, 1, 12, 'nonaktif', '2020-06-21 11:41:23', '2020-06-21 11:41:23', 1, 1, 7200),
(2414, 'after update', 13, 1, 13, 'nonaktif', '2020-06-21 11:41:33', '2020-06-21 11:41:33', 1, 1, 7201),
(2415, 'after update', 14, 1, 14, 'nonaktif', '2020-06-21 11:41:42', '2020-06-21 11:41:42', 1, 1, 7202),
(2416, 'after update', 15, 1, 15, 'nonaktif', '2020-06-21 11:41:58', '2020-06-21 11:41:58', 1, 1, 7203),
(2417, 'after update', 16, 1, 16, 'nonaktif', '2020-06-21 11:42:07', '2020-06-21 11:42:07', 1, 1, 7204),
(2418, 'after update', 17, 1, 17, 'nonaktif', '2020-06-21 11:42:16', '2020-06-21 11:42:16', 1, 1, 7205),
(2419, 'after update', 18, 1, 18, 'nonaktif', '2020-06-21 11:42:28', '2020-06-21 11:42:28', 1, 1, 7206),
(2420, 'after update', 19, 1, 19, 'nonaktif', '2020-06-21 11:42:37', '2020-06-21 11:42:37', 1, 1, 7207),
(2421, 'after update', 20, 1, 20, 'nonaktif', '2020-06-22 12:12:04', '2020-06-22 12:12:04', 1, 1, 7208),
(2422, 'after update', 21, 1, 21, 'nonaktif', '2020-06-22 07:50:23', '2020-06-22 07:50:23', 1, 1, 7209),
(2423, 'after update', 85, 1, 22, 'nonaktif', '2020-06-22 12:32:52', '2020-06-22 12:32:52', 1, 1, 7210),
(2424, 'after update', 89, 1, 23, 'nonaktif', '2020-06-22 06:10:33', '2020-06-22 06:10:33', 1, 1, 7211),
(2425, 'after update', 93, 1, 24, 'nonaktif', '2020-06-26 10:07:22', '2020-06-26 10:07:22', 1, 1, 7212),
(2426, 'after update', 97, 1, 25, 'nonaktif', '2020-06-27 07:36:59', '2020-06-27 07:36:59', 1, 1, 7213),
(2427, 'after update', 101, 1, 26, 'nonaktif', '2020-06-30 09:26:26', '2020-06-30 09:26:26', 1, 1, 7214),
(2428, 'after update', 105, 1, 27, 'nonaktif', '2020-07-02 11:03:30', '2020-07-02 11:03:30', 1, 1, 7215),
(2429, 'after update', 109, 1, 28, 'nonaktif', '2020-07-06 08:49:56', '2020-07-06 08:49:56', 1, 1, 7216),
(2430, 'after update', 113, 1, 29, 'nonaktif', '2020-07-06 09:13:00', '2020-07-06 09:13:00', 1, 1, 7217),
(2431, 'after update', 117, 1, 30, 'nonaktif', '2020-07-06 09:15:25', '2020-07-06 09:15:25', 1, 1, 7218),
(2432, 'after update', 121, 1, 31, 'nonaktif', '2020-07-06 09:43:54', '2020-07-06 09:43:54', 1, 1, 7219),
(2433, 'after update', 125, 1, 32, 'nonaktif', '2020-07-06 09:59:33', '2020-07-06 09:59:33', 1, 1, 7220),
(2434, 'after update', 129, 1, 33, 'nonaktif', '2020-07-07 10:38:41', '2020-07-07 10:38:41', 1, 1, 7221),
(2435, 'after update', 133, 1, 34, 'nonaktif', '2020-07-10 09:45:16', '2020-07-10 09:45:16', 1, 1, 7222),
(2436, 'after update', 137, 1, 35, 'nonaktif', '2020-07-14 11:28:08', '2020-07-14 11:28:08', 1, 1, 7223),
(2437, 'after update', 141, 1, 36, 'nonaktif', '2020-07-14 11:29:16', '2020-07-14 11:29:16', 1, 1, 7224),
(2438, 'after update', 145, 1, 37, 'nonaktif', '2020-07-14 11:29:41', '2020-07-14 11:29:41', 1, 1, 7225),
(2439, 'after update', 149, 1, 38, 'nonaktif', '2020-07-15 08:20:40', '2020-07-15 08:20:40', 2, 2, 7226),
(2440, 'after update', 153, 1, 39, 'nonaktif', '2020-07-15 08:20:56', '2020-07-15 08:20:56', 2, 2, 7227),
(2441, 'after update', 1, 1, 1, 'aktif', '2020-06-21 11:28:57', '2020-06-21 11:28:57', 1, 1, 7228),
(2442, 'after update', 2, 1, 2, 'aktif', '2020-06-21 11:28:57', '2020-06-21 11:28:57', 1, 1, 7229),
(2443, 'after update', 3, 1, 3, 'aktif', '2020-06-21 11:38:11', '2020-06-21 11:38:11', 1, 1, 7230),
(2444, 'after update', 4, 1, 4, 'aktif', '2020-06-21 11:38:23', '2020-06-21 11:38:23', 1, 1, 7231),
(2445, 'after update', 5, 1, 5, 'aktif', '2020-06-21 11:38:35', '2020-06-21 11:38:35', 1, 1, 7232),
(2446, 'after update', 6, 1, 6, 'aktif', '2020-06-21 11:38:44', '2020-06-21 11:38:44', 1, 1, 7233),
(2447, 'after update', 7, 1, 7, 'aktif', '2020-06-21 11:38:54', '2020-06-21 11:38:54', 1, 1, 7234),
(2448, 'after update', 8, 1, 8, 'aktif', '2020-06-21 11:39:36', '2020-06-21 11:39:36', 1, 1, 7235),
(2449, 'after update', 9, 1, 9, 'aktif', '2020-06-21 11:40:07', '2020-06-21 11:40:07', 1, 1, 7236),
(2450, 'after update', 10, 1, 10, 'aktif', '2020-06-21 11:40:52', '2020-06-21 11:40:52', 1, 1, 7237),
(2451, 'after update', 11, 1, 11, 'aktif', '2020-06-21 11:41:04', '2020-06-21 11:41:04', 1, 1, 7238),
(2452, 'after update', 12, 1, 12, 'aktif', '2020-06-21 11:41:23', '2020-06-21 11:41:23', 1, 1, 7239),
(2453, 'after update', 13, 1, 13, 'aktif', '2020-06-21 11:41:33', '2020-06-21 11:41:33', 1, 1, 7240),
(2454, 'after update', 14, 1, 14, 'aktif', '2020-06-21 11:41:42', '2020-06-21 11:41:42', 1, 1, 7241),
(2455, 'after update', 15, 1, 15, 'aktif', '2020-06-21 11:41:58', '2020-06-21 11:41:58', 1, 1, 7242),
(2456, 'after update', 16, 1, 16, 'aktif', '2020-06-21 11:42:07', '2020-06-21 11:42:07', 1, 1, 7243),
(2457, 'after update', 17, 1, 17, 'aktif', '2020-06-21 11:42:16', '2020-06-21 11:42:16', 1, 1, 7244),
(2458, 'after update', 18, 1, 18, 'aktif', '2020-06-21 11:42:28', '2020-06-21 11:42:28', 1, 1, 7245),
(2459, 'after update', 19, 1, 19, 'aktif', '2020-06-21 11:42:37', '2020-06-21 11:42:37', 1, 1, 7246),
(2460, 'after update', 21, 1, 21, 'aktif', '2020-06-22 07:50:23', '2020-06-22 07:50:23', 1, 1, 7247),
(2461, 'after update', 89, 1, 23, 'aktif', '2020-06-22 06:10:33', '2020-06-22 06:10:33', 1, 1, 7248),
(2462, 'after update', 93, 1, 24, 'aktif', '2020-06-26 10:07:22', '2020-06-26 10:07:22', 1, 1, 7249),
(2463, 'after update', 97, 1, 25, 'aktif', '2020-06-27 07:36:59', '2020-06-27 07:36:59', 1, 1, 7250),
(2464, 'after update', 101, 1, 26, 'aktif', '2020-06-30 09:26:26', '2020-06-30 09:26:26', 1, 1, 7251),
(2465, 'after update', 105, 1, 27, 'aktif', '2020-07-02 11:03:30', '2020-07-02 11:03:30', 1, 1, 7252),
(2466, 'after update', 109, 1, 28, 'aktif', '2020-07-06 08:49:56', '2020-07-06 08:49:56', 1, 1, 7253),
(2467, 'after update', 113, 1, 29, 'aktif', '2020-07-06 09:13:00', '2020-07-06 09:13:00', 1, 1, 7254),
(2468, 'after update', 117, 1, 30, 'aktif', '2020-07-06 09:15:25', '2020-07-06 09:15:25', 1, 1, 7255),
(2469, 'after update', 121, 1, 31, 'aktif', '2020-07-06 09:43:54', '2020-07-06 09:43:54', 1, 1, 7256),
(2470, 'after update', 125, 1, 32, 'aktif', '2020-07-06 09:59:33', '2020-07-06 09:59:33', 1, 1, 7257),
(2471, 'after update', 129, 1, 33, 'aktif', '2020-07-07 10:38:41', '2020-07-07 10:38:41', 1, 1, 7258);
INSERT INTO `tbl_hak_akses_log` (`id_pk_hak_akses_log`, `executed_function`, `id_pk_hak_akses`, `id_fk_jabatan`, `id_fk_menu`, `hak_akses_status`, `hak_akses_create_date`, `hak_akses_last_modified`, `id_create_data`, `id_last_modified`, `id_log_all`) VALUES
(2472, 'after update', 133, 1, 34, 'aktif', '2020-07-10 09:45:16', '2020-07-10 09:45:16', 1, 1, 7259),
(2473, 'after update', 137, 1, 35, 'aktif', '2020-07-14 11:28:08', '2020-07-14 11:28:08', 1, 1, 7260),
(2474, 'after update', 141, 1, 36, 'aktif', '2020-07-14 11:29:16', '2020-07-14 11:29:16', 1, 1, 7261),
(2475, 'after update', 145, 1, 37, 'aktif', '2020-07-14 11:29:41', '2020-07-14 11:29:41', 1, 1, 7262),
(2476, 'after update', 149, 1, 38, 'aktif', '2020-07-15 08:20:40', '2020-07-15 08:20:40', 2, 2, 7263),
(2477, 'after update', 153, 1, 39, 'aktif', '2020-07-15 08:20:56', '2020-07-15 08:20:56', 2, 2, 7264),
(2478, 'after insert', 157, 1, 40, 'nonaktif', '2020-07-17 02:06:25', '2020-07-17 02:06:25', 2, 2, 7483),
(2479, 'after insert', 158, 2, 40, 'nonaktif', '2020-07-17 02:06:25', '2020-07-17 02:06:25', 2, 2, 7484),
(2480, 'after insert', 159, 3, 40, 'nonaktif', '2020-07-17 02:06:25', '2020-07-17 02:06:25', 2, 2, 7485),
(2481, 'after insert', 160, 4, 40, 'nonaktif', '2020-07-17 02:06:25', '2020-07-17 02:06:25', 2, 2, 7486),
(2482, 'after update', 1, 1, 1, 'nonaktif', '2020-06-21 11:28:57', '2020-06-21 11:28:57', 1, 1, 7488),
(2483, 'after update', 2, 1, 2, 'nonaktif', '2020-06-21 11:28:57', '2020-06-21 11:28:57', 1, 1, 7489),
(2484, 'after update', 3, 1, 3, 'nonaktif', '2020-06-21 11:38:11', '2020-06-21 11:38:11', 1, 1, 7490),
(2485, 'after update', 4, 1, 4, 'nonaktif', '2020-06-21 11:38:23', '2020-06-21 11:38:23', 1, 1, 7491),
(2486, 'after update', 5, 1, 5, 'nonaktif', '2020-06-21 11:38:35', '2020-06-21 11:38:35', 1, 1, 7492),
(2487, 'after update', 6, 1, 6, 'nonaktif', '2020-06-21 11:38:44', '2020-06-21 11:38:44', 1, 1, 7493),
(2488, 'after update', 7, 1, 7, 'nonaktif', '2020-06-21 11:38:54', '2020-06-21 11:38:54', 1, 1, 7494),
(2489, 'after update', 8, 1, 8, 'nonaktif', '2020-06-21 11:39:36', '2020-06-21 11:39:36', 1, 1, 7495),
(2490, 'after update', 9, 1, 9, 'nonaktif', '2020-06-21 11:40:07', '2020-06-21 11:40:07', 1, 1, 7496),
(2491, 'after update', 10, 1, 10, 'nonaktif', '2020-06-21 11:40:52', '2020-06-21 11:40:52', 1, 1, 7497),
(2492, 'after update', 11, 1, 11, 'nonaktif', '2020-06-21 11:41:04', '2020-06-21 11:41:04', 1, 1, 7498),
(2493, 'after update', 12, 1, 12, 'nonaktif', '2020-06-21 11:41:23', '2020-06-21 11:41:23', 1, 1, 7499),
(2494, 'after update', 13, 1, 13, 'nonaktif', '2020-06-21 11:41:33', '2020-06-21 11:41:33', 1, 1, 7500),
(2495, 'after update', 14, 1, 14, 'nonaktif', '2020-06-21 11:41:42', '2020-06-21 11:41:42', 1, 1, 7501),
(2496, 'after update', 15, 1, 15, 'nonaktif', '2020-06-21 11:41:58', '2020-06-21 11:41:58', 1, 1, 7502),
(2497, 'after update', 16, 1, 16, 'nonaktif', '2020-06-21 11:42:07', '2020-06-21 11:42:07', 1, 1, 7503),
(2498, 'after update', 17, 1, 17, 'nonaktif', '2020-06-21 11:42:16', '2020-06-21 11:42:16', 1, 1, 7504),
(2499, 'after update', 18, 1, 18, 'nonaktif', '2020-06-21 11:42:28', '2020-06-21 11:42:28', 1, 1, 7505),
(2500, 'after update', 19, 1, 19, 'nonaktif', '2020-06-21 11:42:37', '2020-06-21 11:42:37', 1, 1, 7506),
(2501, 'after update', 20, 1, 20, 'nonaktif', '2020-06-22 12:12:04', '2020-06-22 12:12:04', 1, 1, 7507),
(2502, 'after update', 21, 1, 21, 'nonaktif', '2020-06-22 07:50:23', '2020-06-22 07:50:23', 1, 1, 7508),
(2503, 'after update', 85, 1, 22, 'nonaktif', '2020-06-22 12:32:52', '2020-06-22 12:32:52', 1, 1, 7509),
(2504, 'after update', 89, 1, 23, 'nonaktif', '2020-06-22 06:10:33', '2020-06-22 06:10:33', 1, 1, 7510),
(2505, 'after update', 93, 1, 24, 'nonaktif', '2020-06-26 10:07:22', '2020-06-26 10:07:22', 1, 1, 7511),
(2506, 'after update', 97, 1, 25, 'nonaktif', '2020-06-27 07:36:59', '2020-06-27 07:36:59', 1, 1, 7512),
(2507, 'after update', 101, 1, 26, 'nonaktif', '2020-06-30 09:26:26', '2020-06-30 09:26:26', 1, 1, 7513),
(2508, 'after update', 105, 1, 27, 'nonaktif', '2020-07-02 11:03:30', '2020-07-02 11:03:30', 1, 1, 7514),
(2509, 'after update', 109, 1, 28, 'nonaktif', '2020-07-06 08:49:56', '2020-07-06 08:49:56', 1, 1, 7515),
(2510, 'after update', 113, 1, 29, 'nonaktif', '2020-07-06 09:13:00', '2020-07-06 09:13:00', 1, 1, 7516),
(2511, 'after update', 117, 1, 30, 'nonaktif', '2020-07-06 09:15:25', '2020-07-06 09:15:25', 1, 1, 7517),
(2512, 'after update', 121, 1, 31, 'nonaktif', '2020-07-06 09:43:54', '2020-07-06 09:43:54', 1, 1, 7518),
(2513, 'after update', 125, 1, 32, 'nonaktif', '2020-07-06 09:59:33', '2020-07-06 09:59:33', 1, 1, 7519),
(2514, 'after update', 129, 1, 33, 'nonaktif', '2020-07-07 10:38:41', '2020-07-07 10:38:41', 1, 1, 7520),
(2515, 'after update', 133, 1, 34, 'nonaktif', '2020-07-10 09:45:16', '2020-07-10 09:45:16', 1, 1, 7521),
(2516, 'after update', 137, 1, 35, 'nonaktif', '2020-07-14 11:28:08', '2020-07-14 11:28:08', 1, 1, 7522),
(2517, 'after update', 141, 1, 36, 'nonaktif', '2020-07-14 11:29:16', '2020-07-14 11:29:16', 1, 1, 7523),
(2518, 'after update', 145, 1, 37, 'nonaktif', '2020-07-14 11:29:41', '2020-07-14 11:29:41', 1, 1, 7524),
(2519, 'after update', 149, 1, 38, 'nonaktif', '2020-07-15 08:20:40', '2020-07-15 08:20:40', 2, 2, 7525),
(2520, 'after update', 153, 1, 39, 'nonaktif', '2020-07-15 08:20:56', '2020-07-15 08:20:56', 2, 2, 7526),
(2521, 'after update', 157, 1, 40, 'nonaktif', '2020-07-17 02:06:25', '2020-07-17 02:06:25', 2, 2, 7527),
(2522, 'after update', 1, 1, 1, 'aktif', '2020-06-21 11:28:57', '2020-06-21 11:28:57', 1, 1, 7528),
(2523, 'after update', 2, 1, 2, 'aktif', '2020-06-21 11:28:57', '2020-06-21 11:28:57', 1, 1, 7529),
(2524, 'after update', 3, 1, 3, 'aktif', '2020-06-21 11:38:11', '2020-06-21 11:38:11', 1, 1, 7530),
(2525, 'after update', 4, 1, 4, 'aktif', '2020-06-21 11:38:23', '2020-06-21 11:38:23', 1, 1, 7531),
(2526, 'after update', 5, 1, 5, 'aktif', '2020-06-21 11:38:35', '2020-06-21 11:38:35', 1, 1, 7532),
(2527, 'after update', 6, 1, 6, 'aktif', '2020-06-21 11:38:44', '2020-06-21 11:38:44', 1, 1, 7533),
(2528, 'after update', 7, 1, 7, 'aktif', '2020-06-21 11:38:54', '2020-06-21 11:38:54', 1, 1, 7534),
(2529, 'after update', 8, 1, 8, 'aktif', '2020-06-21 11:39:36', '2020-06-21 11:39:36', 1, 1, 7535),
(2530, 'after update', 9, 1, 9, 'aktif', '2020-06-21 11:40:07', '2020-06-21 11:40:07', 1, 1, 7536),
(2531, 'after update', 10, 1, 10, 'aktif', '2020-06-21 11:40:52', '2020-06-21 11:40:52', 1, 1, 7537),
(2532, 'after update', 11, 1, 11, 'aktif', '2020-06-21 11:41:04', '2020-06-21 11:41:04', 1, 1, 7538),
(2533, 'after update', 12, 1, 12, 'aktif', '2020-06-21 11:41:23', '2020-06-21 11:41:23', 1, 1, 7539),
(2534, 'after update', 13, 1, 13, 'aktif', '2020-06-21 11:41:33', '2020-06-21 11:41:33', 1, 1, 7540),
(2535, 'after update', 14, 1, 14, 'aktif', '2020-06-21 11:41:42', '2020-06-21 11:41:42', 1, 1, 7541),
(2536, 'after update', 15, 1, 15, 'aktif', '2020-06-21 11:41:58', '2020-06-21 11:41:58', 1, 1, 7542),
(2537, 'after update', 16, 1, 16, 'aktif', '2020-06-21 11:42:07', '2020-06-21 11:42:07', 1, 1, 7543),
(2538, 'after update', 17, 1, 17, 'aktif', '2020-06-21 11:42:16', '2020-06-21 11:42:16', 1, 1, 7544),
(2539, 'after update', 18, 1, 18, 'aktif', '2020-06-21 11:42:28', '2020-06-21 11:42:28', 1, 1, 7545),
(2540, 'after update', 19, 1, 19, 'aktif', '2020-06-21 11:42:37', '2020-06-21 11:42:37', 1, 1, 7546),
(2541, 'after update', 21, 1, 21, 'aktif', '2020-06-22 07:50:23', '2020-06-22 07:50:23', 1, 1, 7547),
(2542, 'after update', 89, 1, 23, 'aktif', '2020-06-22 06:10:33', '2020-06-22 06:10:33', 1, 1, 7548),
(2543, 'after update', 93, 1, 24, 'aktif', '2020-06-26 10:07:22', '2020-06-26 10:07:22', 1, 1, 7549),
(2544, 'after update', 97, 1, 25, 'aktif', '2020-06-27 07:36:59', '2020-06-27 07:36:59', 1, 1, 7550),
(2545, 'after update', 101, 1, 26, 'aktif', '2020-06-30 09:26:26', '2020-06-30 09:26:26', 1, 1, 7551),
(2546, 'after update', 105, 1, 27, 'aktif', '2020-07-02 11:03:30', '2020-07-02 11:03:30', 1, 1, 7552),
(2547, 'after update', 109, 1, 28, 'aktif', '2020-07-06 08:49:56', '2020-07-06 08:49:56', 1, 1, 7553),
(2548, 'after update', 113, 1, 29, 'aktif', '2020-07-06 09:13:00', '2020-07-06 09:13:00', 1, 1, 7554),
(2549, 'after update', 117, 1, 30, 'aktif', '2020-07-06 09:15:25', '2020-07-06 09:15:25', 1, 1, 7555),
(2550, 'after update', 121, 1, 31, 'aktif', '2020-07-06 09:43:54', '2020-07-06 09:43:54', 1, 1, 7556),
(2551, 'after update', 125, 1, 32, 'aktif', '2020-07-06 09:59:33', '2020-07-06 09:59:33', 1, 1, 7557),
(2552, 'after update', 129, 1, 33, 'aktif', '2020-07-07 10:38:41', '2020-07-07 10:38:41', 1, 1, 7558),
(2553, 'after update', 133, 1, 34, 'aktif', '2020-07-10 09:45:16', '2020-07-10 09:45:16', 1, 1, 7559),
(2554, 'after update', 137, 1, 35, 'aktif', '2020-07-14 11:28:08', '2020-07-14 11:28:08', 1, 1, 7560),
(2555, 'after update', 141, 1, 36, 'aktif', '2020-07-14 11:29:16', '2020-07-14 11:29:16', 1, 1, 7561),
(2556, 'after update', 145, 1, 37, 'aktif', '2020-07-14 11:29:41', '2020-07-14 11:29:41', 1, 1, 7562),
(2557, 'after update', 149, 1, 38, 'aktif', '2020-07-15 08:20:40', '2020-07-15 08:20:40', 2, 2, 7563),
(2558, 'after update', 153, 1, 39, 'aktif', '2020-07-15 08:20:56', '2020-07-15 08:20:56', 2, 2, 7564),
(2559, 'after update', 157, 1, 40, 'aktif', '2020-07-17 02:06:25', '2020-07-17 02:06:25', 2, 2, 7565);

-- --------------------------------------------------------

--
-- Table structure for table `tbl_penjualan_online`
--

CREATE TABLE `tbl_penjualan_online` (
  `id_pk_penjualan_online` int(11) NOT NULL,
  `penj_on_marketplace` varchar(40) DEFAULT NULL,
  `penj_on_no_resi` varchar(40) DEFAULT NULL,
  `penj_on_kurir` varchar(40) DEFAULT NULL,
  `penj_on_status` varchar(15) DEFAULT NULL,
  `id_fk_penjualan` int(11) DEFAULT NULL,
  `penj_on_create_date` datetime DEFAULT NULL,
  `penj_on_last_modified` datetime DEFAULT NULL,
  `id_create_data` int(11) DEFAULT NULL,
  `id_last_modified` int(11) DEFAULT NULL
) ENGINE=MyISAM DEFAULT CHARSET=latin1;

--
-- Dumping data for table `tbl_penjualan_online`
--

INSERT INTO `tbl_penjualan_online` (`id_pk_penjualan_online`, `penj_on_marketplace`, `penj_on_no_resi`, `penj_on_kurir`, `penj_on_status`, `id_fk_penjualan`, `penj_on_create_date`, `penj_on_last_modified`, `id_create_data`, `id_last_modified`) VALUES
(1, '1', '1234567', 'JNE', 'AKTIF', 1, '2020-06-22 09:39:50', '2020-07-18 11:00:50', 1, 2),
(2, '1', '12345678', 'JNE', 'AKTIF', 2, '2020-06-22 05:37:45', '2020-06-27 11:07:50', 1, 1),
(3, '1', '123', 'kurir', 'AKTIF', 249, '2020-07-18 12:46:27', '2020-07-18 12:46:27', 2, 2);

--
-- Triggers `tbl_penjualan_online`
--
DELIMITER $$
CREATE TRIGGER `trg_after_insert_penjualan_online` AFTER INSERT ON `tbl_penjualan_online` FOR EACH ROW begin
            set @id_user = new.id_last_modified;
            set @tgl_action = new.penj_on_last_modified;
            set @log_text = concat(new.id_last_modified,' ','insert data at' , new.penj_on_last_modified);
            call insert_log_all(@id_user,@tgl_action,@log_text,@id_log_all);
            
            insert into tbl_penjualan_online_log(executed_function,id_pk_penjualan_online,penj_on_marketplace,penj_on_no_resi,penj_on_kurir,penj_on_status,id_fk_penjualan,penj_on_create_date,penj_on_last_modified,id_create_data,id_last_modified,id_log_all) values ('after insert',new.id_pk_penjualan_online,new.penj_on_marketplace,new.penj_on_no_resi,new.penj_on_kurir,new.penj_on_status,new.id_fk_penjualan,new.penj_on_create_date,new.penj_on_last_modified,new.id_create_data,new.id_last_modified,@id_log_all);
        end
$$
DELIMITER ;
DELIMITER $$
CREATE TRIGGER `trg_after_update_penjualan_online` AFTER UPDATE ON `tbl_penjualan_online` FOR EACH ROW begin
            set @id_user = new.id_last_modified;
            set @tgl_action = new.penj_on_last_modified;
            set @log_text = concat(new.id_last_modified,' ','update data at' , new.penj_on_last_modified);
            call insert_log_all(@id_user,@tgl_action,@log_text,@id_log_all);
            
            insert into tbl_penjualan_online_log(executed_function,id_pk_penjualan_online,penj_on_marketplace,penj_on_no_resi,penj_on_kurir,penj_on_status,id_fk_penjualan,penj_on_create_date,penj_on_last_modified,id_create_data,id_last_modified,id_log_all) values ('after update',new.id_pk_penjualan_online,new.penj_on_marketplace,new.penj_on_no_resi,new.penj_on_kurir,new.penj_on_status,new.id_fk_penjualan,new.penj_on_create_date,new.penj_on_last_modified,new.id_create_data,new.id_last_modified,@id_log_all);
        end
$$
DELIMITER ;

-- --------------------------------------------------------

--
-- Table structure for table `tbl_penjualan_online_log`
--

CREATE TABLE `tbl_penjualan_online_log` (
  `id_pk_penjualan_online_log` int(11) NOT NULL,
  `executed_function` varchar(30) DEFAULT NULL,
  `id_pk_penjualan_online` int(11) DEFAULT NULL,
  `penj_on_marketplace` varchar(40) DEFAULT NULL,
  `penj_on_no_resi` varchar(40) DEFAULT NULL,
  `penj_on_kurir` varchar(40) DEFAULT NULL,
  `penj_on_status` varchar(15) DEFAULT NULL,
  `id_fk_penjualan` int(11) DEFAULT NULL,
  `penj_on_create_date` datetime DEFAULT NULL,
  `penj_on_last_modified` datetime DEFAULT NULL,
  `id_create_data` int(11) DEFAULT NULL,
  `id_last_modified` int(11) DEFAULT NULL,
  `id_log_all` int(11) DEFAULT NULL
) ENGINE=MyISAM DEFAULT CHARSET=latin1;

--
-- Dumping data for table `tbl_penjualan_online_log`
--

INSERT INTO `tbl_penjualan_online_log` (`id_pk_penjualan_online_log`, `executed_function`, `id_pk_penjualan_online`, `penj_on_marketplace`, `penj_on_no_resi`, `penj_on_kurir`, `penj_on_status`, `id_fk_penjualan`, `penj_on_create_date`, `penj_on_last_modified`, `id_create_data`, `id_last_modified`, `id_log_all`) VALUES
(1, 'after insert', 1, 'Tokopedia', '1234567', 'JNE', 'AKTIF', 1, '2020-06-22 09:39:50', '2020-06-22 09:39:50', 1, 1, 319),
(2, 'after update', 1, 'Tokopedia', '1234567', 'JNE', 'AKTIF', 1, '2020-06-22 09:39:50', '2020-06-22 09:53:30', 1, 1, 327),
(3, 'after update', 1, 'Tokopedia', '1234567', 'JNE', 'AKTIF', 1, '2020-06-22 09:39:50', '2020-06-22 09:55:58', 1, 1, 329),
(4, 'after update', 1, 'Tokopedia', '1234567', 'JNE', 'AKTIF', 1, '2020-06-22 09:39:50', '2020-06-22 10:05:28', 1, 1, 339),
(5, 'after insert', 2, 'Tokopedia', '12345678', 'JNE', 'AKTIF', 2, '2020-06-22 05:37:45', '2020-06-22 05:37:45', 1, 1, 658),
(6, 'after update', 2, 'Tokopedia', '12345678', 'JNE', 'AKTIF', 2, '2020-06-22 05:37:45', '2020-06-22 06:05:31', 1, 1, 755),
(7, 'after update', 1, 'Tokopedia', '1234567', 'JNE', 'AKTIF', 1, '2020-06-22 09:39:50', '2020-06-22 06:55:38', 1, 1, 838),
(8, 'after update', 2, '1', '12345678', 'JNE', 'AKTIF', 2, '2020-06-22 05:37:45', '2020-06-27 11:05:32', 1, 1, 1215),
(9, 'after update', 2, '2', '12345678', 'JNE', 'AKTIF', 2, '2020-06-22 05:37:45', '2020-06-27 11:07:37', 1, 1, 1221),
(10, 'after update', 2, '1', '12345678', 'JNE', 'AKTIF', 2, '2020-06-22 05:37:45', '2020-06-27 11:07:50', 1, 1, 1226),
(11, 'after insert', 3, '1', '123', 'kurir', 'AKTIF', 249, '2020-07-18 12:46:27', '2020-07-18 12:46:27', 2, 2, 8531),
(12, 'after update', 1, '1', '1234567', 'JNE', 'AKTIF', 1, '2020-06-22 09:39:50', '2020-07-18 11:00:50', 1, 2, 9030);

-- --------------------------------------------------------

--
-- Table structure for table `tbl_penjualan_pembayaran`
--

CREATE TABLE `tbl_penjualan_pembayaran` (
  `id_pk_penjualan_pembayaran` int(11) NOT NULL,
  `id_fk_penjualan` int(11) DEFAULT NULL,
  `penjualan_pmbyrn_nama` varchar(100) DEFAULT NULL,
  `penjualan_pmbyrn_persen` double DEFAULT NULL,
  `penjualan_pmbyrn_nominal` int(11) DEFAULT NULL,
  `penjualan_pmbyrn_notes` varchar(200) DEFAULT NULL,
  `penjualan_pmbyrn_dateline` datetime DEFAULT NULL,
  `penjualan_pmbyrn_status` varchar(15) DEFAULT NULL,
  `penjualan_pmbyrn_create_date` datetime DEFAULT NULL,
  `penjualan_pmbyrn_last_modified` datetime DEFAULT NULL,
  `id_create_data` int(11) DEFAULT NULL,
  `id_last_modified` int(11) DEFAULT NULL
) ENGINE=MyISAM DEFAULT CHARSET=latin1;

--
-- Dumping data for table `tbl_penjualan_pembayaran`
--

INSERT INTO `tbl_penjualan_pembayaran` (`id_pk_penjualan_pembayaran`, `id_fk_penjualan`, `penjualan_pmbyrn_nama`, `penjualan_pmbyrn_persen`, `penjualan_pmbyrn_nominal`, `penjualan_pmbyrn_notes`, `penjualan_pmbyrn_dateline`, `penjualan_pmbyrn_status`, `penjualan_pmbyrn_create_date`, `penjualan_pmbyrn_last_modified`, `id_create_data`, `id_last_modified`) VALUES
(1, 1, 'Pembayaran DP', 50, 62000, '-', '1111-11-11 00:00:00', 'AKTIF', '2020-06-22 09:39:51', '2020-07-18 11:00:51', 1, 2),
(2, 1, 'Pelunasan 1', 25, 31000, '-', '2222-02-22 00:00:00', 'AKTIF', '2020-06-22 09:39:51', '2020-07-18 11:00:51', 1, 2),
(3, 1, 'Pelunasan 2', 25, 31000, '-', '1111-11-11 00:00:00', 'AKTIF', '2020-06-22 09:55:58', '2020-07-18 11:00:51', 1, 2),
(4, 2, 'Pembayaran 1', 50, 527500, '-', '2222-02-22 00:00:00', 'AKTIF', '2020-06-22 05:37:45', '2020-06-27 11:07:50', 1, 1),
(5, 2, 'Pembayaran 2', 50, 527500, '-', '3333-03-31 00:00:00', 'AKTIF', '2020-06-22 05:37:45', '2020-06-27 11:07:50', 1, 1),
(6, 121, 'pmbyrn1', 100, 629, '-', '2020-12-22 00:00:00', 'AKTIF', '2020-07-24 04:40:24', '2020-07-24 04:40:24', 2, 2),
(7, 121, 'pmbyrn1', 100, 629, '-', '2020-12-22 00:00:00', 'AKTIF', '2020-07-24 04:41:08', '2020-07-24 04:41:08', 2, 2),
(8, 121, 'pmbyrn1', 100, 629, '-', '2020-12-22 00:00:00', 'AKTIF', '2020-07-24 04:41:17', '2020-07-24 04:41:17', 2, 2),
(9, 250, 'Pembayaran 1', 50, 37750, '-', '2020-07-24 00:00:00', 'AKTIF', '2020-07-24 04:55:20', '2020-07-24 06:00:49', 2, 2),
(10, 250, 'Pembayaran 2', 50, 37750, '-', '2020-07-24 00:00:00', 'AKTIF', '2020-07-24 05:42:18', '2020-07-24 06:00:49', 2, 2);

--
-- Triggers `tbl_penjualan_pembayaran`
--
DELIMITER $$
CREATE TRIGGER `trg_after_insert_penjualan_pembayaran` AFTER INSERT ON `tbl_penjualan_pembayaran` FOR EACH ROW begin
            set @id_user = new.id_last_modified;
            set @tgl_action = new.penjualan_pmbyrn_last_modified;
            set @log_text = concat(new.id_last_modified,' ','insert data at' , new.penjualan_pmbyrn_last_modified);
            call insert_log_all(@id_user,@tgl_action,@log_text,@id_log_all);
            
            insert into tbl_penjualan_pembayaran_log(executed_function,id_pk_penjualan_pembayaran,id_fk_penjualan,penjualan_pmbyrn_nama,penjualan_pmbyrn_persen,penjualan_pmbyrn_nominal,penjualan_pmbyrn_notes,penjualan_pmbyrn_dateline,penjualan_pmbyrn_status,penjualan_pmbyrn_create_date,penjualan_pmbyrn_last_modified,id_create_data,id_last_modified,id_log_all) values ('after insert',new.id_pk_penjualan_pembayaran,new.id_fk_penjualan,new.penjualan_pmbyrn_nama,new.penjualan_pmbyrn_persen,new.penjualan_pmbyrn_nominal,new.penjualan_pmbyrn_notes,new.penjualan_pmbyrn_dateline,new.penjualan_pmbyrn_status,new.penjualan_pmbyrn_create_date,new.penjualan_pmbyrn_last_modified,new.id_create_data,new.id_last_modified,@id_log_all);
        end
$$
DELIMITER ;
DELIMITER $$
CREATE TRIGGER `trg_after_update_penjualan_pembayaran` AFTER UPDATE ON `tbl_penjualan_pembayaran` FOR EACH ROW begin
            set @id_user = new.id_last_modified;
            set @tgl_action = new.penjualan_pmbyrn_last_modified;
            set @log_text = concat(new.id_last_modified,' ','update data at' , new.penjualan_pmbyrn_last_modified);
            call insert_log_all(@id_user,@tgl_action,@log_text,@id_log_all);
            
            insert into tbl_penjualan_pembayaran_log(executed_function,id_pk_penjualan_pembayaran,id_fk_penjualan,penjualan_pmbyrn_nama,penjualan_pmbyrn_persen,penjualan_pmbyrn_nominal,penjualan_pmbyrn_notes,penjualan_pmbyrn_dateline,penjualan_pmbyrn_status,penjualan_pmbyrn_create_date,penjualan_pmbyrn_last_modified,id_create_data,id_last_modified,id_log_all) values ('after update',new.id_pk_penjualan_pembayaran,new.id_fk_penjualan,new.penjualan_pmbyrn_nama,new.penjualan_pmbyrn_persen,new.penjualan_pmbyrn_nominal,new.penjualan_pmbyrn_notes,new.penjualan_pmbyrn_dateline,new.penjualan_pmbyrn_status,new.penjualan_pmbyrn_create_date,new.penjualan_pmbyrn_last_modified,new.id_create_data,new.id_last_modified,@id_log_all);
        end
$$
DELIMITER ;

-- --------------------------------------------------------

--
-- Table structure for table `tbl_penjualan_pembayaran_log`
--

CREATE TABLE `tbl_penjualan_pembayaran_log` (
  `id_pk_penjualan_pembayaran_log` int(11) NOT NULL,
  `executed_function` varchar(30) DEFAULT NULL,
  `id_pk_penjualan_pembayaran` int(11) DEFAULT NULL,
  `id_fk_penjualan` int(11) DEFAULT NULL,
  `penjualan_pmbyrn_nama` varchar(100) DEFAULT NULL,
  `penjualan_pmbyrn_persen` double DEFAULT NULL,
  `penjualan_pmbyrn_nominal` int(11) DEFAULT NULL,
  `penjualan_pmbyrn_notes` varchar(200) DEFAULT NULL,
  `penjualan_pmbyrn_dateline` datetime DEFAULT NULL,
  `penjualan_pmbyrn_status` varchar(15) DEFAULT NULL,
  `penjualan_pmbyrn_create_date` datetime DEFAULT NULL,
  `penjualan_pmbyrn_last_modified` datetime DEFAULT NULL,
  `id_create_data` int(11) DEFAULT NULL,
  `id_last_modified` int(11) DEFAULT NULL,
  `id_log_all` int(11) DEFAULT NULL
) ENGINE=MyISAM DEFAULT CHARSET=latin1;

--
-- Dumping data for table `tbl_penjualan_pembayaran_log`
--

INSERT INTO `tbl_penjualan_pembayaran_log` (`id_pk_penjualan_pembayaran_log`, `executed_function`, `id_pk_penjualan_pembayaran`, `id_fk_penjualan`, `penjualan_pmbyrn_nama`, `penjualan_pmbyrn_persen`, `penjualan_pmbyrn_nominal`, `penjualan_pmbyrn_notes`, `penjualan_pmbyrn_dateline`, `penjualan_pmbyrn_status`, `penjualan_pmbyrn_create_date`, `penjualan_pmbyrn_last_modified`, `id_create_data`, `id_last_modified`, `id_log_all`) VALUES
(1, 'after insert', 1, 1, 'Pembayaran DP', 50, 52000, '-', '1111-11-11 00:00:00', 'AKTIF', '2020-06-22 09:39:51', '2020-06-22 09:39:51', 1, 1, 323),
(2, 'after insert', 2, 1, 'Pelunasan', 50, 52000, '-', '2222-02-22 00:00:00', 'AKTIF', '2020-06-22 09:39:51', '2020-06-22 09:39:51', 1, 1, 324),
(3, 'after insert', 3, 1, 'Pelunasan 2', 25, 26000, '-', '1111-11-11 00:00:00', 'AKTIF', '2020-06-22 09:55:58', '2020-06-22 09:55:58', 1, 1, 335),
(4, 'after update', 1, 1, 'Pembayaran DP', 50, 52000, '-', '1111-11-11 00:00:00', 'AKTIF', '2020-06-22 09:39:51', '2020-06-22 09:55:58', 1, 1, 336),
(5, 'after update', 2, 1, 'Pelunasan 1', 25, 26000, '-', '2222-02-22 00:00:00', 'AKTIF', '2020-06-22 09:39:51', '2020-06-22 09:55:58', 1, 1, 337),
(6, 'after update', 1, 1, 'Pembayaran DP', 50, 62000, '-', '1111-11-11 00:00:00', 'AKTIF', '2020-06-22 09:39:51', '2020-06-22 10:05:28', 1, 1, 345),
(7, 'after update', 2, 1, 'Pelunasan 1', 25, 31000, '-', '2222-02-22 00:00:00', 'AKTIF', '2020-06-22 09:39:51', '2020-06-22 10:05:28', 1, 1, 346),
(8, 'after update', 3, 1, 'Pelunasan 2', 25, 31000, '-', '1111-11-11 00:00:00', 'AKTIF', '2020-06-22 09:55:58', '2020-06-22 10:05:28', 1, 1, 347),
(9, 'after insert', 4, 2, 'Pembayaran 1', 50, 527500, '-', '2222-02-22 00:00:00', 'AKTIF', '2020-06-22 05:37:45', '2020-06-22 05:37:45', 1, 1, 662),
(10, 'after insert', 5, 2, 'Pembayaran 2', 50, 527500, '-', '3333-03-31 00:00:00', 'AKTIF', '2020-06-22 05:37:45', '2020-06-22 05:37:45', 1, 1, 663),
(11, 'after update', 4, 2, 'Pembayaran 1', 50, 527500, '-', '2222-02-22 00:00:00', 'AKTIF', '2020-06-22 05:37:45', '2020-06-22 06:05:31', 1, 1, 759),
(12, 'after update', 5, 2, 'Pembayaran 2', 50, 527500, '-', '3333-03-31 00:00:00', 'AKTIF', '2020-06-22 05:37:45', '2020-06-22 06:05:31', 1, 1, 760),
(13, 'after update', 1, 1, 'Pembayaran DP', 50, 62000, '-', '1111-11-11 00:00:00', 'AKTIF', '2020-06-22 09:39:51', '2020-06-22 06:55:38', 1, 1, 844),
(14, 'after update', 2, 1, 'Pelunasan 1', 25, 31000, '-', '2222-02-22 00:00:00', 'AKTIF', '2020-06-22 09:39:51', '2020-06-22 06:55:38', 1, 1, 845),
(15, 'after update', 3, 1, 'Pelunasan 2', 25, 31000, '-', '1111-11-11 00:00:00', 'AKTIF', '2020-06-22 09:55:58', '2020-06-22 06:55:38', 1, 1, 846),
(16, 'after update', 4, 2, 'Pembayaran 1', 50, 527500, '-', '2222-02-22 00:00:00', 'AKTIF', '2020-06-22 05:37:45', '2020-06-27 11:05:32', 1, 1, 1217),
(17, 'after update', 5, 2, 'Pembayaran 2', 50, 527500, '-', '3333-03-31 00:00:00', 'AKTIF', '2020-06-22 05:37:45', '2020-06-27 11:05:32', 1, 1, 1218),
(18, 'after update', 4, 2, 'Pembayaran 1', 50, 527500, '-', '2222-02-22 00:00:00', 'AKTIF', '2020-06-22 05:37:45', '2020-06-27 11:07:37', 1, 1, 1223),
(19, 'after update', 5, 2, 'Pembayaran 2', 50, 527500, '-', '3333-03-31 00:00:00', 'AKTIF', '2020-06-22 05:37:45', '2020-06-27 11:07:37', 1, 1, 1224),
(20, 'after update', 4, 2, 'Pembayaran 1', 50, 527500, '-', '2222-02-22 00:00:00', 'AKTIF', '2020-06-22 05:37:45', '2020-06-27 11:07:50', 1, 1, 1228),
(21, 'after update', 5, 2, 'Pembayaran 2', 50, 527500, '-', '3333-03-31 00:00:00', 'AKTIF', '2020-06-22 05:37:45', '2020-06-27 11:07:50', 1, 1, 1229),
(22, 'after update', 1, 1, 'Pembayaran DP', 50, 62000, '-', '1111-11-11 00:00:00', 'AKTIF', '2020-06-22 09:39:51', '2020-07-18 11:00:51', 1, 2, 9035),
(23, 'after update', 2, 1, 'Pelunasan 1', 25, 31000, '-', '2222-02-22 00:00:00', 'AKTIF', '2020-06-22 09:39:51', '2020-07-18 11:00:51', 1, 2, 9036),
(24, 'after update', 3, 1, 'Pelunasan 2', 25, 31000, '-', '1111-11-11 00:00:00', 'AKTIF', '2020-06-22 09:55:58', '2020-07-18 11:00:51', 1, 2, 9037),
(25, 'after insert', 6, 121, 'pmbyrn1', 100, 629, '-', '2020-12-22 00:00:00', 'AKTIF', '2020-07-24 04:40:24', '2020-07-24 04:40:24', 2, 2, 923),
(26, 'after insert', 7, 121, 'pmbyrn1', 100, 629, '-', '2020-12-22 00:00:00', 'AKTIF', '2020-07-24 04:41:08', '2020-07-24 04:41:08', 2, 2, 926),
(27, 'after insert', 8, 121, 'pmbyrn1', 100, 629, '-', '2020-12-22 00:00:00', 'AKTIF', '2020-07-24 04:41:17', '2020-07-24 04:41:17', 2, 2, 930),
(28, 'after insert', 9, 250, 'Pembayaran 1', 100, 18335, '-', '2020-07-24 00:00:00', 'AKTIF', '2020-07-24 04:55:20', '2020-07-24 04:55:20', 2, 2, 976),
(29, 'after insert', 10, 250, 'Pembayaran 2', 50, 10, '-', '2020-07-24 00:00:00', 'AKTIF', '2020-07-24 05:42:18', '2020-07-24 05:42:18', 2, 2, 1061),
(30, 'after update', 9, 250, 'Pembayaran 1', 50, 10, '-', '2020-07-24 00:00:00', 'AKTIF', '2020-07-24 04:55:20', '2020-07-24 05:42:18', 2, 2, 1062),
(31, 'after update', 9, 250, 'Pembayaran 1', 50, 28014, '-', '2020-07-24 00:00:00', 'AKTIF', '2020-07-24 04:55:20', '2020-07-24 05:58:17', 2, 2, 1109),
(32, 'after update', 10, 250, 'Pembayaran 2', 50, 28014, '-', '2020-07-24 00:00:00', 'AKTIF', '2020-07-24 05:42:18', '2020-07-24 05:58:17', 2, 2, 1110),
(33, 'after update', 9, 250, 'Pembayaran 1', 50, 37750, '-', '2020-07-24 00:00:00', 'AKTIF', '2020-07-24 04:55:20', '2020-07-24 05:59:36', 2, 2, 1136),
(34, 'after update', 10, 250, 'Pembayaran 2', 50, 37750, '-', '2020-07-24 00:00:00', 'AKTIF', '2020-07-24 05:42:18', '2020-07-24 05:59:36', 2, 2, 1137),
(35, 'after update', 9, 250, 'Pembayaran 1', 50, 37750, '-', '2020-07-24 00:00:00', 'AKTIF', '2020-07-24 04:55:20', '2020-07-24 06:00:25', 2, 2, 1149),
(36, 'after update', 10, 250, 'Pembayaran 2', 50, 37750, '-', '2020-07-24 00:00:00', 'AKTIF', '2020-07-24 05:42:18', '2020-07-24 06:00:25', 2, 2, 1150),
(37, 'after update', 9, 250, 'Pembayaran 1', 50, 37750, '-', '2020-07-24 00:00:00', 'AKTIF', '2020-07-24 04:55:20', '2020-07-24 06:00:30', 2, 2, 1162),
(38, 'after update', 10, 250, 'Pembayaran 2', 50, 37750, '-', '2020-07-24 00:00:00', 'AKTIF', '2020-07-24 05:42:18', '2020-07-24 06:00:30', 2, 2, 1163),
(39, 'after update', 9, 250, 'Pembayaran 1', 50, 37750, '-', '2020-07-24 00:00:00', 'AKTIF', '2020-07-24 04:55:20', '2020-07-24 06:00:49', 2, 2, 1175),
(40, 'after update', 10, 250, 'Pembayaran 2', 50, 37750, '-', '2020-07-24 00:00:00', 'AKTIF', '2020-07-24 05:42:18', '2020-07-24 06:00:49', 2, 2, 1176);

-- --------------------------------------------------------

--
-- Table structure for table `tbl_retur_brg`
--

CREATE TABLE `tbl_retur_brg` (
  `id_pk_retur_brg` int(11) NOT NULL,
  `id_fk_retur` int(11) DEFAULT NULL,
  `id_fk_brg` int(11) DEFAULT NULL,
  `retur_brg_qty` double DEFAULT NULL,
  `retur_brg_satuan` varchar(30) DEFAULT NULL,
  `retur_brg_notes` varchar(100) DEFAULT NULL,
  `retur_brg_status` varchar(15) DEFAULT NULL,
  `retur_create_date` datetime DEFAULT NULL,
  `retur_last_modified` datetime DEFAULT NULL,
  `id_create_data` int(11) DEFAULT NULL,
  `id_last_modified` int(11) DEFAULT NULL
) ENGINE=MyISAM DEFAULT CHARSET=latin1;

--
-- Dumping data for table `tbl_retur_brg`
--

INSERT INTO `tbl_retur_brg` (`id_pk_retur_brg`, `id_fk_retur`, `id_fk_brg`, `retur_brg_qty`, `retur_brg_satuan`, `retur_brg_notes`, `retur_brg_status`, `retur_create_date`, `retur_last_modified`, `id_create_data`, `id_last_modified`) VALUES
(1, 1, 1, 0, 'Pcs', '-', 'aktif', '2020-06-22 10:52:54', '2020-06-22 10:54:41', 1, 1),
(2, 1, 2, 1, 'Pcs', '-', 'aktif', '2020-06-22 10:52:54', '2020-06-22 10:54:41', 1, 1),
(3, 1, 3, 1, 'Pcs', '-', 'aktif', '2020-06-22 10:52:54', '2020-06-22 10:54:41', 1, 1),
(4, 2, 1, 2, 'Pcs', '-', 'aktif', '2020-06-22 05:45:19', '2020-06-22 05:46:58', 1, 1),
(5, 2, 2, 3, 'Pcs', '-', 'aktif', '2020-06-22 05:45:19', '2020-06-22 05:46:58', 1, 1),
(6, 2, 3, 2, 'Pcs', '-', 'aktif', '2020-06-22 05:45:19', '2020-06-22 05:46:58', 1, 1),
(7, 3, 1, 5, 'Pcs', '-', 'aktif', '2020-06-23 03:17:44', '2020-06-23 03:17:44', 1, 1),
(8, 3, 3, 10, 'Pcs', '-', 'aktif', '2020-06-23 03:17:44', '2020-06-23 03:17:44', 1, 1),
(9, 4, 1, 10, 'Pcs', '-', 'aktif', '2020-06-23 03:19:56', '2020-06-23 03:19:56', 1, 1),
(10, 4, 3, 15, 'Pcs', '-', 'aktif', '2020-06-23 03:19:56', '2020-06-23 03:19:56', 1, 1),
(11, 14, 2, 1000, 'Pcs', '-', 'aktif', '2020-07-24 07:48:35', '2020-07-24 07:48:35', 2, 2);

-- --------------------------------------------------------

--
-- Table structure for table `tbl_retur_brg_log`
--

CREATE TABLE `tbl_retur_brg_log` (
  `id_pk_retur_log` int(11) NOT NULL,
  `executed_function` varchar(30) DEFAULT NULL,
  `id_pk_retur_brg` int(11) DEFAULT NULL,
  `id_fk_retur` int(11) DEFAULT NULL,
  `id_fk_brg` int(11) DEFAULT NULL,
  `retur_brg_qty` double DEFAULT NULL,
  `retur_brg_satuan` varchar(30) DEFAULT NULL,
  `retur_brg_notes` varchar(100) DEFAULT NULL,
  `retur_brg_status` varchar(15) DEFAULT NULL,
  `retur_create_date` datetime DEFAULT NULL,
  `retur_last_modified` datetime DEFAULT NULL,
  `id_create_data` int(11) DEFAULT NULL,
  `id_last_modified` int(11) DEFAULT NULL,
  `id_log_all` int(11) DEFAULT NULL
) ENGINE=MyISAM DEFAULT CHARSET=latin1;

--
-- Dumping data for table `tbl_retur_brg_log`
--

INSERT INTO `tbl_retur_brg_log` (`id_pk_retur_log`, `executed_function`, `id_pk_retur_brg`, `id_fk_retur`, `id_fk_brg`, `retur_brg_qty`, `retur_brg_satuan`, `retur_brg_notes`, `retur_brg_status`, `retur_create_date`, `retur_last_modified`, `id_create_data`, `id_last_modified`, `id_log_all`) VALUES
(1, 'after insert', 1, 1, 1, 0, 'Pcs', '-', 'aktif', '2020-06-22 10:52:54', '2020-06-22 10:52:54', 1, 1, 426),
(2, 'after insert', 2, 1, 2, 1, 'Pcs', '-', 'aktif', '2020-06-22 10:52:54', '2020-06-22 10:52:54', 1, 1, 427),
(3, 'after insert', 3, 1, 3, 0, 'Pcs', '-', 'aktif', '2020-06-22 10:52:54', '2020-06-22 10:52:54', 1, 1, 428),
(4, 'after update', 1, 1, 1, 0, 'Pcs', '-', 'aktif', '2020-06-22 10:52:54', '2020-06-22 10:54:41', 1, 1, 430),
(5, 'after update', 2, 1, 2, 1, 'Pcs', '-', 'aktif', '2020-06-22 10:52:54', '2020-06-22 10:54:41', 1, 1, 431),
(6, 'after update', 3, 1, 3, 1, 'Pcs', '-', 'aktif', '2020-06-22 10:52:54', '2020-06-22 10:54:41', 1, 1, 432),
(7, 'after insert', 4, 2, 1, 2, 'Pcs', '-', 'aktif', '2020-06-22 05:45:19', '2020-06-22 05:45:19', 1, 1, 704),
(8, 'after insert', 5, 2, 2, 3, 'Pcs', '-', 'aktif', '2020-06-22 05:45:19', '2020-06-22 05:45:19', 1, 1, 705),
(9, 'after insert', 6, 2, 3, 2, 'Pcs', '-', 'aktif', '2020-06-22 05:45:19', '2020-06-22 05:45:19', 1, 1, 706),
(10, 'after update', 4, 2, 1, 2, 'Pcs', '-', 'aktif', '2020-06-22 05:45:19', '2020-06-22 05:46:58', 1, 1, 708),
(11, 'after update', 5, 2, 2, 3, 'Pcs', '-', 'aktif', '2020-06-22 05:45:19', '2020-06-22 05:46:58', 1, 1, 709),
(12, 'after update', 6, 2, 3, 2, 'Pcs', '-', 'aktif', '2020-06-22 05:45:19', '2020-06-22 05:46:58', 1, 1, 710),
(13, 'after insert', 7, 3, 1, 5, 'Pcs', '-', 'aktif', '2020-06-23 03:17:44', '2020-06-23 03:17:44', 1, 1, 864),
(14, 'after insert', 8, 3, 3, 10, 'Pcs', '-', 'aktif', '2020-06-23 03:17:44', '2020-06-23 03:17:44', 1, 1, 865),
(15, 'after insert', 9, 4, 1, 10, 'Pcs', '-', 'aktif', '2020-06-23 03:19:56', '2020-06-23 03:19:56', 1, 1, 867),
(16, 'after insert', 10, 4, 3, 15, 'Pcs', '-', 'aktif', '2020-06-23 03:19:56', '2020-06-23 03:19:56', 1, 1, 868);

-- --------------------------------------------------------

--
-- Table structure for table `tbl_retur_kembali`
--

CREATE TABLE `tbl_retur_kembali` (
  `id_pk_retur_kembali` int(11) NOT NULL,
  `retur_kembali_qty_real` double DEFAULT NULL,
  `retur_kembali_satuan_real` varchar(20) DEFAULT NULL,
  `retur_kembali_qty` double DEFAULT NULL,
  `retur_kembali_satuan` varchar(20) DEFAULT NULL,
  `retur_kembali_harga` int(11) DEFAULT NULL,
  `retur_kembali_note` varchar(150) DEFAULT NULL,
  `retur_kembali_status` varchar(15) DEFAULT NULL,
  `id_fk_retur` int(11) DEFAULT NULL,
  `id_fk_brg` int(11) DEFAULT NULL,
  `retur_kembali_create_date` datetime DEFAULT NULL,
  `retur_kembali_last_modified` datetime DEFAULT NULL,
  `id_create_data` int(11) DEFAULT NULL,
  `id_last_modified` int(11) DEFAULT NULL
) ENGINE=MyISAM DEFAULT CHARSET=latin1;

--
-- Dumping data for table `tbl_retur_kembali`
--

INSERT INTO `tbl_retur_kembali` (`id_pk_retur_kembali`, `retur_kembali_qty_real`, `retur_kembali_satuan_real`, `retur_kembali_qty`, `retur_kembali_satuan`, `retur_kembali_harga`, `retur_kembali_note`, `retur_kembali_status`, `id_fk_retur`, `id_fk_brg`, `retur_kembali_create_date`, `retur_kembali_last_modified`, `id_create_data`, `id_last_modified`) VALUES
(1, 2, 'Pcs', 3, 'Pcs', 20000, '-', 'aktif', 1, 3, '2020-06-22 10:52:54', '2020-06-22 10:54:41', 1, 1),
(2, 4, 'Pcs', 5, 'Pcs', 30000, '-', 'aktif', 2, 4, '2020-06-22 05:45:19', '2020-06-22 05:46:58', 1, 1),
(3, 4, 'Pcs', 4, 'Pcs', 10000, '-', 'aktif', 3, 4, '2020-06-23 03:17:45', '2020-06-23 03:17:45', 1, 1),
(4, 4, 'Pcs', 4, 'Pcs', 10000, '-', 'aktif', 4, 4, '2020-06-23 03:19:56', '2020-06-23 03:19:56', 1, 1),
(5, 5, 'Pcs', 10, 'Pcs', 20000, '-', 'aktif', 4, 5, '2020-06-23 03:19:56', '2020-06-23 03:19:56', 1, 1),
(6, 10, 'Pcs', 10, 'Pcs', 50000, '-', 'aktif', 4, 6, '2020-06-23 03:19:56', '2020-06-23 03:19:56', 1, 1);

--
-- Triggers `tbl_retur_kembali`
--
DELIMITER $$
CREATE TRIGGER `trg_after_insert_retur_kembali` AFTER INSERT ON `tbl_retur_kembali` FOR EACH ROW begin
            set @id_user = new.id_last_modified;
            set @tgl_action = new.retur_kembali_last_modified;
            set @log_text = concat(new.id_last_modified,' ','insert data at' , new.retur_kembali_last_modified);
            call insert_log_all(@id_user,@tgl_action,@log_text,@id_log_all);
            
            insert into tbl_retur_kembali_log(executed_function,id_pk_retur_kembali,retur_kembali_qty_real,retur_kembali_satuan_real,retur_kembali_qty,retur_kembali_satuan,retur_kembali_harga,retur_kembali_note,retur_kembali_status,id_fk_retur,id_fk_brg,retur_kembali_create_date,retur_kembali_last_modified,id_create_data,id_last_modified,id_log_all) values ('after insert',new.id_pk_retur_kembali,new.retur_kembali_qty_real,new.retur_kembali_satuan_real,new.retur_kembali_qty,new.retur_kembali_satuan,new.retur_kembali_harga,new.retur_kembali_note,new.retur_kembali_status,new.id_fk_retur,new.id_fk_brg,new.retur_kembali_create_date,new.retur_kembali_last_modified,new.id_create_data,new.id_last_modified,@id_log_all);
        end
$$
DELIMITER ;
DELIMITER $$
CREATE TRIGGER `trg_after_update_retur_kembali` AFTER UPDATE ON `tbl_retur_kembali` FOR EACH ROW begin
            set @id_user = new.id_last_modified;
            set @tgl_action = new.retur_kembali_last_modified;
            set @log_text = concat(new.id_last_modified,' ','update data at' , new.retur_kembali_last_modified);
            call insert_log_all(@id_user,@tgl_action,@log_text,@id_log_all);
            
            insert into tbl_retur_kembali_log(executed_function,id_pk_retur_kembali,retur_kembali_qty_real,retur_kembali_satuan_real,retur_kembali_qty,retur_kembali_satuan,retur_kembali_harga,retur_kembali_note,retur_kembali_status,id_fk_retur,id_fk_brg,retur_kembali_create_date,retur_kembali_last_modified,id_create_data,id_last_modified,id_log_all) values ('after update',new.id_pk_retur_kembali,new.retur_kembali_qty_real,new.retur_kembali_satuan_real,new.retur_kembali_qty,new.retur_kembali_satuan,new.retur_kembali_harga,new.retur_kembali_note,new.retur_kembali_status,new.id_fk_retur,new.id_fk_brg,new.retur_kembali_create_date,new.retur_kembali_last_modified,new.id_create_data,new.id_last_modified,@id_log_all);
        end
$$
DELIMITER ;

-- --------------------------------------------------------

--
-- Table structure for table `tbl_retur_kembali_log`
--

CREATE TABLE `tbl_retur_kembali_log` (
  `id_pk_retur_kembali_log` int(11) NOT NULL,
  `executed_function` varchar(30) DEFAULT NULL,
  `id_pk_retur_kembali` int(11) DEFAULT NULL,
  `retur_kembali_qty_real` double DEFAULT NULL,
  `retur_kembali_satuan_real` varchar(20) DEFAULT NULL,
  `retur_kembali_qty` double DEFAULT NULL,
  `retur_kembali_satuan` varchar(20) DEFAULT NULL,
  `retur_kembali_harga` int(11) DEFAULT NULL,
  `retur_kembali_note` varchar(150) DEFAULT NULL,
  `retur_kembali_status` varchar(15) DEFAULT NULL,
  `id_fk_retur` int(11) DEFAULT NULL,
  `id_fk_brg` int(11) DEFAULT NULL,
  `retur_kembali_create_date` datetime DEFAULT NULL,
  `retur_kembali_last_modified` datetime DEFAULT NULL,
  `id_create_data` int(11) DEFAULT NULL,
  `id_last_modified` int(11) DEFAULT NULL,
  `id_log_all` int(11) DEFAULT NULL
) ENGINE=MyISAM DEFAULT CHARSET=latin1;

--
-- Dumping data for table `tbl_retur_kembali_log`
--

INSERT INTO `tbl_retur_kembali_log` (`id_pk_retur_kembali_log`, `executed_function`, `id_pk_retur_kembali`, `retur_kembali_qty_real`, `retur_kembali_satuan_real`, `retur_kembali_qty`, `retur_kembali_satuan`, `retur_kembali_harga`, `retur_kembali_note`, `retur_kembali_status`, `id_fk_retur`, `id_fk_brg`, `retur_kembali_create_date`, `retur_kembali_last_modified`, `id_create_data`, `id_last_modified`, `id_log_all`) VALUES
(1, 'after insert', 1, 2, 'Pcs', 2, 'Pcs', 20000, '-', 'aktif', 1, 3, '2020-06-22 10:52:54', '2020-06-22 10:52:54', 1, 1, 429),
(2, 'after update', 1, 2, 'Pcs', 3, 'Pcs', 20000, '-', 'aktif', 1, 3, '2020-06-22 10:52:54', '2020-06-22 10:54:41', 1, 1, 433),
(3, 'after insert', 2, 4, 'Pcs', 5, 'Pcs', 30000, '-', 'aktif', 2, 4, '2020-06-22 05:45:19', '2020-06-22 05:45:19', 1, 1, 707),
(4, 'after update', 2, 4, 'Pcs', 5, 'Pcs', 30000, '-', 'aktif', 2, 4, '2020-06-22 05:45:19', '2020-06-22 05:46:58', 1, 1, 711),
(5, 'after insert', 3, 4, 'Pcs', 4, 'Pcs', 10000, '-', 'aktif', 3, 4, '2020-06-23 03:17:45', '2020-06-23 03:17:45', 1, 1, 866),
(6, 'after insert', 4, 4, 'Pcs', 4, 'Pcs', 10000, '-', 'aktif', 4, 4, '2020-06-23 03:19:56', '2020-06-23 03:19:56', 1, 1, 869),
(7, 'after insert', 5, 5, 'Pcs', 10, 'Pcs', 20000, '-', 'aktif', 4, 5, '2020-06-23 03:19:56', '2020-06-23 03:19:56', 1, 1, 870),
(8, 'after insert', 6, 10, 'Pcs', 10, 'Pcs', 50000, '-', 'aktif', 4, 6, '2020-06-23 03:19:56', '2020-06-23 03:19:56', 1, 1, 871);

-- --------------------------------------------------------

--
-- Table structure for table `tbl_sj_item`
--

CREATE TABLE `tbl_sj_item` (
  `id_pk_sj_item` int(11) NOT NULL,
  `sj_item_qty` double DEFAULT NULL,
  `sj_item_note` varchar(150) DEFAULT NULL,
  `sj_item_status` varchar(15) DEFAULT NULL,
  `id_fk_satuan` int(11) DEFAULT NULL,
  `id_fk_surat_jalan` int(11) DEFAULT NULL,
  `id_fk_brg_penjualan` int(11) DEFAULT NULL,
  `sj_item_create_date` datetime DEFAULT NULL,
  `sj_item_last_modified` datetime DEFAULT NULL,
  `id_create_data` int(11) DEFAULT NULL,
  `id_last_modified` int(11) DEFAULT NULL
) ENGINE=MyISAM DEFAULT CHARSET=latin1;

--
-- Triggers `tbl_sj_item`
--
DELIMITER $$
CREATE TRIGGER `trg_after_insert_sj_item` AFTER INSERT ON `tbl_sj_item` FOR EACH ROW begin
            set @id_user = new.id_last_modified;
            set @tgl_action = new.sj_item_last_modified;
            set @log_text = concat(new.id_last_modified,' ','insert data at' , new.sj_item_last_modified);
            call insert_log_all(@id_user,@tgl_action,@log_text,@id_log_all);
            
            insert into tbl_sj_item_log(executed_function,id_pk_sj_item,sj_item_qty,sj_item_note,sj_item_status,id_fk_satuan,id_fk_surat_jalan,id_fk_brg_penjualan,sj_item_create_date,sj_item_last_modified,id_create_data,id_last_modified,id_log_all) values ('after insert',new.id_pk_sj_item,new.sj_item_qty,new.sj_item_note,new.sj_item_status,new.id_fk_satuan,new.id_fk_surat_jalan,new.id_fk_brg_penjualan,new.sj_item_create_date,new.sj_item_last_modified,new.id_create_data,new.id_last_modified,@id_log_all);
        end
$$
DELIMITER ;
DELIMITER $$
CREATE TRIGGER `trg_after_update_sj_item` AFTER UPDATE ON `tbl_sj_item` FOR EACH ROW begin
            set @id_user = new.id_last_modified;
            set @tgl_action = new.sj_item_last_modified;
            set @log_text = concat(new.id_last_modified,' ','update data at' , new.sj_item_last_modified);
            call insert_log_all(@id_user,@tgl_action,@log_text,@id_log_all);
            
            insert into tbl_sj_item_log(executed_function,id_pk_sj_item,sj_item_qty,sj_item_note,sj_item_status,id_fk_satuan,id_fk_surat_jalan,id_fk_brg_penjualan,sj_item_create_date,sj_item_last_modified,id_create_data,id_last_modified,id_log_all) values ('after update',new.id_pk_sj_item,new.sj_item_qty,new.sj_item_note,new.sj_item_status,new.id_fk_satuan,new.id_fk_surat_jalan,new.id_fk_brg_penjualan,new.sj_item_create_date,new.sj_item_last_modified,new.id_create_data,new.id_last_modified,@id_log_all);
        end
$$
DELIMITER ;

-- --------------------------------------------------------

--
-- Table structure for table `tbl_sj_item_log`
--

CREATE TABLE `tbl_sj_item_log` (
  `id_pk_sj_item_log` int(11) NOT NULL,
  `executed_function` varchar(30) DEFAULT NULL,
  `id_pk_sj_item` int(11) DEFAULT NULL,
  `sj_item_qty` double DEFAULT NULL,
  `sj_item_note` varchar(150) DEFAULT NULL,
  `sj_item_status` varchar(15) DEFAULT NULL,
  `id_fk_satuan` int(11) DEFAULT NULL,
  `id_fk_surat_jalan` int(11) DEFAULT NULL,
  `id_fk_brg_penjualan` int(11) DEFAULT NULL,
  `sj_item_create_date` datetime DEFAULT NULL,
  `sj_item_last_modified` datetime DEFAULT NULL,
  `id_create_data` int(11) DEFAULT NULL,
  `id_last_modified` int(11) DEFAULT NULL,
  `id_log_all` int(11) DEFAULT NULL
) ENGINE=MyISAM DEFAULT CHARSET=latin1;

-- --------------------------------------------------------

--
-- Table structure for table `tbl_so_pj`
--

CREATE TABLE `tbl_so_pj` (
  `ID_PK_SO_PJ` int(11) NOT NULL,
  `ID_FK_STOCK_OPNAME` int(11) DEFAULT NULL,
  `ID_FK_EMP` int(11) DEFAULT NULL,
  `SO_PJ_CREATE_DATE` datetime DEFAULT NULL,
  `SO_PJ_LAST_MODIFIED` datetime DEFAULT NULL,
  `ID_CREATE_DATA` int(11) DEFAULT NULL,
  `ID_LAST_MODIFIED` int(11) DEFAULT NULL
) ENGINE=InnoDB DEFAULT CHARSET=utf8mb4;

--
-- Triggers `tbl_so_pj`
--
DELIMITER $$
CREATE TRIGGER `TRG_AFTER_INSERT_SO_PJ` AFTER INSERT ON `tbl_so_pj` FOR EACH ROW BEGIN
    SET @ID_USER = NEW.ID_LAST_MODIFIED;
    SET @TGL_ACTION = NEW.SO_PJ_LAST_MODIFIED;
    SET @LOG_TEXT = CONCAT(NEW.ID_LAST_MODIFIED,' ','INSERT DATA AT' , NEW.SO_PJ_LAST_MODIFIED);
    CALL INSERT_LOG_ALL(@ID_USER,@TGL_ACTION,@LOG_TEXT,@ID_LOG_ALL);
    
    INSERT INTO TBL_SO_PJ_LOG(EXECUTED_FUNCTION,ID_PK_SO_PJ,ID_FK_STOCK_OPNAME,ID_FK_EMP,SO_PJ_CREATE_DATE,SO_PJ_LAST_MODIFIED,ID_CREATE_DATA,ID_LAST_MODIFIED,ID_LOG_ALL) VALUES ('AFTER INSERT',NEW.ID_PK_SO_PJ,NEW.ID_FK_STOCK_OPNAME,NEW.ID_FK_EMP,NEW.SO_PJ_CREATE_DATE,NEW.SO_PJ_LAST_MODIFIED,NEW.ID_CREATE_DATA,NEW.ID_LAST_MODIFIED,@ID_LOG_ALL);
END
$$
DELIMITER ;
DELIMITER $$
CREATE TRIGGER `TRG_AFTER_UPDATE_SO_PJ` AFTER UPDATE ON `tbl_so_pj` FOR EACH ROW BEGIN
    SET @ID_USER = NEW.ID_LAST_MODIFIED;
    SET @TGL_ACTION = NEW.SO_PJ_LAST_MODIFIED;
    SET @LOG_TEXT = CONCAT(NEW.ID_LAST_MODIFIED,' ','UPDATE DATA AT' , NEW.SO_PJ_LAST_MODIFIED);
    CALL INSERT_LOG_ALL(@ID_USER,@TGL_ACTION,@LOG_TEXT,@ID_LOG_ALL);
    
    INSERT INTO TBL_SO_PJ_LOG(EXECUTED_FUNCTION,ID_PK_SO_PJ,ID_FK_STOCK_OPNAME,ID_FK_EMP,SO_PJ_CREATE_DATE,SO_PJ_LAST_MODIFIED,ID_CREATE_DATA,ID_LAST_MODIFIED,ID_LOG_ALL) VALUES ('AFTER UPDATE',NEW.ID_PK_SO_PJ,NEW.ID_FK_STOCK_OPNAME,NEW.ID_FK_EMP,NEW.SO_PJ_CREATE_DATE,NEW.SO_PJ_LAST_MODIFIED,NEW.ID_CREATE_DATA,NEW.ID_LAST_MODIFIED,@ID_LOG_ALL);
END
$$
DELIMITER ;

-- --------------------------------------------------------

--
-- Table structure for table `tbl_so_pj_log`
--

CREATE TABLE `tbl_so_pj_log` (
  `ID_PK_SO_PJ_LOG` int(11) NOT NULL,
  `EXECUTED_FUNCTION` varchar(30) DEFAULT NULL,
  `ID_PK_SO_PJ` int(11) DEFAULT NULL,
  `ID_FK_STOCK_OPNAME` int(11) DEFAULT NULL,
  `ID_FK_EMP` int(11) DEFAULT NULL,
  `SO_PJ_CREATE_DATE` datetime DEFAULT NULL,
  `SO_PJ_LAST_MODIFIED` datetime DEFAULT NULL,
  `ID_CREATE_DATA` int(11) DEFAULT NULL,
  `ID_LAST_MODIFIED` int(11) DEFAULT NULL,
  `ID_LOG_ALL` int(11) DEFAULT NULL
) ENGINE=InnoDB DEFAULT CHARSET=utf8mb4;

-- --------------------------------------------------------

--
-- Table structure for table `tbl_tambahan_pembelian`
--

CREATE TABLE `tbl_tambahan_pembelian` (
  `id_pk_tmbhn` int(11) NOT NULL,
  `tmbhn` varchar(100) DEFAULT NULL,
  `tmbhn_jumlah` double DEFAULT NULL,
  `tmbhn_satuan` varchar(20) DEFAULT NULL,
  `tmbhn_harga` int(11) DEFAULT NULL,
  `tmbhn_notes` varchar(200) DEFAULT NULL,
  `tmbhn_status` varchar(15) DEFAULT NULL,
  `id_fk_pembelian` int(11) DEFAULT NULL,
  `tmbhn_create_date` datetime DEFAULT NULL,
  `tmbhn_last_modified` datetime DEFAULT NULL,
  `id_create_data` int(11) DEFAULT NULL,
  `id_last_modified` int(11) DEFAULT NULL
) ENGINE=MyISAM DEFAULT CHARSET=latin1;

--
-- Dumping data for table `tbl_tambahan_pembelian`
--

INSERT INTO `tbl_tambahan_pembelian` (`id_pk_tmbhn`, `tmbhn`, `tmbhn_jumlah`, `tmbhn_satuan`, `tmbhn_harga`, `tmbhn_notes`, `tmbhn_status`, `id_fk_pembelian`, `tmbhn_create_date`, `tmbhn_last_modified`, `id_create_data`, `id_last_modified`) VALUES
(1, 'TAMBAHAN 1', 1, 'Pcs', 12000, '-', 'AKTIF', 1, '2020-06-22 08:18:34', '0000-00-00 00:00:00', 20, 1),
(2, 'PARKIR', 1, 'Jam', 4000, '-', 'AKTIF', 2, '2020-06-22 08:26:28', '0000-00-00 00:00:00', 20, 1),
(3, 'Kurir', 1, 'Trip', 13000, '-', 'AKTIF', 3, '2020-06-22 05:28:46', '0000-00-00 00:00:00', 20, 1),
(4, 'tambahan1', 1, 'pcs', 123, '-', 'AKTIF', 4, '2020-07-17 10:40:25', '0000-00-00 00:00:00', 20, 2);

--
-- Triggers `tbl_tambahan_pembelian`
--
DELIMITER $$
CREATE TRIGGER `trg_after_insert_tambahan_pembelian` AFTER INSERT ON `tbl_tambahan_pembelian` FOR EACH ROW begin
            set @id_user = new.id_last_modified;
            set @tgl_action = new.tmbhn_last_modified;
            set @log_text = concat(new.id_last_modified,' ','insert data at' , new.tmbhn_last_modified);
            call insert_log_all(@id_user,@tgl_action,@log_text,@id_log_all);
            
            insert into tbl_tambahan_pembelian_log(executed_function,id_pk_tmbhn,tmbhn,tmbhn_jumlah,tmbhn_satuan,tmbhn_harga,tmbhn_notes,tmbhn_status,id_fk_pembelian,tmbhn_create_date,tmbhn_last_modified,id_create_data,id_last_modified,id_log_all) values ('after insert',new.id_pk_tmbhn,new.tmbhn,new.tmbhn_jumlah,new.tmbhn_satuan,new.tmbhn_harga,new.tmbhn_notes,new.tmbhn_status,new.id_fk_pembelian,new.tmbhn_create_date,new.tmbhn_last_modified,new.id_create_data,new.id_last_modified,@id_log_all);
        end
$$
DELIMITER ;
DELIMITER $$
CREATE TRIGGER `trg_after_update_tambahan_pembelian` AFTER UPDATE ON `tbl_tambahan_pembelian` FOR EACH ROW begin
            set @id_user = new.id_last_modified;
            set @tgl_action = new.tmbhn_last_modified;
            set @log_text = concat(new.id_last_modified,' ','update data at' , new.tmbhn_last_modified);
            call insert_log_all(@id_user,@tgl_action,@log_text,@id_log_all);
            
            insert into tbl_tambahan_pembelian_log(executed_function,id_pk_tmbhn,tmbhn,tmbhn_jumlah,tmbhn_satuan,tmbhn_harga,tmbhn_notes,tmbhn_status,id_fk_pembelian,tmbhn_create_date,tmbhn_last_modified,id_create_data,id_last_modified,id_log_all) values ('after update',new.id_pk_tmbhn,new.tmbhn,new.tmbhn_jumlah,new.tmbhn_satuan,new.tmbhn_harga,new.tmbhn_notes,new.tmbhn_status,new.id_fk_pembelian,new.tmbhn_create_date,new.tmbhn_last_modified,new.id_create_data,new.id_last_modified,@id_log_all);
        end
$$
DELIMITER ;

-- --------------------------------------------------------

--
-- Table structure for table `tbl_tambahan_pembelian_log`
--

CREATE TABLE `tbl_tambahan_pembelian_log` (
  `id_pk_tmbhn_log` int(11) NOT NULL,
  `executed_function` varchar(30) DEFAULT NULL,
  `id_pk_tmbhn` int(11) DEFAULT NULL,
  `tmbhn` varchar(100) DEFAULT NULL,
  `tmbhn_jumlah` double DEFAULT NULL,
  `tmbhn_satuan` varchar(20) DEFAULT NULL,
  `tmbhn_harga` int(11) DEFAULT NULL,
  `tmbhn_notes` varchar(200) DEFAULT NULL,
  `tmbhn_status` varchar(15) DEFAULT NULL,
  `id_fk_pembelian` int(11) DEFAULT NULL,
  `tmbhn_create_date` datetime DEFAULT NULL,
  `tmbhn_last_modified` datetime DEFAULT NULL,
  `id_create_data` int(11) DEFAULT NULL,
  `id_last_modified` int(11) DEFAULT NULL,
  `id_log_all` int(11) DEFAULT NULL
) ENGINE=MyISAM DEFAULT CHARSET=latin1;

--
-- Dumping data for table `tbl_tambahan_pembelian_log`
--

INSERT INTO `tbl_tambahan_pembelian_log` (`id_pk_tmbhn_log`, `executed_function`, `id_pk_tmbhn`, `tmbhn`, `tmbhn_jumlah`, `tmbhn_satuan`, `tmbhn_harga`, `tmbhn_notes`, `tmbhn_status`, `id_fk_pembelian`, `tmbhn_create_date`, `tmbhn_last_modified`, `id_create_data`, `id_last_modified`, `id_log_all`) VALUES
(1, 'after insert', 1, 'TAMBAHAN 1', 1, 'Pcs', 12000, '-', 'AKTIF', 1, '2020-06-22 08:18:34', '0000-00-00 00:00:00', 20, 1, 242),
(2, 'after insert', 2, 'PARKIR', 1, 'Jam', 4000, '-', 'AKTIF', 2, '2020-06-22 08:26:28', '0000-00-00 00:00:00', 20, 1, 253),
(3, 'after update', 2, 'PARKIR', 1, 'Jam', 40000, '-', 'AKTIF', 2, '2020-06-22 08:26:28', '0000-00-00 00:00:00', 20, 1, 257),
(4, 'after update', 2, 'PARKIR', 1, 'Jam', 4000, '-', 'AKTIF', 2, '2020-06-22 08:26:28', '0000-00-00 00:00:00', 20, 1, 262),
(5, 'after insert', 3, 'Kurir', 1, 'Trip', 13000, '-', 'AKTIF', 3, '2020-06-22 05:28:46', '0000-00-00 00:00:00', 20, 1, 645),
(6, 'after insert', 4, 'tambahan1', 1, 'pcs', 123, '-', 'AKTIF', 4, '2020-07-17 10:40:25', '0000-00-00 00:00:00', 20, 2, 8251);

-- --------------------------------------------------------

--
-- Table structure for table `tbl_tambahan_penjualan`
--

CREATE TABLE `tbl_tambahan_penjualan` (
  `id_pk_tmbhn` int(11) NOT NULL,
  `tmbhn` varchar(100) DEFAULT NULL,
  `tmbhn_jumlah` double DEFAULT NULL,
  `tmbhn_satuan` varchar(20) DEFAULT NULL,
  `tmbhn_harga` int(11) DEFAULT NULL,
  `tmbhn_notes` varchar(200) DEFAULT NULL,
  `tmbhn_status` varchar(15) DEFAULT NULL,
  `id_fk_penjualan` int(11) DEFAULT NULL,
  `tmbhn_create_date` datetime DEFAULT NULL,
  `tmbhn_last_modified` datetime DEFAULT NULL,
  `id_create_data` int(11) DEFAULT NULL,
  `id_last_modified` int(11) DEFAULT NULL
) ENGINE=MyISAM DEFAULT CHARSET=latin1;

--
-- Dumping data for table `tbl_tambahan_penjualan`
--

INSERT INTO `tbl_tambahan_penjualan` (`id_pk_tmbhn`, `tmbhn`, `tmbhn_jumlah`, `tmbhn_satuan`, `tmbhn_harga`, `tmbhn_notes`, `tmbhn_status`, `id_fk_penjualan`, `tmbhn_create_date`, `tmbhn_last_modified`, `id_create_data`, `id_last_modified`) VALUES
(1, 'Uang Parkir', 1, 'Jam', 4000, '-', 'AKTIF', 1, '2020-06-22 09:39:51', '2020-07-18 11:00:51', 1, 2),
(2, 'Kurir', 1, 'Trip', 4000, '-', 'AKTIF', 1, '2020-06-22 09:55:58', '2020-07-18 11:00:51', 1, 2),
(3, 'Uang Parkir', 1, 'Jam', 5000, '-', 'AKTIF', 2, '2020-06-22 05:37:45', '2020-06-27 11:07:50', 1, 1),
(4, 'tambahan', 1, 'pcs', 1000, '-', 'AKTIF', 4, '2020-06-22 06:42:24', '2020-06-22 06:42:24', 1, 1),
(5, 'tambahan', 1, 'pcs', 1000, '-', 'AKTIF', 5, '2020-06-22 06:42:38', '2020-06-22 06:42:38', 1, 1),
(6, 'tambahan', 1, 'pcs', 1000, '-', 'AKTIF', 6, '2020-06-22 06:44:01', '2020-06-22 06:44:01', 1, 1),
(7, 'Tambahan 1', 1, 'pcs', 123, '-', 'AKTIF', 249, '2020-07-17 11:56:04', '2020-07-18 12:46:27', 2, 2),
(8, 'tmbhn', 4, 'Pcs', 123, '-', 'AKTIF', 121, '2020-07-24 04:41:08', '2020-07-24 04:41:08', 2, 2),
(9, 'tmbhn', 4, 'Pcs', 123, '-', 'AKTIF', 121, '2020-07-24 04:41:17', '2020-07-24 04:41:17', 2, 2),
(10, 'Tambahan 1', 1, 'Pcs', 20000, '-', 'AKTIF', 250, '2020-07-24 04:55:20', '2020-07-24 06:00:49', 2, 2);

--
-- Triggers `tbl_tambahan_penjualan`
--
DELIMITER $$
CREATE TRIGGER `trg_after_insert_tambahan_penjualan` AFTER INSERT ON `tbl_tambahan_penjualan` FOR EACH ROW begin
            set @id_user = new.id_last_modified;
            set @tgl_action = new.tmbhn_last_modified;
            set @log_text = concat(new.id_last_modified,' ','insert data at' , new.tmbhn_last_modified);
            call insert_log_all(@id_user,@tgl_action,@log_text,@id_log_all);
            
            insert into tbl_tambahan_penjualan_log(executed_function,id_pk_tmbhn,tmbhn,tmbhn_jumlah,tmbhn_satuan,tmbhn_harga,tmbhn_notes,tmbhn_status,id_fk_penjualan,tmbhn_create_date,tmbhn_last_modified,id_create_data,id_last_modified,id_log_all) values ('after insert',new.id_pk_tmbhn,new.tmbhn,new.tmbhn_jumlah,new.tmbhn_satuan,new.tmbhn_harga,new.tmbhn_notes,new.tmbhn_status,new.id_fk_penjualan,new.tmbhn_create_date,new.tmbhn_last_modified,new.id_create_data,new.id_last_modified,@id_log_all);
        end
$$
DELIMITER ;
DELIMITER $$
CREATE TRIGGER `trg_after_update_tambahan_penjualan` AFTER UPDATE ON `tbl_tambahan_penjualan` FOR EACH ROW begin
            set @id_user = new.id_last_modified;
            set @tgl_action = new.tmbhn_last_modified;
            set @log_text = concat(new.id_last_modified,' ','update data at' , new.tmbhn_last_modified);
            call insert_log_all(@id_user,@tgl_action,@log_text,@id_log_all);
            
            insert into tbl_tambahan_penjualan_log(executed_function,id_pk_tmbhn,tmbhn,tmbhn_jumlah,tmbhn_satuan,tmbhn_harga,tmbhn_notes,tmbhn_status,id_fk_penjualan,tmbhn_create_date,tmbhn_last_modified,id_create_data,id_last_modified,id_log_all) values ('after update',new.id_pk_tmbhn,new.tmbhn,new.tmbhn_jumlah,new.tmbhn_satuan,new.tmbhn_harga,new.tmbhn_notes,new.tmbhn_status,new.id_fk_penjualan,new.tmbhn_create_date,new.tmbhn_last_modified,new.id_create_data,new.id_last_modified,@id_log_all);
        end
$$
DELIMITER ;

-- --------------------------------------------------------

--
-- Table structure for table `tbl_tambahan_penjualan_log`
--

CREATE TABLE `tbl_tambahan_penjualan_log` (
  `id_pk_tmbhn_log` int(11) NOT NULL,
  `executed_function` varchar(30) DEFAULT NULL,
  `id_pk_tmbhn` int(11) DEFAULT NULL,
  `tmbhn` varchar(100) DEFAULT NULL,
  `tmbhn_jumlah` double DEFAULT NULL,
  `tmbhn_satuan` varchar(20) DEFAULT NULL,
  `tmbhn_harga` int(11) DEFAULT NULL,
  `tmbhn_notes` varchar(200) DEFAULT NULL,
  `tmbhn_status` varchar(15) DEFAULT NULL,
  `id_fk_penjualan` int(11) DEFAULT NULL,
  `tmbhn_create_date` datetime DEFAULT NULL,
  `tmbhn_last_modified` datetime DEFAULT NULL,
  `id_create_data` int(11) DEFAULT NULL,
  `id_last_modified` int(11) DEFAULT NULL,
  `id_log_all` int(11) DEFAULT NULL
) ENGINE=MyISAM DEFAULT CHARSET=latin1;

--
-- Dumping data for table `tbl_tambahan_penjualan_log`
--

INSERT INTO `tbl_tambahan_penjualan_log` (`id_pk_tmbhn_log`, `executed_function`, `id_pk_tmbhn`, `tmbhn`, `tmbhn_jumlah`, `tmbhn_satuan`, `tmbhn_harga`, `tmbhn_notes`, `tmbhn_status`, `id_fk_penjualan`, `tmbhn_create_date`, `tmbhn_last_modified`, `id_create_data`, `id_last_modified`, `id_log_all`) VALUES
(1, 'after insert', 1, 'Uang Parkir', 1, 'Jam', 4000, '-', 'AKTIF', 1, '2020-06-22 09:39:51', '2020-06-22 09:39:51', 1, 1, 322),
(2, 'after insert', 2, 'Kurir', 1, 'Trip', 4000, '-', 'AKTIF', 1, '2020-06-22 09:55:58', '2020-06-22 09:55:58', 1, 1, 333),
(3, 'after update', 1, 'Uang Parkir', 1, 'Jam', 4000, '-', 'AKTIF', 1, '2020-06-22 09:39:51', '2020-06-22 09:55:58', 1, 1, 334),
(4, 'after update', 1, 'Uang Parkir', 1, 'Jam', 4000, '-', 'AKTIF', 1, '2020-06-22 09:39:51', '2020-06-22 10:05:28', 1, 1, 343),
(5, 'after update', 2, 'Kurir', 1, 'Trip', 4000, '-', 'AKTIF', 1, '2020-06-22 09:55:58', '2020-06-22 10:05:28', 1, 1, 344),
(6, 'after insert', 3, 'Uang Parkir', 1, 'Jam', 5000, '-', 'AKTIF', 2, '2020-06-22 05:37:45', '2020-06-22 05:37:45', 1, 1, 661),
(7, 'after update', 3, 'Uang Parkir', 1, 'Jam', 5000, '-', 'AKTIF', 2, '2020-06-22 05:37:45', '2020-06-22 06:05:31', 1, 1, 758),
(8, 'after insert', 4, 'tambahan', 1, 'pcs', 1000, '-', 'AKTIF', 4, '2020-06-22 06:42:24', '2020-06-22 06:42:24', 1, 1, 819),
(9, 'after insert', 5, 'tambahan', 1, 'pcs', 1000, '-', 'AKTIF', 5, '2020-06-22 06:42:38', '2020-06-22 06:42:38', 1, 1, 822),
(10, 'after insert', 6, 'tambahan', 1, 'pcs', 1000, '-', 'AKTIF', 6, '2020-06-22 06:44:01', '2020-06-22 06:44:01', 1, 1, 825),
(11, 'after update', 1, 'Uang Parkir', 1, 'Jam', 4000, '-', 'AKTIF', 1, '2020-06-22 09:39:51', '2020-06-22 06:55:38', 1, 1, 842),
(12, 'after update', 2, 'Kurir', 1, 'Trip', 4000, '-', 'AKTIF', 1, '2020-06-22 09:55:58', '2020-06-22 06:55:38', 1, 1, 843),
(13, 'after update', 3, 'Uang Parkir', 1, 'Jam', 5000, '-', 'AKTIF', 2, '2020-06-22 05:37:45', '2020-06-27 11:05:32', 1, 1, 1216),
(14, 'after update', 3, 'Uang Parkir', 1, 'Jam', 5000, '-', 'AKTIF', 2, '2020-06-22 05:37:45', '2020-06-27 11:07:37', 1, 1, 1222),
(15, 'after update', 3, 'Uang Parkir', 1, 'Jam', 5000, '-', 'AKTIF', 2, '2020-06-22 05:37:45', '2020-06-27 11:07:50', 1, 1, 1227),
(16, 'after insert', 7, 'Tambahan 1', 1, 'pcs', 123, '-', 'AKTIF', 249, '2020-07-17 11:56:04', '2020-07-17 11:56:04', 2, 2, 8359),
(17, 'after update', 7, 'Tambahan 1', 1, 'pcs', 123, '-', 'AKTIF', 249, '2020-07-17 11:56:04', '2020-07-18 12:36:12', 2, 2, 8467),
(18, 'after update', 7, 'Tambahan 1', 1, 'pcs', 123, '-', 'AKTIF', 249, '2020-07-17 11:56:04', '2020-07-18 12:42:38', 2, 2, 8526),
(19, 'after update', 7, 'Tambahan 1', 1, 'pcs', 123, '-', 'AKTIF', 249, '2020-07-17 11:56:04', '2020-07-18 12:43:13', 2, 2, 8529),
(20, 'after update', 7, 'Tambahan 1', 1, 'pcs', 123, '-', 'AKTIF', 249, '2020-07-17 11:56:04', '2020-07-18 12:46:27', 2, 2, 8533),
(21, 'after update', 1, 'Uang Parkir', 1, 'Jam', 4000, '-', 'AKTIF', 1, '2020-06-22 09:39:51', '2020-07-18 11:00:51', 1, 2, 9033),
(22, 'after update', 2, 'Kurir', 1, 'Trip', 4000, '-', 'AKTIF', 1, '2020-06-22 09:55:58', '2020-07-18 11:00:51', 1, 2, 9034),
(23, 'after insert', 8, 'tmbhn', 4, 'Pcs', 123, '-', 'AKTIF', 121, '2020-07-24 04:41:08', '2020-07-24 04:41:08', 2, 2, 925),
(24, 'after insert', 9, 'tmbhn', 4, 'Pcs', 123, '-', 'AKTIF', 121, '2020-07-24 04:41:17', '2020-07-24 04:41:17', 2, 2, 929),
(25, 'after insert', 10, 'Tambahan 1', 1.45, 'Pcs', 2300, '-', 'AKTIF', 250, '2020-07-24 04:55:20', '2020-07-24 04:55:20', 2, 2, 975),
(26, 'after update', 10, 'Tambahan 1', 1, 'Pcs', 2, '-', 'AKTIF', 250, '2020-07-24 04:55:20', '2020-07-24 05:42:18', 2, 2, 1060),
(27, 'after update', 10, 'Tambahan 1', 1, 'Pcs', 2, '-', 'AKTIF', 250, '2020-07-24 04:55:20', '2020-07-24 05:58:17', 2, 2, 1108),
(28, 'after update', 10, 'Tambahan 1', 1, 'Pcs', 20000, '-', 'AKTIF', 250, '2020-07-24 04:55:20', '2020-07-24 05:59:36', 2, 2, 1135),
(29, 'after update', 10, 'Tambahan 1', 1, 'Pcs', 20000, '-', 'AKTIF', 250, '2020-07-24 04:55:20', '2020-07-24 06:00:25', 2, 2, 1148),
(30, 'after update', 10, 'Tambahan 1', 1, 'Pcs', 20000, '-', 'AKTIF', 250, '2020-07-24 04:55:20', '2020-07-24 06:00:30', 2, 2, 1161),
(31, 'after update', 10, 'Tambahan 1', 1, 'Pcs', 20000, '-', 'AKTIF', 250, '2020-07-24 04:55:20', '2020-07-24 06:00:49', 2, 2, 1174);

-- --------------------------------------------------------

--
-- Table structure for table `tbl_toko_admin`
--

CREATE TABLE `tbl_toko_admin` (
  `id_pk_toko_admin` int(11) NOT NULL,
  `id_fk_toko` int(11) DEFAULT NULL,
  `id_fk_user` int(11) DEFAULT NULL,
  `toko_admin_status` varchar(15) DEFAULT NULL,
  `toko_admin_create_date` datetime DEFAULT NULL,
  `toko_admin_last_modified` datetime DEFAULT NULL,
  `id_create_data` int(11) DEFAULT NULL,
  `id_last_modified` int(11) DEFAULT NULL
) ENGINE=MyISAM DEFAULT CHARSET=latin1;

--
-- Dumping data for table `tbl_toko_admin`
--

INSERT INTO `tbl_toko_admin` (`id_pk_toko_admin`, `id_fk_toko`, `id_fk_user`, `toko_admin_status`, `toko_admin_create_date`, `toko_admin_last_modified`, `id_create_data`, `id_last_modified`) VALUES
(1, 1, 1, 'AKTIF', '2020-06-21 11:44:24', '2020-06-21 11:44:24', 1, 1),
(2, 2, 1, 'AKTIF', '2020-06-22 02:59:25', '2020-06-22 02:59:25', 1, 1),
(3, 1, 2, 'AKTIF', '2020-06-22 05:20:09', '2020-06-22 05:20:09', 1, 1),
(4, 1, 3, 'AKTIF', '2020-06-22 05:20:09', '2020-06-22 05:20:09', 1, 1),
(5, 2, 2, 'AKTIF', '2020-06-22 06:47:48', '2020-06-22 06:47:48', 1, 1),
(6, 2, 3, 'AKTIF', '2020-06-22 06:47:48', '2020-06-22 06:47:48', 1, 1);

--
-- Triggers `tbl_toko_admin`
--
DELIMITER $$
CREATE TRIGGER `trg_after_insert_toko_admin` AFTER INSERT ON `tbl_toko_admin` FOR EACH ROW begin
            set @id_user = new.id_last_modified;
            set @tgl_action = new.toko_admin_last_modified;
            set @log_text = concat(new.id_last_modified,' ','insert data at' , new.toko_admin_last_modified);
            call insert_log_all(@id_user,@tgl_action,@log_text,@id_log_all);
            
            insert into tbl_toko_admin_log(executed_function,id_pk_toko_admin,id_fk_toko,id_fk_user,toko_admin_status,toko_admin_create_date,toko_admin_last_modified,id_create_data,id_last_modified,id_log_all) values ('after insert',new.id_pk_toko_admin,new.id_fk_toko,new.id_fk_user,new.toko_admin_status,new.toko_admin_create_date,new.toko_admin_last_modified,new.id_create_data,new.id_last_modified,@id_log_all);
        end
$$
DELIMITER ;
DELIMITER $$
CREATE TRIGGER `trg_after_update_toko_admin` AFTER UPDATE ON `tbl_toko_admin` FOR EACH ROW begin
            set @id_user = new.id_last_modified;
            set @tgl_action = new.toko_admin_last_modified;
            set @log_text = concat(new.id_last_modified,' ','update data at' , new.toko_admin_last_modified);
            call insert_log_all(@id_user,@tgl_action,@log_text,@id_log_all);
            
            insert into tbl_toko_admin_log(executed_function,id_pk_toko_admin,id_fk_toko,id_fk_user,toko_admin_status,toko_admin_create_date,toko_admin_last_modified,id_create_data,id_last_modified,id_log_all) values ('after update',new.id_pk_toko_admin,new.id_fk_toko,new.id_fk_user,new.toko_admin_status,new.toko_admin_create_date,new.toko_admin_last_modified,new.id_create_data,new.id_last_modified,@id_log_all);
        end
$$
DELIMITER ;

-- --------------------------------------------------------

--
-- Table structure for table `tbl_toko_admin_log`
--

CREATE TABLE `tbl_toko_admin_log` (
  `id_pk_toko_admin_log` int(11) NOT NULL,
  `executed_function` varchar(30) DEFAULT NULL,
  `id_pk_toko_admin` int(11) DEFAULT NULL,
  `id_fk_toko` int(11) DEFAULT NULL,
  `id_fk_user` int(11) DEFAULT NULL,
  `toko_admin_status` varchar(15) DEFAULT NULL,
  `toko_admin_create_date` datetime DEFAULT NULL,
  `toko_admin_last_modified` datetime DEFAULT NULL,
  `id_create_data` int(11) DEFAULT NULL,
  `id_last_modified` int(11) DEFAULT NULL,
  `id_log_all` int(11) DEFAULT NULL
) ENGINE=MyISAM DEFAULT CHARSET=latin1;

--
-- Dumping data for table `tbl_toko_admin_log`
--

INSERT INTO `tbl_toko_admin_log` (`id_pk_toko_admin_log`, `executed_function`, `id_pk_toko_admin`, `id_fk_toko`, `id_fk_user`, `toko_admin_status`, `toko_admin_create_date`, `toko_admin_last_modified`, `id_create_data`, `id_last_modified`, `id_log_all`) VALUES
(1, 'after insert', 1, 1, 1, 'AKTIF', '2020-06-21 11:44:24', '2020-06-21 11:44:24', 1, 1, 89),
(2, 'after insert', 2, 2, 1, 'AKTIF', '2020-06-22 02:59:25', '2020-06-22 02:59:25', 1, 1, 556),
(3, 'after insert', 3, 1, 2, 'AKTIF', '2020-06-22 05:20:09', '2020-06-22 05:20:09', 1, 1, 609),
(4, 'after insert', 4, 1, 3, 'AKTIF', '2020-06-22 05:20:09', '2020-06-22 05:20:09', 1, 1, 610),
(5, 'after insert', 5, 2, 2, 'AKTIF', '2020-06-22 06:47:48', '2020-06-22 06:47:48', 1, 1, 833),
(6, 'after insert', 6, 2, 3, 'AKTIF', '2020-06-22 06:47:48', '2020-06-22 06:47:48', 1, 1, 834);

-- --------------------------------------------------------

--
-- Table structure for table `tbl_warehouse_admin`
--

CREATE TABLE `tbl_warehouse_admin` (
  `id_pk_warehouse_admin` int(11) NOT NULL,
  `id_fk_warehouse` int(11) DEFAULT NULL,
  `id_fk_user` int(11) DEFAULT NULL,
  `warehouse_admin_status` varchar(15) DEFAULT NULL,
  `warehouse_admin_create_date` datetime DEFAULT NULL,
  `warehouse_admin_last_modified` datetime DEFAULT NULL,
  `id_create_data` int(11) DEFAULT NULL,
  `id_last_modified` int(11) DEFAULT NULL
) ENGINE=MyISAM DEFAULT CHARSET=latin1;

--
-- Dumping data for table `tbl_warehouse_admin`
--

INSERT INTO `tbl_warehouse_admin` (`id_pk_warehouse_admin`, `id_fk_warehouse`, `id_fk_user`, `warehouse_admin_status`, `warehouse_admin_create_date`, `warehouse_admin_last_modified`, `id_create_data`, `id_last_modified`) VALUES
(1, 1, 1, 'AKTIF', '2020-06-21 11:45:53', '2020-06-21 11:45:53', 1, 1),
(2, 2, 1, 'AKTIF', '2020-07-05 11:06:55', '2020-07-05 11:06:55', 1, 1),
(3, 1, 2, 'AKTIF', '2020-07-15 08:17:49', '2020-07-15 08:17:49', 2, 2),
(4, 2, 2, 'AKTIF', '2020-07-15 08:19:36', '2020-07-15 08:19:36', 2, 2);

--
-- Triggers `tbl_warehouse_admin`
--
DELIMITER $$
CREATE TRIGGER `trg_after_insert_warehouse_admin` AFTER INSERT ON `tbl_warehouse_admin` FOR EACH ROW begin
            set @id_user = new.id_last_modified;
            set @tgl_action = new.warehouse_admin_last_modified;
            set @log_text = concat(new.id_last_modified,' ','insert data at' , new.warehouse_admin_last_modified);
            call insert_log_all(@id_user,@tgl_action,@log_text,@id_log_all);
            
            insert into tbl_warehouse_admin_log(executed_function,id_pk_warehouse_admin,id_fk_warehouse,id_fk_user,warehouse_admin_status,warehouse_admin_create_date,warehouse_admin_last_modified,id_create_data,id_last_modified,id_log_all) values ('after insert',new.id_pk_warehouse_admin,new.id_fk_warehouse,new.id_fk_user,new.warehouse_admin_status,new.warehouse_admin_create_date,new.warehouse_admin_last_modified,new.id_create_data,new.id_last_modified,@id_log_all);
        end
$$
DELIMITER ;
DELIMITER $$
CREATE TRIGGER `trg_after_update_warehouse_admin` AFTER UPDATE ON `tbl_warehouse_admin` FOR EACH ROW begin
            set @id_user = new.id_last_modified;
            set @tgl_action = new.warehouse_admin_last_modified;
            set @log_text = concat(new.id_last_modified,' ','update data at' , new.warehouse_admin_last_modified);
            call insert_log_all(@id_user,@tgl_action,@log_text,@id_log_all);
            
            insert into tbl_warehouse_admin_log(executed_function,id_pk_warehouse_admin,id_fk_warehouse,id_fk_user,warehouse_admin_status,warehouse_admin_create_date,warehouse_admin_last_modified,id_create_data,id_last_modified,id_log_all) values ('after update',new.id_pk_warehouse_admin,new.id_fk_warehouse,new.id_fk_user,new.warehouse_admin_status,new.warehouse_admin_create_date,new.warehouse_admin_last_modified,new.id_create_data,new.id_last_modified,@id_log_all);
        end
$$
DELIMITER ;

-- --------------------------------------------------------

--
-- Table structure for table `tbl_warehouse_admin_log`
--

CREATE TABLE `tbl_warehouse_admin_log` (
  `id_pk_warehouse_admin_log` int(11) NOT NULL,
  `executed_function` varchar(30) DEFAULT NULL,
  `id_pk_warehouse_admin` int(11) DEFAULT NULL,
  `id_fk_warehouse` int(11) DEFAULT NULL,
  `id_fk_user` int(11) DEFAULT NULL,
  `warehouse_admin_status` varchar(15) DEFAULT NULL,
  `warehouse_admin_create_date` datetime DEFAULT NULL,
  `warehouse_admin_last_modified` datetime DEFAULT NULL,
  `id_create_data` int(11) DEFAULT NULL,
  `id_last_modified` int(11) DEFAULT NULL,
  `id_log_all` int(11) DEFAULT NULL
) ENGINE=MyISAM DEFAULT CHARSET=latin1;

--
-- Dumping data for table `tbl_warehouse_admin_log`
--

INSERT INTO `tbl_warehouse_admin_log` (`id_pk_warehouse_admin_log`, `executed_function`, `id_pk_warehouse_admin`, `id_fk_warehouse`, `id_fk_user`, `warehouse_admin_status`, `warehouse_admin_create_date`, `warehouse_admin_last_modified`, `id_create_data`, `id_last_modified`, `id_log_all`) VALUES
(1, 'after insert', 1, 1, 1, 'AKTIF', '2020-06-21 11:45:53', '2020-06-21 11:45:53', 1, 1, 93),
(2, 'after insert', 2, 2, 1, 'AKTIF', '2020-07-05 11:06:55', '2020-07-05 11:06:55', 1, 1, 2051),
(3, 'after insert', 3, 1, 2, 'AKTIF', '2020-07-15 08:17:49', '2020-07-15 08:17:49', 2, 2, 7176),
(4, 'after insert', 4, 2, 2, 'AKTIF', '2020-07-15 08:19:36', '2020-07-15 08:19:36', 2, 2, 7177);

-- --------------------------------------------------------

--
-- Stand-in structure for view `v_brg_cabang_aktif`
-- (See below for the actual view)
--
CREATE TABLE `v_brg_cabang_aktif` (
`id_pk_brg_cabang` int(11)
,`brg_cabang_qty` int(11)
,`brg_cabang_status` varchar(15)
,`brg_cabang_last_price` int(11)
,`id_fk_brg` int(11)
,`id_fk_cabang` int(11)
,`brg_nama` varchar(100)
);

-- --------------------------------------------------------

--
-- Stand-in structure for view `v_brg_kombinasi_final`
-- (See below for the actual view)
--
CREATE TABLE `v_brg_kombinasi_final` (
`id_pk_barang_kombinasi` int(11)
,`id_barang_utama` int(11)
,`id_barang_kombinasi` int(11)
,`barang_kombinasi_qty` double
,`barang_kombinasi_status` varchar(15)
);

-- --------------------------------------------------------

--
-- Stand-in structure for view `v_brg_warehouse_aktif`
-- (See below for the actual view)
--
CREATE TABLE `v_brg_warehouse_aktif` (
`id_pk_brg_warehouse` int(11)
,`brg_warehouse_qty` int(11)
,`brg_warehouse_status` varchar(15)
,`id_fk_brg` int(11)
,`id_fk_warehouse` int(11)
,`brg_nama` varchar(100)
);

-- --------------------------------------------------------

--
-- Structure for view `v_brg_cabang_aktif`
--
DROP TABLE IF EXISTS `v_brg_cabang_aktif`;

CREATE ALGORITHM=UNDEFINED DEFINER=`root`@`localhost` SQL SECURITY DEFINER VIEW `v_brg_cabang_aktif`  AS  select `tbl_brg_cabang`.`id_pk_brg_cabang` AS `id_pk_brg_cabang`,`tbl_brg_cabang`.`brg_cabang_qty` AS `brg_cabang_qty`,`tbl_brg_cabang`.`brg_cabang_status` AS `brg_cabang_status`,`tbl_brg_cabang`.`brg_cabang_last_price` AS `brg_cabang_last_price`,`tbl_brg_cabang`.`id_fk_brg` AS `id_fk_brg`,`tbl_brg_cabang`.`id_fk_cabang` AS `id_fk_cabang`,`mstr_barang`.`brg_nama` AS `brg_nama` from (`tbl_brg_cabang` join `mstr_barang` on(`mstr_barang`.`id_pk_brg` = `tbl_brg_cabang`.`id_fk_brg`)) where `tbl_brg_cabang`.`brg_cabang_status` = 'aktif' and `mstr_barang`.`brg_status` = 'aktif' order by `tbl_brg_cabang`.`id_fk_brg`,`tbl_brg_cabang`.`id_fk_cabang` ;

-- --------------------------------------------------------

--
-- Structure for view `v_brg_kombinasi_final`
--
DROP TABLE IF EXISTS `v_brg_kombinasi_final`;

CREATE ALGORITHM=UNDEFINED DEFINER=`root`@`localhost` SQL SECURITY DEFINER VIEW `v_brg_kombinasi_final`  AS  select `tbl_barang_kombinasi`.`id_pk_barang_kombinasi` AS `id_pk_barang_kombinasi`,`tbl_barang_kombinasi`.`id_barang_utama` AS `id_barang_utama`,`tbl_barang_kombinasi`.`id_barang_kombinasi` AS `id_barang_kombinasi`,sum(`tbl_barang_kombinasi`.`barang_kombinasi_qty`) AS `barang_kombinasi_qty`,`tbl_barang_kombinasi`.`barang_kombinasi_status` AS `barang_kombinasi_status` from (`tbl_barang_kombinasi` join `mstr_barang` on(`mstr_barang`.`id_pk_brg` = `tbl_barang_kombinasi`.`id_barang_kombinasi`)) where `tbl_barang_kombinasi`.`barang_kombinasi_status` = 'aktif' and `mstr_barang`.`brg_status` = 'aktif' group by `tbl_barang_kombinasi`.`id_barang_utama`,`tbl_barang_kombinasi`.`id_barang_kombinasi` ;

-- --------------------------------------------------------

--
-- Structure for view `v_brg_warehouse_aktif`
--
DROP TABLE IF EXISTS `v_brg_warehouse_aktif`;

CREATE ALGORITHM=UNDEFINED DEFINER=`root`@`localhost` SQL SECURITY DEFINER VIEW `v_brg_warehouse_aktif`  AS  select `tbl_brg_warehouse`.`id_pk_brg_warehouse` AS `id_pk_brg_warehouse`,`tbl_brg_warehouse`.`brg_warehouse_qty` AS `brg_warehouse_qty`,`tbl_brg_warehouse`.`brg_warehouse_status` AS `brg_warehouse_status`,`tbl_brg_warehouse`.`id_fk_brg` AS `id_fk_brg`,`tbl_brg_warehouse`.`id_fk_warehouse` AS `id_fk_warehouse`,`mstr_barang`.`brg_nama` AS `brg_nama` from (`tbl_brg_warehouse` join `mstr_barang` on(`mstr_barang`.`id_pk_brg` = `tbl_brg_warehouse`.`id_fk_brg`)) where `tbl_brg_warehouse`.`brg_warehouse_status` = 'aktif' and `mstr_barang`.`brg_status` = 'aktif' order by `tbl_brg_warehouse`.`id_fk_brg`,`tbl_brg_warehouse`.`id_fk_warehouse` ;

--
-- Indexes for dumped tables
--

--
-- Indexes for table `log_all`
--
ALTER TABLE `log_all`
  ADD PRIMARY KEY (`id_log_all`);

--
-- Indexes for table `mstr_barang`
--
ALTER TABLE `mstr_barang`
  ADD PRIMARY KEY (`id_pk_brg`);

--
-- Indexes for table `mstr_barang_jenis`
--
ALTER TABLE `mstr_barang_jenis`
  ADD PRIMARY KEY (`id_pk_brg_jenis`);

--
-- Indexes for table `mstr_barang_jenis_log`
--
ALTER TABLE `mstr_barang_jenis_log`
  ADD PRIMARY KEY (`id_pk_brg_jenis_log`);

--
-- Indexes for table `mstr_barang_log`
--
ALTER TABLE `mstr_barang_log`
  ADD PRIMARY KEY (`id_pk_brg_log`);

--
-- Indexes for table `mstr_barang_merk`
--
ALTER TABLE `mstr_barang_merk`
  ADD PRIMARY KEY (`id_pk_brg_merk`);

--
-- Indexes for table `mstr_barang_merk_log`
--
ALTER TABLE `mstr_barang_merk_log`
  ADD PRIMARY KEY (`id_pk_brg_merk_log`);

--
-- Indexes for table `mstr_cabang`
--
ALTER TABLE `mstr_cabang`
  ADD PRIMARY KEY (`id_pk_cabang`);

--
-- Indexes for table `mstr_cabang_log`
--
ALTER TABLE `mstr_cabang_log`
  ADD PRIMARY KEY (`id_pk_cabang_log`);

--
-- Indexes for table `mstr_customer`
--
ALTER TABLE `mstr_customer`
  ADD PRIMARY KEY (`id_pk_cust`);

--
-- Indexes for table `mstr_customer_log`
--
ALTER TABLE `mstr_customer_log`
  ADD PRIMARY KEY (`id_pk_cust_log`);

--
-- Indexes for table `mstr_employee`
--
ALTER TABLE `mstr_employee`
  ADD PRIMARY KEY (`id_pk_employee`);

--
-- Indexes for table `mstr_employee_log`
--
ALTER TABLE `mstr_employee_log`
  ADD PRIMARY KEY (`id_pk_employee_log`);

--
-- Indexes for table `mstr_jabatan`
--
ALTER TABLE `mstr_jabatan`
  ADD PRIMARY KEY (`id_pk_jabatan`);

--
-- Indexes for table `mstr_jabatan_log`
--
ALTER TABLE `mstr_jabatan_log`
  ADD PRIMARY KEY (`id_pk_jabatan_log`);

--
-- Indexes for table `mstr_marketplace`
--
ALTER TABLE `mstr_marketplace`
  ADD PRIMARY KEY (`id_pk_marketplace`);

--
-- Indexes for table `mstr_marketplace_log`
--
ALTER TABLE `mstr_marketplace_log`
  ADD PRIMARY KEY (`id_pk_marketplace_log`);

--
-- Indexes for table `mstr_menu`
--
ALTER TABLE `mstr_menu`
  ADD PRIMARY KEY (`id_pk_menu`);

--
-- Indexes for table `mstr_menu_log`
--
ALTER TABLE `mstr_menu_log`
  ADD PRIMARY KEY (`id_pk_menu_log`);

--
-- Indexes for table `mstr_pembelian`
--
ALTER TABLE `mstr_pembelian`
  ADD PRIMARY KEY (`id_pk_pembelian`);

--
-- Indexes for table `mstr_pembelian_log`
--
ALTER TABLE `mstr_pembelian_log`
  ADD PRIMARY KEY (`id_pk_pembelian_log`);

--
-- Indexes for table `mstr_penawaran`
--
ALTER TABLE `mstr_penawaran`
  ADD PRIMARY KEY (`id_pk_penawaran`);

--
-- Indexes for table `mstr_penawaran_log`
--
ALTER TABLE `mstr_penawaran_log`
  ADD PRIMARY KEY (`id_pk_penawaran_log`);

--
-- Indexes for table `mstr_penerimaan`
--
ALTER TABLE `mstr_penerimaan`
  ADD PRIMARY KEY (`id_pk_penerimaan`);

--
-- Indexes for table `mstr_penerimaan_log`
--
ALTER TABLE `mstr_penerimaan_log`
  ADD PRIMARY KEY (`id_pk_penerimaan_log`);

--
-- Indexes for table `mstr_pengiriman`
--
ALTER TABLE `mstr_pengiriman`
  ADD PRIMARY KEY (`id_pk_pengiriman`);

--
-- Indexes for table `mstr_pengiriman_log`
--
ALTER TABLE `mstr_pengiriman_log`
  ADD PRIMARY KEY (`id_pk_pengiriman_log`);

--
-- Indexes for table `mstr_penjualan`
--
ALTER TABLE `mstr_penjualan`
  ADD PRIMARY KEY (`id_pk_penjualan`);

--
-- Indexes for table `mstr_penjualan_log`
--
ALTER TABLE `mstr_penjualan_log`
  ADD PRIMARY KEY (`id_pk_penjualan_log`);

--
-- Indexes for table `mstr_retur`
--
ALTER TABLE `mstr_retur`
  ADD PRIMARY KEY (`id_pk_retur`);

--
-- Indexes for table `mstr_retur_log`
--
ALTER TABLE `mstr_retur_log`
  ADD PRIMARY KEY (`id_pk_retur_log`);

--
-- Indexes for table `mstr_satuan`
--
ALTER TABLE `mstr_satuan`
  ADD PRIMARY KEY (`id_pk_satuan`);

--
-- Indexes for table `mstr_satuan_log`
--
ALTER TABLE `mstr_satuan_log`
  ADD PRIMARY KEY (`id_pk_satuan_log`);

--
-- Indexes for table `mstr_stock_opname`
--
ALTER TABLE `mstr_stock_opname`
  ADD PRIMARY KEY (`ID_PK_STOCK_OPNAME`);

--
-- Indexes for table `mstr_stock_opname_log`
--
ALTER TABLE `mstr_stock_opname_log`
  ADD PRIMARY KEY (`ID_PK_STOCK_OPNAME_LOG`);

--
-- Indexes for table `mstr_supplier`
--
ALTER TABLE `mstr_supplier`
  ADD PRIMARY KEY (`id_pk_sup`);

--
-- Indexes for table `mstr_supplier_log`
--
ALTER TABLE `mstr_supplier_log`
  ADD PRIMARY KEY (`id_pk_sup_log`);

--
-- Indexes for table `mstr_surat_jalan`
--
ALTER TABLE `mstr_surat_jalan`
  ADD PRIMARY KEY (`ID_PK_SURAT_JALAN`);

--
-- Indexes for table `mstr_surat_jalan_log`
--
ALTER TABLE `mstr_surat_jalan_log`
  ADD PRIMARY KEY (`ID_PK_SURAT_JALAN_LOG`);

--
-- Indexes for table `mstr_toko`
--
ALTER TABLE `mstr_toko`
  ADD PRIMARY KEY (`id_pk_toko`);

--
-- Indexes for table `mstr_toko_log`
--
ALTER TABLE `mstr_toko_log`
  ADD PRIMARY KEY (`id_pk_toko_log`);

--
-- Indexes for table `mstr_user`
--
ALTER TABLE `mstr_user`
  ADD PRIMARY KEY (`id_pk_user`);

--
-- Indexes for table `mstr_user_log`
--
ALTER TABLE `mstr_user_log`
  ADD PRIMARY KEY (`id_pk_user_log`);

--
-- Indexes for table `mstr_warehouse`
--
ALTER TABLE `mstr_warehouse`
  ADD PRIMARY KEY (`id_pk_warehouse`);

--
-- Indexes for table `mstr_warehouse_log`
--
ALTER TABLE `mstr_warehouse_log`
  ADD PRIMARY KEY (`id_pk_warehouse_log`);

--
-- Indexes for table `tbl_barang_kombinasi`
--
ALTER TABLE `tbl_barang_kombinasi`
  ADD PRIMARY KEY (`id_pk_barang_kombinasi`);

--
-- Indexes for table `tbl_barang_kombinasi_log`
--
ALTER TABLE `tbl_barang_kombinasi_log`
  ADD PRIMARY KEY (`id_pk_barang_kombinasi_log`);

--
-- Indexes for table `tbl_barang_ukuran`
--
ALTER TABLE `tbl_barang_ukuran`
  ADD PRIMARY KEY (`ID_PK_BARANG_UKURAN`);

--
-- Indexes for table `tbl_brg_cabang`
--
ALTER TABLE `tbl_brg_cabang`
  ADD PRIMARY KEY (`id_pk_brg_cabang`);

--
-- Indexes for table `tbl_brg_cabang_log`
--
ALTER TABLE `tbl_brg_cabang_log`
  ADD PRIMARY KEY (`id_pk_brg_cabang_log`);

--
-- Indexes for table `tbl_brg_pembelian`
--
ALTER TABLE `tbl_brg_pembelian`
  ADD PRIMARY KEY (`id_pk_brg_pembelian`);

--
-- Indexes for table `tbl_brg_pembelian_log`
--
ALTER TABLE `tbl_brg_pembelian_log`
  ADD PRIMARY KEY (`id_pk_brg_pembelian_log`);

--
-- Indexes for table `tbl_brg_pemenuhan`
--
ALTER TABLE `tbl_brg_pemenuhan`
  ADD PRIMARY KEY (`id_pk_brg_pemenuhan`);

--
-- Indexes for table `tbl_brg_pemenuhan_log`
--
ALTER TABLE `tbl_brg_pemenuhan_log`
  ADD PRIMARY KEY (`id_pk_brg_pemenuhan_log`);

--
-- Indexes for table `tbl_brg_penerimaan`
--
ALTER TABLE `tbl_brg_penerimaan`
  ADD PRIMARY KEY (`id_pk_brg_penerimaan`);

--
-- Indexes for table `tbl_brg_penerimaan_log`
--
ALTER TABLE `tbl_brg_penerimaan_log`
  ADD PRIMARY KEY (`id_pk_brg_penerimaan_log`);

--
-- Indexes for table `tbl_brg_pengiriman`
--
ALTER TABLE `tbl_brg_pengiriman`
  ADD PRIMARY KEY (`id_pk_brg_pengiriman`);

--
-- Indexes for table `tbl_brg_pengiriman_log`
--
ALTER TABLE `tbl_brg_pengiriman_log`
  ADD PRIMARY KEY (`id_pk_brg_pengiriman_log`);

--
-- Indexes for table `tbl_brg_penjualan`
--
ALTER TABLE `tbl_brg_penjualan`
  ADD PRIMARY KEY (`id_pk_brg_penjualan`);

--
-- Indexes for table `tbl_brg_penjualan_log`
--
ALTER TABLE `tbl_brg_penjualan_log`
  ADD PRIMARY KEY (`id_pk_brg_penjualan_log`);

--
-- Indexes for table `tbl_brg_permintaan`
--
ALTER TABLE `tbl_brg_permintaan`
  ADD PRIMARY KEY (`id_pk_brg_permintaan`);

--
-- Indexes for table `tbl_brg_permintaan_log`
--
ALTER TABLE `tbl_brg_permintaan_log`
  ADD PRIMARY KEY (`id_pk_penerimaan_log`);

--
-- Indexes for table `tbl_brg_pindah`
--
ALTER TABLE `tbl_brg_pindah`
  ADD PRIMARY KEY (`id_pk_brg_pindah`);

--
-- Indexes for table `tbl_brg_pindah_log`
--
ALTER TABLE `tbl_brg_pindah_log`
  ADD PRIMARY KEY (`id_pk_brg_pindah_log`);

--
-- Indexes for table `tbl_brg_so`
--
ALTER TABLE `tbl_brg_so`
  ADD PRIMARY KEY (`ID_PK_SO_BRG`);

--
-- Indexes for table `tbl_brg_so_log`
--
ALTER TABLE `tbl_brg_so_log`
  ADD PRIMARY KEY (`ID_PK_SO_BRG_LOG`);

--
-- Indexes for table `tbl_brg_warehouse`
--
ALTER TABLE `tbl_brg_warehouse`
  ADD PRIMARY KEY (`id_pk_brg_warehouse`);

--
-- Indexes for table `tbl_brg_warehouse_log`
--
ALTER TABLE `tbl_brg_warehouse_log`
  ADD PRIMARY KEY (`id_pk_brg_warehouse_log`);

--
-- Indexes for table `tbl_cabang_admin`
--
ALTER TABLE `tbl_cabang_admin`
  ADD PRIMARY KEY (`id_pk_cabang_admin`);

--
-- Indexes for table `tbl_cabang_admin_log`
--
ALTER TABLE `tbl_cabang_admin_log`
  ADD PRIMARY KEY (`id_pk_cabang_admin_log`);

--
-- Indexes for table `tbl_hak_akses`
--
ALTER TABLE `tbl_hak_akses`
  ADD PRIMARY KEY (`id_pk_hak_akses`);

--
-- Indexes for table `tbl_hak_akses_log`
--
ALTER TABLE `tbl_hak_akses_log`
  ADD PRIMARY KEY (`id_pk_hak_akses_log`);

--
-- Indexes for table `tbl_penjualan_online`
--
ALTER TABLE `tbl_penjualan_online`
  ADD PRIMARY KEY (`id_pk_penjualan_online`);

--
-- Indexes for table `tbl_penjualan_online_log`
--
ALTER TABLE `tbl_penjualan_online_log`
  ADD PRIMARY KEY (`id_pk_penjualan_online_log`);

--
-- Indexes for table `tbl_penjualan_pembayaran`
--
ALTER TABLE `tbl_penjualan_pembayaran`
  ADD PRIMARY KEY (`id_pk_penjualan_pembayaran`);

--
-- Indexes for table `tbl_penjualan_pembayaran_log`
--
ALTER TABLE `tbl_penjualan_pembayaran_log`
  ADD PRIMARY KEY (`id_pk_penjualan_pembayaran_log`);

--
-- Indexes for table `tbl_retur_brg`
--
ALTER TABLE `tbl_retur_brg`
  ADD PRIMARY KEY (`id_pk_retur_brg`);

--
-- Indexes for table `tbl_retur_brg_log`
--
ALTER TABLE `tbl_retur_brg_log`
  ADD PRIMARY KEY (`id_pk_retur_log`);

--
-- Indexes for table `tbl_retur_kembali`
--
ALTER TABLE `tbl_retur_kembali`
  ADD PRIMARY KEY (`id_pk_retur_kembali`);

--
-- Indexes for table `tbl_retur_kembali_log`
--
ALTER TABLE `tbl_retur_kembali_log`
  ADD PRIMARY KEY (`id_pk_retur_kembali_log`);

--
-- Indexes for table `tbl_sj_item`
--
ALTER TABLE `tbl_sj_item`
  ADD PRIMARY KEY (`id_pk_sj_item`);

--
-- Indexes for table `tbl_sj_item_log`
--
ALTER TABLE `tbl_sj_item_log`
  ADD PRIMARY KEY (`id_pk_sj_item_log`);

--
-- Indexes for table `tbl_so_pj`
--
ALTER TABLE `tbl_so_pj`
  ADD PRIMARY KEY (`ID_PK_SO_PJ`);

--
-- Indexes for table `tbl_so_pj_log`
--
ALTER TABLE `tbl_so_pj_log`
  ADD PRIMARY KEY (`ID_PK_SO_PJ_LOG`);

--
-- Indexes for table `tbl_tambahan_pembelian`
--
ALTER TABLE `tbl_tambahan_pembelian`
  ADD PRIMARY KEY (`id_pk_tmbhn`);

--
-- Indexes for table `tbl_tambahan_pembelian_log`
--
ALTER TABLE `tbl_tambahan_pembelian_log`
  ADD PRIMARY KEY (`id_pk_tmbhn_log`);

--
-- Indexes for table `tbl_tambahan_penjualan`
--
ALTER TABLE `tbl_tambahan_penjualan`
  ADD PRIMARY KEY (`id_pk_tmbhn`);

--
-- Indexes for table `tbl_tambahan_penjualan_log`
--
ALTER TABLE `tbl_tambahan_penjualan_log`
  ADD PRIMARY KEY (`id_pk_tmbhn_log`);

--
-- Indexes for table `tbl_toko_admin`
--
ALTER TABLE `tbl_toko_admin`
  ADD PRIMARY KEY (`id_pk_toko_admin`);

--
-- Indexes for table `tbl_toko_admin_log`
--
ALTER TABLE `tbl_toko_admin_log`
  ADD PRIMARY KEY (`id_pk_toko_admin_log`);

--
-- Indexes for table `tbl_warehouse_admin`
--
ALTER TABLE `tbl_warehouse_admin`
  ADD PRIMARY KEY (`id_pk_warehouse_admin`);

--
-- Indexes for table `tbl_warehouse_admin_log`
--
ALTER TABLE `tbl_warehouse_admin_log`
  ADD PRIMARY KEY (`id_pk_warehouse_admin_log`);

--
-- AUTO_INCREMENT for dumped tables
--

--
-- AUTO_INCREMENT for table `log_all`
--
ALTER TABLE `log_all`
  MODIFY `id_log_all` int(11) NOT NULL AUTO_INCREMENT, AUTO_INCREMENT=1712;

--
-- AUTO_INCREMENT for table `mstr_barang`
--
ALTER TABLE `mstr_barang`
  MODIFY `id_pk_brg` int(11) NOT NULL AUTO_INCREMENT, AUTO_INCREMENT=25;

--
-- AUTO_INCREMENT for table `mstr_barang_jenis`
--
ALTER TABLE `mstr_barang_jenis`
  MODIFY `id_pk_brg_jenis` int(11) NOT NULL AUTO_INCREMENT, AUTO_INCREMENT=9;

--
-- AUTO_INCREMENT for table `mstr_barang_jenis_log`
--
ALTER TABLE `mstr_barang_jenis_log`
  MODIFY `id_pk_brg_jenis_log` int(11) NOT NULL AUTO_INCREMENT, AUTO_INCREMENT=9;

--
-- AUTO_INCREMENT for table `mstr_barang_log`
--
ALTER TABLE `mstr_barang_log`
  MODIFY `id_pk_brg_log` int(11) NOT NULL AUTO_INCREMENT, AUTO_INCREMENT=62;

--
-- AUTO_INCREMENT for table `mstr_barang_merk`
--
ALTER TABLE `mstr_barang_merk`
  MODIFY `id_pk_brg_merk` int(11) NOT NULL AUTO_INCREMENT, AUTO_INCREMENT=16;

--
-- AUTO_INCREMENT for table `mstr_barang_merk_log`
--
ALTER TABLE `mstr_barang_merk_log`
  MODIFY `id_pk_brg_merk_log` int(11) NOT NULL AUTO_INCREMENT, AUTO_INCREMENT=19;

--
-- AUTO_INCREMENT for table `mstr_cabang`
--
ALTER TABLE `mstr_cabang`
  MODIFY `id_pk_cabang` int(11) NOT NULL AUTO_INCREMENT, AUTO_INCREMENT=5;

--
-- AUTO_INCREMENT for table `mstr_cabang_log`
--
ALTER TABLE `mstr_cabang_log`
  MODIFY `id_pk_cabang_log` int(11) NOT NULL AUTO_INCREMENT, AUTO_INCREMENT=12;

--
-- AUTO_INCREMENT for table `mstr_customer`
--
ALTER TABLE `mstr_customer`
  MODIFY `id_pk_cust` int(11) NOT NULL AUTO_INCREMENT, AUTO_INCREMENT=8;

--
-- AUTO_INCREMENT for table `mstr_customer_log`
--
ALTER TABLE `mstr_customer_log`
  MODIFY `id_pk_cust_log` int(11) NOT NULL AUTO_INCREMENT, AUTO_INCREMENT=10;

--
-- AUTO_INCREMENT for table `mstr_employee`
--
ALTER TABLE `mstr_employee`
  MODIFY `id_pk_employee` int(11) NOT NULL AUTO_INCREMENT, AUTO_INCREMENT=7;

--
-- AUTO_INCREMENT for table `mstr_employee_log`
--
ALTER TABLE `mstr_employee_log`
  MODIFY `id_pk_employee_log` int(11) NOT NULL AUTO_INCREMENT, AUTO_INCREMENT=8;

--
-- AUTO_INCREMENT for table `mstr_jabatan`
--
ALTER TABLE `mstr_jabatan`
  MODIFY `id_pk_jabatan` int(11) NOT NULL AUTO_INCREMENT, AUTO_INCREMENT=5;

--
-- AUTO_INCREMENT for table `mstr_jabatan_log`
--
ALTER TABLE `mstr_jabatan_log`
  MODIFY `id_pk_jabatan_log` int(11) NOT NULL AUTO_INCREMENT, AUTO_INCREMENT=55;

--
-- AUTO_INCREMENT for table `mstr_marketplace`
--
ALTER TABLE `mstr_marketplace`
  MODIFY `id_pk_marketplace` int(11) NOT NULL AUTO_INCREMENT, AUTO_INCREMENT=4;

--
-- AUTO_INCREMENT for table `mstr_marketplace_log`
--
ALTER TABLE `mstr_marketplace_log`
  MODIFY `id_pk_marketplace_log` int(11) NOT NULL AUTO_INCREMENT, AUTO_INCREMENT=8;

--
-- AUTO_INCREMENT for table `mstr_menu`
--
ALTER TABLE `mstr_menu`
  MODIFY `id_pk_menu` int(11) NOT NULL AUTO_INCREMENT, AUTO_INCREMENT=41;

--
-- AUTO_INCREMENT for table `mstr_menu_log`
--
ALTER TABLE `mstr_menu_log`
  MODIFY `id_pk_menu_log` int(11) NOT NULL AUTO_INCREMENT, AUTO_INCREMENT=123;

--
-- AUTO_INCREMENT for table `mstr_pembelian`
--
ALTER TABLE `mstr_pembelian`
  MODIFY `id_pk_pembelian` int(11) NOT NULL AUTO_INCREMENT, AUTO_INCREMENT=23;

--
-- AUTO_INCREMENT for table `mstr_pembelian_log`
--
ALTER TABLE `mstr_pembelian_log`
  MODIFY `id_pk_pembelian_log` int(11) NOT NULL AUTO_INCREMENT, AUTO_INCREMENT=30;

--
-- AUTO_INCREMENT for table `mstr_penawaran`
--
ALTER TABLE `mstr_penawaran`
  MODIFY `id_pk_penawaran` int(11) NOT NULL AUTO_INCREMENT, AUTO_INCREMENT=3;

--
-- AUTO_INCREMENT for table `mstr_penawaran_log`
--
ALTER TABLE `mstr_penawaran_log`
  MODIFY `id_pk_penawaran_log` int(11) NOT NULL AUTO_INCREMENT, AUTO_INCREMENT=5;

--
-- AUTO_INCREMENT for table `mstr_penerimaan`
--
ALTER TABLE `mstr_penerimaan`
  MODIFY `id_pk_penerimaan` int(11) NOT NULL AUTO_INCREMENT, AUTO_INCREMENT=24;

--
-- AUTO_INCREMENT for table `mstr_penerimaan_log`
--
ALTER TABLE `mstr_penerimaan_log`
  MODIFY `id_pk_penerimaan_log` int(11) NOT NULL AUTO_INCREMENT, AUTO_INCREMENT=38;

--
-- AUTO_INCREMENT for table `mstr_pengiriman`
--
ALTER TABLE `mstr_pengiriman`
  MODIFY `id_pk_pengiriman` int(11) NOT NULL AUTO_INCREMENT, AUTO_INCREMENT=76;

--
-- AUTO_INCREMENT for table `mstr_pengiriman_log`
--
ALTER TABLE `mstr_pengiriman_log`
  MODIFY `id_pk_pengiriman_log` int(11) NOT NULL AUTO_INCREMENT, AUTO_INCREMENT=178;

--
-- AUTO_INCREMENT for table `mstr_penjualan`
--
ALTER TABLE `mstr_penjualan`
  MODIFY `id_pk_penjualan` int(11) NOT NULL AUTO_INCREMENT, AUTO_INCREMENT=251;

--
-- AUTO_INCREMENT for table `mstr_penjualan_log`
--
ALTER TABLE `mstr_penjualan_log`
  MODIFY `id_pk_penjualan_log` int(11) NOT NULL AUTO_INCREMENT, AUTO_INCREMENT=622;

--
-- AUTO_INCREMENT for table `mstr_retur`
--
ALTER TABLE `mstr_retur`
  MODIFY `id_pk_retur` int(11) NOT NULL AUTO_INCREMENT, AUTO_INCREMENT=15;

--
-- AUTO_INCREMENT for table `mstr_retur_log`
--
ALTER TABLE `mstr_retur_log`
  MODIFY `id_pk_retur_log` int(11) NOT NULL AUTO_INCREMENT, AUTO_INCREMENT=6;

--
-- AUTO_INCREMENT for table `mstr_satuan`
--
ALTER TABLE `mstr_satuan`
  MODIFY `id_pk_satuan` int(11) NOT NULL AUTO_INCREMENT, AUTO_INCREMENT=5;

--
-- AUTO_INCREMENT for table `mstr_satuan_log`
--
ALTER TABLE `mstr_satuan_log`
  MODIFY `id_pk_satuan_log` int(11) NOT NULL AUTO_INCREMENT, AUTO_INCREMENT=5;

--
-- AUTO_INCREMENT for table `mstr_stock_opname`
--
ALTER TABLE `mstr_stock_opname`
  MODIFY `ID_PK_STOCK_OPNAME` int(11) NOT NULL AUTO_INCREMENT;

--
-- AUTO_INCREMENT for table `mstr_stock_opname_log`
--
ALTER TABLE `mstr_stock_opname_log`
  MODIFY `ID_PK_STOCK_OPNAME_LOG` int(11) NOT NULL AUTO_INCREMENT;

--
-- AUTO_INCREMENT for table `mstr_supplier`
--
ALTER TABLE `mstr_supplier`
  MODIFY `id_pk_sup` int(11) NOT NULL AUTO_INCREMENT, AUTO_INCREMENT=2;

--
-- AUTO_INCREMENT for table `mstr_supplier_log`
--
ALTER TABLE `mstr_supplier_log`
  MODIFY `id_pk_sup_log` int(11) NOT NULL AUTO_INCREMENT, AUTO_INCREMENT=5;

--
-- AUTO_INCREMENT for table `mstr_surat_jalan`
--
ALTER TABLE `mstr_surat_jalan`
  MODIFY `ID_PK_SURAT_JALAN` int(11) NOT NULL AUTO_INCREMENT;

--
-- AUTO_INCREMENT for table `mstr_surat_jalan_log`
--
ALTER TABLE `mstr_surat_jalan_log`
  MODIFY `ID_PK_SURAT_JALAN_LOG` int(11) NOT NULL AUTO_INCREMENT;

--
-- AUTO_INCREMENT for table `mstr_toko`
--
ALTER TABLE `mstr_toko`
  MODIFY `id_pk_toko` int(11) NOT NULL AUTO_INCREMENT, AUTO_INCREMENT=3;

--
-- AUTO_INCREMENT for table `mstr_toko_log`
--
ALTER TABLE `mstr_toko_log`
  MODIFY `id_pk_toko_log` int(11) NOT NULL AUTO_INCREMENT, AUTO_INCREMENT=21;

--
-- AUTO_INCREMENT for table `mstr_user`
--
ALTER TABLE `mstr_user`
  MODIFY `id_pk_user` int(11) NOT NULL AUTO_INCREMENT, AUTO_INCREMENT=5;

--
-- AUTO_INCREMENT for table `mstr_user_log`
--
ALTER TABLE `mstr_user_log`
  MODIFY `id_pk_user_log` int(11) NOT NULL AUTO_INCREMENT, AUTO_INCREMENT=6;

--
-- AUTO_INCREMENT for table `mstr_warehouse`
--
ALTER TABLE `mstr_warehouse`
  MODIFY `id_pk_warehouse` int(11) NOT NULL AUTO_INCREMENT, AUTO_INCREMENT=3;

--
-- AUTO_INCREMENT for table `mstr_warehouse_log`
--
ALTER TABLE `mstr_warehouse_log`
  MODIFY `id_pk_warehouse_log` int(11) NOT NULL AUTO_INCREMENT, AUTO_INCREMENT=11;

--
-- AUTO_INCREMENT for table `tbl_barang_kombinasi`
--
ALTER TABLE `tbl_barang_kombinasi`
  MODIFY `id_pk_barang_kombinasi` int(11) NOT NULL AUTO_INCREMENT, AUTO_INCREMENT=23;

--
-- AUTO_INCREMENT for table `tbl_barang_kombinasi_log`
--
ALTER TABLE `tbl_barang_kombinasi_log`
  MODIFY `id_pk_barang_kombinasi_log` int(11) NOT NULL AUTO_INCREMENT, AUTO_INCREMENT=50;

--
-- AUTO_INCREMENT for table `tbl_barang_ukuran`
--
ALTER TABLE `tbl_barang_ukuran`
  MODIFY `ID_PK_BARANG_UKURAN` int(11) NOT NULL AUTO_INCREMENT, AUTO_INCREMENT=76;

--
-- AUTO_INCREMENT for table `tbl_brg_cabang`
--
ALTER TABLE `tbl_brg_cabang`
  MODIFY `id_pk_brg_cabang` int(11) NOT NULL AUTO_INCREMENT, AUTO_INCREMENT=38;

--
-- AUTO_INCREMENT for table `tbl_brg_cabang_log`
--
ALTER TABLE `tbl_brg_cabang_log`
  MODIFY `id_pk_brg_cabang_log` int(11) NOT NULL AUTO_INCREMENT, AUTO_INCREMENT=5714;

--
-- AUTO_INCREMENT for table `tbl_brg_pembelian`
--
ALTER TABLE `tbl_brg_pembelian`
  MODIFY `id_pk_brg_pembelian` int(11) NOT NULL AUTO_INCREMENT, AUTO_INCREMENT=2;

--
-- AUTO_INCREMENT for table `tbl_brg_pembelian_log`
--
ALTER TABLE `tbl_brg_pembelian_log`
  MODIFY `id_pk_brg_pembelian_log` int(11) NOT NULL AUTO_INCREMENT, AUTO_INCREMENT=2;

--
-- AUTO_INCREMENT for table `tbl_brg_pemenuhan`
--
ALTER TABLE `tbl_brg_pemenuhan`
  MODIFY `id_pk_brg_pemenuhan` int(11) NOT NULL AUTO_INCREMENT, AUTO_INCREMENT=22;

--
-- AUTO_INCREMENT for table `tbl_brg_pemenuhan_log`
--
ALTER TABLE `tbl_brg_pemenuhan_log`
  MODIFY `id_pk_brg_pemenuhan_log` int(11) NOT NULL AUTO_INCREMENT, AUTO_INCREMENT=137;

--
-- AUTO_INCREMENT for table `tbl_brg_penerimaan`
--
ALTER TABLE `tbl_brg_penerimaan`
  MODIFY `id_pk_brg_penerimaan` int(11) NOT NULL AUTO_INCREMENT, AUTO_INCREMENT=27;

--
-- AUTO_INCREMENT for table `tbl_brg_penerimaan_log`
--
ALTER TABLE `tbl_brg_penerimaan_log`
  MODIFY `id_pk_brg_penerimaan_log` int(11) NOT NULL AUTO_INCREMENT, AUTO_INCREMENT=42;

--
-- AUTO_INCREMENT for table `tbl_brg_pengiriman`
--
ALTER TABLE `tbl_brg_pengiriman`
  MODIFY `id_pk_brg_pengiriman` int(11) NOT NULL AUTO_INCREMENT, AUTO_INCREMENT=54;

--
-- AUTO_INCREMENT for table `tbl_brg_pengiriman_log`
--
ALTER TABLE `tbl_brg_pengiriman_log`
  MODIFY `id_pk_brg_pengiriman_log` int(11) NOT NULL AUTO_INCREMENT, AUTO_INCREMENT=79;

--
-- AUTO_INCREMENT for table `tbl_brg_penjualan`
--
ALTER TABLE `tbl_brg_penjualan`
  MODIFY `id_pk_brg_penjualan` int(11) NOT NULL AUTO_INCREMENT, AUTO_INCREMENT=13;

--
-- AUTO_INCREMENT for table `tbl_brg_penjualan_log`
--
ALTER TABLE `tbl_brg_penjualan_log`
  MODIFY `id_pk_brg_penjualan_log` int(11) NOT NULL AUTO_INCREMENT, AUTO_INCREMENT=39;

--
-- AUTO_INCREMENT for table `tbl_brg_permintaan`
--
ALTER TABLE `tbl_brg_permintaan`
  MODIFY `id_pk_brg_permintaan` int(11) NOT NULL AUTO_INCREMENT, AUTO_INCREMENT=10;

--
-- AUTO_INCREMENT for table `tbl_brg_permintaan_log`
--
ALTER TABLE `tbl_brg_permintaan_log`
  MODIFY `id_pk_penerimaan_log` int(11) NOT NULL AUTO_INCREMENT, AUTO_INCREMENT=53;

--
-- AUTO_INCREMENT for table `tbl_brg_pindah`
--
ALTER TABLE `tbl_brg_pindah`
  MODIFY `id_pk_brg_pindah` int(11) NOT NULL AUTO_INCREMENT, AUTO_INCREMENT=12;

--
-- AUTO_INCREMENT for table `tbl_brg_pindah_log`
--
ALTER TABLE `tbl_brg_pindah_log`
  MODIFY `id_pk_brg_pindah_log` int(11) NOT NULL AUTO_INCREMENT, AUTO_INCREMENT=12;

--
-- AUTO_INCREMENT for table `tbl_brg_so`
--
ALTER TABLE `tbl_brg_so`
  MODIFY `ID_PK_SO_BRG` int(11) NOT NULL AUTO_INCREMENT;

--
-- AUTO_INCREMENT for table `tbl_brg_so_log`
--
ALTER TABLE `tbl_brg_so_log`
  MODIFY `ID_PK_SO_BRG_LOG` int(11) NOT NULL AUTO_INCREMENT;

--
-- AUTO_INCREMENT for table `tbl_brg_warehouse`
--
ALTER TABLE `tbl_brg_warehouse`
  MODIFY `id_pk_brg_warehouse` int(11) NOT NULL AUTO_INCREMENT, AUTO_INCREMENT=10;

--
-- AUTO_INCREMENT for table `tbl_brg_warehouse_log`
--
ALTER TABLE `tbl_brg_warehouse_log`
  MODIFY `id_pk_brg_warehouse_log` int(11) NOT NULL AUTO_INCREMENT, AUTO_INCREMENT=532;

--
-- AUTO_INCREMENT for table `tbl_cabang_admin`
--
ALTER TABLE `tbl_cabang_admin`
  MODIFY `id_pk_cabang_admin` int(11) NOT NULL AUTO_INCREMENT, AUTO_INCREMENT=8;

--
-- AUTO_INCREMENT for table `tbl_cabang_admin_log`
--
ALTER TABLE `tbl_cabang_admin_log`
  MODIFY `id_pk_cabang_admin_log` int(11) NOT NULL AUTO_INCREMENT, AUTO_INCREMENT=9;

--
-- AUTO_INCREMENT for table `tbl_hak_akses`
--
ALTER TABLE `tbl_hak_akses`
  MODIFY `id_pk_hak_akses` int(11) NOT NULL AUTO_INCREMENT, AUTO_INCREMENT=161;

--
-- AUTO_INCREMENT for table `tbl_hak_akses_log`
--
ALTER TABLE `tbl_hak_akses_log`
  MODIFY `id_pk_hak_akses_log` int(11) NOT NULL AUTO_INCREMENT, AUTO_INCREMENT=2560;

--
-- AUTO_INCREMENT for table `tbl_penjualan_online`
--
ALTER TABLE `tbl_penjualan_online`
  MODIFY `id_pk_penjualan_online` int(11) NOT NULL AUTO_INCREMENT, AUTO_INCREMENT=4;

--
-- AUTO_INCREMENT for table `tbl_penjualan_online_log`
--
ALTER TABLE `tbl_penjualan_online_log`
  MODIFY `id_pk_penjualan_online_log` int(11) NOT NULL AUTO_INCREMENT, AUTO_INCREMENT=13;

--
-- AUTO_INCREMENT for table `tbl_penjualan_pembayaran`
--
ALTER TABLE `tbl_penjualan_pembayaran`
  MODIFY `id_pk_penjualan_pembayaran` int(11) NOT NULL AUTO_INCREMENT, AUTO_INCREMENT=11;

--
-- AUTO_INCREMENT for table `tbl_penjualan_pembayaran_log`
--
ALTER TABLE `tbl_penjualan_pembayaran_log`
  MODIFY `id_pk_penjualan_pembayaran_log` int(11) NOT NULL AUTO_INCREMENT, AUTO_INCREMENT=41;

--
-- AUTO_INCREMENT for table `tbl_retur_brg`
--
ALTER TABLE `tbl_retur_brg`
  MODIFY `id_pk_retur_brg` int(11) NOT NULL AUTO_INCREMENT, AUTO_INCREMENT=12;

--
-- AUTO_INCREMENT for table `tbl_retur_brg_log`
--
ALTER TABLE `tbl_retur_brg_log`
  MODIFY `id_pk_retur_log` int(11) NOT NULL AUTO_INCREMENT, AUTO_INCREMENT=17;

--
-- AUTO_INCREMENT for table `tbl_retur_kembali`
--
ALTER TABLE `tbl_retur_kembali`
  MODIFY `id_pk_retur_kembali` int(11) NOT NULL AUTO_INCREMENT, AUTO_INCREMENT=7;

--
-- AUTO_INCREMENT for table `tbl_retur_kembali_log`
--
ALTER TABLE `tbl_retur_kembali_log`
  MODIFY `id_pk_retur_kembali_log` int(11) NOT NULL AUTO_INCREMENT, AUTO_INCREMENT=9;

--
-- AUTO_INCREMENT for table `tbl_sj_item`
--
ALTER TABLE `tbl_sj_item`
  MODIFY `id_pk_sj_item` int(11) NOT NULL AUTO_INCREMENT;

--
-- AUTO_INCREMENT for table `tbl_sj_item_log`
--
ALTER TABLE `tbl_sj_item_log`
  MODIFY `id_pk_sj_item_log` int(11) NOT NULL AUTO_INCREMENT;

--
-- AUTO_INCREMENT for table `tbl_so_pj`
--
ALTER TABLE `tbl_so_pj`
  MODIFY `ID_PK_SO_PJ` int(11) NOT NULL AUTO_INCREMENT;

--
-- AUTO_INCREMENT for table `tbl_so_pj_log`
--
ALTER TABLE `tbl_so_pj_log`
  MODIFY `ID_PK_SO_PJ_LOG` int(11) NOT NULL AUTO_INCREMENT;

--
-- AUTO_INCREMENT for table `tbl_tambahan_pembelian`
--
ALTER TABLE `tbl_tambahan_pembelian`
  MODIFY `id_pk_tmbhn` int(11) NOT NULL AUTO_INCREMENT, AUTO_INCREMENT=5;

--
-- AUTO_INCREMENT for table `tbl_tambahan_pembelian_log`
--
ALTER TABLE `tbl_tambahan_pembelian_log`
  MODIFY `id_pk_tmbhn_log` int(11) NOT NULL AUTO_INCREMENT, AUTO_INCREMENT=7;

--
-- AUTO_INCREMENT for table `tbl_tambahan_penjualan`
--
ALTER TABLE `tbl_tambahan_penjualan`
  MODIFY `id_pk_tmbhn` int(11) NOT NULL AUTO_INCREMENT, AUTO_INCREMENT=11;

--
-- AUTO_INCREMENT for table `tbl_tambahan_penjualan_log`
--
ALTER TABLE `tbl_tambahan_penjualan_log`
  MODIFY `id_pk_tmbhn_log` int(11) NOT NULL AUTO_INCREMENT, AUTO_INCREMENT=32;

--
-- AUTO_INCREMENT for table `tbl_toko_admin`
--
ALTER TABLE `tbl_toko_admin`
  MODIFY `id_pk_toko_admin` int(11) NOT NULL AUTO_INCREMENT, AUTO_INCREMENT=7;

--
-- AUTO_INCREMENT for table `tbl_toko_admin_log`
--
ALTER TABLE `tbl_toko_admin_log`
  MODIFY `id_pk_toko_admin_log` int(11) NOT NULL AUTO_INCREMENT, AUTO_INCREMENT=7;

--
-- AUTO_INCREMENT for table `tbl_warehouse_admin`
--
ALTER TABLE `tbl_warehouse_admin`
  MODIFY `id_pk_warehouse_admin` int(11) NOT NULL AUTO_INCREMENT, AUTO_INCREMENT=5;

--
-- AUTO_INCREMENT for table `tbl_warehouse_admin_log`
--
ALTER TABLE `tbl_warehouse_admin_log`
  MODIFY `id_pk_warehouse_admin_log` int(11) NOT NULL AUTO_INCREMENT, AUTO_INCREMENT=5;
COMMIT;

/*!40101 SET CHARACTER_SET_CLIENT=@OLD_CHARACTER_SET_CLIENT */;
/*!40101 SET CHARACTER_SET_RESULTS=@OLD_CHARACTER_SET_RESULTS */;
/*!40101 SET COLLATION_CONNECTION=@OLD_COLLATION_CONNECTION */;
